timestamp,ticker,bid_p1,bid_s1,bid_p2,bid_s2,bid_p3,bid_s3,ask_p1,ask_s1,ask_p2,ask_s2,ask_p3,ask_s3
2026-03-01 09:30:00.000,AAPL,149.9961462308904,1320.0,149.98614623089037,345.0,149.97614623089038,576.0,150.01614623089037,1050.0,150.0261462308904,785.0,150.03614623089038,1517.0
2026-03-01 09:30:00.100,AAPL,150.0215279021157,300.0,150.0115279021157,1256.0,150.0015279021157,499.0,150.0415279021157,889.0,150.0515279021157,1596.0,150.0615279021157,567.0
2026-03-01 09:30:00.200,AAPL,150.04170936075562,445.0,150.0317093607556,714.0,150.0217093607556,429.0,150.0617093607556,494.0,150.07170936075562,1434.0,150.0817093607556,180.0
2026-03-01 09:30:00.300,AAPL,150.10374587702108,946.0,150.09374587702106,141.0,150.08374587702107,400.0,150.12374587702107,765.0,150.13374587702108,1760.0,150.14374587702108,112.0
2026-03-01 09:30:00.400,AAPL,150.13981649569905,1381.0,150.12981649569903,1239.0,150.11981649569904,754.0,150.15981649569903,926.0,150.16981649569905,823.0,150.17981649569904,772.0
2026-03-01 09:30:00.500,AAPL,150.11766922168354,1629.0,150.10766922168352,871.0,150.09766922168353,582.0,150.13766922168352,627.0,150.14766922168354,239.0,150.15766922168353,732.0
2026-03-01 09:30:00.600,AAPL,150.08560586948357,1935.0,150.07560586948355,1584.0,150.06560586948356,167.0,150.10560586948355,1952.0,150.11560586948357,931.0,150.12560586948356,593.0
2026-03-01 09:30:00.700,AAPL,150.08311816210383,455.0,150.0731181621038,680.0,150.06311816210382,341.0,150.1031181621038,1635.0,150.11311816210383,813.0,150.12311816210382,1025.0
2026-03-01 09:30:00.800,AAPL,150.04511309004985,160.0,150.03511309004983,1515.0,150.02511309004984,1827.0,150.06511309004983,1238.0,150.07511309004985,893.0,150.08511309004984,1493.0
2026-03-01 09:30:00.900,AAPL,149.99250347998353,1617.0,149.9825034799835,1345.0,149.97250347998352,693.0,150.0125034799835,323.0,150.02250347998353,416.0,150.03250347998352,715.0
2026-03-01 09:30:01.000,AAPL,149.88610085651862,976.0,149.8761008565186,1574.0,149.8661008565186,425.0,149.9061008565186,954.0,149.91610085651863,1823.0,149.92610085651862,705.0
2026-03-01 09:30:01.100,AAPL,149.8086377186272,880.0,149.7986377186272,138.0,149.7886377186272,1969.0,149.8286377186272,321.0,149.8386377186272,621.0,149.8486377186272,327.0
2026-03-01 09:30:01.200,AAPL,149.90790803668278,897.0,149.89790803668276,1250.0,149.88790803668277,1632.0,149.92790803668277,1228.0,149.93790803668278,1094.0,149.94790803668278,377.0
2026-03-01 09:30:01.300,AAPL,149.8750830242013,1337.0,149.86508302420128,1980.0,149.8550830242013,800.0,149.89508302420128,164.0,149.9050830242013,856.0,149.9150830242013,760.0
2026-03-01 09:30:01.400,AAPL,149.97025603919235,591.0,149.96025603919233,526.0,149.95025603919234,839.0,149.99025603919233,908.0,150.00025603919235,1659.0,150.01025603919234,140.0
2026-03-01 09:30:01.500,AAPL,149.99041376925013,1028.0,149.9804137692501,1384.0,149.97041376925011,1433.0,150.0104137692501,1863.0,150.02041376925013,1002.0,150.03041376925012,1813.0
2026-03-01 09:30:01.600,AAPL,149.98792586816833,327.0,149.9779258681683,251.0,149.96792586816832,502.0,150.00792586816831,1255.0,150.01792586816833,881.0,150.02792586816832,1243.0
2026-03-01 09:30:01.700,AAPL,149.91289561232725,1268.0,149.90289561232723,1907.0,149.89289561232724,701.0,149.93289561232723,1627.0,149.94289561232725,1109.0,149.95289561232724,1680.0
2026-03-01 09:30:01.800,AAPL,149.91312905710606,872.0,149.90312905710604,541.0,149.89312905710605,144.0,149.93312905710604,1847.0,149.94312905710606,1586.0,149.95312905710605,767.0
2026-03-01 09:30:01.900,AAPL,150.00773824545448,576.0,149.99773824545446,1008.0,149.98773824545447,1851.0,150.02773824545446,1816.0,150.03773824545448,1354.0,150.04773824545447,937.0
2026-03-01 09:30:02.000,AAPL,150.0856200826553,760.0,150.0756200826553,906.0,150.0656200826553,190.0,150.1056200826553,200.0,150.1156200826553,1689.0,150.1256200826553,495.0
2026-03-01 09:30:02.100,AAPL,150.0993320152902,1983.0,150.08933201529018,809.0,150.0793320152902,1857.0,150.11933201529018,293.0,150.1293320152902,609.0,150.1393320152902,1283.0
2026-03-01 09:30:02.200,AAPL,150.04189859699494,780.0,150.03189859699492,1286.0,150.02189859699493,1279.0,150.06189859699492,131.0,150.07189859699494,1192.0,150.08189859699493,129.0
2026-03-01 09:30:02.300,AAPL,149.99404032973248,608.0,149.98404032973247,606.0,149.97404032973247,757.0,150.01404032973247,1607.0,150.0240403297325,402.0,150.03404032973248,294.0
2026-03-01 09:30:02.400,AAPL,149.95141073756287,627.0,149.94141073756285,156.0,149.93141073756286,699.0,149.97141073756285,830.0,149.98141073756287,264.0,149.99141073756286,1368.0
2026-03-01 09:30:02.500,AAPL,150.015318483931,1458.0,150.00531848393098,1880.0,149.995318483931,1260.0,150.03531848393098,1086.0,150.045318483931,778.0,150.055318483931,1068.0
2026-03-01 09:30:02.600,AAPL,150.09690450573643,150.0,150.0869045057364,1202.0,150.07690450573642,816.0,150.11690450573641,1219.0,150.12690450573643,1745.0,150.13690450573642,1731.0
2026-03-01 09:30:02.700,AAPL,150.10669914748482,642.0,150.0966991474848,472.0,150.0866991474848,1713.0,150.1266991474848,510.0,150.13669914748482,1390.0,150.1466991474848,413.0
2026-03-01 09:30:02.800,AAPL,150.09154512570865,282.0,150.08154512570863,505.0,150.07154512570864,1979.0,150.11154512570863,1167.0,150.12154512570865,1125.0,150.13154512570864,1671.0
2026-03-01 09:30:02.900,AAPL,150.1689806505417,471.0,150.15898065054168,1031.0,150.1489806505417,1928.0,150.18898065054168,914.0,150.1989806505417,473.0,150.2089806505417,753.0
2026-03-01 09:30:03.000,AAPL,150.12005197349845,1090.0,150.11005197349843,1868.0,150.10005197349844,867.0,150.14005197349843,1701.0,150.15005197349845,1666.0,150.16005197349844,1821.0
2026-03-01 09:30:03.100,AAPL,150.12264313987848,1935.0,150.11264313987846,1521.0,150.10264313987847,1037.0,150.14264313987846,1674.0,150.15264313987848,1531.0,150.16264313987847,1088.0
2026-03-01 09:30:03.200,AAPL,150.14579143985577,1196.0,150.13579143985575,832.0,150.12579143985576,966.0,150.16579143985575,985.0,150.17579143985577,945.0,150.18579143985576,1584.0
2026-03-01 09:30:03.300,AAPL,150.10265140949696,1722.0,150.09265140949694,608.0,150.08265140949695,700.0,150.12265140949694,1725.0,150.13265140949696,1014.0,150.14265140949695,893.0
2026-03-01 09:30:03.400,AAPL,150.07085569842738,857.0,150.06085569842736,1551.0,150.05085569842737,639.0,150.09085569842736,1071.0,150.10085569842738,575.0,150.11085569842737,1301.0
2026-03-01 09:30:03.500,AAPL,150.03516881946803,1513.0,150.025168819468,1876.0,150.01516881946802,153.0,150.055168819468,1467.0,150.06516881946803,519.0,150.07516881946802,317.0
2026-03-01 09:30:03.600,AAPL,150.10600516226742,650.0,150.0960051622674,801.0,150.0860051622674,1110.0,150.1260051622674,1396.0,150.13600516226742,1970.0,150.14600516226741,1613.0
2026-03-01 09:30:03.700,AAPL,150.20172352612028,118.0,150.19172352612026,1759.0,150.18172352612027,1324.0,150.22172352612026,1169.0,150.23172352612028,197.0,150.24172352612027,387.0
2026-03-01 09:30:03.800,AAPL,150.2074631526321,1096.0,150.19746315263208,1801.0,150.1874631526321,649.0,150.22746315263208,1839.0,150.2374631526321,1239.0,150.2474631526321,723.0
2026-03-01 09:30:03.900,AAPL,150.19405222327995,175.0,150.18405222327993,274.0,150.17405222327994,1228.0,150.21405222327994,1827.0,150.22405222327995,611.0,150.23405222327995,1154.0
2026-03-01 09:30:04.000,AAPL,150.1640601695303,386.0,150.15406016953028,1607.0,150.1440601695303,1437.0,150.18406016953028,323.0,150.1940601695303,1585.0,150.2040601695303,1364.0
2026-03-01 09:30:04.100,AAPL,150.16414748520282,1962.0,150.1541474852028,1528.0,150.1441474852028,627.0,150.1841474852028,862.0,150.19414748520282,1499.0,150.2041474852028,1924.0
2026-03-01 09:30:04.200,AAPL,150.13663639763098,1030.0,150.12663639763096,1066.0,150.11663639763097,243.0,150.15663639763096,536.0,150.16663639763098,1190.0,150.17663639763097,856.0
2026-03-01 09:30:04.300,AAPL,150.1317848855132,826.0,150.1217848855132,1454.0,150.1117848855132,162.0,150.1517848855132,1343.0,150.1617848855132,1325.0,150.1717848855132,694.0
2026-03-01 09:30:04.400,AAPL,150.1524465266634,1393.0,150.14244652666338,270.0,150.1324465266634,377.0,150.17244652666338,344.0,150.1824465266634,506.0,150.1924465266634,1136.0
2026-03-01 09:30:04.500,AAPL,150.1321808795239,720.0,150.12218087952388,355.0,150.1121808795239,669.0,150.15218087952388,1303.0,150.1621808795239,617.0,150.1721808795239,159.0
2026-03-01 09:30:04.600,AAPL,150.1227014763932,324.0,150.11270147639317,1827.0,150.10270147639318,416.0,150.14270147639317,1749.0,150.1527014763932,236.0,150.16270147639318,724.0
2026-03-01 09:30:04.700,AAPL,150.11342875213955,422.0,150.10342875213954,681.0,150.09342875213954,1632.0,150.13342875213954,1365.0,150.14342875213956,149.0,150.15342875213955,553.0
2026-03-01 09:30:04.800,AAPL,150.09755058040327,557.0,150.08755058040325,1444.0,150.07755058040325,1476.0,150.11755058040325,1127.0,150.12755058040327,213.0,150.13755058040326,1655.0
2026-03-01 09:30:04.900,AAPL,150.07547818655246,1613.0,150.06547818655244,338.0,150.05547818655245,1614.0,150.09547818655244,715.0,150.10547818655246,483.0,150.11547818655245,1439.0
2026-03-01 09:30:05.000,AAPL,150.11358801669928,422.0,150.10358801669926,738.0,150.09358801669927,1062.0,150.13358801669926,1420.0,150.14358801669928,131.0,150.15358801669927,1713.0
2026-03-01 09:30:05.100,AAPL,150.02505121525047,1243.0,150.01505121525045,1290.0,150.00505121525046,828.0,150.04505121525045,700.0,150.05505121525047,652.0,150.06505121525046,1533.0
2026-03-01 09:30:05.200,AAPL,150.10376520820054,1477.0,150.09376520820052,1491.0,150.08376520820053,1876.0,150.12376520820052,112.0,150.13376520820054,403.0,150.14376520820053,1246.0
2026-03-01 09:30:05.300,AAPL,150.11054168136067,1984.0,150.10054168136065,1292.0,150.09054168136066,1776.0,150.13054168136065,1641.0,150.14054168136067,1355.0,150.15054168136066,1026.0
2026-03-01 09:30:05.400,AAPL,150.14104256016,661.0,150.13104256015998,1261.0,150.12104256016,852.0,150.16104256015998,1391.0,150.17104256016,123.0,150.18104256016,1192.0
2026-03-01 09:30:05.500,AAPL,150.17729644931745,669.0,150.16729644931743,1332.0,150.15729644931744,1900.0,150.19729644931743,1829.0,150.20729644931745,860.0,150.21729644931744,736.0
2026-03-01 09:30:05.600,AAPL,150.14189349131593,843.0,150.1318934913159,1566.0,150.12189349131592,445.0,150.1618934913159,1991.0,150.17189349131593,531.0,150.18189349131592,898.0
2026-03-01 09:30:05.700,AAPL,150.09617556350696,390.0,150.08617556350694,217.0,150.07617556350695,1266.0,150.11617556350694,280.0,150.12617556350696,393.0,150.13617556350695,109.0
2026-03-01 09:30:05.800,AAPL,150.04456209927426,731.0,150.03456209927424,689.0,150.02456209927425,1882.0,150.06456209927424,542.0,150.07456209927426,1018.0,150.08456209927425,219.0
2026-03-01 09:30:05.900,AAPL,150.03220869778283,139.0,150.02220869778282,446.0,150.01220869778282,402.0,150.05220869778282,381.0,150.06220869778284,1260.0,150.07220869778283,793.0
2026-03-01 09:30:06.000,AAPL,150.0671689323604,983.0,150.05716893236038,597.0,150.0471689323604,552.0,150.08716893236038,1363.0,150.0971689323604,608.0,150.1071689323604,1032.0
2026-03-01 09:30:06.100,AAPL,150.03798083109936,1826.0,150.02798083109934,1596.0,150.01798083109935,1117.0,150.05798083109934,1956.0,150.06798083109936,1316.0,150.07798083109935,1882.0
2026-03-01 09:30:06.200,AAPL,150.06837741310827,647.0,150.05837741310825,1403.0,150.04837741310826,1073.0,150.08837741310825,1788.0,150.09837741310827,425.0,150.10837741310826,1150.0
2026-03-01 09:30:06.300,AAPL,149.9499813521652,749.0,149.93998135216518,118.0,149.92998135216519,713.0,149.96998135216518,1098.0,149.9799813521652,652.0,149.9899813521652,1642.0
2026-03-01 09:30:06.400,AAPL,149.93070299206644,1090.0,149.92070299206642,1649.0,149.91070299206643,503.0,149.95070299206643,1215.0,149.96070299206644,1403.0,149.97070299206644,854.0
2026-03-01 09:30:06.500,AAPL,149.98905986044701,992.0,149.979059860447,923.0,149.969059860447,1789.0,150.009059860447,448.0,150.01905986044702,1184.0,150.029059860447,1629.0
2026-03-01 09:30:06.600,AAPL,149.98051129599537,916.0,149.97051129599535,1500.0,149.96051129599536,187.0,150.00051129599535,163.0,150.01051129599537,314.0,150.02051129599536,1774.0
2026-03-01 09:30:06.700,AAPL,149.93905411418706,1411.0,149.92905411418704,1612.0,149.91905411418705,1043.0,149.95905411418704,1206.0,149.96905411418706,1534.0,149.97905411418705,1987.0
2026-03-01 09:30:06.800,AAPL,149.90621195308017,1468.0,149.89621195308015,237.0,149.88621195308016,1575.0,149.92621195308016,658.0,149.93621195308017,328.0,149.94621195308017,1255.0
2026-03-01 09:30:06.900,AAPL,149.75481082492678,456.0,149.74481082492676,733.0,149.73481082492677,1680.0,149.77481082492676,369.0,149.78481082492678,164.0,149.79481082492677,459.0
2026-03-01 09:30:07.000,AAPL,149.7042207264062,1321.0,149.69422072640617,1586.0,149.68422072640618,731.0,149.72422072640617,539.0,149.7342207264062,1840.0,149.74422072640618,1776.0
2026-03-01 09:30:07.100,AAPL,149.7570827950318,1431.0,149.7470827950318,1664.0,149.7370827950318,539.0,149.7770827950318,778.0,149.7870827950318,547.0,149.7970827950318,1097.0
2026-03-01 09:30:07.200,AAPL,149.727952656687,1449.0,149.71795265668698,288.0,149.70795265668698,645.0,149.74795265668698,1364.0,149.757952656687,1531.0,149.767952656687,787.0
2026-03-01 09:30:07.300,AAPL,149.70472543858693,1751.0,149.69472543858691,655.0,149.68472543858692,1713.0,149.72472543858692,1238.0,149.73472543858693,180.0,149.74472543858693,1147.0
2026-03-01 09:30:07.400,AAPL,149.58813482923512,479.0,149.5781348292351,1363.0,149.5681348292351,225.0,149.6081348292351,1319.0,149.61813482923512,844.0,149.6281348292351,1927.0
2026-03-01 09:30:07.500,AAPL,149.5065929395795,251.0,149.49659293957947,1290.0,149.48659293957948,1765.0,149.52659293957947,1651.0,149.5365929395795,1738.0,149.54659293957948,1317.0
2026-03-01 09:30:07.600,AAPL,149.56609539850947,1684.0,149.55609539850946,1372.0,149.54609539850946,1972.0,149.58609539850946,1069.0,149.59609539850948,1374.0,149.60609539850947,1816.0
2026-03-01 09:30:07.700,AAPL,149.59696010254257,1826.0,149.58696010254255,257.0,149.57696010254256,280.0,149.61696010254255,1054.0,149.62696010254257,356.0,149.63696010254256,190.0
2026-03-01 09:30:07.800,AAPL,149.5320881509706,1314.0,149.52208815097057,720.0,149.51208815097058,507.0,149.55208815097058,996.0,149.5620881509706,1064.0,149.5720881509706,1025.0
2026-03-01 09:30:07.900,AAPL,149.50055953139193,1450.0,149.4905595313919,628.0,149.48055953139192,569.0,149.5205595313919,798.0,149.53055953139193,1693.0,149.54055953139192,894.0
2026-03-01 09:30:08.000,AAPL,149.49910091424198,466.0,149.48910091424196,1421.0,149.47910091424197,1804.0,149.51910091424196,611.0,149.52910091424198,1010.0,149.53910091424197,297.0
2026-03-01 09:30:08.100,AAPL,149.43929452763413,331.0,149.4292945276341,1138.0,149.41929452763412,1465.0,149.4592945276341,1791.0,149.46929452763413,1448.0,149.47929452763412,1617.0
2026-03-01 09:30:08.200,AAPL,149.33908733345845,1044.0,149.32908733345843,955.0,149.31908733345844,374.0,149.35908733345843,1120.0,149.36908733345845,1111.0,149.37908733345844,1231.0
2026-03-01 09:30:08.300,AAPL,149.3311268140865,992.0,149.32112681408648,1052.0,149.3111268140865,1109.0,149.35112681408648,442.0,149.3611268140865,582.0,149.3711268140865,403.0
2026-03-01 09:30:08.400,AAPL,149.35975724219514,785.0,149.34975724219512,1607.0,149.33975724219513,847.0,149.37975724219513,1696.0,149.38975724219515,647.0,149.39975724219514,281.0
2026-03-01 09:30:08.500,AAPL,149.38935010818165,1343.0,149.37935010818163,1438.0,149.36935010818164,1987.0,149.40935010818163,1032.0,149.41935010818165,383.0,149.42935010818164,1358.0
2026-03-01 09:30:08.600,AAPL,149.43311197745876,267.0,149.42311197745875,309.0,149.41311197745875,429.0,149.45311197745875,1852.0,149.46311197745877,1683.0,149.47311197745876,1854.0
2026-03-01 09:30:08.700,AAPL,149.35543411436976,932.0,149.34543411436974,519.0,149.33543411436975,565.0,149.37543411436974,711.0,149.38543411436976,846.0,149.39543411436975,216.0
2026-03-01 09:30:08.800,AAPL,149.35832920986113,1161.0,149.3483292098611,154.0,149.33832920986112,1595.0,149.3783292098611,1900.0,149.38832920986113,1732.0,149.39832920986112,936.0
2026-03-01 09:30:08.900,AAPL,149.34490664164966,463.0,149.33490664164964,877.0,149.32490664164965,1183.0,149.36490664164964,304.0,149.37490664164966,606.0,149.38490664164965,780.0
2026-03-01 09:30:09.000,AAPL,149.3405456073748,406.0,149.33054560737477,1708.0,149.32054560737478,768.0,149.36054560737477,141.0,149.3705456073748,1851.0,149.38054560737478,286.0
2026-03-01 09:30:09.100,AAPL,149.3299565256931,702.0,149.31995652569307,1021.0,149.30995652569308,875.0,149.34995652569307,593.0,149.3599565256931,526.0,149.36995652569308,526.0
2026-03-01 09:30:09.200,AAPL,149.29693411666273,1142.0,149.2869341166627,133.0,149.27693411666272,973.0,149.3169341166627,670.0,149.32693411666273,1925.0,149.33693411666272,910.0
2026-03-01 09:30:09.300,AAPL,149.14604459395193,880.0,149.1360445939519,501.0,149.12604459395192,239.0,149.1660445939519,1395.0,149.17604459395193,133.0,149.18604459395192,1753.0
2026-03-01 09:30:09.400,AAPL,149.20413604498046,1767.0,149.19413604498044,921.0,149.18413604498045,548.0,149.22413604498044,1135.0,149.23413604498046,1199.0,149.24413604498045,1227.0
2026-03-01 09:30:09.500,AAPL,149.22063555325423,1907.0,149.2106355532542,376.0,149.20063555325422,1907.0,149.2406355532542,127.0,149.25063555325423,1360.0,149.26063555325422,706.0
2026-03-01 09:30:09.600,AAPL,149.1464210638774,1304.0,149.13642106387738,1915.0,149.1264210638774,1155.0,149.16642106387738,205.0,149.1764210638774,1702.0,149.1864210638774,662.0
2026-03-01 09:30:09.700,AAPL,149.17007764652703,872.0,149.16007764652701,1421.0,149.15007764652702,1280.0,149.19007764652702,1963.0,149.20007764652703,1104.0,149.21007764652703,1725.0
2026-03-01 09:30:09.800,AAPL,149.14771240617696,1194.0,149.13771240617695,1849.0,149.12771240617695,1450.0,149.16771240617695,1988.0,149.17771240617697,722.0,149.18771240617696,628.0
2026-03-01 09:30:09.900,AAPL,149.12676379035608,1728.0,149.11676379035606,442.0,149.10676379035607,1649.0,149.14676379035606,1877.0,149.15676379035608,1904.0,149.16676379035607,804.0
2026-03-01 09:30:10.000,AAPL,149.08834306028163,1128.0,149.0783430602816,213.0,149.06834306028162,531.0,149.1083430602816,774.0,149.11834306028163,822.0,149.12834306028162,900.0
2026-03-01 09:30:10.100,AAPL,149.11518958391423,1833.0,149.1051895839142,1645.0,149.09518958391422,576.0,149.1351895839142,1698.0,149.14518958391423,1851.0,149.15518958391422,1196.0
2026-03-01 09:30:10.200,AAPL,149.07519840533843,1411.0,149.0651984053384,1538.0,149.05519840533842,640.0,149.0951984053384,277.0,149.10519840533843,1344.0,149.11519840533842,1185.0
2026-03-01 09:30:10.300,AAPL,149.0203566710339,1754.0,149.0103566710339,1466.0,149.0003566710339,412.0,149.0403566710339,1266.0,149.0503566710339,1454.0,149.0603566710339,1619.0
2026-03-01 09:30:10.400,AAPL,149.0769439115642,742.0,149.06694391156418,1301.0,149.0569439115642,188.0,149.09694391156418,1095.0,149.1069439115642,1872.0,149.1169439115642,468.0
2026-03-01 09:30:10.500,AAPL,149.06799984107587,1657.0,149.05799984107585,1217.0,149.04799984107586,1711.0,149.08799984107586,1391.0,149.09799984107588,1938.0,149.10799984107587,923.0
2026-03-01 09:30:10.600,AAPL,149.06062552157624,1326.0,149.05062552157622,1604.0,149.04062552157623,1169.0,149.08062552157622,1099.0,149.09062552157624,247.0,149.10062552157623,473.0
2026-03-01 09:30:10.700,AAPL,149.09524872759008,156.0,149.08524872759006,230.0,149.07524872759006,112.0,149.11524872759006,200.0,149.12524872759008,1607.0,149.13524872759007,1103.0
2026-03-01 09:30:10.800,AAPL,149.06186939254778,1831.0,149.05186939254776,896.0,149.04186939254777,1904.0,149.08186939254776,333.0,149.09186939254778,227.0,149.10186939254777,673.0
2026-03-01 09:30:10.900,AAPL,149.03846173391543,1013.0,149.0284617339154,1740.0,149.01846173391542,122.0,149.0584617339154,1911.0,149.06846173391543,356.0,149.07846173391542,290.0
2026-03-01 09:30:11.000,AAPL,149.05374749740156,1888.0,149.04374749740154,979.0,149.03374749740155,413.0,149.07374749740154,1435.0,149.08374749740156,1508.0,149.09374749740155,1593.0
2026-03-01 09:30:11.100,AAPL,148.9766786172784,1298.0,148.96667861727838,1157.0,148.95667861727838,1947.0,148.99667861727838,556.0,149.0066786172784,1104.0,149.0166786172784,1627.0
2026-03-01 09:30:11.200,AAPL,148.9877335696168,573.0,148.9777335696168,366.0,148.9677335696168,555.0,149.0077335696168,1725.0,149.0177335696168,615.0,149.0277335696168,1581.0
2026-03-01 09:30:11.300,AAPL,148.94994799665773,591.0,148.9399479966577,365.0,148.92994799665772,1316.0,148.9699479966577,303.0,148.97994799665773,1010.0,148.98994799665772,315.0
2026-03-01 09:30:11.400,AAPL,148.99272162628048,884.0,148.98272162628047,110.0,148.97272162628047,1432.0,149.01272162628047,1126.0,149.0227216262805,612.0,149.03272162628048,248.0
2026-03-01 09:30:11.500,AAPL,149.02005479262297,321.0,149.01005479262295,202.0,149.00005479262296,512.0,149.04005479262295,1022.0,149.05005479262297,1515.0,149.06005479262296,1049.0
2026-03-01 09:30:11.600,AAPL,149.04078221047172,167.0,149.0307822104717,1281.0,149.0207822104717,542.0,149.0607822104717,1215.0,149.07078221047172,1553.0,149.0807822104717,764.0
2026-03-01 09:30:11.700,AAPL,148.960434278044,1079.0,148.95043427804399,1200.0,148.940434278044,1284.0,148.980434278044,1403.0,148.990434278044,937.0,149.000434278044,1589.0
2026-03-01 09:30:11.800,AAPL,148.95526450828532,1363.0,148.9452645082853,1258.0,148.93526450828531,792.0,148.9752645082853,317.0,148.98526450828533,330.0,148.99526450828532,1813.0
2026-03-01 09:30:11.900,AAPL,148.8964011802646,680.0,148.88640118026458,1501.0,148.8764011802646,1250.0,148.9164011802646,1980.0,148.9264011802646,725.0,148.9364011802646,1209.0
2026-03-01 09:30:12.000,AAPL,148.89455798511574,1521.0,148.88455798511572,578.0,148.87455798511573,1733.0,148.91455798511572,1716.0,148.92455798511574,134.0,148.93455798511573,856.0
2026-03-01 09:30:12.100,AAPL,148.77879400127125,1476.0,148.76879400127123,196.0,148.75879400127124,1697.0,148.79879400127123,423.0,148.80879400127125,399.0,148.81879400127124,1101.0
2026-03-01 09:30:12.200,AAPL,148.7017523878525,1592.0,148.6917523878525,753.0,148.6817523878525,1331.0,148.7217523878525,1609.0,148.7317523878525,308.0,148.7417523878525,1545.0
2026-03-01 09:30:12.300,AAPL,148.76120406829452,534.0,148.7512040682945,792.0,148.7412040682945,1486.0,148.7812040682945,141.0,148.79120406829452,1953.0,148.8012040682945,924.0
2026-03-01 09:30:12.400,AAPL,148.77965672709485,1606.0,148.76965672709483,256.0,148.75965672709484,930.0,148.79965672709483,469.0,148.80965672709485,1430.0,148.81965672709484,459.0
2026-03-01 09:30:12.500,AAPL,148.76196593472085,1417.0,148.75196593472083,1869.0,148.74196593472084,184.0,148.78196593472083,1526.0,148.79196593472085,364.0,148.80196593472084,796.0
2026-03-01 09:30:12.600,AAPL,148.71652876858653,256.0,148.7065287685865,1205.0,148.69652876858652,328.0,148.7365287685865,1529.0,148.74652876858653,163.0,148.75652876858652,1569.0
2026-03-01 09:30:12.700,AAPL,148.6623160727072,1931.0,148.65231607270718,325.0,148.6423160727072,789.0,148.68231607270718,595.0,148.6923160727072,1143.0,148.7023160727072,1992.0
2026-03-01 09:30:12.800,AAPL,148.6723238604616,1611.0,148.66232386046158,327.0,148.6523238604616,722.0,148.69232386046158,1189.0,148.7023238604616,521.0,148.7123238604616,843.0
2026-03-01 09:30:12.900,AAPL,148.655142244982,1916.0,148.64514224498197,1396.0,148.63514224498198,1206.0,148.67514224498197,1123.0,148.685142244982,869.0,148.69514224498198,1596.0
2026-03-01 09:30:13.000,AAPL,148.73247460414785,423.0,148.72247460414783,850.0,148.71247460414784,776.0,148.75247460414784,168.0,148.76247460414785,1720.0,148.77247460414785,1385.0
2026-03-01 09:30:13.100,AAPL,148.72323641814734,164.0,148.71323641814732,907.0,148.70323641814733,407.0,148.74323641814732,1405.0,148.75323641814734,1011.0,148.76323641814733,750.0
2026-03-01 09:30:13.200,AAPL,148.72617244275958,194.0,148.71617244275956,398.0,148.70617244275957,203.0,148.74617244275956,456.0,148.75617244275958,1182.0,148.76617244275957,1019.0
2026-03-01 09:30:13.300,AAPL,148.6567472693568,1881.0,148.64674726935678,1541.0,148.6367472693568,1636.0,148.67674726935678,1103.0,148.6867472693568,415.0,148.6967472693568,417.0
2026-03-01 09:30:13.400,AAPL,148.63871230809795,1485.0,148.62871230809793,375.0,148.61871230809794,950.0,148.65871230809793,307.0,148.66871230809795,495.0,148.67871230809794,1252.0
2026-03-01 09:30:13.500,AAPL,148.64756187835135,1412.0,148.63756187835133,383.0,148.62756187835134,1155.0,148.66756187835134,331.0,148.67756187835136,380.0,148.68756187835135,1440.0
2026-03-01 09:30:13.600,AAPL,148.62892259279067,1005.0,148.61892259279065,1200.0,148.60892259279066,953.0,148.64892259279065,100.0,148.65892259279067,603.0,148.66892259279066,1652.0
2026-03-01 09:30:13.700,AAPL,148.60464116611197,151.0,148.59464116611196,235.0,148.58464116611196,1648.0,148.62464116611196,1062.0,148.63464116611198,1770.0,148.64464116611197,357.0
2026-03-01 09:30:13.800,AAPL,148.62098664739273,931.0,148.6109866473927,1104.0,148.60098664739272,721.0,148.6409866473927,1639.0,148.65098664739273,1958.0,148.66098664739272,884.0
2026-03-01 09:30:13.900,AAPL,148.6967278114708,133.0,148.68672781147077,1001.0,148.67672781147078,1431.0,148.71672781147078,1345.0,148.7267278114708,871.0,148.7367278114708,1273.0
2026-03-01 09:30:14.000,AAPL,148.70397627998616,1245.0,148.69397627998615,1966.0,148.68397627998615,1314.0,148.72397627998615,634.0,148.73397627998617,294.0,148.74397627998616,1161.0
2026-03-01 09:30:14.100,AAPL,148.76118559415983,1089.0,148.7511855941598,1848.0,148.74118559415982,1703.0,148.7811855941598,135.0,148.79118559415983,1583.0,148.80118559415982,1393.0
2026-03-01 09:30:14.200,AAPL,148.79226571303576,377.0,148.78226571303574,1375.0,148.77226571303575,1029.0,148.81226571303574,1317.0,148.82226571303576,1351.0,148.83226571303575,459.0
2026-03-01 09:30:14.300,AAPL,148.84648338176916,1193.0,148.83648338176914,1274.0,148.82648338176915,1514.0,148.86648338176914,445.0,148.87648338176916,1934.0,148.88648338176915,523.0
2026-03-01 09:30:14.400,AAPL,148.81599738560183,547.0,148.8059973856018,982.0,148.79599738560182,804.0,148.83599738560181,1078.0,148.84599738560183,1052.0,148.85599738560182,1684.0
2026-03-01 09:30:14.500,AAPL,148.8056510108526,1786.0,148.7956510108526,277.0,148.7856510108526,1683.0,148.8256510108526,125.0,148.83565101085262,1185.0,148.8456510108526,1679.0
2026-03-01 09:30:14.600,AAPL,148.7955123323144,846.0,148.78551233231437,1542.0,148.77551233231438,1997.0,148.81551233231437,1666.0,148.8255123323144,172.0,148.83551233231438,1975.0
2026-03-01 09:30:14.700,AAPL,148.82282619414258,1279.0,148.81282619414256,579.0,148.80282619414257,919.0,148.84282619414256,1220.0,148.85282619414258,788.0,148.86282619414257,1564.0
2026-03-01 09:30:14.800,AAPL,148.86244683525317,747.0,148.85244683525315,676.0,148.84244683525316,1138.0,148.88244683525315,951.0,148.89244683525317,937.0,148.90244683525316,644.0
2026-03-01 09:30:14.900,AAPL,148.86869964480877,921.0,148.85869964480875,1195.0,148.84869964480876,172.0,148.88869964480875,724.0,148.89869964480877,1699.0,148.90869964480876,1186.0
2026-03-01 09:30:15.000,AAPL,148.91253497367757,1563.0,148.90253497367755,404.0,148.89253497367756,1649.0,148.93253497367755,1409.0,148.94253497367757,1010.0,148.95253497367756,100.0
2026-03-01 09:30:15.100,AAPL,148.8843683998285,1252.0,148.87436839982848,1196.0,148.8643683998285,272.0,148.90436839982848,743.0,148.9143683998285,1787.0,148.9243683998285,703.0
2026-03-01 09:30:15.200,AAPL,148.92863727747346,135.0,148.91863727747344,1642.0,148.90863727747345,357.0,148.94863727747344,1987.0,148.95863727747346,537.0,148.96863727747345,814.0
2026-03-01 09:30:15.300,AAPL,148.97942774958275,575.0,148.96942774958274,1143.0,148.95942774958274,1685.0,148.99942774958274,1787.0,149.00942774958276,1736.0,149.01942774958275,1072.0
2026-03-01 09:30:15.400,AAPL,149.01330256687896,1448.0,149.00330256687894,1891.0,148.99330256687895,182.0,149.03330256687894,1994.0,149.04330256687896,1568.0,149.05330256687895,397.0
2026-03-01 09:30:15.500,AAPL,149.02001105605302,1254.0,149.010011056053,930.0,149.000011056053,1001.0,149.040011056053,238.0,149.05001105605302,1842.0,149.060011056053,809.0
2026-03-01 09:30:15.600,AAPL,149.0556772226733,943.0,149.04567722267328,503.0,149.03567722267329,460.0,149.07567722267328,536.0,149.0856772226733,110.0,149.0956772226733,1697.0
2026-03-01 09:30:15.700,AAPL,149.01097699941135,806.0,149.00097699941134,1237.0,148.99097699941134,1015.0,149.03097699941134,663.0,149.04097699941136,1739.0,149.05097699941135,934.0
2026-03-01 09:30:15.800,AAPL,149.02089511262938,1452.0,149.01089511262936,1141.0,149.00089511262937,1691.0,149.04089511262936,1454.0,149.05089511262938,305.0,149.06089511262937,446.0
2026-03-01 09:30:15.900,AAPL,149.03592063647062,1128.0,149.0259206364706,990.0,149.0159206364706,204.0,149.0559206364706,158.0,149.06592063647062,1574.0,149.0759206364706,617.0
2026-03-01 09:30:16.000,AAPL,148.96944485331306,124.0,148.95944485331304,888.0,148.94944485331305,1046.0,148.98944485331305,1342.0,148.99944485331307,1505.0,149.00944485331306,222.0
2026-03-01 09:30:16.100,AAPL,148.99317406596003,934.0,148.98317406596001,1356.0,148.97317406596002,1754.0,149.01317406596002,1683.0,149.02317406596003,510.0,149.03317406596003,489.0
2026-03-01 09:30:16.200,AAPL,148.93073312967593,142.0,148.9207331296759,787.0,148.91073312967592,389.0,148.9507331296759,1023.0,148.96073312967593,1042.0,148.97073312967592,287.0
2026-03-01 09:30:16.300,AAPL,148.90933721478046,774.0,148.89933721478045,1387.0,148.88933721478045,1974.0,148.92933721478045,1372.0,148.93933721478047,1844.0,148.94933721478046,660.0
2026-03-01 09:30:16.400,AAPL,148.91132526274427,1314.0,148.90132526274425,498.0,148.89132526274426,597.0,148.93132526274425,130.0,148.94132526274427,1567.0,148.95132526274426,341.0
2026-03-01 09:30:16.500,AAPL,148.87478844351264,762.0,148.86478844351262,362.0,148.85478844351263,1953.0,148.89478844351262,599.0,148.90478844351264,1204.0,148.91478844351263,1424.0
2026-03-01 09:30:16.600,AAPL,148.87891614544367,1270.0,148.86891614544365,1697.0,148.85891614544366,1696.0,148.89891614544365,1109.0,148.90891614544367,1938.0,148.91891614544366,573.0
2026-03-01 09:30:16.700,AAPL,148.88224399496548,1013.0,148.87224399496546,1745.0,148.86224399496547,913.0,148.90224399496546,198.0,148.91224399496548,1664.0,148.92224399496547,1426.0
2026-03-01 09:30:16.800,AAPL,148.84123491299752,1072.0,148.8312349129975,1891.0,148.8212349129975,678.0,148.8612349129975,1594.0,148.87123491299752,1971.0,148.8812349129975,1409.0
2026-03-01 09:30:16.900,AAPL,148.86963363593875,581.0,148.85963363593874,1417.0,148.84963363593874,1234.0,148.88963363593874,783.0,148.89963363593876,281.0,148.90963363593875,399.0
2026-03-01 09:30:17.000,AAPL,148.83142581077342,365.0,148.8214258107734,1648.0,148.81142581077341,1332.0,148.8514258107734,1312.0,148.86142581077343,1971.0,148.87142581077342,1976.0
2026-03-01 09:30:17.100,AAPL,148.94582452951016,1607.0,148.93582452951014,1375.0,148.92582452951015,1135.0,148.96582452951014,321.0,148.97582452951016,359.0,148.98582452951015,1047.0
2026-03-01 09:30:17.200,AAPL,148.94035058834365,691.0,148.93035058834363,1587.0,148.92035058834364,1806.0,148.96035058834363,302.0,148.97035058834365,1613.0,148.98035058834364,1426.0
2026-03-01 09:30:17.300,AAPL,148.88178588109415,303.0,148.87178588109413,1700.0,148.86178588109414,308.0,148.90178588109413,1707.0,148.91178588109415,1190.0,148.92178588109414,1064.0
2026-03-01 09:30:17.400,AAPL,148.83256879278343,499.0,148.82256879278341,1469.0,148.81256879278342,1941.0,148.85256879278342,687.0,148.86256879278343,1866.0,148.87256879278343,1808.0
2026-03-01 09:30:17.500,AAPL,148.88994781601835,256.0,148.87994781601833,1425.0,148.86994781601834,1847.0,148.90994781601833,1534.0,148.91994781601835,996.0,148.92994781601834,524.0
2026-03-01 09:30:17.600,AAPL,148.86949023353245,1641.0,148.85949023353243,1172.0,148.84949023353244,192.0,148.88949023353243,1033.0,148.89949023353245,764.0,148.90949023353244,1770.0
2026-03-01 09:30:17.700,AAPL,148.80130204314094,786.0,148.79130204314092,1986.0,148.78130204314093,1840.0,148.82130204314092,1322.0,148.83130204314094,1215.0,148.84130204314093,1170.0
2026-03-01 09:30:17.800,AAPL,148.84398768049732,1965.0,148.8339876804973,1101.0,148.8239876804973,1754.0,148.8639876804973,1685.0,148.87398768049732,1067.0,148.8839876804973,1886.0
2026-03-01 09:30:17.900,AAPL,148.82320898610843,1368.0,148.8132089861084,360.0,148.80320898610842,1993.0,148.8432089861084,1507.0,148.85320898610843,1768.0,148.86320898610842,809.0
2026-03-01 09:30:18.000,AAPL,148.85587996166439,376.0,148.84587996166437,1108.0,148.83587996166438,1162.0,148.87587996166437,1296.0,148.8858799616644,1528.0,148.89587996166438,839.0
2026-03-01 09:30:18.100,AAPL,148.9026582629472,429.0,148.89265826294718,105.0,148.8826582629472,712.0,148.92265826294718,682.0,148.9326582629472,1086.0,148.9426582629472,1923.0
2026-03-01 09:30:18.200,AAPL,148.91638143988763,266.0,148.9063814398876,557.0,148.89638143988762,297.0,148.9363814398876,1049.0,148.94638143988763,1148.0,148.95638143988762,1093.0
2026-03-01 09:30:18.300,AAPL,149.0361768096719,822.0,149.02617680967188,1844.0,149.0161768096719,1553.0,149.05617680967188,1959.0,149.0661768096719,676.0,149.0761768096719,724.0
2026-03-01 09:30:18.400,AAPL,148.94993968502524,1627.0,148.93993968502522,155.0,148.92993968502523,1804.0,148.96993968502522,1245.0,148.97993968502524,623.0,148.98993968502523,680.0
2026-03-01 09:30:18.500,AAPL,148.90904218126164,358.0,148.89904218126162,191.0,148.88904218126163,976.0,148.92904218126162,1521.0,148.93904218126164,1267.0,148.94904218126163,298.0
2026-03-01 09:30:18.600,AAPL,148.89624468103145,193.0,148.88624468103143,1550.0,148.87624468103144,1773.0,148.91624468103143,1783.0,148.92624468103145,1931.0,148.93624468103144,1913.0
2026-03-01 09:30:18.700,AAPL,149.00930335746185,1338.0,148.99930335746183,1390.0,148.98930335746184,1180.0,149.02930335746183,875.0,149.03930335746185,1508.0,149.04930335746184,1283.0
2026-03-01 09:30:18.800,AAPL,149.09920348096696,1305.0,149.08920348096694,1696.0,149.07920348096695,203.0,149.11920348096695,1577.0,149.12920348096696,525.0,149.13920348096696,1238.0
2026-03-01 09:30:18.900,AAPL,149.16363802433665,1193.0,149.15363802433663,140.0,149.14363802433664,276.0,149.18363802433663,1459.0,149.19363802433665,129.0,149.20363802433664,306.0
2026-03-01 09:30:19.000,AAPL,149.12393182729934,175.0,149.11393182729933,586.0,149.10393182729933,341.0,149.14393182729933,841.0,149.15393182729935,1185.0,149.16393182729934,482.0
2026-03-01 09:30:19.100,AAPL,149.09005609031084,1058.0,149.08005609031082,710.0,149.07005609031083,956.0,149.11005609031082,1865.0,149.12005609031084,1166.0,149.13005609031083,532.0
2026-03-01 09:30:19.200,AAPL,149.0486280885538,1742.0,149.0386280885538,1176.0,149.0286280885538,1749.0,149.0686280885538,724.0,149.0786280885538,586.0,149.0886280885538,289.0
2026-03-01 09:30:19.300,AAPL,149.00945674415178,124.0,148.99945674415176,1910.0,148.98945674415177,1732.0,149.02945674415176,1203.0,149.03945674415178,1725.0,149.04945674415177,155.0
2026-03-01 09:30:19.400,AAPL,149.0840919745156,1323.0,149.07409197451557,245.0,149.06409197451558,701.0,149.10409197451557,531.0,149.1140919745156,1074.0,149.12409197451558,450.0
2026-03-01 09:30:19.500,AAPL,149.07190361834577,1646.0,149.06190361834575,143.0,149.05190361834576,1256.0,149.09190361834575,1129.0,149.10190361834577,369.0,149.11190361834576,1200.0
2026-03-01 09:30:19.600,AAPL,149.0663287101136,787.0,149.05632871011358,973.0,149.04632871011358,1917.0,149.08632871011358,650.0,149.0963287101136,147.0,149.1063287101136,551.0
2026-03-01 09:30:19.700,AAPL,149.10504804945975,968.0,149.09504804945973,1409.0,149.08504804945974,804.0,149.12504804945974,623.0,149.13504804945975,704.0,149.14504804945975,359.0
2026-03-01 09:30:19.800,AAPL,149.02187165075804,1649.0,149.01187165075802,1719.0,149.00187165075803,900.0,149.04187165075803,187.0,149.05187165075805,1079.0,149.06187165075804,401.0
2026-03-01 09:30:19.900,AAPL,149.0245039418215,1501.0,149.0145039418215,599.0,149.0045039418215,340.0,149.0445039418215,858.0,149.0545039418215,657.0,149.0645039418215,1776.0
2026-03-01 09:30:20.000,AAPL,148.96966035538787,1218.0,148.95966035538785,1830.0,148.94966035538786,935.0,148.98966035538785,1850.0,148.99966035538787,1421.0,149.00966035538787,1962.0
2026-03-01 09:30:20.100,AAPL,148.95493960935994,398.0,148.94493960935992,498.0,148.93493960935993,1190.0,148.97493960935992,1293.0,148.98493960935994,732.0,148.99493960935993,1393.0
2026-03-01 09:30:20.200,AAPL,148.925618574662,1318.0,148.91561857466198,1660.0,148.905618574662,366.0,148.94561857466198,1294.0,148.955618574662,197.0,148.965618574662,927.0
2026-03-01 09:30:20.300,AAPL,148.89371953736043,1549.0,148.8837195373604,1060.0,148.87371953736042,1768.0,148.9137195373604,1249.0,148.92371953736043,1336.0,148.93371953736042,688.0
2026-03-01 09:30:20.400,AAPL,148.90499862769576,1548.0,148.89499862769574,937.0,148.88499862769575,1011.0,148.92499862769574,798.0,148.93499862769576,486.0,148.94499862769575,1930.0
2026-03-01 09:30:20.500,AAPL,148.91605929781537,149.0,148.90605929781535,1834.0,148.89605929781536,397.0,148.93605929781535,511.0,148.94605929781537,251.0,148.95605929781536,1993.0
2026-03-01 09:30:20.600,AAPL,148.9050682683537,1690.0,148.89506826835367,1324.0,148.88506826835368,351.0,148.92506826835367,875.0,148.9350682683537,577.0,148.94506826835368,1589.0
2026-03-01 09:30:20.700,AAPL,148.92360248550324,874.0,148.91360248550322,1608.0,148.90360248550323,1881.0,148.94360248550322,1729.0,148.95360248550324,1175.0,148.96360248550323,1505.0
2026-03-01 09:30:20.800,AAPL,148.88017175846056,590.0,148.87017175846054,1090.0,148.86017175846055,529.0,148.90017175846054,1744.0,148.91017175846056,1293.0,148.92017175846055,1330.0
2026-03-01 09:30:20.900,AAPL,148.91425105191252,998.0,148.9042510519125,1591.0,148.8942510519125,452.0,148.9342510519125,1644.0,148.94425105191252,1493.0,148.9542510519125,1640.0
2026-03-01 09:30:21.000,AAPL,148.90394110080464,1353.0,148.89394110080462,171.0,148.88394110080463,1801.0,148.92394110080463,479.0,148.93394110080465,575.0,148.94394110080464,1992.0
2026-03-01 09:30:21.100,AAPL,148.87975792269776,760.0,148.86975792269774,536.0,148.85975792269775,1385.0,148.89975792269775,1587.0,148.90975792269776,536.0,148.91975792269776,1199.0
2026-03-01 09:30:21.200,AAPL,148.8400199821126,1491.0,148.8300199821126,1928.0,148.8200199821126,320.0,148.8600199821126,540.0,148.8700199821126,515.0,148.8800199821126,276.0
2026-03-01 09:30:21.300,AAPL,148.82795010908927,329.0,148.81795010908925,565.0,148.80795010908926,970.0,148.84795010908925,1768.0,148.85795010908927,1673.0,148.86795010908926,1292.0
2026-03-01 09:30:21.400,AAPL,148.92148207193156,1038.0,148.91148207193154,1906.0,148.90148207193155,952.0,148.94148207193155,1398.0,148.95148207193157,962.0,148.96148207193156,927.0
2026-03-01 09:30:21.500,AAPL,148.91831638342643,211.0,148.9083163834264,838.0,148.89831638342642,1930.0,148.9383163834264,1312.0,148.94831638342643,599.0,148.95831638342642,1582.0
2026-03-01 09:30:21.600,AAPL,148.86109620661927,1903.0,148.85109620661925,1719.0,148.84109620661926,255.0,148.88109620661925,1500.0,148.89109620661927,417.0,148.90109620661926,176.0
2026-03-01 09:30:21.700,AAPL,148.90703715995852,1502.0,148.8970371599585,1353.0,148.8870371599585,1404.0,148.9270371599585,676.0,148.93703715995852,259.0,148.9470371599585,690.0
2026-03-01 09:30:21.800,AAPL,148.88344073816893,994.0,148.8734407381689,348.0,148.86344073816892,874.0,148.9034407381689,961.0,148.91344073816893,1381.0,148.92344073816892,882.0
2026-03-01 09:30:21.900,AAPL,148.89762868838656,1199.0,148.88762868838654,897.0,148.87762868838655,143.0,148.91762868838654,1718.0,148.92762868838656,686.0,148.93762868838655,907.0
2026-03-01 09:30:22.000,AAPL,148.86734566086523,222.0,148.8573456608652,1866.0,148.84734566086522,603.0,148.8873456608652,1123.0,148.89734566086523,408.0,148.90734566086522,1135.0
2026-03-01 09:30:22.100,AAPL,148.93138432667237,1533.0,148.92138432667235,1664.0,148.91138432667236,1673.0,148.95138432667235,1290.0,148.96138432667237,1266.0,148.97138432667236,1744.0
2026-03-01 09:30:22.200,AAPL,148.90184633884007,762.0,148.89184633884005,336.0,148.88184633884006,172.0,148.92184633884006,1084.0,148.93184633884007,861.0,148.94184633884007,589.0
2026-03-01 09:30:22.300,AAPL,148.97173923776896,175.0,148.96173923776894,1004.0,148.95173923776895,1885.0,148.99173923776894,740.0,149.00173923776896,616.0,149.01173923776895,1727.0
2026-03-01 09:30:22.400,AAPL,148.91927620854253,1343.0,148.9092762085425,1643.0,148.89927620854252,1648.0,148.9392762085425,1909.0,148.94927620854253,213.0,148.95927620854252,1034.0
2026-03-01 09:30:22.500,AAPL,148.90463088925674,1759.0,148.89463088925672,1620.0,148.88463088925673,1522.0,148.92463088925672,822.0,148.93463088925674,1398.0,148.94463088925673,1953.0
2026-03-01 09:30:22.600,AAPL,148.97463067855207,307.0,148.96463067855206,1824.0,148.95463067855206,1107.0,148.99463067855206,169.0,149.00463067855208,1629.0,149.01463067855207,1734.0
2026-03-01 09:30:22.700,AAPL,148.98303938979114,1186.0,148.97303938979113,1320.0,148.96303938979113,428.0,149.00303938979113,515.0,149.01303938979115,777.0,149.02303938979114,507.0
2026-03-01 09:30:22.800,AAPL,149.09661268688143,1817.0,149.0866126868814,392.0,149.07661268688142,1753.0,149.1166126868814,1127.0,149.12661268688143,1030.0,149.13661268688142,348.0
2026-03-01 09:30:22.900,AAPL,149.08315566441954,1968.0,149.07315566441952,600.0,149.06315566441953,257.0,149.10315566441952,1901.0,149.11315566441954,385.0,149.12315566441953,1985.0
2026-03-01 09:30:23.000,AAPL,149.09600780706756,887.0,149.08600780706755,203.0,149.07600780706755,1266.0,149.11600780706755,439.0,149.12600780706757,1273.0,149.13600780706756,1181.0
2026-03-01 09:30:23.100,AAPL,149.19126527067002,904.0,149.18126527067,822.0,149.17126527067,1098.0,149.21126527067,1445.0,149.22126527067002,253.0,149.23126527067,671.0
2026-03-01 09:30:23.200,AAPL,149.1155691098329,1680.0,149.10556910983289,1649.0,149.0955691098329,294.0,149.1355691098329,238.0,149.1455691098329,824.0,149.1555691098329,295.0
2026-03-01 09:30:23.300,AAPL,149.03368160817382,902.0,149.0236816081738,561.0,149.0136816081738,1049.0,149.0536816081738,1394.0,149.06368160817382,276.0,149.0736816081738,670.0
2026-03-01 09:30:23.400,AAPL,148.99390619931336,439.0,148.98390619931334,1576.0,148.97390619931335,1378.0,149.01390619931334,242.0,149.02390619931336,1354.0,149.03390619931335,536.0
2026-03-01 09:30:23.500,AAPL,149.03457483378702,1320.0,149.024574833787,1422.0,149.014574833787,602.0,149.054574833787,566.0,149.06457483378702,1620.0,149.074574833787,1001.0
2026-03-01 09:30:23.600,AAPL,148.95408227462042,1880.0,148.9440822746204,254.0,148.9340822746204,1203.0,148.9740822746204,1733.0,148.98408227462042,1202.0,148.9940822746204,704.0
2026-03-01 09:30:23.700,AAPL,148.9839347274485,371.0,148.9739347274485,1395.0,148.9639347274485,1879.0,149.0039347274485,365.0,149.01393472744851,955.0,149.0239347274485,1821.0
2026-03-01 09:30:23.800,AAPL,149.01027006217296,686.0,149.00027006217294,1626.0,148.99027006217295,1938.0,149.03027006217295,685.0,149.04027006217297,1672.0,149.05027006217296,1932.0
2026-03-01 09:30:23.900,AAPL,149.11098957383305,696.0,149.10098957383303,213.0,149.09098957383304,199.0,149.13098957383303,531.0,149.14098957383305,1148.0,149.15098957383304,1769.0
2026-03-01 09:30:24.000,AAPL,149.16326382010868,323.0,149.15326382010866,238.0,149.14326382010867,1366.0,149.18326382010866,1964.0,149.19326382010868,306.0,149.20326382010867,1868.0
2026-03-01 09:30:24.100,AAPL,149.18146633198356,1680.0,149.17146633198354,1392.0,149.16146633198355,522.0,149.20146633198354,486.0,149.21146633198356,1881.0,149.22146633198355,1340.0
2026-03-01 09:30:24.200,AAPL,149.24942297874122,1737.0,149.2394229787412,742.0,149.2294229787412,1898.0,149.2694229787412,1719.0,149.27942297874122,1592.0,149.28942297874121,552.0
2026-03-01 09:30:24.300,AAPL,149.27636817579696,1801.0,149.26636817579694,113.0,149.25636817579695,1358.0,149.29636817579694,1959.0,149.30636817579696,1368.0,149.31636817579695,924.0
2026-03-01 09:30:24.400,AAPL,149.2533646730656,1131.0,149.24336467306557,1934.0,149.23336467306558,776.0,149.27336467306557,1019.0,149.2833646730656,1642.0,149.29336467306558,1628.0
2026-03-01 09:30:24.500,AAPL,149.19613438421317,371.0,149.18613438421315,459.0,149.17613438421316,1247.0,149.21613438421315,1282.0,149.22613438421317,342.0,149.23613438421316,1383.0
2026-03-01 09:30:24.600,AAPL,149.1676661040285,744.0,149.1576661040285,1640.0,149.1476661040285,437.0,149.1876661040285,1477.0,149.1976661040285,384.0,149.2076661040285,1885.0
2026-03-01 09:30:24.700,AAPL,149.16566241030114,762.0,149.15566241030112,1586.0,149.14566241030113,355.0,149.18566241030112,202.0,149.19566241030114,797.0,149.20566241030113,1191.0
2026-03-01 09:30:24.800,AAPL,149.17441333056863,873.0,149.1644133305686,1456.0,149.15441333056862,482.0,149.1944133305686,1169.0,149.20441333056863,337.0,149.21441333056862,419.0
2026-03-01 09:30:24.900,AAPL,149.0676535506643,959.0,149.05765355066427,1232.0,149.04765355066428,1129.0,149.08765355066427,1178.0,149.0976535506643,337.0,149.10765355066428,257.0
2026-03-01 09:30:25.000,AAPL,149.05667553391808,477.0,149.04667553391806,215.0,149.03667553391807,517.0,149.07667553391806,421.0,149.08667553391808,434.0,149.09667553391807,494.0
2026-03-01 09:30:25.100,AAPL,149.05810462239555,967.0,149.04810462239553,127.0,149.03810462239554,1878.0,149.07810462239553,1628.0,149.08810462239555,1117.0,149.09810462239554,159.0
2026-03-01 09:30:25.200,AAPL,149.08548149463954,1445.0,149.07548149463952,1587.0,149.06548149463953,1272.0,149.10548149463952,991.0,149.11548149463954,374.0,149.12548149463953,303.0
2026-03-01 09:30:25.300,AAPL,149.16682153876488,268.0,149.15682153876486,1996.0,149.14682153876487,972.0,149.18682153876486,1917.0,149.19682153876488,1229.0,149.20682153876487,1744.0
2026-03-01 09:30:25.400,AAPL,149.17610421553712,1790.0,149.1661042155371,1555.0,149.1561042155371,1717.0,149.1961042155371,1229.0,149.20610421553712,1973.0,149.21610421553711,1747.0
2026-03-01 09:30:25.500,AAPL,149.13062607172475,480.0,149.12062607172473,1509.0,149.11062607172474,848.0,149.15062607172473,213.0,149.16062607172475,1564.0,149.17062607172474,654.0
2026-03-01 09:30:25.600,AAPL,149.03972210254466,713.0,149.02972210254464,869.0,149.01972210254465,1803.0,149.05972210254464,622.0,149.06972210254466,1047.0,149.07972210254465,662.0
2026-03-01 09:30:25.700,AAPL,149.0740726504503,1220.0,149.06407265045027,356.0,149.05407265045028,397.0,149.09407265045027,702.0,149.1040726504503,1197.0,149.11407265045028,953.0
2026-03-01 09:30:25.800,AAPL,149.0306182824764,938.0,149.0206182824764,1998.0,149.0106182824764,1887.0,149.0506182824764,645.0,149.0606182824764,1850.0,149.0706182824764,1154.0
2026-03-01 09:30:25.900,AAPL,149.0739601313345,722.0,149.06396013133448,967.0,149.0539601313345,1182.0,149.09396013133448,1175.0,149.1039601313345,493.0,149.1139601313345,1017.0
2026-03-01 09:30:26.000,AAPL,149.14383113894263,1449.0,149.1338311389426,1969.0,149.12383113894262,736.0,149.1638311389426,1167.0,149.17383113894263,1568.0,149.18383113894262,229.0
2026-03-01 09:30:26.100,AAPL,149.06662740064365,1345.0,149.05662740064363,1909.0,149.04662740064364,1021.0,149.08662740064364,509.0,149.09662740064365,1339.0,149.10662740064365,461.0
2026-03-01 09:30:26.200,AAPL,149.09432202858162,1047.0,149.0843220285816,1657.0,149.0743220285816,117.0,149.1143220285816,742.0,149.12432202858162,1378.0,149.1343220285816,717.0
2026-03-01 09:30:26.300,AAPL,149.15895314909858,1286.0,149.14895314909856,1776.0,149.13895314909857,437.0,149.17895314909856,563.0,149.18895314909858,1946.0,149.19895314909857,1449.0
2026-03-01 09:30:26.400,AAPL,149.20990511536257,1366.0,149.19990511536255,1459.0,149.18990511536256,1340.0,149.22990511536256,292.0,149.23990511536257,1028.0,149.24990511536257,103.0
2026-03-01 09:30:26.500,AAPL,149.10508614351707,247.0,149.09508614351705,1442.0,149.08508614351706,1235.0,149.12508614351705,729.0,149.13508614351707,1031.0,149.14508614351706,1584.0
2026-03-01 09:30:26.600,AAPL,149.06240354127738,1063.0,149.05240354127736,1958.0,149.04240354127737,444.0,149.08240354127736,415.0,149.09240354127738,853.0,149.10240354127737,1553.0
2026-03-01 09:30:26.700,AAPL,148.99839451598984,1260.0,148.98839451598982,1443.0,148.97839451598983,562.0,149.01839451598983,805.0,149.02839451598985,1588.0,149.03839451598984,1411.0
2026-03-01 09:30:26.800,AAPL,149.0245681537472,922.0,149.01456815374718,948.0,149.0045681537472,213.0,149.04456815374718,393.0,149.0545681537472,771.0,149.0645681537472,168.0
2026-03-01 09:30:26.900,AAPL,149.04523448492148,518.0,149.03523448492146,1763.0,149.02523448492147,1228.0,149.06523448492146,915.0,149.07523448492148,1924.0,149.08523448492147,106.0
2026-03-01 09:30:27.000,AAPL,148.91033989102445,1846.0,148.90033989102443,634.0,148.89033989102444,1520.0,148.93033989102443,1826.0,148.94033989102445,410.0,148.95033989102444,1061.0
2026-03-01 09:30:27.100,AAPL,148.89529830995806,1723.0,148.88529830995805,1440.0,148.87529830995805,1348.0,148.91529830995805,758.0,148.92529830995807,804.0,148.93529830995806,314.0
2026-03-01 09:30:27.200,AAPL,148.9353343014751,1473.0,148.9253343014751,1785.0,148.9153343014751,1886.0,148.9553343014751,966.0,148.9653343014751,999.0,148.9753343014751,497.0
2026-03-01 09:30:27.300,AAPL,148.9427331010363,1021.0,148.9327331010363,1879.0,148.9227331010363,1138.0,148.9627331010363,1489.0,148.9727331010363,1252.0,148.9827331010363,180.0
2026-03-01 09:30:27.400,AAPL,148.95004644701132,1915.0,148.9400464470113,691.0,148.9300464470113,1001.0,148.9700464470113,516.0,148.98004644701132,1732.0,148.9900464470113,1480.0
2026-03-01 09:30:27.500,AAPL,148.9317967626754,1413.0,148.92179676267537,1264.0,148.91179676267538,947.0,148.95179676267537,1281.0,148.9617967626754,391.0,148.97179676267538,643.0
2026-03-01 09:30:27.600,AAPL,148.87884971562164,1835.0,148.86884971562162,1784.0,148.85884971562163,1001.0,148.89884971562162,502.0,148.90884971562164,1925.0,148.91884971562163,885.0
2026-03-01 09:30:27.700,AAPL,148.87799692442712,302.0,148.8679969244271,1003.0,148.8579969244271,1585.0,148.8979969244271,352.0,148.90799692442712,1726.0,148.91799692442711,944.0
2026-03-01 09:30:27.800,AAPL,148.88060159698887,1579.0,148.87060159698885,1864.0,148.86060159698886,266.0,148.90060159698885,1054.0,148.91060159698887,977.0,148.92060159698886,1563.0
2026-03-01 09:30:27.900,AAPL,148.91136432300553,1026.0,148.9013643230055,1370.0,148.89136432300552,1708.0,148.9313643230055,237.0,148.94136432300553,1277.0,148.95136432300552,1286.0
2026-03-01 09:30:28.000,AAPL,148.9461893192203,1609.0,148.9361893192203,1408.0,148.9261893192203,1363.0,148.9661893192203,220.0,148.9761893192203,1644.0,148.9861893192203,845.0
2026-03-01 09:30:28.100,AAPL,148.95048239017845,1899.0,148.94048239017843,1455.0,148.93048239017844,567.0,148.97048239017843,727.0,148.98048239017845,1093.0,148.99048239017844,1689.0
2026-03-01 09:30:28.200,AAPL,149.0052278084077,967.0,148.9952278084077,113.0,148.9852278084077,417.0,149.0252278084077,559.0,149.0352278084077,662.0,149.0452278084077,336.0
2026-03-01 09:30:28.300,AAPL,148.9864815750009,1338.0,148.9764815750009,1673.0,148.9664815750009,1009.0,149.0064815750009,1927.0,149.0164815750009,711.0,149.0264815750009,675.0
2026-03-01 09:30:28.400,AAPL,148.91428034650693,1520.0,148.9042803465069,1624.0,148.89428034650692,951.0,148.9342803465069,831.0,148.94428034650693,891.0,148.95428034650692,550.0
2026-03-01 09:30:28.500,AAPL,148.93813302997785,1613.0,148.92813302997783,1352.0,148.91813302997784,770.0,148.95813302997783,146.0,148.96813302997785,660.0,148.97813302997784,1498.0
2026-03-01 09:30:28.600,AAPL,148.9444520076973,140.0,148.93445200769727,516.0,148.92445200769728,1238.0,148.96445200769728,1918.0,148.9744520076973,1312.0,148.98445200769729,1297.0
2026-03-01 09:30:28.700,AAPL,148.9692985834813,1924.0,148.95929858348129,1315.0,148.9492985834813,1591.0,148.9892985834813,745.0,148.9992985834813,661.0,149.0092985834813,633.0
2026-03-01 09:30:28.800,AAPL,148.90607601606715,1662.0,148.89607601606713,1621.0,148.88607601606714,1365.0,148.92607601606713,492.0,148.93607601606715,1149.0,148.94607601606714,533.0
2026-03-01 09:30:28.900,AAPL,148.9956158204977,957.0,148.98561582049769,1319.0,148.9756158204977,1032.0,149.0156158204977,624.0,149.0256158204977,1773.0,149.0356158204977,1533.0
2026-03-01 09:30:29.000,AAPL,149.0311409411809,1971.0,149.02114094118087,1503.0,149.01114094118088,142.0,149.05114094118088,1815.0,149.0611409411809,1913.0,149.0711409411809,886.0
2026-03-01 09:30:29.100,AAPL,149.01674109663094,617.0,149.00674109663092,329.0,148.99674109663093,592.0,149.03674109663092,1431.0,149.04674109663094,769.0,149.05674109663093,1145.0
2026-03-01 09:30:29.200,AAPL,148.9699684393327,1548.0,148.95996843933267,1170.0,148.94996843933268,1692.0,148.98996843933267,1730.0,148.9999684393327,1562.0,149.00996843933268,906.0
2026-03-01 09:30:29.300,AAPL,149.0238261098543,909.0,149.01382610985428,807.0,149.0038261098543,1491.0,149.04382610985428,1580.0,149.0538261098543,524.0,149.0638261098543,121.0
2026-03-01 09:30:29.400,AAPL,148.9687376207511,787.0,148.9587376207511,236.0,148.9487376207511,1219.0,148.9887376207511,1293.0,148.99873762075111,374.0,149.0087376207511,119.0
2026-03-01 09:30:29.500,AAPL,149.08180586199072,1726.0,149.0718058619907,674.0,149.0618058619907,914.0,149.1018058619907,284.0,149.11180586199072,1874.0,149.1218058619907,428.0
2026-03-01 09:30:29.600,AAPL,149.05114561499576,910.0,149.04114561499574,1431.0,149.03114561499575,229.0,149.07114561499574,600.0,149.08114561499576,886.0,149.09114561499575,252.0
2026-03-01 09:30:29.700,AAPL,149.13717087572604,1734.0,149.12717087572602,856.0,149.11717087572603,1671.0,149.15717087572602,1511.0,149.16717087572604,1209.0,149.17717087572603,1010.0
2026-03-01 09:30:29.800,AAPL,149.1279471864724,822.0,149.11794718647238,1346.0,149.1079471864724,109.0,149.14794718647238,248.0,149.1579471864724,283.0,149.1679471864724,1712.0
2026-03-01 09:30:29.900,AAPL,149.2069845219134,455.0,149.19698452191338,1432.0,149.1869845219134,352.0,149.22698452191338,1240.0,149.2369845219134,1981.0,149.2469845219134,551.0
2026-03-01 09:30:30.000,AAPL,149.17024109657208,893.0,149.16024109657207,1240.0,149.15024109657207,568.0,149.19024109657207,1397.0,149.20024109657209,1496.0,149.21024109657208,231.0
2026-03-01 09:30:30.100,AAPL,149.17118291549943,1291.0,149.1611829154994,393.0,149.15118291549942,1152.0,149.1911829154994,335.0,149.20118291549943,178.0,149.21118291549942,1010.0
2026-03-01 09:30:30.200,AAPL,149.21142038200796,1406.0,149.20142038200794,1937.0,149.19142038200795,1790.0,149.23142038200794,267.0,149.24142038200796,261.0,149.25142038200795,1431.0
2026-03-01 09:30:30.300,AAPL,149.24452423884273,1225.0,149.2345242388427,643.0,149.22452423884272,306.0,149.2645242388427,1574.0,149.27452423884273,1742.0,149.28452423884272,1893.0
2026-03-01 09:30:30.400,AAPL,149.29956233052565,1083.0,149.28956233052563,424.0,149.27956233052564,1329.0,149.31956233052563,1674.0,149.32956233052565,1945.0,149.33956233052564,647.0
2026-03-01 09:30:30.500,AAPL,149.27518872478555,398.0,149.26518872478553,1959.0,149.25518872478554,722.0,149.29518872478553,812.0,149.30518872478555,1509.0,149.31518872478554,1748.0
2026-03-01 09:30:30.600,AAPL,149.27942914342805,613.0,149.26942914342803,1881.0,149.25942914342804,1999.0,149.29942914342803,676.0,149.30942914342805,949.0,149.31942914342804,1629.0
2026-03-01 09:30:30.700,AAPL,149.34184857222795,1733.0,149.33184857222793,1873.0,149.32184857222794,654.0,149.36184857222793,1055.0,149.37184857222795,1511.0,149.38184857222794,715.0
2026-03-01 09:30:30.800,AAPL,149.306585797142,1555.0,149.29658579714197,1993.0,149.28658579714198,295.0,149.32658579714197,1106.0,149.336585797142,354.0,149.34658579714198,1914.0
2026-03-01 09:30:30.900,AAPL,149.33521285019793,1404.0,149.32521285019791,1714.0,149.31521285019792,513.0,149.35521285019792,1462.0,149.36521285019793,1178.0,149.37521285019793,1464.0
2026-03-01 09:30:31.000,AAPL,149.32425483820904,260.0,149.31425483820902,1719.0,149.30425483820903,425.0,149.34425483820903,1713.0,149.35425483820904,1295.0,149.36425483820904,448.0
2026-03-01 09:30:31.100,AAPL,149.33454854353818,1222.0,149.32454854353816,1462.0,149.31454854353817,1447.0,149.35454854353816,1814.0,149.36454854353818,1822.0,149.37454854353817,621.0
2026-03-01 09:30:31.200,AAPL,149.33877605435887,607.0,149.32877605435885,1064.0,149.31877605435886,1351.0,149.35877605435886,1945.0,149.36877605435888,1151.0,149.37877605435887,1729.0
2026-03-01 09:30:31.300,AAPL,149.29936189681965,1757.0,149.28936189681963,1740.0,149.27936189681964,693.0,149.31936189681963,1850.0,149.32936189681965,940.0,149.33936189681964,1177.0
2026-03-01 09:30:31.400,AAPL,149.28632723721353,864.0,149.2763272372135,1205.0,149.26632723721352,432.0,149.3063272372135,556.0,149.31632723721353,127.0,149.32632723721352,293.0
2026-03-01 09:30:31.500,AAPL,149.29357384981736,1724.0,149.28357384981734,1909.0,149.27357384981735,665.0,149.31357384981735,370.0,149.32357384981736,1131.0,149.33357384981736,1322.0
2026-03-01 09:30:31.600,AAPL,149.28843764988176,1519.0,149.27843764988174,676.0,149.26843764988175,628.0,149.30843764988174,1026.0,149.31843764988176,459.0,149.32843764988175,710.0
2026-03-01 09:30:31.700,AAPL,149.36707444737146,1762.0,149.35707444737145,687.0,149.34707444737145,1542.0,149.38707444737145,649.0,149.39707444737147,427.0,149.40707444737146,371.0
2026-03-01 09:30:31.800,AAPL,149.41757222521227,1286.0,149.40757222521225,1531.0,149.39757222521226,1931.0,149.43757222521225,996.0,149.44757222521227,1914.0,149.45757222521226,1451.0
2026-03-01 09:30:31.900,AAPL,149.43207125013694,358.0,149.42207125013692,1378.0,149.41207125013693,1902.0,149.45207125013692,213.0,149.46207125013694,1249.0,149.47207125013693,651.0
2026-03-01 09:30:32.000,AAPL,149.393913941001,696.0,149.38391394100097,850.0,149.37391394100098,1424.0,149.41391394100097,496.0,149.423913941001,1552.0,149.43391394100098,1128.0
2026-03-01 09:30:32.100,AAPL,149.35271278640607,1041.0,149.34271278640605,1275.0,149.33271278640606,1964.0,149.37271278640605,1924.0,149.38271278640607,994.0,149.39271278640607,738.0
2026-03-01 09:30:32.200,AAPL,149.4514033381701,1969.0,149.4414033381701,919.0,149.4314033381701,1369.0,149.4714033381701,1655.0,149.4814033381701,1347.0,149.4914033381701,517.0
2026-03-01 09:30:32.300,AAPL,149.4009090663665,252.0,149.39090906636648,168.0,149.38090906636648,670.0,149.42090906636648,180.0,149.4309090663665,1842.0,149.4409090663665,1883.0
2026-03-01 09:30:32.400,AAPL,149.40660204727402,127.0,149.396602047274,1757.0,149.386602047274,1662.0,149.426602047274,1229.0,149.43660204727402,429.0,149.446602047274,168.0
2026-03-01 09:30:32.500,AAPL,149.42464948299144,863.0,149.41464948299142,1273.0,149.40464948299143,937.0,149.44464948299142,1299.0,149.45464948299144,1912.0,149.46464948299143,1939.0
2026-03-01 09:30:32.600,AAPL,149.40908330041728,573.0,149.39908330041726,1088.0,149.38908330041727,241.0,149.42908330041726,354.0,149.43908330041728,879.0,149.44908330041727,1468.0
2026-03-01 09:30:32.700,AAPL,149.3589731121884,439.0,149.3489731121884,928.0,149.3389731121884,919.0,149.3789731121884,770.0,149.3889731121884,1727.0,149.3989731121884,831.0
2026-03-01 09:30:32.800,AAPL,149.31972828023808,817.0,149.30972828023806,1404.0,149.29972828023807,1964.0,149.33972828023806,740.0,149.34972828023808,325.0,149.35972828023807,192.0
2026-03-01 09:30:32.900,AAPL,149.2924030301229,1167.0,149.28240303012288,1378.0,149.2724030301229,1465.0,149.31240303012288,737.0,149.3224030301229,1180.0,149.3324030301229,1815.0
2026-03-01 09:30:33.000,AAPL,149.256928386668,653.0,149.24692838666797,1191.0,149.23692838666798,320.0,149.27692838666798,1986.0,149.286928386668,957.0,149.296928386668,1472.0
2026-03-01 09:30:33.100,AAPL,149.32331440632706,1095.0,149.31331440632704,236.0,149.30331440632705,800.0,149.34331440632704,159.0,149.35331440632706,1453.0,149.36331440632705,1749.0
2026-03-01 09:30:33.200,AAPL,149.32285810665343,170.0,149.3128581066534,437.0,149.30285810665342,165.0,149.3428581066534,1916.0,149.35285810665343,1819.0,149.36285810665342,526.0
2026-03-01 09:30:33.300,AAPL,149.29666805159604,1508.0,149.28666805159602,1369.0,149.27666805159603,961.0,149.31666805159603,1408.0,149.32666805159604,1688.0,149.33666805159604,520.0
2026-03-01 09:30:33.400,AAPL,149.3020159537894,1631.0,149.2920159537894,1693.0,149.2820159537894,936.0,149.3220159537894,1539.0,149.3320159537894,1039.0,149.3420159537894,413.0
2026-03-01 09:30:33.500,AAPL,149.33541374905414,401.0,149.32541374905412,1446.0,149.31541374905413,1566.0,149.35541374905412,1449.0,149.36541374905414,142.0,149.37541374905413,738.0
2026-03-01 09:30:33.600,AAPL,149.31818276375125,1911.0,149.30818276375123,1084.0,149.29818276375124,1382.0,149.33818276375123,1082.0,149.34818276375125,1177.0,149.35818276375124,1319.0
2026-03-01 09:30:33.700,AAPL,149.36328182851005,927.0,149.35328182851003,1578.0,149.34328182851004,1538.0,149.38328182851004,1191.0,149.39328182851006,1184.0,149.40328182851005,927.0
2026-03-01 09:30:33.800,AAPL,149.29972448979223,941.0,149.2897244897922,196.0,149.27972448979222,1915.0,149.3197244897922,488.0,149.32972448979223,1185.0,149.33972448979222,1734.0
2026-03-01 09:30:33.900,AAPL,149.35828967139804,343.0,149.34828967139802,1103.0,149.33828967139803,1671.0,149.37828967139802,1374.0,149.38828967139804,175.0,149.39828967139803,368.0
2026-03-01 09:30:34.000,AAPL,149.35784205440945,493.0,149.34784205440943,1992.0,149.33784205440944,1986.0,149.37784205440943,565.0,149.38784205440945,1608.0,149.39784205440944,1235.0
2026-03-01 09:30:34.100,AAPL,149.35544143682185,1011.0,149.34544143682183,1311.0,149.33544143682184,221.0,149.37544143682183,1597.0,149.38544143682185,471.0,149.39544143682184,234.0
2026-03-01 09:30:34.200,AAPL,149.3207907205986,1085.0,149.3107907205986,1734.0,149.3007907205986,1429.0,149.3407907205986,1057.0,149.3507907205986,525.0,149.3607907205986,140.0
2026-03-01 09:30:34.300,AAPL,149.25939821407295,1656.0,149.24939821407293,980.0,149.23939821407293,958.0,149.27939821407293,1457.0,149.28939821407295,124.0,149.29939821407294,1262.0
2026-03-01 09:30:34.400,AAPL,149.17606461728218,801.0,149.16606461728216,1724.0,149.15606461728217,551.0,149.19606461728216,133.0,149.20606461728218,604.0,149.21606461728217,1723.0
2026-03-01 09:30:34.500,AAPL,149.13792578383467,693.0,149.12792578383466,759.0,149.11792578383466,326.0,149.15792578383466,1416.0,149.16792578383468,1387.0,149.17792578383467,632.0
2026-03-01 09:30:34.600,AAPL,149.1673094448648,1940.0,149.15730944486478,1056.0,149.1473094448648,728.0,149.18730944486478,612.0,149.1973094448648,1398.0,149.2073094448648,1471.0
2026-03-01 09:30:34.700,AAPL,149.11924552374956,724.0,149.10924552374954,867.0,149.09924552374954,1761.0,149.13924552374954,376.0,149.14924552374956,409.0,149.15924552374955,732.0
2026-03-01 09:30:34.800,AAPL,149.04182311446334,746.0,149.03182311446332,294.0,149.02182311446333,1275.0,149.06182311446332,304.0,149.07182311446334,1606.0,149.08182311446333,787.0
2026-03-01 09:30:34.900,AAPL,148.99636984892146,1490.0,148.98636984892144,1691.0,148.97636984892145,1801.0,149.01636984892144,368.0,149.02636984892146,1893.0,149.03636984892145,1293.0
2026-03-01 09:30:35.000,AAPL,148.97712818304623,1801.0,148.9671281830462,1324.0,148.95712818304622,535.0,148.99712818304621,246.0,149.00712818304623,638.0,149.01712818304622,1704.0
2026-03-01 09:30:35.100,AAPL,148.9598531219131,1247.0,148.9498531219131,1807.0,148.9398531219131,1157.0,148.9798531219131,1368.0,148.98985312191311,1334.0,148.9998531219131,1970.0
2026-03-01 09:30:35.200,AAPL,148.95340847650098,376.0,148.94340847650096,184.0,148.93340847650097,1461.0,148.97340847650096,139.0,148.98340847650098,1408.0,148.99340847650097,958.0
2026-03-01 09:30:35.300,AAPL,149.00503879380358,944.0,148.99503879380356,1014.0,148.98503879380357,1056.0,149.02503879380356,954.0,149.03503879380358,769.0,149.04503879380357,180.0
2026-03-01 09:30:35.400,AAPL,149.06750151570816,924.0,149.05750151570814,1985.0,149.04750151570815,1591.0,149.08750151570814,717.0,149.09750151570816,1289.0,149.10750151570815,390.0
2026-03-01 09:30:35.500,AAPL,149.16777464097763,667.0,149.1577746409776,537.0,149.14777464097762,1124.0,149.1877746409776,179.0,149.19777464097763,1450.0,149.20777464097762,226.0
2026-03-01 09:30:35.600,AAPL,149.0865292751427,1785.0,149.0765292751427,1306.0,149.0665292751427,403.0,149.1065292751427,538.0,149.1165292751427,335.0,149.1265292751427,1971.0
2026-03-01 09:30:35.700,AAPL,149.04373507912587,1602.0,149.03373507912585,1942.0,149.02373507912586,1991.0,149.06373507912585,869.0,149.07373507912587,1612.0,149.08373507912586,737.0
2026-03-01 09:30:35.800,AAPL,149.07865933697886,1040.0,149.06865933697884,1520.0,149.05865933697885,821.0,149.09865933697884,130.0,149.10865933697886,100.0,149.11865933697885,432.0
2026-03-01 09:30:35.900,AAPL,149.0559577762026,405.0,149.04595777620258,1709.0,149.0359577762026,1723.0,149.07595777620259,324.0,149.0859577762026,159.0,149.0959577762026,772.0
2026-03-01 09:30:36.000,AAPL,149.09899709969508,1710.0,149.08899709969506,1959.0,149.07899709969507,613.0,149.11899709969506,1872.0,149.12899709969508,645.0,149.13899709969508,1397.0
2026-03-01 09:30:36.100,AAPL,149.1093527712008,1975.0,149.09935277120078,1003.0,149.0893527712008,1318.0,149.1293527712008,1403.0,149.1393527712008,1784.0,149.1493527712008,119.0
2026-03-01 09:30:36.200,AAPL,149.18831298170267,1817.0,149.17831298170265,799.0,149.16831298170266,1207.0,149.20831298170265,872.0,149.21831298170267,694.0,149.22831298170266,1402.0
2026-03-01 09:30:36.300,AAPL,149.2404487873993,491.0,149.23044878739927,810.0,149.22044878739928,952.0,149.26044878739927,891.0,149.2704487873993,781.0,149.28044878739928,384.0
2026-03-01 09:30:36.400,AAPL,149.29349961872725,1015.0,149.28349961872723,735.0,149.27349961872724,988.0,149.31349961872723,1400.0,149.32349961872725,1816.0,149.33349961872725,1536.0
2026-03-01 09:30:36.500,AAPL,149.27290603829255,213.0,149.26290603829253,553.0,149.25290603829254,374.0,149.29290603829253,177.0,149.30290603829255,1159.0,149.31290603829254,291.0
2026-03-01 09:30:36.600,AAPL,149.26803299599413,1797.0,149.2580329959941,1396.0,149.24803299599412,1285.0,149.28803299599412,587.0,149.29803299599413,1529.0,149.30803299599413,1523.0
2026-03-01 09:30:36.700,AAPL,149.25277032311578,531.0,149.24277032311576,111.0,149.23277032311577,1356.0,149.27277032311576,1212.0,149.28277032311578,1547.0,149.29277032311577,1044.0
2026-03-01 09:30:36.800,AAPL,149.17747571593327,1160.0,149.16747571593325,112.0,149.15747571593326,1682.0,149.19747571593325,1653.0,149.20747571593327,1979.0,149.21747571593326,230.0
2026-03-01 09:30:36.900,AAPL,149.25106417870805,773.0,149.24106417870803,1305.0,149.23106417870804,1592.0,149.27106417870803,191.0,149.28106417870805,1858.0,149.29106417870804,1854.0
2026-03-01 09:30:37.000,AAPL,149.28833354415022,553.0,149.2783335441502,859.0,149.2683335441502,623.0,149.3083335441502,1706.0,149.31833354415022,1606.0,149.3283335441502,1481.0
2026-03-01 09:30:37.100,AAPL,149.27108218794618,1587.0,149.26108218794616,336.0,149.25108218794617,266.0,149.29108218794616,723.0,149.30108218794618,853.0,149.31108218794617,1748.0
2026-03-01 09:30:37.200,AAPL,149.33631181331916,858.0,149.32631181331914,203.0,149.31631181331915,171.0,149.35631181331914,1537.0,149.36631181331916,906.0,149.37631181331915,1051.0
2026-03-01 09:30:37.300,AAPL,149.30479343098182,912.0,149.2947934309818,167.0,149.2847934309818,1027.0,149.3247934309818,1170.0,149.33479343098182,1001.0,149.3447934309818,832.0
2026-03-01 09:30:37.400,AAPL,149.21288670755905,1769.0,149.20288670755903,1928.0,149.19288670755904,257.0,149.23288670755903,892.0,149.24288670755905,1508.0,149.25288670755904,1130.0
2026-03-01 09:30:37.500,AAPL,149.26325519520373,1950.0,149.2532551952037,1378.0,149.24325519520372,1379.0,149.2832551952037,672.0,149.29325519520373,748.0,149.30325519520372,1514.0
2026-03-01 09:30:37.600,AAPL,149.19932718354792,1617.0,149.1893271835479,1524.0,149.1793271835479,1228.0,149.2193271835479,1810.0,149.22932718354792,593.0,149.2393271835479,321.0
2026-03-01 09:30:37.700,AAPL,149.18953841026672,1856.0,149.1795384102667,308.0,149.1695384102667,1725.0,149.2095384102667,1396.0,149.21953841026672,214.0,149.2295384102667,1020.0
2026-03-01 09:30:37.800,AAPL,149.1998445623059,1539.0,149.1898445623059,1399.0,149.1798445623059,1438.0,149.2198445623059,1207.0,149.2298445623059,1021.0,149.2398445623059,1104.0
2026-03-01 09:30:37.900,AAPL,149.21911782954285,1254.0,149.20911782954283,865.0,149.19911782954284,207.0,149.23911782954283,1121.0,149.24911782954285,1994.0,149.25911782954284,1474.0
2026-03-01 09:30:38.000,AAPL,149.26153788235305,420.0,149.25153788235303,367.0,149.24153788235304,236.0,149.28153788235304,1741.0,149.29153788235305,1208.0,149.30153788235305,1275.0
2026-03-01 09:30:38.100,AAPL,149.29058045366642,379.0,149.2805804536664,1940.0,149.2705804536664,434.0,149.3105804536664,563.0,149.32058045366642,1297.0,149.3305804536664,1313.0
2026-03-01 09:30:38.200,AAPL,149.31807507999451,859.0,149.3080750799945,1411.0,149.2980750799945,1659.0,149.3380750799945,1842.0,149.34807507999452,328.0,149.3580750799945,1531.0
2026-03-01 09:30:38.300,AAPL,149.2785374908917,1657.0,149.26853749089167,1976.0,149.25853749089168,1482.0,149.29853749089168,1668.0,149.3085374908917,1351.0,149.31853749089169,1892.0
2026-03-01 09:30:38.400,AAPL,149.29324966875507,1070.0,149.28324966875505,1571.0,149.27324966875506,1597.0,149.31324966875505,1751.0,149.32324966875507,1664.0,149.33324966875506,1769.0
2026-03-01 09:30:38.500,AAPL,149.21797217025258,865.0,149.20797217025256,1580.0,149.19797217025257,1027.0,149.23797217025256,663.0,149.24797217025258,507.0,149.25797217025257,872.0
2026-03-01 09:30:38.600,AAPL,149.29607905517523,1487.0,149.2860790551752,1678.0,149.27607905517522,1375.0,149.3160790551752,1264.0,149.32607905517523,530.0,149.33607905517522,567.0
2026-03-01 09:30:38.700,AAPL,149.2259508139843,1987.0,149.21595081398428,963.0,149.2059508139843,779.0,149.24595081398428,1739.0,149.2559508139843,184.0,149.2659508139843,1099.0
2026-03-01 09:30:38.800,AAPL,149.20862882204648,1458.0,149.19862882204646,412.0,149.18862882204647,1138.0,149.22862882204646,1298.0,149.23862882204648,468.0,149.24862882204647,1480.0
2026-03-01 09:30:38.900,AAPL,149.14268511009516,269.0,149.13268511009514,481.0,149.12268511009515,233.0,149.16268511009514,219.0,149.17268511009516,1267.0,149.18268511009515,905.0
2026-03-01 09:30:39.000,AAPL,149.10617679580187,1370.0,149.09617679580185,1851.0,149.08617679580186,358.0,149.12617679580185,420.0,149.13617679580187,1331.0,149.14617679580186,114.0
2026-03-01 09:30:39.100,AAPL,149.10684821657347,1268.0,149.09684821657345,1526.0,149.08684821657346,987.0,149.12684821657345,477.0,149.13684821657347,813.0,149.14684821657346,1872.0
2026-03-01 09:30:39.200,AAPL,149.08041031164765,412.0,149.07041031164763,317.0,149.06041031164764,642.0,149.10041031164764,1713.0,149.11041031164766,1818.0,149.12041031164765,1415.0
2026-03-01 09:30:39.300,AAPL,149.13762262455495,1710.0,149.12762262455493,244.0,149.11762262455494,835.0,149.15762262455493,245.0,149.16762262455495,1251.0,149.17762262455494,739.0
2026-03-01 09:30:39.400,AAPL,149.14896767535308,1135.0,149.13896767535306,1450.0,149.12896767535307,339.0,149.16896767535306,483.0,149.17896767535308,715.0,149.18896767535307,1579.0
2026-03-01 09:30:39.500,AAPL,149.12582218889165,481.0,149.11582218889163,720.0,149.10582218889164,474.0,149.14582218889163,311.0,149.15582218889165,392.0,149.16582218889164,1689.0
2026-03-01 09:30:39.600,AAPL,149.11914309239296,231.0,149.10914309239294,1118.0,149.09914309239295,1420.0,149.13914309239294,209.0,149.14914309239296,754.0,149.15914309239295,1303.0
2026-03-01 09:30:39.700,AAPL,149.18012811524576,1708.0,149.17012811524575,1683.0,149.16012811524575,1554.0,149.20012811524575,1608.0,149.21012811524577,1212.0,149.22012811524576,857.0
2026-03-01 09:30:39.800,AAPL,149.22557165940998,662.0,149.21557165940996,1296.0,149.20557165940997,1055.0,149.24557165940996,253.0,149.25557165940998,1447.0,149.26557165940997,226.0
2026-03-01 09:30:39.900,AAPL,149.1686331147092,1109.0,149.15863311470918,669.0,149.14863311470918,1772.0,149.18863311470918,1999.0,149.1986331147092,269.0,149.2086331147092,372.0
2026-03-01 09:30:40.000,AAPL,149.13460052900223,1056.0,149.1246005290022,1442.0,149.11460052900222,1340.0,149.1546005290022,1913.0,149.16460052900223,951.0,149.17460052900222,1456.0
2026-03-01 09:30:40.100,AAPL,149.15834001993645,292.0,149.14834001993643,498.0,149.13834001993644,1981.0,149.17834001993643,1831.0,149.18834001993645,1244.0,149.19834001993644,508.0
2026-03-01 09:30:40.200,AAPL,149.1760083492378,1473.0,149.16600834923779,605.0,149.1560083492378,1316.0,149.1960083492378,825.0,149.2060083492378,1104.0,149.2160083492378,1878.0
2026-03-01 09:30:40.300,AAPL,149.12348927216786,1888.0,149.11348927216784,1789.0,149.10348927216785,1291.0,149.14348927216784,1095.0,149.15348927216786,504.0,149.16348927216785,404.0
2026-03-01 09:30:40.400,AAPL,149.1609456016332,1269.0,149.15094560163317,1747.0,149.14094560163318,1235.0,149.18094560163317,950.0,149.1909456016332,1851.0,149.20094560163318,1827.0
2026-03-01 09:30:40.500,AAPL,149.11640189462386,447.0,149.10640189462384,312.0,149.09640189462385,1107.0,149.13640189462384,1617.0,149.14640189462386,842.0,149.15640189462385,1635.0
2026-03-01 09:30:40.600,AAPL,149.18159323331668,953.0,149.17159323331666,526.0,149.16159323331667,1347.0,149.20159323331666,578.0,149.21159323331668,774.0,149.22159323331667,306.0
2026-03-01 09:30:40.700,AAPL,149.20806569112918,1891.0,149.19806569112916,1064.0,149.18806569112917,1861.0,149.22806569112916,1214.0,149.23806569112918,1513.0,149.24806569112917,217.0
2026-03-01 09:30:40.800,AAPL,149.15146946859687,1807.0,149.14146946859685,1605.0,149.13146946859686,1742.0,149.17146946859685,565.0,149.18146946859687,637.0,149.19146946859686,1733.0
2026-03-01 09:30:40.900,AAPL,149.1250156335237,1610.0,149.11501563352368,1253.0,149.1050156335237,389.0,149.14501563352368,567.0,149.1550156335237,377.0,149.1650156335237,231.0
2026-03-01 09:30:41.000,AAPL,149.09769260279728,1745.0,149.08769260279726,1032.0,149.07769260279727,697.0,149.11769260279726,204.0,149.12769260279728,209.0,149.13769260279727,222.0
2026-03-01 09:30:41.100,AAPL,149.1056864388624,1888.0,149.09568643886237,448.0,149.08568643886238,1141.0,149.12568643886237,634.0,149.1356864388624,1482.0,149.14568643886238,1652.0
2026-03-01 09:30:41.200,AAPL,149.09548759396176,1576.0,149.08548759396174,711.0,149.07548759396175,1159.0,149.11548759396175,451.0,149.12548759396176,994.0,149.13548759396176,639.0
2026-03-01 09:30:41.300,AAPL,149.03821314829267,704.0,149.02821314829265,330.0,149.01821314829266,222.0,149.05821314829265,1935.0,149.06821314829267,578.0,149.07821314829266,869.0
2026-03-01 09:30:41.400,AAPL,148.96850019098156,613.0,148.95850019098154,341.0,148.94850019098155,397.0,148.98850019098154,973.0,148.99850019098156,1326.0,149.00850019098155,1382.0
2026-03-01 09:30:41.500,AAPL,148.99595135770144,1344.0,148.98595135770142,1780.0,148.97595135770143,153.0,149.01595135770143,1147.0,149.02595135770144,1678.0,149.03595135770144,972.0
2026-03-01 09:30:41.600,AAPL,149.01026320092964,1197.0,149.00026320092962,1490.0,148.99026320092963,1732.0,149.03026320092962,1720.0,149.04026320092964,824.0,149.05026320092963,1029.0
2026-03-01 09:30:41.700,AAPL,149.0155400787899,578.0,149.0055400787899,1915.0,148.9955400787899,1448.0,149.0355400787899,830.0,149.0455400787899,636.0,149.0555400787899,1099.0
2026-03-01 09:30:41.800,AAPL,149.02907667173793,204.0,149.0190766717379,1662.0,149.00907667173792,749.0,149.0490766717379,1282.0,149.05907667173793,296.0,149.06907667173792,1890.0
2026-03-01 09:30:41.900,AAPL,148.99813071436168,1373.0,148.98813071436166,119.0,148.97813071436167,495.0,149.01813071436166,332.0,149.02813071436168,241.0,149.03813071436167,1120.0
2026-03-01 09:30:42.000,AAPL,149.00733033225043,470.0,148.9973303322504,1252.0,148.98733033225042,927.0,149.02733033225041,552.0,149.03733033225043,1171.0,149.04733033225043,671.0
2026-03-01 09:30:42.100,AAPL,149.13425561049965,1417.0,149.12425561049963,1208.0,149.11425561049964,564.0,149.15425561049963,1384.0,149.16425561049965,661.0,149.17425561049964,845.0
2026-03-01 09:30:42.200,AAPL,149.192983966537,520.0,149.182983966537,303.0,149.172983966537,1318.0,149.212983966537,1888.0,149.22298396653702,1148.0,149.232983966537,572.0
2026-03-01 09:30:42.300,AAPL,149.17856354398901,346.0,149.168563543989,1670.0,149.158563543989,212.0,149.198563543989,657.0,149.20856354398902,201.0,149.218563543989,1869.0
2026-03-01 09:30:42.400,AAPL,149.15239495663394,1715.0,149.14239495663392,1065.0,149.13239495663393,650.0,149.17239495663392,553.0,149.18239495663394,1704.0,149.19239495663393,1643.0
2026-03-01 09:30:42.500,AAPL,149.0093729867594,1849.0,148.99937298675937,1618.0,148.98937298675938,477.0,149.02937298675937,1272.0,149.0393729867594,1071.0,149.04937298675938,169.0
2026-03-01 09:30:42.600,AAPL,149.0628076944086,1719.0,149.05280769440859,1768.0,149.0428076944086,1221.0,149.0828076944086,1791.0,149.0928076944086,1394.0,149.1028076944086,830.0
2026-03-01 09:30:42.700,AAPL,149.10213796209734,1811.0,149.09213796209733,1738.0,149.08213796209733,287.0,149.12213796209733,817.0,149.13213796209735,949.0,149.14213796209734,142.0
2026-03-01 09:30:42.800,AAPL,149.07494656363352,1295.0,149.0649465636335,1594.0,149.0549465636335,1185.0,149.0949465636335,1137.0,149.10494656363352,1564.0,149.1149465636335,488.0
2026-03-01 09:30:42.900,AAPL,149.00336117948967,1754.0,148.99336117948965,410.0,148.98336117948966,300.0,149.02336117948965,1708.0,149.03336117948967,595.0,149.04336117948966,788.0
2026-03-01 09:30:43.000,AAPL,148.9455978073302,1361.0,148.93559780733017,1000.0,148.92559780733018,1617.0,148.96559780733017,786.0,148.9755978073302,820.0,148.98559780733018,400.0
2026-03-01 09:30:43.100,AAPL,148.96781770045416,1715.0,148.95781770045414,1831.0,148.94781770045415,562.0,148.98781770045414,1579.0,148.99781770045416,1175.0,149.00781770045415,1737.0
2026-03-01 09:30:43.200,AAPL,148.96335066377102,987.0,148.953350663771,1180.0,148.943350663771,1123.0,148.983350663771,890.0,148.99335066377103,927.0,149.00335066377102,234.0
2026-03-01 09:30:43.300,AAPL,148.9979302646514,1177.0,148.98793026465137,1471.0,148.97793026465138,611.0,149.01793026465137,1912.0,149.0279302646514,1720.0,149.03793026465138,199.0
2026-03-01 09:30:43.400,AAPL,149.0022524215698,170.0,148.9922524215698,1940.0,148.9822524215698,1595.0,149.0222524215698,1833.0,149.0322524215698,1721.0,149.0422524215698,1670.0
2026-03-01 09:30:43.500,AAPL,149.05059036317562,1877.0,149.0405903631756,1912.0,149.0305903631756,137.0,149.0705903631756,1040.0,149.08059036317562,418.0,149.0905903631756,1383.0
2026-03-01 09:30:43.600,AAPL,149.06906912019525,1426.0,149.05906912019523,717.0,149.04906912019524,1524.0,149.08906912019523,818.0,149.09906912019525,1059.0,149.10906912019524,1626.0
2026-03-01 09:30:43.700,AAPL,149.11050888920326,1267.0,149.10050888920324,1952.0,149.09050888920325,1147.0,149.13050888920324,1185.0,149.14050888920326,1849.0,149.15050888920325,1193.0
2026-03-01 09:30:43.800,AAPL,149.0060247186572,719.0,148.99602471865717,1205.0,148.98602471865718,801.0,149.02602471865717,1890.0,149.0360247186572,1689.0,149.04602471865718,584.0
2026-03-01 09:30:43.900,AAPL,148.9443074401323,1689.0,148.93430744013227,1804.0,148.92430744013228,1140.0,148.96430744013227,507.0,148.9743074401323,1095.0,148.98430744013228,594.0
2026-03-01 09:30:44.000,AAPL,148.92608985663793,245.0,148.9160898566379,244.0,148.90608985663792,602.0,148.9460898566379,1959.0,148.95608985663793,1206.0,148.96608985663792,1576.0
2026-03-01 09:30:44.100,AAPL,148.98006829588294,1403.0,148.97006829588292,404.0,148.96006829588293,385.0,149.00006829588293,1697.0,149.01006829588295,681.0,149.02006829588294,724.0
2026-03-01 09:30:44.200,AAPL,149.0740947821863,1731.0,149.0640947821863,120.0,149.0540947821863,1710.0,149.0940947821863,658.0,149.1040947821863,1810.0,149.1140947821863,1740.0
2026-03-01 09:30:44.300,AAPL,149.06588299306696,474.0,149.05588299306694,387.0,149.04588299306695,1207.0,149.08588299306695,1933.0,149.09588299306697,1535.0,149.10588299306696,1401.0
2026-03-01 09:30:44.400,AAPL,149.03530398987257,1730.0,149.02530398987255,407.0,149.01530398987256,1211.0,149.05530398987256,487.0,149.06530398987258,1657.0,149.07530398987257,1009.0
2026-03-01 09:30:44.500,AAPL,148.93755556265967,755.0,148.92755556265965,1705.0,148.91755556265966,456.0,148.95755556265965,840.0,148.96755556265967,338.0,148.97755556265966,1988.0
2026-03-01 09:30:44.600,AAPL,148.98073375086332,595.0,148.9707337508633,662.0,148.9607337508633,501.0,149.0007337508633,712.0,149.01073375086332,1471.0,149.02073375086331,950.0
2026-03-01 09:30:44.700,AAPL,148.95322422210361,794.0,148.9432242221036,1063.0,148.9332242221036,1404.0,148.9732242221036,1080.0,148.98322422210362,662.0,148.9932242221036,153.0
2026-03-01 09:30:44.800,AAPL,149.1011409555715,167.0,149.0911409555715,805.0,149.0811409555715,651.0,149.1211409555715,1602.0,149.1311409555715,1136.0,149.1411409555715,309.0
2026-03-01 09:30:44.900,AAPL,149.0641707595698,915.0,149.05417075956979,1248.0,149.0441707595698,411.0,149.0841707595698,1425.0,149.0941707595698,1050.0,149.1041707595698,1994.0
2026-03-01 09:30:45.000,AAPL,149.1694345144128,257.0,149.1594345144128,1079.0,149.1494345144128,1672.0,149.1894345144128,1168.0,149.19943451441281,1891.0,149.2094345144128,417.0
2026-03-01 09:30:45.100,AAPL,149.2068528835922,847.0,149.1968528835922,184.0,149.1868528835922,1372.0,149.2268528835922,1360.0,149.2368528835922,1347.0,149.2468528835922,727.0
2026-03-01 09:30:45.200,AAPL,149.15543966362614,488.0,149.14543966362612,1674.0,149.13543966362613,1127.0,149.17543966362612,1981.0,149.18543966362614,1104.0,149.19543966362613,1677.0
2026-03-01 09:30:45.300,AAPL,149.1670468530583,1900.0,149.1570468530583,1223.0,149.1470468530583,451.0,149.1870468530583,1340.0,149.1970468530583,710.0,149.2070468530583,1887.0
2026-03-01 09:30:45.400,AAPL,149.20561587938585,1693.0,149.19561587938583,247.0,149.18561587938584,866.0,149.22561587938583,1596.0,149.23561587938585,1614.0,149.24561587938584,781.0
2026-03-01 09:30:45.500,AAPL,149.19435326976,1663.0,149.18435326975998,676.0,149.17435326976,988.0,149.21435326975998,263.0,149.22435326976,1557.0,149.23435326976,814.0
2026-03-01 09:30:45.600,AAPL,149.23625240528762,1461.0,149.2262524052876,1004.0,149.2162524052876,297.0,149.2562524052876,307.0,149.26625240528762,1090.0,149.2762524052876,1425.0
2026-03-01 09:30:45.700,AAPL,149.27705026325506,662.0,149.26705026325504,394.0,149.25705026325505,1771.0,149.29705026325504,182.0,149.30705026325506,1441.0,149.31705026325506,162.0
2026-03-01 09:30:45.800,AAPL,149.30686718828477,796.0,149.29686718828475,793.0,149.28686718828476,228.0,149.32686718828475,1987.0,149.33686718828477,1600.0,149.34686718828476,925.0
2026-03-01 09:30:45.900,AAPL,149.3060435198824,1041.0,149.29604351988237,1846.0,149.28604351988238,1216.0,149.32604351988238,1584.0,149.3360435198824,1508.0,149.3460435198824,1142.0
2026-03-01 09:30:46.000,AAPL,149.24729651541708,918.0,149.23729651541706,1871.0,149.22729651541707,1826.0,149.26729651541706,1811.0,149.27729651541708,1823.0,149.28729651541707,1045.0
2026-03-01 09:30:46.100,AAPL,149.24345724664332,1777.0,149.2334572466433,955.0,149.2234572466433,1972.0,149.2634572466433,225.0,149.27345724664332,1694.0,149.2834572466433,1895.0
2026-03-01 09:30:46.200,AAPL,149.25226047982912,881.0,149.2422604798291,1759.0,149.2322604798291,340.0,149.2722604798291,628.0,149.28226047982912,1094.0,149.2922604798291,737.0
2026-03-01 09:30:46.300,AAPL,149.15845793627722,770.0,149.1484579362772,1046.0,149.1384579362772,506.0,149.1784579362772,1764.0,149.18845793627722,102.0,149.1984579362772,1040.0
2026-03-01 09:30:46.400,AAPL,149.1669197020768,540.0,149.15691970207678,1262.0,149.1469197020768,104.0,149.18691970207678,1399.0,149.1969197020768,1397.0,149.2069197020768,1117.0
2026-03-01 09:30:46.500,AAPL,149.16207963883627,1964.0,149.15207963883626,244.0,149.14207963883626,1955.0,149.18207963883626,1517.0,149.19207963883628,156.0,149.20207963883627,1901.0
2026-03-01 09:30:46.600,AAPL,149.09724833529702,1372.0,149.087248335297,1116.0,149.077248335297,787.0,149.117248335297,1826.0,149.12724833529703,1365.0,149.13724833529702,646.0
2026-03-01 09:30:46.700,AAPL,149.08059801576243,365.0,149.0705980157624,432.0,149.06059801576242,538.0,149.10059801576242,395.0,149.11059801576243,1641.0,149.12059801576243,1105.0
2026-03-01 09:30:46.800,AAPL,149.06500569842072,429.0,149.0550056984207,1998.0,149.0450056984207,126.0,149.0850056984207,1113.0,149.09500569842072,1695.0,149.1050056984207,1595.0
2026-03-01 09:30:46.900,AAPL,149.1615104250954,638.0,149.15151042509538,1637.0,149.1415104250954,1079.0,149.18151042509538,1106.0,149.1915104250954,222.0,149.2015104250954,143.0
2026-03-01 09:30:47.000,AAPL,149.17251634240426,785.0,149.16251634240425,802.0,149.15251634240425,1302.0,149.19251634240425,1313.0,149.20251634240427,1686.0,149.21251634240426,1069.0
2026-03-01 09:30:47.100,AAPL,149.22431860497,1958.0,149.21431860496998,1581.0,149.20431860496998,764.0,149.24431860496998,279.0,149.25431860497,1872.0,149.26431860497,1386.0
2026-03-01 09:30:47.200,AAPL,149.21842783974546,1332.0,149.20842783974544,718.0,149.19842783974545,132.0,149.23842783974544,561.0,149.24842783974546,407.0,149.25842783974545,1851.0
2026-03-01 09:30:47.300,AAPL,149.1247320139037,1955.0,149.11473201390368,1983.0,149.10473201390369,1844.0,149.14473201390368,697.0,149.1547320139037,970.0,149.1647320139037,823.0
2026-03-01 09:30:47.400,AAPL,149.1583491063448,559.0,149.14834910634477,130.0,149.13834910634478,1245.0,149.17834910634477,120.0,149.1883491063448,1237.0,149.19834910634478,1109.0
2026-03-01 09:30:47.500,AAPL,149.1254397698654,910.0,149.1154397698654,1836.0,149.1054397698654,1824.0,149.1454397698654,1234.0,149.1554397698654,1810.0,149.1654397698654,670.0
2026-03-01 09:30:47.600,AAPL,149.108659763366,220.0,149.098659763366,1524.0,149.088659763366,484.0,149.128659763366,1581.0,149.138659763366,1429.0,149.148659763366,232.0
2026-03-01 09:30:47.700,AAPL,149.05601120091023,195.0,149.04601120091021,1923.0,149.03601120091022,462.0,149.07601120091022,1281.0,149.08601120091024,1748.0,149.09601120091023,1087.0
2026-03-01 09:30:47.800,AAPL,149.0596495941063,1757.0,149.04964959410628,409.0,149.0396495941063,491.0,149.0796495941063,1738.0,149.0896495941063,694.0,149.0996495941063,1365.0
2026-03-01 09:30:47.900,AAPL,149.11290851218743,1581.0,149.1029085121874,850.0,149.09290851218742,410.0,149.1329085121874,1876.0,149.14290851218743,1270.0,149.15290851218742,1375.0
2026-03-01 09:30:48.000,AAPL,149.15954541761116,1752.0,149.14954541761114,1947.0,149.13954541761115,1740.0,149.17954541761114,1258.0,149.18954541761116,1243.0,149.19954541761115,1347.0
2026-03-01 09:30:48.100,AAPL,149.23885489300042,789.0,149.2288548930004,1352.0,149.2188548930004,1704.0,149.2588548930004,1890.0,149.26885489300042,786.0,149.2788548930004,1355.0
2026-03-01 09:30:48.200,AAPL,149.32525286589814,1069.0,149.31525286589812,907.0,149.30525286589813,131.0,149.34525286589812,1408.0,149.35525286589814,1582.0,149.36525286589813,1575.0
2026-03-01 09:30:48.300,AAPL,149.22295915438522,583.0,149.2129591543852,873.0,149.2029591543852,1960.0,149.2429591543852,1985.0,149.25295915438522,353.0,149.26295915438521,122.0
2026-03-01 09:30:48.400,AAPL,149.16327812633875,1750.0,149.15327812633873,983.0,149.14327812633874,117.0,149.18327812633873,151.0,149.19327812633875,703.0,149.20327812633874,1125.0
2026-03-01 09:30:48.500,AAPL,149.07286854742244,277.0,149.06286854742243,890.0,149.05286854742243,1560.0,149.09286854742243,1972.0,149.10286854742245,361.0,149.11286854742244,1007.0
2026-03-01 09:30:48.600,AAPL,149.1044650679419,1690.0,149.09446506794188,645.0,149.0844650679419,987.0,149.12446506794188,1665.0,149.1344650679419,1368.0,149.1444650679419,608.0
2026-03-01 09:30:48.700,AAPL,149.06981097875195,583.0,149.05981097875193,1395.0,149.04981097875194,1078.0,149.08981097875193,1570.0,149.09981097875195,984.0,149.10981097875194,683.0
2026-03-01 09:30:48.800,AAPL,149.04535196215977,1273.0,149.03535196215975,1981.0,149.02535196215976,746.0,149.06535196215975,380.0,149.07535196215977,1817.0,149.08535196215976,370.0
2026-03-01 09:30:48.900,AAPL,149.0345220905634,414.0,149.02452209056338,403.0,149.0145220905634,1257.0,149.05452209056338,1420.0,149.0645220905634,1922.0,149.0745220905634,1543.0
2026-03-01 09:30:49.000,AAPL,149.05365062496793,1266.0,149.0436506249679,1967.0,149.03365062496792,1057.0,149.0736506249679,1279.0,149.08365062496793,1728.0,149.09365062496792,1252.0
2026-03-01 09:30:49.100,AAPL,148.9793845725676,1398.0,148.96938457256758,1808.0,148.9593845725676,628.0,148.99938457256758,568.0,149.0093845725676,870.0,149.0193845725676,267.0
2026-03-01 09:30:49.200,AAPL,148.9164413994359,1000.0,148.9064413994359,1804.0,148.8964413994359,376.0,148.9364413994359,1823.0,148.9464413994359,1915.0,148.9564413994359,328.0
2026-03-01 09:30:49.300,AAPL,148.91650620976245,1060.0,148.90650620976243,1683.0,148.89650620976244,127.0,148.93650620976243,263.0,148.94650620976245,1792.0,148.95650620976244,1626.0
2026-03-01 09:30:49.400,AAPL,148.97644350657018,301.0,148.96644350657016,598.0,148.95644350657017,1481.0,148.99644350657016,1824.0,149.00644350657018,1863.0,149.01644350657017,1558.0
2026-03-01 09:30:49.500,AAPL,148.97517363640762,1825.0,148.9651736364076,1163.0,148.9551736364076,1238.0,148.9951736364076,753.0,149.00517363640762,1424.0,149.0151736364076,1591.0
2026-03-01 09:30:49.600,AAPL,148.93559065108852,429.0,148.9255906510885,1192.0,148.9155906510885,304.0,148.9555906510885,992.0,148.96559065108852,1057.0,148.9755906510885,1276.0
2026-03-01 09:30:49.700,AAPL,148.82818021707163,1460.0,148.8181802170716,594.0,148.80818021707162,1010.0,148.84818021707162,1959.0,148.85818021707163,1226.0,148.86818021707163,845.0
2026-03-01 09:30:49.800,AAPL,148.87581399632467,305.0,148.86581399632465,1177.0,148.85581399632466,537.0,148.89581399632465,1539.0,148.90581399632467,377.0,148.91581399632466,253.0
2026-03-01 09:30:49.900,AAPL,148.83901741385512,1476.0,148.8290174138551,1452.0,148.8190174138551,854.0,148.8590174138551,1056.0,148.86901741385512,581.0,148.8790174138551,703.0
2026-03-01 09:30:50.000,AAPL,148.78164556806755,1242.0,148.77164556806753,1994.0,148.76164556806754,1908.0,148.80164556806753,1520.0,148.81164556806755,221.0,148.82164556806754,481.0
2026-03-01 09:30:50.100,AAPL,148.69587930674462,1825.0,148.6858793067446,1298.0,148.6758793067446,306.0,148.7158793067446,180.0,148.72587930674462,1559.0,148.7358793067446,429.0
2026-03-01 09:30:50.200,AAPL,148.62392426618752,1934.0,148.6139242661875,1823.0,148.6039242661875,410.0,148.6439242661875,702.0,148.65392426618752,248.0,148.6639242661875,1217.0
2026-03-01 09:30:50.300,AAPL,148.5758635551648,1024.0,148.56586355516478,1619.0,148.5558635551648,1115.0,148.59586355516478,1382.0,148.6058635551648,1930.0,148.6158635551648,1767.0
2026-03-01 09:30:50.400,AAPL,148.5639211183551,1226.0,148.55392111835508,335.0,148.5439211183551,543.0,148.58392111835508,1242.0,148.5939211183551,1021.0,148.6039211183551,1022.0
2026-03-01 09:30:50.500,AAPL,148.50348403311708,1602.0,148.49348403311706,1589.0,148.48348403311707,1985.0,148.52348403311706,791.0,148.53348403311708,1584.0,148.54348403311707,1862.0
2026-03-01 09:30:50.600,AAPL,148.51276943499445,1044.0,148.50276943499443,304.0,148.49276943499444,696.0,148.53276943499444,1039.0,148.54276943499445,1247.0,148.55276943499445,251.0
2026-03-01 09:30:50.700,AAPL,148.50044704799853,1409.0,148.49044704799852,1610.0,148.48044704799852,316.0,148.52044704799852,1797.0,148.53044704799854,1412.0,148.54044704799853,1913.0
2026-03-01 09:30:50.800,AAPL,148.61154666245778,1436.0,148.60154666245776,269.0,148.59154666245777,1337.0,148.63154666245777,1349.0,148.64154666245778,910.0,148.65154666245778,870.0
2026-03-01 09:30:50.900,AAPL,148.52632450663813,1275.0,148.5163245066381,1366.0,148.50632450663812,1596.0,148.54632450663811,399.0,148.55632450663813,1983.0,148.56632450663813,643.0
2026-03-01 09:30:51.000,AAPL,148.53439847815375,1981.0,148.52439847815373,1666.0,148.51439847815374,1018.0,148.55439847815373,1325.0,148.56439847815375,1912.0,148.57439847815374,1377.0
2026-03-01 09:30:51.100,AAPL,148.5430987276058,1657.0,148.5330987276058,175.0,148.5230987276058,778.0,148.5630987276058,366.0,148.5730987276058,1285.0,148.5830987276058,221.0
2026-03-01 09:30:51.200,AAPL,148.49157085740964,874.0,148.48157085740962,1596.0,148.47157085740963,821.0,148.51157085740962,311.0,148.52157085740964,1044.0,148.53157085740963,336.0
2026-03-01 09:30:51.300,AAPL,148.49633347728204,1871.0,148.48633347728202,484.0,148.47633347728203,1372.0,148.51633347728202,625.0,148.52633347728204,1779.0,148.53633347728203,1992.0
2026-03-01 09:30:51.400,AAPL,148.53481319560237,693.0,148.52481319560235,501.0,148.51481319560236,747.0,148.55481319560235,535.0,148.56481319560237,168.0,148.57481319560236,1163.0
2026-03-01 09:30:51.500,AAPL,148.53963776973026,1452.0,148.52963776973024,1803.0,148.51963776973025,1115.0,148.55963776973024,1454.0,148.56963776973026,1961.0,148.57963776973025,509.0
2026-03-01 09:30:51.600,AAPL,148.60886091397126,1773.0,148.59886091397124,680.0,148.58886091397125,1925.0,148.62886091397124,155.0,148.63886091397126,257.0,148.64886091397125,1358.0
2026-03-01 09:30:51.700,AAPL,148.49997653306647,1699.0,148.48997653306645,1013.0,148.47997653306646,972.0,148.51997653306645,793.0,148.52997653306647,593.0,148.53997653306646,1381.0
2026-03-01 09:30:51.800,AAPL,148.45786486242633,1172.0,148.44786486242631,563.0,148.43786486242632,1561.0,148.47786486242632,1726.0,148.48786486242633,433.0,148.49786486242633,1035.0
2026-03-01 09:30:51.900,AAPL,148.5316176647879,769.0,148.52161766478787,1028.0,148.51161766478788,1918.0,148.55161766478787,1291.0,148.5616176647879,1001.0,148.57161766478788,128.0
2026-03-01 09:30:52.000,AAPL,148.57721898145107,1057.0,148.56721898145105,1054.0,148.55721898145106,1706.0,148.59721898145105,1517.0,148.60721898145107,1326.0,148.61721898145106,548.0
2026-03-01 09:30:52.100,AAPL,148.6042445670144,436.0,148.59424456701439,1626.0,148.5842445670144,1273.0,148.6242445670144,557.0,148.6342445670144,1645.0,148.6442445670144,1406.0
2026-03-01 09:30:52.200,AAPL,148.66590533734038,1551.0,148.65590533734036,1470.0,148.64590533734037,270.0,148.68590533734036,1605.0,148.69590533734038,1652.0,148.70590533734037,846.0
2026-03-01 09:30:52.300,AAPL,148.57007744340527,1405.0,148.56007744340525,1697.0,148.55007744340526,1323.0,148.59007744340525,455.0,148.60007744340527,1258.0,148.61007744340526,883.0
2026-03-01 09:30:52.400,AAPL,148.60985797654143,1312.0,148.59985797654141,109.0,148.58985797654142,1935.0,148.62985797654142,819.0,148.63985797654144,298.0,148.64985797654143,1297.0
2026-03-01 09:30:52.500,AAPL,148.66307648466238,1350.0,148.65307648466236,937.0,148.64307648466237,160.0,148.68307648466237,979.0,148.69307648466238,1335.0,148.70307648466238,325.0
2026-03-01 09:30:52.600,AAPL,148.6301414763536,904.0,148.62014147635358,1781.0,148.6101414763536,877.0,148.65014147635358,1900.0,148.6601414763536,1112.0,148.6701414763536,989.0
2026-03-01 09:30:52.700,AAPL,148.76160333224817,1962.0,148.75160333224815,419.0,148.74160333224816,1879.0,148.78160333224815,1203.0,148.79160333224817,1739.0,148.80160333224816,597.0
2026-03-01 09:30:52.800,AAPL,148.77142078045128,1630.0,148.76142078045126,1214.0,148.75142078045127,832.0,148.79142078045126,1562.0,148.80142078045128,1284.0,148.81142078045127,1766.0
2026-03-01 09:30:52.900,AAPL,148.66178232832584,1627.0,148.65178232832582,1082.0,148.64178232832583,565.0,148.68178232832582,299.0,148.69178232832584,808.0,148.70178232832583,202.0
2026-03-01 09:30:53.000,AAPL,148.68084592822254,606.0,148.67084592822252,1840.0,148.66084592822253,1451.0,148.70084592822252,218.0,148.71084592822254,1848.0,148.72084592822253,611.0
2026-03-01 09:30:53.100,AAPL,148.64485292672305,751.0,148.63485292672303,270.0,148.62485292672304,1603.0,148.66485292672303,748.0,148.67485292672305,1107.0,148.68485292672304,1771.0
2026-03-01 09:30:53.200,AAPL,148.70310269041954,444.0,148.69310269041952,651.0,148.68310269041953,601.0,148.72310269041952,313.0,148.73310269041954,244.0,148.74310269041953,1489.0
2026-03-01 09:30:53.300,AAPL,148.7304998920891,245.0,148.7204998920891,1241.0,148.7104998920891,1827.0,148.7504998920891,659.0,148.76049989208911,643.0,148.7704998920891,224.0
2026-03-01 09:30:53.400,AAPL,148.7006037884753,320.0,148.69060378847527,891.0,148.68060378847528,1690.0,148.72060378847527,813.0,148.7306037884753,1244.0,148.74060378847528,1976.0
2026-03-01 09:30:53.500,AAPL,148.77572638438843,1417.0,148.76572638438842,281.0,148.75572638438842,404.0,148.79572638438842,1020.0,148.80572638438844,1018.0,148.81572638438843,1607.0
2026-03-01 09:30:53.600,AAPL,148.8226989496874,251.0,148.8126989496874,1514.0,148.8026989496874,1478.0,148.8426989496874,1055.0,148.8526989496874,958.0,148.8626989496874,809.0
2026-03-01 09:30:53.700,AAPL,148.78130295030329,131.0,148.77130295030327,1523.0,148.76130295030327,1698.0,148.80130295030327,1056.0,148.8113029503033,1708.0,148.82130295030328,316.0
2026-03-01 09:30:53.800,AAPL,148.77370069627526,1718.0,148.76370069627524,1775.0,148.75370069627525,259.0,148.79370069627524,1641.0,148.80370069627526,1811.0,148.81370069627525,807.0
2026-03-01 09:30:53.900,AAPL,148.79954653581345,1791.0,148.78954653581343,1829.0,148.77954653581344,945.0,148.81954653581343,1669.0,148.82954653581345,1001.0,148.83954653581344,596.0
2026-03-01 09:30:54.000,AAPL,148.78133337267482,1976.0,148.7713333726748,1492.0,148.7613333726748,1731.0,148.8013333726748,1601.0,148.81133337267482,1315.0,148.82133337267481,1506.0
2026-03-01 09:30:54.100,AAPL,148.76461340248247,442.0,148.75461340248245,649.0,148.74461340248246,1959.0,148.78461340248245,1152.0,148.79461340248247,1886.0,148.80461340248246,1533.0
2026-03-01 09:30:54.200,AAPL,148.76644965389568,719.0,148.75644965389566,1856.0,148.74644965389567,257.0,148.78644965389566,596.0,148.79644965389568,1072.0,148.80644965389567,1780.0
2026-03-01 09:30:54.300,AAPL,148.7131597246938,233.0,148.7031597246938,937.0,148.6931597246938,627.0,148.7331597246938,715.0,148.7431597246938,499.0,148.7531597246938,652.0
2026-03-01 09:30:54.400,AAPL,148.60152145776496,389.0,148.59152145776494,1999.0,148.58152145776495,1430.0,148.62152145776494,1432.0,148.63152145776496,1057.0,148.64152145776495,1101.0
2026-03-01 09:30:54.500,AAPL,148.61347820088156,1267.0,148.60347820088154,1524.0,148.59347820088155,949.0,148.63347820088154,1615.0,148.64347820088156,1426.0,148.65347820088155,1513.0
2026-03-01 09:30:54.600,AAPL,148.5140332034168,1771.0,148.50403320341678,1640.0,148.4940332034168,736.0,148.53403320341678,1581.0,148.5440332034168,1808.0,148.5540332034168,1334.0
2026-03-01 09:30:54.700,AAPL,148.4643812682596,1174.0,148.45438126825957,1250.0,148.44438126825958,397.0,148.48438126825957,474.0,148.4943812682596,1422.0,148.50438126825958,926.0
2026-03-01 09:30:54.800,AAPL,148.37580215031215,1282.0,148.36580215031213,884.0,148.35580215031214,1647.0,148.39580215031214,420.0,148.40580215031216,629.0,148.41580215031215,1565.0
2026-03-01 09:30:54.900,AAPL,148.2933799279241,1358.0,148.28337992792407,951.0,148.27337992792408,340.0,148.31337992792407,391.0,148.3233799279241,1667.0,148.33337992792408,470.0
2026-03-01 09:30:55.000,AAPL,148.31469768663004,1504.0,148.30469768663002,526.0,148.29469768663003,738.0,148.33469768663002,1270.0,148.34469768663004,855.0,148.35469768663003,207.0
2026-03-01 09:30:55.100,AAPL,148.30358227837704,603.0,148.29358227837702,1731.0,148.28358227837703,1571.0,148.32358227837702,1467.0,148.33358227837704,201.0,148.34358227837703,278.0
2026-03-01 09:30:55.200,AAPL,148.29066225560365,1862.0,148.28066225560363,953.0,148.27066225560364,1437.0,148.31066225560363,1182.0,148.32066225560365,1793.0,148.33066225560364,790.0
2026-03-01 09:30:55.300,AAPL,148.22486716642243,1558.0,148.2148671664224,127.0,148.20486716642242,1632.0,148.2448671664224,458.0,148.25486716642243,1669.0,148.26486716642242,1307.0
2026-03-01 09:30:55.400,AAPL,148.1920747119805,837.0,148.18207471198048,220.0,148.17207471198049,243.0,148.21207471198048,1657.0,148.2220747119805,138.0,148.2320747119805,245.0
2026-03-01 09:30:55.500,AAPL,148.21089746994102,1406.0,148.200897469941,765.0,148.190897469941,1050.0,148.230897469941,1540.0,148.24089746994102,1117.0,148.250897469941,1057.0
2026-03-01 09:30:55.600,AAPL,148.20829310667568,1626.0,148.19829310667566,1477.0,148.18829310667567,975.0,148.22829310667566,1755.0,148.23829310667568,681.0,148.24829310667567,1342.0
2026-03-01 09:30:55.700,AAPL,148.2494268097278,1875.0,148.23942680972777,1125.0,148.22942680972778,1662.0,148.26942680972778,1971.0,148.2794268097278,1857.0,148.2894268097278,927.0
2026-03-01 09:30:55.800,AAPL,148.2976814103341,1646.0,148.28768141033407,1958.0,148.27768141033408,159.0,148.31768141033407,1486.0,148.3276814103341,391.0,148.33768141033408,1187.0
2026-03-01 09:30:55.900,AAPL,148.28507041742117,311.0,148.27507041742115,1909.0,148.26507041742116,616.0,148.30507041742115,1798.0,148.31507041742117,1788.0,148.32507041742116,1345.0
2026-03-01 09:30:56.000,AAPL,148.19245795312514,1999.0,148.18245795312512,892.0,148.17245795312513,860.0,148.21245795312512,422.0,148.22245795312514,1730.0,148.23245795312513,1458.0
2026-03-01 09:30:56.100,AAPL,148.15462570817184,1503.0,148.14462570817182,1935.0,148.13462570817182,849.0,148.17462570817182,1030.0,148.18462570817184,1379.0,148.19462570817183,668.0
2026-03-01 09:30:56.200,AAPL,148.1497412441282,1380.0,148.13974124412817,1217.0,148.12974124412818,536.0,148.16974124412818,1285.0,148.1797412441282,1309.0,148.1897412441282,1155.0
2026-03-01 09:30:56.300,AAPL,148.110916891528,1640.0,148.100916891528,977.0,148.090916891528,927.0,148.130916891528,555.0,148.140916891528,1560.0,148.150916891528,1562.0
2026-03-01 09:30:56.400,AAPL,148.05818568096132,574.0,148.0481856809613,610.0,148.0381856809613,1515.0,148.0781856809613,1004.0,148.08818568096132,1910.0,148.0981856809613,1886.0
2026-03-01 09:30:56.500,AAPL,148.06167329517248,786.0,148.05167329517246,1528.0,148.04167329517247,1971.0,148.08167329517246,914.0,148.09167329517248,242.0,148.10167329517247,169.0
2026-03-01 09:30:56.600,AAPL,148.18318845030916,748.0,148.17318845030914,918.0,148.16318845030915,1109.0,148.20318845030914,1252.0,148.21318845030916,1717.0,148.22318845030915,1532.0
2026-03-01 09:30:56.700,AAPL,148.15877904720733,1427.0,148.1487790472073,384.0,148.13877904720732,380.0,148.1787790472073,314.0,148.18877904720733,874.0,148.19877904720732,1942.0
2026-03-01 09:30:56.800,AAPL,148.15863875458274,1690.0,148.14863875458272,1898.0,148.13863875458273,800.0,148.17863875458272,871.0,148.18863875458274,1581.0,148.19863875458273,1620.0
2026-03-01 09:30:56.900,AAPL,148.0930369607212,1583.0,148.0830369607212,257.0,148.0730369607212,1579.0,148.1130369607212,1258.0,148.1230369607212,172.0,148.1330369607212,117.0
2026-03-01 09:30:57.000,AAPL,148.15520701347327,182.0,148.14520701347325,1953.0,148.13520701347326,553.0,148.17520701347325,541.0,148.18520701347327,1104.0,148.19520701347327,1103.0
2026-03-01 09:30:57.100,AAPL,148.19894416564085,602.0,148.18894416564083,600.0,148.17894416564084,936.0,148.21894416564083,1995.0,148.22894416564085,578.0,148.23894416564085,560.0
2026-03-01 09:30:57.200,AAPL,148.23923087261414,692.0,148.22923087261412,829.0,148.21923087261413,1455.0,148.25923087261413,269.0,148.26923087261414,1899.0,148.27923087261414,380.0
2026-03-01 09:30:57.300,AAPL,148.30722066317938,1337.0,148.29722066317936,547.0,148.28722066317937,409.0,148.32722066317936,1527.0,148.33722066317938,519.0,148.34722066317937,1119.0
2026-03-01 09:30:57.400,AAPL,148.28585359544462,440.0,148.2758535954446,1678.0,148.2658535954446,1883.0,148.3058535954446,1786.0,148.31585359544462,1128.0,148.3258535954446,193.0
2026-03-01 09:30:57.500,AAPL,148.27073270445234,596.0,148.26073270445232,363.0,148.25073270445233,579.0,148.29073270445232,134.0,148.30073270445234,1216.0,148.31073270445233,1648.0
2026-03-01 09:30:57.600,AAPL,148.3562266310467,534.0,148.34622663104668,136.0,148.33622663104669,861.0,148.37622663104668,292.0,148.3862266310467,453.0,148.3962266310467,1125.0
2026-03-01 09:30:57.700,AAPL,148.38786303619392,928.0,148.3778630361939,1542.0,148.3678630361939,1193.0,148.4078630361939,982.0,148.41786303619392,1145.0,148.4278630361939,1540.0
2026-03-01 09:30:57.800,AAPL,148.2769019451267,1691.0,148.26690194512668,1409.0,148.25690194512669,855.0,148.29690194512668,980.0,148.3069019451267,155.0,148.3169019451267,536.0
2026-03-01 09:30:57.900,AAPL,148.29964299390855,1904.0,148.28964299390853,567.0,148.27964299390854,1938.0,148.31964299390853,1258.0,148.32964299390855,1977.0,148.33964299390854,1303.0
2026-03-01 09:30:58.000,AAPL,148.27055809087008,410.0,148.26055809087006,102.0,148.25055809087007,718.0,148.29055809087006,1130.0,148.30055809087008,902.0,148.31055809087007,1869.0
2026-03-01 09:30:58.100,AAPL,148.3154666821029,261.0,148.3054666821029,507.0,148.2954666821029,1425.0,148.3354666821029,1431.0,148.3454666821029,1413.0,148.3554666821029,224.0
2026-03-01 09:30:58.200,AAPL,148.33587620557392,516.0,148.3258762055739,503.0,148.31587620557391,1920.0,148.3558762055739,159.0,148.36587620557393,533.0,148.37587620557392,1292.0
2026-03-01 09:30:58.300,AAPL,148.2488490673728,540.0,148.23884906737277,537.0,148.22884906737278,868.0,148.26884906737277,1547.0,148.2788490673728,278.0,148.28884906737278,878.0
2026-03-01 09:30:58.400,AAPL,148.26229057589757,696.0,148.25229057589755,632.0,148.24229057589756,965.0,148.28229057589755,1921.0,148.29229057589757,371.0,148.30229057589756,1653.0
2026-03-01 09:30:58.500,AAPL,148.27282196226014,861.0,148.26282196226012,1075.0,148.25282196226013,626.0,148.29282196226012,161.0,148.30282196226014,1863.0,148.31282196226013,712.0
2026-03-01 09:30:58.600,AAPL,148.29099508658337,1773.0,148.28099508658335,523.0,148.27099508658335,1627.0,148.31099508658335,876.0,148.32099508658337,1094.0,148.33099508658336,990.0
2026-03-01 09:30:58.700,AAPL,148.31977152917904,1580.0,148.30977152917902,803.0,148.29977152917903,375.0,148.33977152917902,893.0,148.34977152917904,1556.0,148.35977152917903,1932.0
2026-03-01 09:30:58.800,AAPL,148.39456982717013,620.0,148.3845698271701,1213.0,148.37456982717012,180.0,148.4145698271701,813.0,148.42456982717013,1708.0,148.43456982717012,1138.0
2026-03-01 09:30:58.900,AAPL,148.41526427665084,886.0,148.40526427665083,1957.0,148.39526427665083,1703.0,148.43526427665083,588.0,148.44526427665085,495.0,148.45526427665084,1603.0
2026-03-01 09:30:59.000,AAPL,148.41640919967458,1532.0,148.40640919967456,1064.0,148.39640919967457,1161.0,148.43640919967456,867.0,148.44640919967458,650.0,148.45640919967457,1158.0
2026-03-01 09:30:59.100,AAPL,148.47380757738398,1422.0,148.46380757738396,206.0,148.45380757738397,892.0,148.49380757738396,439.0,148.50380757738398,1861.0,148.51380757738397,737.0
2026-03-01 09:30:59.200,AAPL,148.58594461356347,1027.0,148.57594461356345,811.0,148.56594461356346,911.0,148.60594461356345,474.0,148.61594461356347,1871.0,148.62594461356346,1037.0
2026-03-01 09:30:59.300,AAPL,148.63169815127188,1780.0,148.62169815127186,1616.0,148.61169815127187,1410.0,148.65169815127186,1886.0,148.66169815127188,1867.0,148.67169815127187,637.0
2026-03-01 09:30:59.400,AAPL,148.64200845761226,1589.0,148.63200845761224,1903.0,148.62200845761225,1786.0,148.66200845761225,702.0,148.67200845761226,1789.0,148.68200845761226,851.0
2026-03-01 09:30:59.500,AAPL,148.6636349851007,1011.0,148.6536349851007,263.0,148.6436349851007,1802.0,148.6836349851007,1109.0,148.69363498510072,613.0,148.7036349851007,1674.0
2026-03-01 09:30:59.600,AAPL,148.67643717307064,480.0,148.66643717307062,1030.0,148.65643717307063,617.0,148.69643717307062,321.0,148.70643717307064,1103.0,148.71643717307063,1582.0
2026-03-01 09:30:59.700,AAPL,148.6773630938343,365.0,148.66736309383427,1492.0,148.65736309383428,1095.0,148.69736309383427,602.0,148.7073630938343,873.0,148.71736309383428,1132.0
2026-03-01 09:30:59.800,AAPL,148.78562163540963,459.0,148.7756216354096,997.0,148.76562163540962,547.0,148.8056216354096,207.0,148.81562163540963,807.0,148.82562163540962,1302.0
2026-03-01 09:30:59.900,AAPL,148.74816896669378,660.0,148.73816896669376,863.0,148.72816896669377,1762.0,148.76816896669376,1460.0,148.77816896669378,787.0,148.78816896669377,677.0
2026-03-01 09:31:00.000,AAPL,148.80591425810593,604.0,148.7959142581059,878.0,148.78591425810592,512.0,148.8259142581059,1934.0,148.83591425810593,1243.0,148.84591425810592,1225.0
2026-03-01 09:31:00.100,AAPL,148.7996214109709,993.0,148.78962141097088,1681.0,148.7796214109709,433.0,148.81962141097088,1922.0,148.8296214109709,772.0,148.8396214109709,718.0
2026-03-01 09:31:00.200,AAPL,148.72560045246396,109.0,148.71560045246395,1770.0,148.70560045246395,1443.0,148.74560045246395,174.0,148.75560045246397,738.0,148.76560045246396,1714.0
2026-03-01 09:31:00.300,AAPL,148.71618456528464,565.0,148.70618456528462,735.0,148.69618456528463,1768.0,148.73618456528462,1315.0,148.74618456528464,433.0,148.75618456528463,1892.0
2026-03-01 09:31:00.400,AAPL,148.68884577359694,992.0,148.67884577359692,914.0,148.66884577359693,665.0,148.70884577359692,453.0,148.71884577359694,215.0,148.72884577359693,905.0
2026-03-01 09:31:00.500,AAPL,148.71772463951783,1713.0,148.7077246395178,1252.0,148.69772463951782,1748.0,148.7377246395178,1068.0,148.74772463951783,262.0,148.75772463951782,822.0
2026-03-01 09:31:00.600,AAPL,148.72228965065077,123.0,148.71228965065075,278.0,148.70228965065075,1351.0,148.74228965065075,1901.0,148.75228965065077,226.0,148.76228965065076,1772.0
2026-03-01 09:31:00.700,AAPL,148.67118830746836,1951.0,148.66118830746834,1071.0,148.65118830746835,1111.0,148.69118830746834,1658.0,148.70118830746836,634.0,148.71118830746835,638.0
2026-03-01 09:31:00.800,AAPL,148.74473870314284,1126.0,148.73473870314282,481.0,148.72473870314283,1915.0,148.76473870314283,1128.0,148.77473870314284,896.0,148.78473870314284,1702.0
2026-03-01 09:31:00.900,AAPL,148.79924540336663,1939.0,148.7892454033666,1256.0,148.77924540336662,1019.0,148.8192454033666,894.0,148.82924540336663,838.0,148.83924540336662,518.0
2026-03-01 09:31:01.000,AAPL,148.87854817997146,1483.0,148.86854817997144,1220.0,148.85854817997145,1871.0,148.89854817997144,1279.0,148.90854817997146,432.0,148.91854817997145,170.0
2026-03-01 09:31:01.100,AAPL,148.89039641317484,877.0,148.88039641317482,1801.0,148.87039641317483,586.0,148.91039641317482,315.0,148.92039641317484,474.0,148.93039641317483,241.0
2026-03-01 09:31:01.200,AAPL,148.8886097597608,1778.0,148.8786097597608,1633.0,148.8686097597608,771.0,148.9086097597608,1313.0,148.9186097597608,484.0,148.9286097597608,1317.0
2026-03-01 09:31:01.300,AAPL,148.92378778389175,1686.0,148.91378778389173,733.0,148.90378778389174,178.0,148.94378778389174,908.0,148.95378778389176,1191.0,148.96378778389175,1980.0
2026-03-01 09:31:01.400,AAPL,148.8949140328457,426.0,148.88491403284567,1139.0,148.87491403284568,1309.0,148.91491403284567,438.0,148.9249140328457,1835.0,148.93491403284568,870.0
2026-03-01 09:31:01.500,AAPL,148.9014170105817,603.0,148.89141701058168,1977.0,148.88141701058169,184.0,148.92141701058168,958.0,148.9314170105817,1797.0,148.9414170105817,1820.0
2026-03-01 09:31:01.600,AAPL,148.89263311561564,1398.0,148.88263311561562,1266.0,148.87263311561563,1398.0,148.91263311561562,455.0,148.92263311561564,1011.0,148.93263311561563,811.0
2026-03-01 09:31:01.700,AAPL,148.81958139975615,492.0,148.80958139975613,1636.0,148.79958139975614,1025.0,148.83958139975613,1686.0,148.84958139975615,859.0,148.85958139975614,425.0
2026-03-01 09:31:01.800,AAPL,148.8259541749981,1561.0,148.81595417499807,1560.0,148.80595417499808,941.0,148.84595417499807,376.0,148.8559541749981,769.0,148.86595417499808,827.0
2026-03-01 09:31:01.900,AAPL,148.8039058304109,1707.0,148.7939058304109,249.0,148.7839058304109,1972.0,148.8239058304109,1763.0,148.8339058304109,1343.0,148.8439058304109,207.0
2026-03-01 09:31:02.000,AAPL,148.79177822221,1872.0,148.78177822221,1169.0,148.77177822221,1985.0,148.81177822221,1060.0,148.82177822221,1843.0,148.83177822221,132.0
2026-03-01 09:31:02.100,AAPL,148.8099674694925,1699.0,148.7999674694925,1071.0,148.7899674694925,1460.0,148.8299674694925,875.0,148.8399674694925,1876.0,148.8499674694925,997.0
2026-03-01 09:31:02.200,AAPL,148.87359412619185,521.0,148.86359412619183,1580.0,148.85359412619184,1425.0,148.89359412619183,1058.0,148.90359412619185,387.0,148.91359412619184,1806.0
2026-03-01 09:31:02.300,AAPL,148.83115562166444,346.0,148.82115562166442,1347.0,148.81115562166443,934.0,148.85115562166442,872.0,148.86115562166444,787.0,148.87115562166443,1911.0
2026-03-01 09:31:02.400,AAPL,148.81432771090797,1851.0,148.80432771090796,1215.0,148.79432771090796,431.0,148.83432771090796,1572.0,148.84432771090798,1478.0,148.85432771090797,712.0
2026-03-01 09:31:02.500,AAPL,148.77607357608997,1651.0,148.76607357608995,264.0,148.75607357608996,477.0,148.79607357608995,1922.0,148.80607357608997,1773.0,148.81607357608996,279.0
2026-03-01 09:31:02.600,AAPL,148.73456454670003,359.0,148.7245645467,1735.0,148.71456454670002,286.0,148.7545645467,568.0,148.76456454670003,1314.0,148.77456454670002,844.0
2026-03-01 09:31:02.700,AAPL,148.70483609951754,403.0,148.69483609951752,1037.0,148.68483609951753,420.0,148.72483609951752,587.0,148.73483609951754,882.0,148.74483609951753,988.0
2026-03-01 09:31:02.800,AAPL,148.69501358537678,279.0,148.68501358537677,1298.0,148.67501358537677,1950.0,148.71501358537677,1583.0,148.7250135853768,1477.0,148.73501358537678,1494.0
2026-03-01 09:31:02.900,AAPL,148.72430716822066,1284.0,148.71430716822064,399.0,148.70430716822065,319.0,148.74430716822064,1583.0,148.75430716822066,1216.0,148.76430716822065,1079.0
2026-03-01 09:31:03.000,AAPL,148.7403294564599,793.0,148.73032945645988,287.0,148.7203294564599,1693.0,148.76032945645989,1045.0,148.7703294564599,1866.0,148.7803294564599,1866.0
2026-03-01 09:31:03.100,AAPL,148.68748660650573,1353.0,148.6774866065057,1475.0,148.66748660650572,569.0,148.7074866065057,1419.0,148.71748660650573,1252.0,148.72748660650572,275.0
2026-03-01 09:31:03.200,AAPL,148.75219462270158,1068.0,148.74219462270156,1650.0,148.73219462270157,337.0,148.77219462270156,1856.0,148.78219462270158,825.0,148.79219462270157,324.0
2026-03-01 09:31:03.300,AAPL,148.79941523802543,1746.0,148.7894152380254,1569.0,148.77941523802542,893.0,148.8194152380254,1747.0,148.82941523802543,108.0,148.83941523802542,288.0
2026-03-01 09:31:03.400,AAPL,148.75435595549496,401.0,148.74435595549494,1328.0,148.73435595549495,775.0,148.77435595549494,554.0,148.78435595549496,1875.0,148.79435595549495,1240.0
2026-03-01 09:31:03.500,AAPL,148.81556150009092,1154.0,148.8055615000909,1519.0,148.7955615000909,1688.0,148.8355615000909,1999.0,148.84556150009092,1355.0,148.85556150009091,275.0
2026-03-01 09:31:03.600,AAPL,148.83190842072074,974.0,148.82190842072072,1576.0,148.81190842072073,1331.0,148.85190842072072,584.0,148.86190842072074,534.0,148.87190842072073,1232.0
2026-03-01 09:31:03.700,AAPL,148.8240856555745,1146.0,148.81408565557447,1468.0,148.80408565557448,402.0,148.84408565557447,431.0,148.8540856555745,958.0,148.86408565557448,1855.0
2026-03-01 09:31:03.800,AAPL,148.84198965779845,1708.0,148.83198965779843,1173.0,148.82198965779844,189.0,148.86198965779843,1834.0,148.87198965779845,286.0,148.88198965779844,419.0
2026-03-01 09:31:03.900,AAPL,148.84070111801717,1143.0,148.83070111801715,1243.0,148.82070111801715,1901.0,148.86070111801715,1488.0,148.87070111801717,1431.0,148.88070111801716,1092.0
2026-03-01 09:31:04.000,AAPL,148.86795505074124,1165.0,148.85795505074123,880.0,148.84795505074123,450.0,148.88795505074123,1591.0,148.89795505074125,1141.0,148.90795505074124,802.0
2026-03-01 09:31:04.100,AAPL,148.8773208268978,1063.0,148.86732082689778,771.0,148.8573208268978,1464.0,148.89732082689778,1543.0,148.9073208268978,1175.0,148.9173208268978,1771.0
2026-03-01 09:31:04.200,AAPL,148.8604495242842,341.0,148.8504495242842,1105.0,148.8404495242842,154.0,148.8804495242842,597.0,148.8904495242842,1253.0,148.9004495242842,1163.0
2026-03-01 09:31:04.300,AAPL,148.75915818632612,1969.0,148.7491581863261,1560.0,148.7391581863261,864.0,148.7791581863261,642.0,148.78915818632612,322.0,148.7991581863261,1783.0
2026-03-01 09:31:04.400,AAPL,148.78551731335773,1681.0,148.7755173133577,1901.0,148.76551731335772,1555.0,148.8055173133577,1976.0,148.81551731335773,1795.0,148.82551731335772,1591.0
2026-03-01 09:31:04.500,AAPL,148.76683454943839,1794.0,148.75683454943837,921.0,148.74683454943838,1051.0,148.78683454943837,1551.0,148.7968345494384,309.0,148.80683454943838,1212.0
2026-03-01 09:31:04.600,AAPL,148.80573187992064,1699.0,148.79573187992062,573.0,148.78573187992063,385.0,148.82573187992062,710.0,148.83573187992064,1926.0,148.84573187992063,969.0
2026-03-01 09:31:04.700,AAPL,148.82981563303443,614.0,148.8198156330344,735.0,148.80981563303442,428.0,148.8498156330344,207.0,148.85981563303443,788.0,148.86981563303442,175.0
2026-03-01 09:31:04.800,AAPL,148.81243242247663,147.0,148.8024324224766,690.0,148.79243242247662,1399.0,148.83243242247661,254.0,148.84243242247663,204.0,148.85243242247662,472.0
2026-03-01 09:31:04.900,AAPL,148.8635818320305,287.0,148.85358183203047,1897.0,148.84358183203048,1259.0,148.88358183203047,848.0,148.8935818320305,1195.0,148.90358183203048,1112.0
2026-03-01 09:31:05.000,AAPL,148.87382391512233,1978.0,148.8638239151223,1433.0,148.85382391512232,558.0,148.8938239151223,348.0,148.90382391512233,1796.0,148.91382391512232,389.0
2026-03-01 09:31:05.100,AAPL,148.88200605749122,601.0,148.8720060574912,388.0,148.86200605749121,294.0,148.9020060574912,1373.0,148.91200605749123,1701.0,148.92200605749122,1275.0
2026-03-01 09:31:05.200,AAPL,148.87510052315307,1937.0,148.86510052315305,1664.0,148.85510052315306,1103.0,148.89510052315305,731.0,148.90510052315307,497.0,148.91510052315306,1503.0
2026-03-01 09:31:05.300,AAPL,148.95927830876508,240.0,148.94927830876506,1240.0,148.93927830876507,1845.0,148.97927830876506,1328.0,148.98927830876508,573.0,148.99927830876507,1761.0
2026-03-01 09:31:05.400,AAPL,148.92361497231028,356.0,148.91361497231026,862.0,148.90361497231027,329.0,148.94361497231026,592.0,148.95361497231028,1726.0,148.96361497231027,1543.0
2026-03-01 09:31:05.500,AAPL,148.90748124543734,431.0,148.89748124543732,1012.0,148.88748124543733,603.0,148.92748124543732,1292.0,148.93748124543734,426.0,148.94748124543733,262.0
2026-03-01 09:31:05.600,AAPL,148.84561448818334,364.0,148.83561448818332,1642.0,148.82561448818333,352.0,148.86561448818333,986.0,148.87561448818334,592.0,148.88561448818334,263.0
2026-03-01 09:31:05.700,AAPL,148.88195104204956,951.0,148.87195104204955,1030.0,148.86195104204955,1298.0,148.90195104204955,1742.0,148.91195104204957,1908.0,148.92195104204956,1123.0
2026-03-01 09:31:05.800,AAPL,148.85284359173167,1586.0,148.84284359173165,854.0,148.83284359173166,1895.0,148.87284359173165,1085.0,148.88284359173167,958.0,148.89284359173166,1003.0
2026-03-01 09:31:05.900,AAPL,148.82934181264537,771.0,148.81934181264535,1351.0,148.80934181264536,1236.0,148.84934181264535,1186.0,148.85934181264537,189.0,148.86934181264536,1781.0
2026-03-01 09:31:06.000,AAPL,148.8034949810375,1546.0,148.79349498103747,856.0,148.78349498103748,228.0,148.82349498103747,780.0,148.8334949810375,1193.0,148.84349498103748,934.0
2026-03-01 09:31:06.100,AAPL,148.80663107684063,776.0,148.7966310768406,1224.0,148.78663107684062,1364.0,148.8266310768406,994.0,148.83663107684063,1834.0,148.84663107684062,1010.0
2026-03-01 09:31:06.200,AAPL,148.74409309760765,717.0,148.73409309760763,474.0,148.72409309760764,679.0,148.76409309760763,455.0,148.77409309760765,981.0,148.78409309760764,961.0
2026-03-01 09:31:06.300,AAPL,148.63193083430255,1473.0,148.62193083430253,139.0,148.61193083430254,671.0,148.65193083430253,1327.0,148.66193083430255,1459.0,148.67193083430254,742.0
2026-03-01 09:31:06.400,AAPL,148.65481603617218,508.0,148.64481603617216,377.0,148.63481603617217,162.0,148.67481603617216,1876.0,148.68481603617218,1137.0,148.69481603617217,1851.0
2026-03-01 09:31:06.500,AAPL,148.549138150862,1455.0,148.539138150862,897.0,148.529138150862,1927.0,148.569138150862,1107.0,148.579138150862,1084.0,148.589138150862,322.0
2026-03-01 09:31:06.600,AAPL,148.59184504006086,1126.0,148.58184504006084,349.0,148.57184504006085,1004.0,148.61184504006084,1243.0,148.62184504006086,593.0,148.63184504006085,669.0
2026-03-01 09:31:06.700,AAPL,148.66977142753763,806.0,148.6597714275376,334.0,148.64977142753762,1793.0,148.6897714275376,1783.0,148.69977142753763,794.0,148.70977142753762,1109.0
2026-03-01 09:31:06.800,AAPL,148.66156023734086,114.0,148.65156023734085,637.0,148.64156023734085,739.0,148.68156023734085,932.0,148.69156023734087,980.0,148.70156023734086,266.0
2026-03-01 09:31:06.900,AAPL,148.7265348846769,1309.0,148.7165348846769,1708.0,148.7065348846769,1177.0,148.7465348846769,1006.0,148.7565348846769,1024.0,148.7665348846769,1759.0
2026-03-01 09:31:07.000,AAPL,148.72532206369974,1772.0,148.71532206369972,1037.0,148.70532206369973,1966.0,148.74532206369972,1712.0,148.75532206369974,289.0,148.76532206369973,390.0
2026-03-01 09:31:07.100,AAPL,148.80528412165364,1983.0,148.79528412165362,336.0,148.78528412165363,164.0,148.82528412165362,1295.0,148.83528412165364,1252.0,148.84528412165363,1671.0
2026-03-01 09:31:07.200,AAPL,148.78247322904798,142.0,148.77247322904796,1944.0,148.76247322904797,505.0,148.80247322904796,1248.0,148.81247322904798,1288.0,148.82247322904797,433.0
2026-03-01 09:31:07.300,AAPL,148.66422913857642,1414.0,148.6542291385764,1195.0,148.6442291385764,1030.0,148.6842291385764,488.0,148.69422913857642,813.0,148.7042291385764,1019.0
2026-03-01 09:31:07.400,AAPL,148.66023355137108,178.0,148.65023355137106,933.0,148.64023355137107,490.0,148.68023355137106,367.0,148.69023355137108,329.0,148.70023355137107,708.0
2026-03-01 09:31:07.500,AAPL,148.74563171104163,1975.0,148.7356317110416,1629.0,148.72563171104161,1618.0,148.7656317110416,266.0,148.77563171104163,671.0,148.78563171104162,1036.0
2026-03-01 09:31:07.600,AAPL,148.77238012633865,586.0,148.76238012633863,1664.0,148.75238012633864,526.0,148.79238012633863,1720.0,148.80238012633865,1116.0,148.81238012633864,305.0
2026-03-01 09:31:07.700,AAPL,148.74661396491175,1886.0,148.73661396491173,1557.0,148.72661396491173,247.0,148.76661396491173,1886.0,148.77661396491175,1023.0,148.78661396491174,993.0
2026-03-01 09:31:07.800,AAPL,148.763059023376,1516.0,148.75305902337598,1044.0,148.743059023376,457.0,148.78305902337598,1733.0,148.793059023376,618.0,148.803059023376,1028.0
2026-03-01 09:31:07.900,AAPL,148.81161526529863,453.0,148.8016152652986,569.0,148.79161526529862,465.0,148.8316152652986,1213.0,148.84161526529863,1740.0,148.85161526529862,901.0
2026-03-01 09:31:08.000,AAPL,148.8073344433529,287.0,148.79733444335287,1546.0,148.78733444335288,1302.0,148.82733444335287,1088.0,148.8373344433529,1706.0,148.84733444335288,459.0
2026-03-01 09:31:08.100,AAPL,148.93865394762003,299.0,148.92865394762,1416.0,148.91865394762002,1439.0,148.95865394762,436.0,148.96865394762003,1191.0,148.97865394762002,1643.0
2026-03-01 09:31:08.200,AAPL,148.91278304979403,1819.0,148.902783049794,1648.0,148.89278304979402,699.0,148.932783049794,768.0,148.94278304979403,1782.0,148.95278304979402,1564.0
2026-03-01 09:31:08.300,AAPL,148.9629085858963,1606.0,148.95290858589627,521.0,148.94290858589628,515.0,148.98290858589627,969.0,148.9929085858963,921.0,149.00290858589628,1060.0
2026-03-01 09:31:08.400,AAPL,149.00100544772036,621.0,148.99100544772034,881.0,148.98100544772035,1502.0,149.02100544772034,1928.0,149.03100544772036,813.0,149.04100544772035,559.0
2026-03-01 09:31:08.500,AAPL,148.96601407648546,639.0,148.95601407648545,1714.0,148.94601407648545,584.0,148.98601407648545,1396.0,148.99601407648547,1963.0,149.00601407648546,874.0
2026-03-01 09:31:08.600,AAPL,148.9447920631181,253.0,148.93479206311807,1680.0,148.92479206311808,1905.0,148.96479206311807,294.0,148.9747920631181,1212.0,148.98479206311808,1749.0
2026-03-01 09:31:08.700,AAPL,148.99569699549204,1594.0,148.98569699549202,161.0,148.97569699549203,1284.0,149.01569699549202,186.0,149.02569699549204,1230.0,149.03569699549203,1902.0
2026-03-01 09:31:08.800,AAPL,149.00293638987227,177.0,148.99293638987226,1459.0,148.98293638987226,1858.0,149.02293638987226,1607.0,149.03293638987228,148.0,149.04293638987227,1015.0
2026-03-01 09:31:08.900,AAPL,149.01983997620863,1068.0,149.0098399762086,1089.0,148.99983997620862,1994.0,149.0398399762086,1295.0,149.04983997620863,664.0,149.05983997620862,1089.0
2026-03-01 09:31:09.000,AAPL,148.9380416085234,1907.0,148.9280416085234,1041.0,148.9180416085234,1800.0,148.9580416085234,168.0,148.9680416085234,326.0,148.9780416085234,1349.0
2026-03-01 09:31:09.100,AAPL,148.97084154128152,562.0,148.9608415412815,1808.0,148.9508415412815,1670.0,148.9908415412815,996.0,149.00084154128152,1383.0,149.0108415412815,1639.0
2026-03-01 09:31:09.200,AAPL,148.98520638348563,328.0,148.9752063834856,1880.0,148.96520638348562,873.0,149.0052063834856,241.0,149.01520638348563,995.0,149.02520638348562,1566.0
2026-03-01 09:31:09.300,AAPL,148.9820108823536,1309.0,148.97201088235357,775.0,148.96201088235358,1504.0,149.00201088235357,1962.0,149.0120108823536,1688.0,149.02201088235358,1186.0
2026-03-01 09:31:09.400,AAPL,149.00005547550654,978.0,148.99005547550652,752.0,148.98005547550653,1232.0,149.02005547550652,502.0,149.03005547550654,195.0,149.04005547550653,917.0
2026-03-01 09:31:09.500,AAPL,148.97959459015033,1635.0,148.9695945901503,101.0,148.95959459015032,1159.0,148.9995945901503,1517.0,149.00959459015033,433.0,149.01959459015032,930.0
2026-03-01 09:31:09.600,AAPL,148.94999946495616,160.0,148.93999946495614,946.0,148.92999946495615,1344.0,148.96999946495615,1573.0,148.97999946495617,440.0,148.98999946495616,1627.0
2026-03-01 09:31:09.700,AAPL,148.9379051883742,1717.0,148.92790518837418,503.0,148.9179051883742,1338.0,148.95790518837418,1678.0,148.9679051883742,406.0,148.9779051883742,1889.0
2026-03-01 09:31:09.800,AAPL,148.91469502945827,947.0,148.90469502945825,1036.0,148.89469502945826,1564.0,148.93469502945825,1984.0,148.94469502945827,541.0,148.95469502945826,909.0
2026-03-01 09:31:09.900,AAPL,149.02372150751043,1047.0,149.0137215075104,1685.0,149.00372150751042,1383.0,149.0437215075104,375.0,149.05372150751043,939.0,149.06372150751042,714.0
2026-03-01 09:31:10.000,AAPL,149.06931504395263,1533.0,149.0593150439526,1489.0,149.04931504395262,295.0,149.0893150439526,395.0,149.09931504395263,996.0,149.10931504395262,511.0
2026-03-01 09:31:10.100,AAPL,149.02089159775403,1478.0,149.010891597754,320.0,149.00089159775402,762.0,149.040891597754,1137.0,149.05089159775403,1341.0,149.06089159775402,744.0
2026-03-01 09:31:10.200,AAPL,149.1227063978671,1685.0,149.11270639786707,205.0,149.10270639786708,1123.0,149.14270639786707,1327.0,149.1527063978671,999.0,149.16270639786708,1063.0
2026-03-01 09:31:10.300,AAPL,149.10106356729526,265.0,149.09106356729524,484.0,149.08106356729525,755.0,149.12106356729524,456.0,149.13106356729526,144.0,149.14106356729525,1981.0
2026-03-01 09:31:10.400,AAPL,149.10253633566847,872.0,149.09253633566846,1151.0,149.08253633566846,591.0,149.12253633566846,875.0,149.13253633566848,1908.0,149.14253633566847,381.0
2026-03-01 09:31:10.500,AAPL,149.14740719541504,1380.0,149.13740719541502,215.0,149.12740719541503,486.0,149.16740719541502,1466.0,149.17740719541504,425.0,149.18740719541503,961.0
2026-03-01 09:31:10.600,AAPL,149.04890776822015,170.0,149.03890776822013,1884.0,149.02890776822014,1330.0,149.06890776822013,602.0,149.07890776822015,1609.0,149.08890776822014,933.0
2026-03-01 09:31:10.700,AAPL,149.0370564758731,1091.0,149.02705647587308,1182.0,149.0170564758731,1120.0,149.05705647587308,1220.0,149.0670564758731,1786.0,149.0770564758731,1959.0
2026-03-01 09:31:10.800,AAPL,149.00838978332476,302.0,148.99838978332474,1978.0,148.98838978332475,161.0,149.02838978332474,1389.0,149.03838978332476,1587.0,149.04838978332475,1502.0
2026-03-01 09:31:10.900,AAPL,149.01864378730195,1539.0,149.00864378730193,146.0,148.99864378730194,1310.0,149.03864378730194,532.0,149.04864378730196,780.0,149.05864378730195,615.0
2026-03-01 09:31:11.000,AAPL,149.03714627146525,1616.0,149.02714627146523,1472.0,149.01714627146524,790.0,149.05714627146523,910.0,149.06714627146525,636.0,149.07714627146524,561.0
2026-03-01 09:31:11.100,AAPL,149.0332833031986,710.0,149.02328330319858,1843.0,149.0132833031986,1372.0,149.05328330319858,891.0,149.0632833031986,254.0,149.0732833031986,1910.0
2026-03-01 09:31:11.200,AAPL,149.02710093828966,656.0,149.01710093828964,1749.0,149.00710093828965,1329.0,149.04710093828965,498.0,149.05710093828966,1178.0,149.06710093828966,1413.0
2026-03-01 09:31:11.300,AAPL,149.08035750692144,646.0,149.07035750692143,1695.0,149.06035750692143,1049.0,149.10035750692143,679.0,149.11035750692145,729.0,149.12035750692144,1047.0
2026-03-01 09:31:11.400,AAPL,149.09543180343815,319.0,149.08543180343813,1876.0,149.07543180343814,1579.0,149.11543180343813,1600.0,149.12543180343815,952.0,149.13543180343814,469.0
2026-03-01 09:31:11.500,AAPL,149.09750305394073,1408.0,149.0875030539407,1403.0,149.07750305394072,1077.0,149.1175030539407,1505.0,149.12750305394073,1078.0,149.13750305394072,1475.0
2026-03-01 09:31:11.600,AAPL,149.10489658351375,1939.0,149.09489658351373,755.0,149.08489658351374,115.0,149.12489658351373,1670.0,149.13489658351375,1952.0,149.14489658351374,759.0
2026-03-01 09:31:11.700,AAPL,149.19669103339027,1215.0,149.18669103339025,1786.0,149.17669103339026,1839.0,149.21669103339025,974.0,149.22669103339027,1748.0,149.23669103339026,1771.0
2026-03-01 09:31:11.800,AAPL,149.20532473223946,1646.0,149.19532473223944,1640.0,149.18532473223945,289.0,149.22532473223944,180.0,149.23532473223946,1361.0,149.24532473223945,1947.0
2026-03-01 09:31:11.900,AAPL,149.17960230699117,253.0,149.16960230699115,508.0,149.15960230699116,1173.0,149.19960230699115,1877.0,149.20960230699117,1976.0,149.21960230699116,1620.0
2026-03-01 09:31:12.000,AAPL,149.08415235256064,1662.0,149.07415235256062,454.0,149.06415235256063,1089.0,149.10415235256062,1836.0,149.11415235256064,676.0,149.12415235256063,508.0
2026-03-01 09:31:12.100,AAPL,149.01245548385887,963.0,149.00245548385885,394.0,148.99245548385886,459.0,149.03245548385885,1320.0,149.04245548385887,1808.0,149.05245548385886,135.0
2026-03-01 09:31:12.200,AAPL,148.9891041891049,154.0,148.97910418910487,1315.0,148.96910418910488,1031.0,149.00910418910487,1801.0,149.0191041891049,342.0,149.02910418910488,356.0
2026-03-01 09:31:12.300,AAPL,148.98368534690718,914.0,148.97368534690716,1042.0,148.96368534690717,844.0,149.00368534690716,606.0,149.01368534690718,109.0,149.02368534690717,1927.0
2026-03-01 09:31:12.400,AAPL,148.95590427392668,169.0,148.94590427392666,613.0,148.93590427392667,1916.0,148.97590427392666,1853.0,148.98590427392668,435.0,148.99590427392667,1118.0
2026-03-01 09:31:12.500,AAPL,148.97346147277895,926.0,148.96346147277893,775.0,148.95346147277894,435.0,148.99346147277893,1070.0,149.00346147277895,255.0,149.01346147277894,1396.0
2026-03-01 09:31:12.600,AAPL,148.94503607055356,854.0,148.93503607055354,1120.0,148.92503607055355,1864.0,148.96503607055354,567.0,148.97503607055356,306.0,148.98503607055355,472.0
2026-03-01 09:31:12.700,AAPL,148.89931160704677,1194.0,148.88931160704675,170.0,148.87931160704676,1859.0,148.91931160704675,123.0,148.92931160704677,1218.0,148.93931160704676,1155.0
2026-03-01 09:31:12.800,AAPL,148.92994379881463,1029.0,148.91994379881461,1108.0,148.90994379881462,1303.0,148.94994379881462,1105.0,148.95994379881463,1941.0,148.96994379881463,468.0
2026-03-01 09:31:12.900,AAPL,148.99841352365854,1464.0,148.98841352365852,1963.0,148.97841352365853,924.0,149.01841352365852,811.0,149.02841352365854,403.0,149.03841352365853,1604.0
2026-03-01 09:31:13.000,AAPL,148.9430551437712,1625.0,148.93305514377118,709.0,148.9230551437712,1486.0,148.9630551437712,453.0,148.9730551437712,442.0,148.9830551437712,313.0
2026-03-01 09:31:13.100,AAPL,148.9552409369566,396.0,148.9452409369566,1216.0,148.9352409369566,1106.0,148.9752409369566,412.0,148.98524093695661,835.0,148.9952409369566,1470.0
2026-03-01 09:31:13.200,AAPL,148.85999070404893,1185.0,148.8499907040489,1901.0,148.83999070404892,1242.0,148.8799907040489,132.0,148.88999070404893,1029.0,148.89999070404892,1178.0
2026-03-01 09:31:13.300,AAPL,148.78626379751256,1978.0,148.77626379751254,1294.0,148.76626379751255,971.0,148.80626379751254,913.0,148.81626379751256,1136.0,148.82626379751255,441.0
2026-03-01 09:31:13.400,AAPL,148.7568255061137,206.0,148.74682550611368,359.0,148.7368255061137,1737.0,148.77682550611368,477.0,148.7868255061137,1634.0,148.7968255061137,1650.0
2026-03-01 09:31:13.500,AAPL,148.81357102773256,959.0,148.80357102773254,416.0,148.79357102773255,1612.0,148.83357102773255,148.0,148.84357102773257,713.0,148.85357102773256,530.0
2026-03-01 09:31:13.600,AAPL,148.77463572624728,1528.0,148.76463572624726,859.0,148.75463572624727,1080.0,148.79463572624726,1605.0,148.80463572624728,831.0,148.81463572624727,248.0
2026-03-01 09:31:13.700,AAPL,148.733830702509,1823.0,148.723830702509,150.0,148.713830702509,1662.0,148.753830702509,1105.0,148.763830702509,254.0,148.773830702509,245.0
2026-03-01 09:31:13.800,AAPL,148.73563506660372,1234.0,148.7256350666037,324.0,148.7156350666037,262.0,148.7556350666037,136.0,148.76563506660372,1394.0,148.7756350666037,1942.0
2026-03-01 09:31:13.900,AAPL,148.73748924716122,1703.0,148.7274892471612,739.0,148.7174892471612,1264.0,148.7574892471612,1083.0,148.76748924716122,1015.0,148.7774892471612,898.0
2026-03-01 09:31:14.000,AAPL,148.69823267352348,215.0,148.68823267352346,745.0,148.67823267352347,245.0,148.71823267352346,151.0,148.72823267352348,662.0,148.73823267352347,1376.0
2026-03-01 09:31:14.100,AAPL,148.79754375188665,1452.0,148.78754375188663,1370.0,148.77754375188664,1894.0,148.81754375188663,998.0,148.82754375188665,1824.0,148.83754375188664,1775.0
2026-03-01 09:31:14.200,AAPL,148.78427558323088,210.0,148.77427558323086,1007.0,148.76427558323087,1061.0,148.80427558323086,510.0,148.81427558323088,1939.0,148.82427558323087,512.0
2026-03-01 09:31:14.300,AAPL,148.78995483235178,657.0,148.77995483235176,230.0,148.76995483235177,1261.0,148.80995483235176,1607.0,148.81995483235178,913.0,148.82995483235177,981.0
2026-03-01 09:31:14.400,AAPL,148.76986585546626,819.0,148.75986585546624,215.0,148.74986585546625,363.0,148.78986585546625,1917.0,148.79986585546627,1589.0,148.80986585546626,1318.0
2026-03-01 09:31:14.500,AAPL,148.79186443357383,322.0,148.78186443357382,799.0,148.77186443357382,1552.0,148.81186443357382,1591.0,148.82186443357384,1304.0,148.83186443357383,1120.0
2026-03-01 09:31:14.600,AAPL,148.85361231155903,1495.0,148.843612311559,784.0,148.83361231155902,346.0,148.87361231155901,915.0,148.88361231155903,1802.0,148.89361231155902,893.0
2026-03-01 09:31:14.700,AAPL,148.93679549640675,1515.0,148.92679549640673,1224.0,148.91679549640673,632.0,148.95679549640673,969.0,148.96679549640675,1351.0,148.97679549640674,1867.0
2026-03-01 09:31:14.800,AAPL,148.89868221264356,539.0,148.88868221264354,716.0,148.87868221264355,599.0,148.91868221264355,140.0,148.92868221264357,1112.0,148.93868221264356,1713.0
2026-03-01 09:31:14.900,AAPL,148.95372197145863,840.0,148.94372197145861,735.0,148.93372197145862,1229.0,148.97372197145862,1514.0,148.98372197145864,433.0,148.99372197145863,1871.0
2026-03-01 09:31:15.000,AAPL,148.98120601243616,255.0,148.97120601243614,707.0,148.96120601243615,816.0,149.00120601243614,569.0,149.01120601243616,1766.0,149.02120601243615,1855.0
2026-03-01 09:31:15.100,AAPL,149.02993284290918,623.0,149.01993284290916,1908.0,149.00993284290917,1845.0,149.04993284290916,1451.0,149.05993284290918,1284.0,149.06993284290917,1570.0
2026-03-01 09:31:15.200,AAPL,149.02533887927453,1318.0,149.0153388792745,662.0,149.00533887927452,1287.0,149.0453388792745,445.0,149.05533887927453,1918.0,149.06533887927452,1518.0
2026-03-01 09:31:15.300,AAPL,149.01598684061042,963.0,149.0059868406104,1783.0,148.9959868406104,1534.0,149.0359868406104,396.0,149.04598684061042,1470.0,149.05598684061042,515.0
2026-03-01 09:31:15.400,AAPL,149.06277257289614,764.0,149.05277257289612,325.0,149.04277257289613,1620.0,149.08277257289612,1501.0,149.09277257289614,1974.0,149.10277257289613,1470.0
2026-03-01 09:31:15.500,AAPL,149.11050719819895,816.0,149.10050719819893,1702.0,149.09050719819894,1359.0,149.13050719819893,1987.0,149.14050719819895,1406.0,149.15050719819894,1649.0
2026-03-01 09:31:15.600,AAPL,149.18879322639205,703.0,149.17879322639203,334.0,149.16879322639204,625.0,149.20879322639203,680.0,149.21879322639205,464.0,149.22879322639204,895.0
2026-03-01 09:31:15.700,AAPL,149.19872060416455,1589.0,149.18872060416453,729.0,149.17872060416454,429.0,149.21872060416453,478.0,149.22872060416455,517.0,149.23872060416454,1626.0
2026-03-01 09:31:15.800,AAPL,149.1933748727828,121.0,149.1833748727828,1891.0,149.1733748727828,1455.0,149.2133748727828,864.0,149.2233748727828,1991.0,149.2333748727828,1593.0
2026-03-01 09:31:15.900,AAPL,149.0703821937831,1131.0,149.06038219378308,643.0,149.0503821937831,966.0,149.09038219378309,1864.0,149.1003821937831,1430.0,149.1103821937831,313.0
2026-03-01 09:31:16.000,AAPL,148.98981916688334,1436.0,148.97981916688332,247.0,148.96981916688333,380.0,149.00981916688332,1285.0,149.01981916688334,1991.0,149.02981916688333,416.0
2026-03-01 09:31:16.100,AAPL,148.97010658662418,1904.0,148.96010658662416,1079.0,148.95010658662417,543.0,148.99010658662417,1617.0,149.00010658662418,1803.0,149.01010658662418,1597.0
2026-03-01 09:31:16.200,AAPL,148.91505364006187,826.0,148.90505364006185,1489.0,148.89505364006186,290.0,148.93505364006185,704.0,148.94505364006187,165.0,148.95505364006186,1379.0
2026-03-01 09:31:16.300,AAPL,148.95576016833354,925.0,148.94576016833352,955.0,148.93576016833353,1262.0,148.97576016833352,1670.0,148.98576016833354,1035.0,148.99576016833353,1160.0
2026-03-01 09:31:16.400,AAPL,148.89025912025457,1375.0,148.88025912025455,1785.0,148.87025912025456,187.0,148.91025912025455,267.0,148.92025912025457,1991.0,148.93025912025456,984.0
2026-03-01 09:31:16.500,AAPL,148.86519390383705,239.0,148.85519390383703,258.0,148.84519390383704,607.0,148.88519390383703,1260.0,148.89519390383705,1984.0,148.90519390383704,1609.0
2026-03-01 09:31:16.600,AAPL,148.84209257918013,1159.0,148.8320925791801,903.0,148.82209257918012,512.0,148.8620925791801,391.0,148.87209257918013,1895.0,148.88209257918012,470.0
2026-03-01 09:31:16.700,AAPL,148.90232973335011,1242.0,148.8923297333501,1954.0,148.8823297333501,969.0,148.9223297333501,1537.0,148.93232973335012,295.0,148.9423297333501,703.0
2026-03-01 09:31:16.800,AAPL,148.87191779589912,1758.0,148.8619177958991,1758.0,148.8519177958991,1356.0,148.8919177958991,556.0,148.90191779589912,626.0,148.91191779589911,1831.0
2026-03-01 09:31:16.900,AAPL,148.89453840180153,496.0,148.8845384018015,1629.0,148.87453840180152,1731.0,148.9145384018015,1116.0,148.92453840180153,546.0,148.93453840180152,1479.0
2026-03-01 09:31:17.000,AAPL,148.90432370817766,1593.0,148.89432370817764,1698.0,148.88432370817765,794.0,148.92432370817764,1720.0,148.93432370817766,1333.0,148.94432370817765,714.0
2026-03-01 09:31:17.100,AAPL,148.94948813245003,606.0,148.93948813245,102.0,148.92948813245002,1935.0,148.96948813245,325.0,148.97948813245003,168.0,148.98948813245002,1382.0
2026-03-01 09:31:17.200,AAPL,148.99199888505586,727.0,148.98199888505584,1212.0,148.97199888505585,134.0,149.01199888505585,1438.0,149.02199888505587,285.0,149.03199888505586,642.0
2026-03-01 09:31:17.300,AAPL,148.99032687941238,589.0,148.98032687941236,1316.0,148.97032687941237,227.0,149.01032687941236,1984.0,149.02032687941238,1485.0,149.03032687941237,778.0
2026-03-01 09:31:17.400,AAPL,148.905512153782,1993.0,148.895512153782,1263.0,148.885512153782,189.0,148.925512153782,152.0,148.935512153782,1623.0,148.945512153782,163.0
2026-03-01 09:31:17.500,AAPL,148.89392510944973,930.0,148.8839251094497,1628.0,148.87392510944971,345.0,148.9139251094497,435.0,148.92392510944973,313.0,148.93392510944972,1212.0
2026-03-01 09:31:17.600,AAPL,148.89292732722313,411.0,148.88292732722311,1177.0,148.87292732722312,1849.0,148.91292732722312,456.0,148.92292732722314,337.0,148.93292732722313,1836.0
2026-03-01 09:31:17.700,AAPL,148.90722778888076,827.0,148.89722778888074,637.0,148.88722778888075,411.0,148.92722778888074,529.0,148.93722778888076,1964.0,148.94722778888075,1361.0
2026-03-01 09:31:17.800,AAPL,148.87035003161972,762.0,148.8603500316197,502.0,148.8503500316197,545.0,148.8903500316197,241.0,148.90035003161972,477.0,148.9103500316197,100.0
2026-03-01 09:31:17.900,AAPL,148.92739508754016,145.0,148.91739508754014,1281.0,148.90739508754015,722.0,148.94739508754014,275.0,148.95739508754016,694.0,148.96739508754015,1653.0
2026-03-01 09:31:18.000,AAPL,148.9280760584559,1423.0,148.91807605845588,1862.0,148.9080760584559,305.0,148.94807605845588,1092.0,148.9580760584559,1589.0,148.9680760584559,330.0
2026-03-01 09:31:18.100,AAPL,148.8820511910653,1143.0,148.87205119106528,883.0,148.8620511910653,521.0,148.90205119106528,157.0,148.9120511910653,202.0,148.9220511910653,1578.0
2026-03-01 09:31:18.200,AAPL,148.85913979912823,1441.0,148.8491397991282,1701.0,148.83913979912822,315.0,148.8791397991282,1601.0,148.88913979912823,1565.0,148.89913979912822,354.0
2026-03-01 09:31:18.300,AAPL,148.95556693182655,1805.0,148.94556693182653,1580.0,148.93556693182654,418.0,148.97556693182653,564.0,148.98556693182655,1170.0,148.99556693182654,754.0
2026-03-01 09:31:18.400,AAPL,148.98878582647387,1170.0,148.97878582647385,1302.0,148.96878582647386,469.0,149.00878582647385,178.0,149.01878582647387,403.0,149.02878582647386,646.0
2026-03-01 09:31:18.500,AAPL,149.0412086542521,201.0,149.03120865425208,436.0,149.0212086542521,1776.0,149.06120865425208,145.0,149.0712086542521,780.0,149.0812086542521,1856.0
2026-03-01 09:31:18.600,AAPL,148.98912930576643,572.0,148.9791293057664,865.0,148.96912930576642,154.0,149.0091293057664,1274.0,149.01912930576643,635.0,149.02912930576642,1183.0
2026-03-01 09:31:18.700,AAPL,148.95468782115725,131.0,148.94468782115723,1359.0,148.93468782115724,1111.0,148.97468782115723,1097.0,148.98468782115725,1265.0,148.99468782115724,320.0
2026-03-01 09:31:18.800,AAPL,148.92061670586318,360.0,148.91061670586316,1270.0,148.90061670586317,1326.0,148.94061670586316,522.0,148.95061670586318,1234.0,148.96061670586317,1645.0
2026-03-01 09:31:18.900,AAPL,148.9298363927426,743.0,148.91983639274258,281.0,148.9098363927426,1941.0,148.94983639274258,1876.0,148.9598363927426,1003.0,148.9698363927426,1418.0
2026-03-01 09:31:19.000,AAPL,148.92113630118834,574.0,148.91113630118832,1696.0,148.90113630118833,333.0,148.94113630118832,1641.0,148.95113630118834,1541.0,148.96113630118833,1348.0
2026-03-01 09:31:19.100,AAPL,148.89666158062548,622.0,148.88666158062546,1285.0,148.87666158062547,914.0,148.91666158062546,178.0,148.92666158062548,343.0,148.93666158062547,300.0
2026-03-01 09:31:19.200,AAPL,148.87845810100032,1890.0,148.8684581010003,1946.0,148.8584581010003,1810.0,148.8984581010003,1573.0,148.90845810100032,609.0,148.9184581010003,1361.0
2026-03-01 09:31:19.300,AAPL,148.83875634166657,1946.0,148.82875634166655,1497.0,148.81875634166656,431.0,148.85875634166655,1049.0,148.86875634166657,1140.0,148.87875634166656,868.0
2026-03-01 09:31:19.400,AAPL,148.82976437732148,939.0,148.81976437732146,522.0,148.80976437732147,1414.0,148.84976437732146,429.0,148.85976437732148,1740.0,148.86976437732147,512.0
2026-03-01 09:31:19.500,AAPL,148.88542515651318,1931.0,148.87542515651316,752.0,148.86542515651317,1344.0,148.90542515651316,222.0,148.91542515651318,493.0,148.92542515651317,1965.0
2026-03-01 09:31:19.600,AAPL,148.8097681889357,1693.0,148.79976818893567,1822.0,148.78976818893568,1104.0,148.82976818893567,1305.0,148.8397681889357,1594.0,148.84976818893568,785.0
2026-03-01 09:31:19.700,AAPL,148.82709216061744,571.0,148.81709216061742,1526.0,148.80709216061743,1279.0,148.84709216061742,169.0,148.85709216061744,1194.0,148.86709216061743,1762.0
2026-03-01 09:31:19.800,AAPL,148.89609679536142,1717.0,148.8860967953614,1469.0,148.8760967953614,1135.0,148.9160967953614,795.0,148.92609679536142,565.0,148.9360967953614,657.0
2026-03-01 09:31:19.900,AAPL,148.88693744043314,1530.0,148.87693744043312,1670.0,148.86693744043313,1475.0,148.90693744043313,521.0,148.91693744043314,923.0,148.92693744043314,741.0
2026-03-01 09:31:20.000,AAPL,148.86049363897587,1790.0,148.85049363897585,270.0,148.84049363897586,1078.0,148.88049363897585,1011.0,148.89049363897587,1277.0,148.90049363897586,1601.0
2026-03-01 09:31:20.100,AAPL,148.9067052132734,1162.0,148.89670521327338,231.0,148.8867052132734,311.0,148.92670521327338,1883.0,148.9367052132734,596.0,148.9467052132734,1338.0
2026-03-01 09:31:20.200,AAPL,148.85749411942993,1020.0,148.8474941194299,1874.0,148.83749411942992,810.0,148.8774941194299,1597.0,148.88749411942993,198.0,148.89749411942992,980.0
2026-03-01 09:31:20.300,AAPL,148.856359542933,1628.0,148.846359542933,1681.0,148.836359542933,255.0,148.876359542933,650.0,148.886359542933,1301.0,148.896359542933,1284.0
2026-03-01 09:31:20.400,AAPL,148.80436733791373,1525.0,148.7943673379137,613.0,148.78436733791372,696.0,148.8243673379137,237.0,148.83436733791373,781.0,148.84436733791372,1287.0
2026-03-01 09:31:20.500,AAPL,148.71086228941252,497.0,148.7008622894125,1746.0,148.6908622894125,222.0,148.7308622894125,1392.0,148.74086228941252,784.0,148.7508622894125,976.0
2026-03-01 09:31:20.600,AAPL,148.70326307617276,1282.0,148.69326307617274,710.0,148.68326307617275,997.0,148.72326307617274,1125.0,148.73326307617276,212.0,148.74326307617275,1133.0
2026-03-01 09:31:20.700,AAPL,148.6400933230094,804.0,148.6300933230094,770.0,148.6200933230094,548.0,148.6600933230094,526.0,148.6700933230094,1542.0,148.6800933230094,933.0
2026-03-01 09:31:20.800,AAPL,148.63950979734295,493.0,148.62950979734293,1812.0,148.61950979734294,1678.0,148.65950979734293,1691.0,148.66950979734295,360.0,148.67950979734294,558.0
2026-03-01 09:31:20.900,AAPL,148.695261278562,1722.0,148.68526127856197,1468.0,148.67526127856198,575.0,148.71526127856197,1753.0,148.725261278562,783.0,148.73526127856198,1432.0
2026-03-01 09:31:21.000,AAPL,148.787974048896,1207.0,148.77797404889597,1143.0,148.76797404889598,1210.0,148.80797404889597,1782.0,148.817974048896,1248.0,148.82797404889598,1757.0
2026-03-01 09:31:21.100,AAPL,148.79265051309315,1498.0,148.78265051309313,1376.0,148.77265051309314,1893.0,148.81265051309313,1388.0,148.82265051309315,1301.0,148.83265051309314,1266.0
2026-03-01 09:31:21.200,AAPL,148.8436113046919,157.0,148.83361130469189,1768.0,148.8236113046919,626.0,148.8636113046919,1615.0,148.8736113046919,1060.0,148.8836113046919,1410.0
2026-03-01 09:31:21.300,AAPL,148.86355943719724,561.0,148.85355943719722,901.0,148.84355943719723,778.0,148.88355943719722,1235.0,148.89355943719724,820.0,148.90355943719723,1786.0
2026-03-01 09:31:21.400,AAPL,148.84440375650348,1711.0,148.83440375650346,350.0,148.82440375650347,235.0,148.86440375650346,634.0,148.87440375650348,1694.0,148.88440375650347,626.0
2026-03-01 09:31:21.500,AAPL,148.74816493880695,450.0,148.73816493880693,879.0,148.72816493880694,244.0,148.76816493880693,914.0,148.77816493880695,1390.0,148.78816493880694,1269.0
2026-03-01 09:31:21.600,AAPL,148.82948955516105,767.0,148.81948955516103,586.0,148.80948955516104,1594.0,148.84948955516103,1468.0,148.85948955516105,1108.0,148.86948955516104,1910.0
2026-03-01 09:31:21.700,AAPL,148.777034445697,900.0,148.767034445697,1110.0,148.757034445697,1660.0,148.797034445697,262.0,148.807034445697,1120.0,148.817034445697,1675.0
2026-03-01 09:31:21.800,AAPL,148.84617299126788,1560.0,148.83617299126786,1762.0,148.82617299126787,592.0,148.86617299126786,388.0,148.87617299126788,120.0,148.88617299126787,1504.0
2026-03-01 09:31:21.900,AAPL,148.873013372731,1234.0,148.863013372731,1468.0,148.853013372731,1929.0,148.893013372731,1193.0,148.903013372731,1493.0,148.913013372731,615.0
2026-03-01 09:31:22.000,AAPL,148.82421273346864,1467.0,148.81421273346862,1103.0,148.80421273346863,1248.0,148.84421273346862,1304.0,148.85421273346864,356.0,148.86421273346863,860.0
2026-03-01 09:31:22.100,AAPL,148.83981265155958,1994.0,148.82981265155956,1565.0,148.81981265155957,567.0,148.85981265155957,617.0,148.86981265155958,676.0,148.87981265155958,991.0
2026-03-01 09:31:22.200,AAPL,148.94645820462384,118.0,148.93645820462382,1651.0,148.92645820462383,851.0,148.96645820462382,1745.0,148.97645820462384,1290.0,148.98645820462383,539.0
2026-03-01 09:31:22.300,AAPL,149.02324083366705,1480.0,149.01324083366703,1753.0,149.00324083366704,1912.0,149.04324083366703,175.0,149.05324083366705,226.0,149.06324083366704,300.0
2026-03-01 09:31:22.400,AAPL,148.99760518086032,166.0,148.9876051808603,901.0,148.9776051808603,309.0,149.0176051808603,1103.0,149.02760518086032,254.0,149.0376051808603,1592.0
2026-03-01 09:31:22.500,AAPL,148.96200614295108,1664.0,148.95200614295106,1528.0,148.94200614295107,1830.0,148.98200614295106,1247.0,148.99200614295108,681.0,149.00200614295107,1690.0
2026-03-01 09:31:22.600,AAPL,148.9670165448169,820.0,148.95701654481687,1719.0,148.94701654481688,659.0,148.98701654481687,1404.0,148.9970165448169,1108.0,149.00701654481688,918.0
2026-03-01 09:31:22.700,AAPL,148.9587408583684,1316.0,148.94874085836838,717.0,148.9387408583684,1741.0,148.97874085836838,189.0,148.9887408583684,1740.0,148.9987408583684,887.0
2026-03-01 09:31:22.800,AAPL,149.01872772765051,1844.0,149.0087277276505,1773.0,148.9987277276505,626.0,149.0387277276505,1702.0,149.04872772765052,1459.0,149.0587277276505,944.0
2026-03-01 09:31:22.900,AAPL,149.05570718447163,1993.0,149.0457071844716,651.0,149.03570718447162,1788.0,149.0757071844716,331.0,149.08570718447163,1527.0,149.09570718447162,1426.0
2026-03-01 09:31:23.000,AAPL,148.9710951043952,554.0,148.96109510439518,771.0,148.9510951043952,800.0,148.99109510439519,1010.0,149.0010951043952,1937.0,149.0110951043952,343.0
2026-03-01 09:31:23.100,AAPL,148.9940288671664,174.0,148.9840288671664,285.0,148.9740288671664,1790.0,149.0140288671664,128.0,149.0240288671664,872.0,149.0340288671664,1986.0
2026-03-01 09:31:23.200,AAPL,148.98507431912302,1382.0,148.975074319123,1322.0,148.965074319123,1420.0,149.005074319123,1749.0,149.01507431912302,1771.0,149.025074319123,373.0
2026-03-01 09:31:23.300,AAPL,148.98692972592443,190.0,148.9769297259244,1633.0,148.96692972592442,1965.0,149.0069297259244,352.0,149.01692972592443,651.0,149.02692972592442,1139.0
2026-03-01 09:31:23.400,AAPL,148.99937687663746,307.0,148.98937687663744,636.0,148.97937687663745,1395.0,149.01937687663744,398.0,149.02937687663746,1940.0,149.03937687663745,1437.0
2026-03-01 09:31:23.500,AAPL,149.0593133269013,1655.0,149.04931332690128,1315.0,149.0393133269013,1097.0,149.07931332690129,883.0,149.0893133269013,1315.0,149.0993133269013,1035.0
2026-03-01 09:31:23.600,AAPL,149.1082029750786,982.0,149.09820297507858,852.0,149.0882029750786,1542.0,149.12820297507858,1684.0,149.1382029750786,1396.0,149.1482029750786,1280.0
2026-03-01 09:31:23.700,AAPL,149.07071583804424,1619.0,149.06071583804422,331.0,149.05071583804423,1607.0,149.09071583804422,1482.0,149.10071583804424,690.0,149.11071583804423,1560.0
2026-03-01 09:31:23.800,AAPL,149.06778523965974,1609.0,149.05778523965972,106.0,149.04778523965973,1419.0,149.08778523965972,1248.0,149.09778523965974,212.0,149.10778523965973,1977.0
2026-03-01 09:31:23.900,AAPL,149.0453591700169,128.0,149.03535917001687,917.0,149.02535917001688,1654.0,149.06535917001688,1270.0,149.0753591700169,1456.0,149.0853591700169,741.0
2026-03-01 09:31:24.000,AAPL,148.96126687157155,1620.0,148.95126687157153,488.0,148.94126687157154,609.0,148.98126687157153,1492.0,148.99126687157155,639.0,149.00126687157154,829.0
2026-03-01 09:31:24.100,AAPL,148.9557983461915,675.0,148.94579834619148,1027.0,148.9357983461915,452.0,148.97579834619148,1505.0,148.9857983461915,1649.0,148.9957983461915,1551.0
2026-03-01 09:31:24.200,AAPL,149.04803606756946,490.0,149.03803606756944,1926.0,149.02803606756945,104.0,149.06803606756944,1606.0,149.07803606756946,1402.0,149.08803606756945,1030.0
2026-03-01 09:31:24.300,AAPL,148.96243389788197,369.0,148.95243389788195,1294.0,148.94243389788195,708.0,148.98243389788195,601.0,148.99243389788197,1997.0,149.00243389788196,826.0
2026-03-01 09:31:24.400,AAPL,148.96123080819896,1983.0,148.95123080819894,1975.0,148.94123080819895,231.0,148.98123080819894,429.0,148.99123080819896,1561.0,149.00123080819895,1552.0
2026-03-01 09:31:24.500,AAPL,148.95842390092847,1443.0,148.94842390092845,1472.0,148.93842390092846,1558.0,148.97842390092845,214.0,148.98842390092847,1273.0,148.99842390092846,486.0
2026-03-01 09:31:24.600,AAPL,148.9728106745167,316.0,148.96281067451667,1533.0,148.95281067451668,593.0,148.99281067451668,128.0,149.0028106745167,544.0,149.0128106745167,1629.0
2026-03-01 09:31:24.700,AAPL,148.924674426647,129.0,148.91467442664697,1417.0,148.90467442664698,277.0,148.94467442664697,1562.0,148.954674426647,1046.0,148.96467442664698,1966.0
2026-03-01 09:31:24.800,AAPL,148.853418897107,462.0,148.84341889710697,1589.0,148.83341889710698,973.0,148.87341889710697,618.0,148.883418897107,1239.0,148.89341889710698,659.0
2026-03-01 09:31:24.900,AAPL,148.78448901426728,1657.0,148.77448901426726,640.0,148.76448901426727,155.0,148.80448901426726,1760.0,148.81448901426728,1391.0,148.82448901426727,1219.0
2026-03-01 09:31:25.000,AAPL,148.85103570218385,1080.0,148.84103570218383,1246.0,148.83103570218384,145.0,148.87103570218383,1562.0,148.88103570218385,376.0,148.89103570218384,161.0
2026-03-01 09:31:25.100,AAPL,148.80190140346576,998.0,148.79190140346574,1292.0,148.78190140346575,1033.0,148.82190140346574,847.0,148.83190140346576,462.0,148.84190140346576,1953.0
2026-03-01 09:31:25.200,AAPL,148.7769232938831,981.0,148.76692329388308,1021.0,148.7569232938831,445.0,148.79692329388308,345.0,148.8069232938831,1307.0,148.8169232938831,1268.0
2026-03-01 09:31:25.300,AAPL,148.88215492381374,528.0,148.87215492381372,915.0,148.86215492381373,1771.0,148.90215492381373,1916.0,148.91215492381374,280.0,148.92215492381374,790.0
2026-03-01 09:31:25.400,AAPL,148.8454421409749,1856.0,148.8354421409749,813.0,148.8254421409749,1359.0,148.8654421409749,769.0,148.8754421409749,1843.0,148.8854421409749,1580.0
2026-03-01 09:31:25.500,AAPL,148.86256212087247,749.0,148.85256212087245,931.0,148.84256212087246,978.0,148.88256212087245,107.0,148.89256212087247,466.0,148.90256212087246,1670.0
2026-03-01 09:31:25.600,AAPL,148.91575270470375,860.0,148.90575270470373,1753.0,148.89575270470374,1759.0,148.93575270470373,1656.0,148.94575270470375,1568.0,148.95575270470374,137.0
2026-03-01 09:31:25.700,AAPL,148.9665387140527,981.0,148.95653871405267,1674.0,148.94653871405268,1966.0,148.98653871405267,783.0,148.9965387140527,475.0,149.00653871405268,994.0
2026-03-01 09:31:25.800,AAPL,148.89995989620053,425.0,148.8899598962005,1042.0,148.87995989620052,368.0,148.9199598962005,1323.0,148.92995989620053,1298.0,148.93995989620052,841.0
2026-03-01 09:31:25.900,AAPL,148.86429227381544,1472.0,148.85429227381542,133.0,148.84429227381543,356.0,148.88429227381542,1157.0,148.89429227381544,855.0,148.90429227381543,1329.0
2026-03-01 09:31:26.000,AAPL,148.87941047262805,573.0,148.86941047262803,1290.0,148.85941047262804,1590.0,148.89941047262803,1292.0,148.90941047262805,1190.0,148.91941047262804,579.0
2026-03-01 09:31:26.100,AAPL,148.9758613454972,1172.0,148.9658613454972,490.0,148.9558613454972,1383.0,148.9958613454972,1068.0,149.0058613454972,1309.0,149.0158613454972,544.0
2026-03-01 09:31:26.200,AAPL,148.93778581256515,445.0,148.92778581256513,271.0,148.91778581256514,1572.0,148.95778581256513,1745.0,148.96778581256515,333.0,148.97778581256514,1558.0
2026-03-01 09:31:26.300,AAPL,148.9131051633596,183.0,148.90310516335958,994.0,148.8931051633596,1294.0,148.93310516335958,121.0,148.9431051633596,113.0,148.9531051633596,1240.0
2026-03-01 09:31:26.400,AAPL,148.93408388442964,783.0,148.92408388442962,110.0,148.91408388442963,1430.0,148.95408388442962,123.0,148.96408388442964,1864.0,148.97408388442963,581.0
2026-03-01 09:31:26.500,AAPL,148.96506679579707,955.0,148.95506679579705,893.0,148.94506679579706,412.0,148.98506679579705,930.0,148.99506679579707,811.0,149.00506679579706,478.0
2026-03-01 09:31:26.600,AAPL,148.9990794960122,1692.0,148.98907949601218,1646.0,148.9790794960122,598.0,149.01907949601218,693.0,149.0290794960122,280.0,149.0390794960122,1131.0
2026-03-01 09:31:26.700,AAPL,148.95676170277045,1311.0,148.94676170277043,741.0,148.93676170277044,831.0,148.97676170277043,833.0,148.98676170277045,618.0,148.99676170277044,1654.0
2026-03-01 09:31:26.800,AAPL,148.93015929592374,131.0,148.92015929592372,865.0,148.91015929592373,609.0,148.95015929592373,1918.0,148.96015929592375,1482.0,148.97015929592374,1055.0
2026-03-01 09:31:26.900,AAPL,148.94093435591384,1983.0,148.93093435591382,1549.0,148.92093435591383,412.0,148.96093435591382,535.0,148.97093435591384,1938.0,148.98093435591383,402.0
2026-03-01 09:31:27.000,AAPL,149.00404992154526,1104.0,148.99404992154524,683.0,148.98404992154525,605.0,149.02404992154524,1126.0,149.03404992154526,1180.0,149.04404992154525,1669.0
2026-03-01 09:31:27.100,AAPL,148.99212571743934,632.0,148.98212571743932,221.0,148.97212571743933,971.0,149.01212571743932,1088.0,149.02212571743934,1858.0,149.03212571743933,1626.0
2026-03-01 09:31:27.200,AAPL,148.99101062243514,886.0,148.98101062243512,1143.0,148.97101062243513,924.0,149.01101062243512,926.0,149.02101062243514,1469.0,149.03101062243513,205.0
2026-03-01 09:31:27.300,AAPL,148.93971420057818,1404.0,148.92971420057816,1100.0,148.91971420057817,506.0,148.95971420057816,844.0,148.96971420057818,1638.0,148.97971420057817,1218.0
2026-03-01 09:31:27.400,AAPL,149.03287554217277,1055.0,149.02287554217276,878.0,149.01287554217276,1272.0,149.05287554217276,1509.0,149.06287554217278,1705.0,149.07287554217277,632.0
2026-03-01 09:31:27.500,AAPL,149.04058868952987,1600.0,149.03058868952985,772.0,149.02058868952986,1379.0,149.06058868952985,1194.0,149.07058868952987,1285.0,149.08058868952986,1397.0
2026-03-01 09:31:27.600,AAPL,149.0944764285077,1717.0,149.08447642850768,904.0,149.0744764285077,1066.0,149.1144764285077,366.0,149.1244764285077,1722.0,149.1344764285077,1090.0
2026-03-01 09:31:27.700,AAPL,149.09597128891107,983.0,149.08597128891105,974.0,149.07597128891106,1173.0,149.11597128891106,395.0,149.12597128891107,304.0,149.13597128891107,1500.0
2026-03-01 09:31:27.800,AAPL,149.10023464217326,1780.0,149.09023464217324,1394.0,149.08023464217325,424.0,149.12023464217324,142.0,149.13023464217326,475.0,149.14023464217325,1510.0
2026-03-01 09:31:27.900,AAPL,149.02521919763066,1574.0,149.01521919763064,1095.0,149.00521919763065,1939.0,149.04521919763064,457.0,149.05521919763066,886.0,149.06521919763065,1830.0
2026-03-01 09:31:28.000,AAPL,148.91768110414603,260.0,148.907681104146,848.0,148.89768110414602,534.0,148.937681104146,1301.0,148.94768110414603,1446.0,148.95768110414602,1507.0
2026-03-01 09:31:28.100,AAPL,148.98027636473782,1063.0,148.9702763647378,1167.0,148.9602763647378,1767.0,149.0002763647378,234.0,149.01027636473782,1035.0,149.0202763647378,605.0
2026-03-01 09:31:28.200,AAPL,148.98417927545094,347.0,148.97417927545092,1950.0,148.96417927545093,541.0,149.00417927545092,837.0,149.01417927545094,1349.0,149.02417927545093,1367.0
2026-03-01 09:31:28.300,AAPL,148.99450068160027,1576.0,148.98450068160025,1338.0,148.97450068160026,364.0,149.01450068160025,607.0,149.02450068160027,1740.0,149.03450068160026,1017.0
2026-03-01 09:31:28.400,AAPL,148.93204799399024,1276.0,148.92204799399022,1447.0,148.91204799399023,585.0,148.95204799399022,1042.0,148.96204799399024,1861.0,148.97204799399023,1922.0
2026-03-01 09:31:28.500,AAPL,148.88689478510057,1056.0,148.87689478510055,550.0,148.86689478510056,890.0,148.90689478510055,563.0,148.91689478510057,266.0,148.92689478510056,1527.0
2026-03-01 09:31:28.600,AAPL,148.9400098851573,813.0,148.9300098851573,1718.0,148.9200098851573,581.0,148.9600098851573,848.0,148.9700098851573,1014.0,148.9800098851573,1934.0
2026-03-01 09:31:28.700,AAPL,149.0270170736994,243.0,149.01701707369938,601.0,149.0070170736994,443.0,149.04701707369938,112.0,149.0570170736994,1191.0,149.0670170736994,621.0
2026-03-01 09:31:28.800,AAPL,148.99595337301076,1906.0,148.98595337301074,1021.0,148.97595337301075,397.0,149.01595337301075,1551.0,149.02595337301076,1587.0,149.03595337301076,1856.0
2026-03-01 09:31:28.900,AAPL,149.02952753742892,831.0,149.0195275374289,948.0,149.0095275374289,1582.0,149.0495275374289,807.0,149.05952753742892,1836.0,149.0695275374289,500.0
2026-03-01 09:31:29.000,AAPL,149.039028784063,651.0,149.02902878406297,1393.0,149.01902878406298,1591.0,149.05902878406297,947.0,149.069028784063,662.0,149.07902878406298,528.0
2026-03-01 09:31:29.100,AAPL,149.03300233705912,528.0,149.0230023370591,780.0,149.0130023370591,1450.0,149.0530023370591,1103.0,149.06300233705912,1422.0,149.0730023370591,882.0
2026-03-01 09:31:29.200,AAPL,149.12560028806803,356.0,149.115600288068,1819.0,149.10560028806802,914.0,149.145600288068,1040.0,149.15560028806803,901.0,149.16560028806802,777.0
2026-03-01 09:31:29.300,AAPL,149.10294020576688,1889.0,149.09294020576687,1652.0,149.08294020576687,539.0,149.12294020576687,968.0,149.1329402057669,120.0,149.14294020576688,1369.0
2026-03-01 09:31:29.400,AAPL,149.16497583761776,1747.0,149.15497583761774,266.0,149.14497583761775,1937.0,149.18497583761774,127.0,149.19497583761776,1806.0,149.20497583761775,1067.0
2026-03-01 09:31:29.500,AAPL,149.18404700346986,213.0,149.17404700346984,1388.0,149.16404700346985,409.0,149.20404700346984,418.0,149.21404700346986,1311.0,149.22404700346985,1380.0
2026-03-01 09:31:29.600,AAPL,149.18320253735163,1731.0,149.1732025373516,111.0,149.16320253735162,537.0,149.20320253735161,151.0,149.21320253735163,1795.0,149.22320253735163,749.0
2026-03-01 09:31:29.700,AAPL,149.25180339600328,797.0,149.24180339600326,803.0,149.23180339600327,1145.0,149.27180339600326,1473.0,149.28180339600328,1381.0,149.29180339600327,1244.0
2026-03-01 09:31:29.800,AAPL,149.26631012092443,1863.0,149.2563101209244,1784.0,149.24631012092442,1964.0,149.2863101209244,992.0,149.29631012092443,1415.0,149.30631012092442,554.0
2026-03-01 09:31:29.900,AAPL,149.26148874442882,1154.0,149.2514887444288,1960.0,149.2414887444288,982.0,149.2814887444288,510.0,149.29148874442882,1392.0,149.3014887444288,864.0
2026-03-01 09:31:30.000,AAPL,149.3304608530779,1606.0,149.3204608530779,1401.0,149.3104608530779,1637.0,149.3504608530779,1847.0,149.3604608530779,798.0,149.3704608530779,494.0
2026-03-01 09:31:30.100,AAPL,149.3929239657665,1042.0,149.38292396576648,1870.0,149.3729239657665,611.0,149.41292396576648,657.0,149.4229239657665,837.0,149.4329239657665,1017.0
2026-03-01 09:31:30.200,AAPL,149.4530221318242,1362.0,149.4430221318242,1374.0,149.4330221318242,1490.0,149.4730221318242,1355.0,149.4830221318242,1469.0,149.4930221318242,1849.0
2026-03-01 09:31:30.300,AAPL,149.25863191474323,450.0,149.2486319147432,445.0,149.23863191474322,1904.0,149.27863191474322,1484.0,149.28863191474323,160.0,149.29863191474323,1035.0
2026-03-01 09:31:30.400,AAPL,149.28064074603014,457.0,149.27064074603013,1366.0,149.26064074603013,350.0,149.30064074603013,1929.0,149.31064074603015,1597.0,149.32064074603014,769.0
2026-03-01 09:31:30.500,AAPL,149.29124660568365,1299.0,149.28124660568363,1154.0,149.27124660568364,237.0,149.31124660568364,992.0,149.32124660568365,1676.0,149.33124660568365,155.0
2026-03-01 09:31:30.600,AAPL,149.28950344297937,1960.0,149.27950344297935,1495.0,149.26950344297936,124.0,149.30950344297935,1049.0,149.31950344297937,1043.0,149.32950344297936,1926.0
2026-03-01 09:31:30.700,AAPL,149.319992424678,1403.0,149.30999242467797,1818.0,149.29999242467798,795.0,149.33999242467797,112.0,149.349992424678,811.0,149.35999242467798,1107.0
2026-03-01 09:31:30.800,AAPL,149.33302026830322,1385.0,149.3230202683032,1770.0,149.3130202683032,542.0,149.3530202683032,1405.0,149.36302026830322,127.0,149.3730202683032,1379.0
2026-03-01 09:31:30.900,AAPL,149.3669106391696,1696.0,149.35691063916957,1519.0,149.34691063916958,1971.0,149.38691063916957,1685.0,149.3969106391696,1420.0,149.40691063916958,1160.0
2026-03-01 09:31:31.000,AAPL,149.35351254878185,1265.0,149.34351254878183,987.0,149.33351254878184,349.0,149.37351254878183,731.0,149.38351254878185,1387.0,149.39351254878184,889.0
2026-03-01 09:31:31.100,AAPL,149.42842158029066,1922.0,149.41842158029064,311.0,149.40842158029065,1368.0,149.44842158029064,1537.0,149.45842158029066,1309.0,149.46842158029065,741.0
2026-03-01 09:31:31.200,AAPL,149.46736878987932,474.0,149.4573687898793,1903.0,149.4473687898793,1331.0,149.4873687898793,155.0,149.49736878987932,1345.0,149.5073687898793,805.0
2026-03-01 09:31:31.300,AAPL,149.49449511940506,710.0,149.48449511940504,1465.0,149.47449511940505,1051.0,149.51449511940504,1388.0,149.52449511940506,727.0,149.53449511940505,1557.0
2026-03-01 09:31:31.400,AAPL,149.5191803810904,1637.0,149.50918038109037,1147.0,149.49918038109038,442.0,149.53918038109038,1648.0,149.5491803810904,152.0,149.55918038109039,742.0
2026-03-01 09:31:31.500,AAPL,149.57704444646507,982.0,149.56704444646505,322.0,149.55704444646506,1268.0,149.59704444646505,1985.0,149.60704444646507,925.0,149.61704444646506,914.0
2026-03-01 09:31:31.600,AAPL,149.62812883581185,1919.0,149.61812883581183,1906.0,149.60812883581184,1930.0,149.64812883581183,550.0,149.65812883581185,501.0,149.66812883581184,247.0
2026-03-01 09:31:31.700,AAPL,149.62249023313453,1471.0,149.6124902331345,479.0,149.60249023313452,1422.0,149.6424902331345,1644.0,149.65249023313453,581.0,149.66249023313452,724.0
2026-03-01 09:31:31.800,AAPL,149.6720057521757,1104.0,149.66200575217567,298.0,149.65200575217568,819.0,149.69200575217567,1300.0,149.7020057521757,1364.0,149.71200575217568,954.0
2026-03-01 09:31:31.900,AAPL,149.6807083641778,616.0,149.67070836417778,690.0,149.6607083641778,932.0,149.70070836417779,319.0,149.7107083641778,876.0,149.7207083641778,1041.0
2026-03-01 09:31:32.000,AAPL,149.77655470375282,1098.0,149.7665547037528,524.0,149.7565547037528,1749.0,149.7965547037528,1624.0,149.80655470375282,297.0,149.81655470375281,954.0
2026-03-01 09:31:32.100,AAPL,149.83144109430515,1783.0,149.82144109430513,1207.0,149.81144109430514,816.0,149.85144109430513,667.0,149.86144109430515,1400.0,149.87144109430514,826.0
2026-03-01 09:31:32.200,AAPL,149.80016062837709,577.0,149.79016062837707,781.0,149.78016062837708,715.0,149.82016062837707,1836.0,149.8301606283771,708.0,149.84016062837708,1491.0
2026-03-01 09:31:32.300,AAPL,149.91669616284958,1691.0,149.90669616284956,1820.0,149.89669616284957,547.0,149.93669616284956,285.0,149.94669616284958,1788.0,149.95669616284957,429.0
2026-03-01 09:31:32.400,AAPL,149.8115941710501,556.0,149.80159417105008,520.0,149.7915941710501,301.0,149.83159417105009,1321.0,149.8415941710501,1267.0,149.8515941710501,1084.0
2026-03-01 09:31:32.500,AAPL,149.84346190808355,1051.0,149.83346190808354,276.0,149.82346190808354,867.0,149.86346190808354,850.0,149.87346190808356,1696.0,149.88346190808355,1116.0
2026-03-01 09:31:32.600,AAPL,149.8086495416113,1863.0,149.79864954161127,1574.0,149.78864954161128,1671.0,149.82864954161127,1105.0,149.8386495416113,1286.0,149.84864954161128,1042.0
2026-03-01 09:31:32.700,AAPL,149.90275855629494,1561.0,149.89275855629492,750.0,149.88275855629493,1004.0,149.92275855629492,1404.0,149.93275855629494,574.0,149.94275855629493,185.0
2026-03-01 09:31:32.800,AAPL,149.9153988595597,1015.0,149.90539885955968,158.0,149.8953988595597,1417.0,149.93539885955968,1183.0,149.9453988595597,804.0,149.9553988595597,1394.0
2026-03-01 09:31:32.900,AAPL,149.87570908630533,712.0,149.86570908630532,876.0,149.85570908630532,710.0,149.89570908630532,1233.0,149.90570908630534,161.0,149.91570908630533,1705.0
2026-03-01 09:31:33.000,AAPL,149.86238435069436,194.0,149.85238435069434,1664.0,149.84238435069435,987.0,149.88238435069434,1771.0,149.89238435069436,331.0,149.90238435069435,1155.0
2026-03-01 09:31:33.100,AAPL,149.8266877777611,1642.0,149.81668777776108,1481.0,149.80668777776108,167.0,149.84668777776108,784.0,149.8566877777611,777.0,149.8666877777611,1834.0
2026-03-01 09:31:33.200,AAPL,149.81139892883257,691.0,149.80139892883255,198.0,149.79139892883256,812.0,149.83139892883256,405.0,149.84139892883258,1483.0,149.85139892883257,776.0
2026-03-01 09:31:33.300,AAPL,149.7949665480381,1172.0,149.78496654803808,1059.0,149.7749665480381,672.0,149.8149665480381,134.0,149.8249665480381,1475.0,149.8349665480381,945.0
2026-03-01 09:31:33.400,AAPL,149.75740875460306,679.0,149.74740875460304,869.0,149.73740875460305,1689.0,149.77740875460304,339.0,149.78740875460306,622.0,149.79740875460305,1841.0
2026-03-01 09:31:33.500,AAPL,149.77091194518218,1082.0,149.76091194518216,513.0,149.75091194518217,1759.0,149.79091194518216,284.0,149.80091194518218,1934.0,149.81091194518217,141.0
2026-03-01 09:31:33.600,AAPL,149.7904731533525,1311.0,149.7804731533525,1382.0,149.7704731533525,697.0,149.8104731533525,1282.0,149.8204731533525,514.0,149.8304731533525,1822.0
2026-03-01 09:31:33.700,AAPL,149.74065783378873,118.0,149.7306578337887,210.0,149.72065783378872,179.0,149.7606578337887,852.0,149.77065783378873,250.0,149.78065783378872,748.0
2026-03-01 09:31:33.800,AAPL,149.6577443956365,1485.0,149.6477443956365,606.0,149.6377443956365,1089.0,149.6777443956365,114.0,149.6877443956365,1253.0,149.6977443956365,1603.0
2026-03-01 09:31:33.900,AAPL,149.673292218244,1325.0,149.66329221824398,109.0,149.653292218244,1450.0,149.69329221824398,948.0,149.703292218244,274.0,149.713292218244,1476.0
2026-03-01 09:31:34.000,AAPL,149.69988824579997,1144.0,149.68988824579995,165.0,149.67988824579996,643.0,149.71988824579995,325.0,149.72988824579997,1192.0,149.73988824579996,286.0
2026-03-01 09:31:34.100,AAPL,149.73639908389805,1248.0,149.72639908389803,1630.0,149.71639908389804,572.0,149.75639908389803,1405.0,149.76639908389805,799.0,149.77639908389804,1846.0
2026-03-01 09:31:34.200,AAPL,149.76395780297776,286.0,149.75395780297774,126.0,149.74395780297775,1704.0,149.78395780297774,1473.0,149.79395780297776,1778.0,149.80395780297775,404.0
2026-03-01 09:31:34.300,AAPL,149.84259364176458,932.0,149.83259364176456,404.0,149.82259364176457,1377.0,149.86259364176456,1330.0,149.87259364176458,368.0,149.88259364176457,625.0
2026-03-01 09:31:34.400,AAPL,149.89244703611115,354.0,149.88244703611113,999.0,149.87244703611114,641.0,149.91244703611113,1315.0,149.92244703611115,1610.0,149.93244703611114,956.0
2026-03-01 09:31:34.500,AAPL,150.02643844593194,1978.0,150.01643844593193,488.0,150.00643844593193,1850.0,150.04643844593193,1319.0,150.05643844593195,769.0,150.06643844593194,633.0
2026-03-01 09:31:34.600,AAPL,150.18147080577359,302.0,150.17147080577357,1639.0,150.16147080577358,1427.0,150.20147080577357,408.0,150.2114708057736,405.0,150.22147080577358,1133.0
2026-03-01 09:31:34.700,AAPL,150.09356567639134,1286.0,150.08356567639132,1932.0,150.07356567639133,201.0,150.11356567639132,225.0,150.12356567639134,384.0,150.13356567639133,942.0
2026-03-01 09:31:34.800,AAPL,149.98370874482956,924.0,149.97370874482954,1031.0,149.96370874482955,1452.0,150.00370874482954,1680.0,150.01370874482956,1207.0,150.02370874482955,1470.0
2026-03-01 09:31:34.900,AAPL,149.98333917993722,672.0,149.9733391799372,476.0,149.9633391799372,1142.0,150.0033391799372,1630.0,150.01333917993722,1118.0,150.0233391799372,810.0
2026-03-01 09:31:35.000,AAPL,150.00855080143123,1920.0,149.9985508014312,1973.0,149.98855080143122,991.0,150.0285508014312,1735.0,150.03855080143123,976.0,150.04855080143122,873.0
2026-03-01 09:31:35.100,AAPL,150.00475655098094,1269.0,149.99475655098092,956.0,149.98475655098093,689.0,150.02475655098092,342.0,150.03475655098094,1354.0,150.04475655098094,1700.0
2026-03-01 09:31:35.200,AAPL,150.03993557328383,276.0,150.0299355732838,1205.0,150.01993557328382,912.0,150.0599355732838,1569.0,150.06993557328383,499.0,150.07993557328382,476.0
2026-03-01 09:31:35.300,AAPL,150.02642346951393,160.0,150.0164234695139,1041.0,150.00642346951392,264.0,150.0464234695139,177.0,150.05642346951393,598.0,150.06642346951392,1296.0
2026-03-01 09:31:35.400,AAPL,149.9917259313432,682.0,149.9817259313432,1889.0,149.9717259313432,936.0,150.0117259313432,858.0,150.0217259313432,1503.0,150.0317259313432,409.0
2026-03-01 09:31:35.500,AAPL,149.96458138835067,563.0,149.95458138835065,1714.0,149.94458138835066,986.0,149.98458138835065,1041.0,149.99458138835067,849.0,150.00458138835066,498.0
2026-03-01 09:31:35.600,AAPL,149.95457296989744,1059.0,149.94457296989742,806.0,149.93457296989743,1567.0,149.97457296989742,256.0,149.98457296989744,1759.0,149.99457296989743,238.0
2026-03-01 09:31:35.700,AAPL,149.99674858710046,104.0,149.98674858710044,1859.0,149.97674858710045,1507.0,150.01674858710044,1545.0,150.02674858710046,352.0,150.03674858710045,545.0
2026-03-01 09:31:35.800,AAPL,149.97241155226718,1217.0,149.96241155226716,872.0,149.95241155226717,1376.0,149.99241155226716,850.0,150.00241155226718,1046.0,150.01241155226717,349.0
2026-03-01 09:31:35.900,AAPL,149.95796311712132,1891.0,149.9479631171213,1696.0,149.9379631171213,1362.0,149.9779631171213,1262.0,149.98796311712132,1898.0,149.99796311712132,791.0
2026-03-01 09:31:36.000,AAPL,149.98647395932355,638.0,149.97647395932353,1333.0,149.96647395932354,1036.0,150.00647395932353,1571.0,150.01647395932355,672.0,150.02647395932354,383.0
2026-03-01 09:31:36.100,AAPL,149.9765341394463,1177.0,149.96653413944628,145.0,149.9565341394463,881.0,149.99653413944628,253.0,150.0065341394463,1870.0,150.0165341394463,208.0
2026-03-01 09:31:36.200,AAPL,150.03236966697855,310.0,150.02236966697853,779.0,150.01236966697854,175.0,150.05236966697854,726.0,150.06236966697855,934.0,150.07236966697855,366.0
2026-03-01 09:31:36.300,AAPL,149.9863943553668,1122.0,149.97639435536678,1763.0,149.9663943553668,1582.0,150.00639435536678,789.0,150.0163943553668,1886.0,150.0263943553668,419.0
2026-03-01 09:31:36.400,AAPL,149.92957616754353,476.0,149.9195761675435,776.0,149.90957616754352,1582.0,149.9495761675435,1481.0,149.95957616754353,112.0,149.96957616754352,1452.0
2026-03-01 09:31:36.500,AAPL,149.94480761924444,1265.0,149.93480761924442,710.0,149.92480761924443,1902.0,149.96480761924443,608.0,149.97480761924444,1683.0,149.98480761924444,648.0
2026-03-01 09:31:36.600,AAPL,149.96502204235767,1859.0,149.95502204235765,1528.0,149.94502204235766,1368.0,149.98502204235766,1404.0,149.99502204235768,1191.0,150.00502204235767,1091.0
2026-03-01 09:31:36.700,AAPL,149.92177406765353,334.0,149.9117740676535,1469.0,149.90177406765352,142.0,149.9417740676535,368.0,149.95177406765353,1524.0,149.96177406765352,339.0
2026-03-01 09:31:36.800,AAPL,149.9889538377199,1219.0,149.97895383771987,1223.0,149.96895383771988,753.0,150.00895383771987,1004.0,150.0189538377199,1429.0,150.02895383771988,1672.0
2026-03-01 09:31:36.900,AAPL,150.0852006782084,980.0,150.07520067820838,828.0,150.06520067820838,384.0,150.10520067820838,1349.0,150.1152006782084,1447.0,150.1252006782084,926.0
2026-03-01 09:31:37.000,AAPL,150.05380796756637,1489.0,150.04380796756635,1898.0,150.03380796756636,1760.0,150.07380796756635,1767.0,150.08380796756637,1192.0,150.09380796756636,1577.0
2026-03-01 09:31:37.100,AAPL,150.12817300120292,1692.0,150.1181730012029,132.0,150.1081730012029,1173.0,150.1481730012029,592.0,150.15817300120293,286.0,150.16817300120292,620.0
2026-03-01 09:31:37.200,AAPL,150.00906639260288,981.0,149.99906639260286,839.0,149.98906639260287,1418.0,150.02906639260286,1304.0,150.03906639260288,504.0,150.04906639260287,670.0
2026-03-01 09:31:37.300,AAPL,150.0628720059388,217.0,150.05287200593878,785.0,150.0428720059388,837.0,150.08287200593878,100.0,150.0928720059388,1538.0,150.1028720059388,1519.0
2026-03-01 09:31:37.400,AAPL,150.01998386738236,1556.0,150.00998386738235,1194.0,149.99998386738235,745.0,150.03998386738235,1070.0,150.04998386738237,111.0,150.05998386738236,1329.0
2026-03-01 09:31:37.500,AAPL,150.06878750148098,459.0,150.05878750148096,156.0,150.04878750148097,814.0,150.08878750148097,1861.0,150.09878750148098,621.0,150.10878750148098,1691.0
2026-03-01 09:31:37.600,AAPL,150.02072370218315,348.0,150.01072370218313,535.0,150.00072370218314,381.0,150.04072370218313,1730.0,150.05072370218315,1537.0,150.06072370218314,1426.0
2026-03-01 09:31:37.700,AAPL,150.0172993254518,663.0,150.00729932545178,351.0,149.9972993254518,1362.0,150.03729932545178,1194.0,150.0472993254518,807.0,150.0572993254518,1930.0
2026-03-01 09:31:37.800,AAPL,149.9767935456247,1534.0,149.96679354562468,763.0,149.9567935456247,335.0,149.99679354562468,1015.0,150.0067935456247,1744.0,150.0167935456247,713.0
2026-03-01 09:31:37.900,AAPL,149.9660995107356,1583.0,149.95609951073558,693.0,149.9460995107356,273.0,149.98609951073558,1649.0,149.9960995107356,1914.0,150.0060995107356,547.0
2026-03-01 09:31:38.000,AAPL,150.05759571218212,1459.0,150.0475957121821,1378.0,150.0375957121821,233.0,150.0775957121821,1109.0,150.08759571218212,1782.0,150.0975957121821,1709.0
2026-03-01 09:31:38.100,AAPL,150.05219882235247,872.0,150.04219882235245,1016.0,150.03219882235246,223.0,150.07219882235245,1899.0,150.08219882235247,1869.0,150.09219882235246,1659.0
2026-03-01 09:31:38.200,AAPL,150.15771390354874,145.0,150.14771390354872,1262.0,150.13771390354873,1742.0,150.17771390354872,676.0,150.18771390354874,423.0,150.19771390354873,927.0
2026-03-01 09:31:38.300,AAPL,150.13842327549412,520.0,150.1284232754941,670.0,150.1184232754941,551.0,150.1584232754941,1983.0,150.16842327549412,1365.0,150.1784232754941,682.0
2026-03-01 09:31:38.400,AAPL,150.21301151068445,1817.0,150.20301151068443,1918.0,150.19301151068444,658.0,150.23301151068443,1565.0,150.24301151068445,1290.0,150.25301151068444,174.0
2026-03-01 09:31:38.500,AAPL,150.1317268803588,1533.0,150.12172688035878,594.0,150.1117268803588,1799.0,150.15172688035878,1846.0,150.1617268803588,1482.0,150.1717268803588,433.0
2026-03-01 09:31:38.600,AAPL,150.1174014275899,1302.0,150.10740142758988,1414.0,150.0974014275899,1972.0,150.13740142758988,839.0,150.1474014275899,1567.0,150.1574014275899,1568.0
2026-03-01 09:31:38.700,AAPL,150.09059592832364,283.0,150.08059592832362,1665.0,150.07059592832363,762.0,150.11059592832362,1803.0,150.12059592832364,1035.0,150.13059592832363,1311.0
2026-03-01 09:31:38.800,AAPL,150.16748120836348,1778.0,150.15748120836346,840.0,150.14748120836347,797.0,150.18748120836347,1478.0,150.19748120836348,271.0,150.20748120836348,610.0
2026-03-01 09:31:38.900,AAPL,150.1767436476653,149.0,150.16674364766527,1580.0,150.15674364766528,231.0,150.19674364766527,788.0,150.2067436476653,1462.0,150.21674364766528,1698.0
2026-03-01 09:31:39.000,AAPL,150.07233948918292,1961.0,150.0623394891829,1932.0,150.0523394891829,1095.0,150.0923394891829,1276.0,150.10233948918292,1150.0,150.11233948918292,313.0
2026-03-01 09:31:39.100,AAPL,150.00683300644673,513.0,149.9968330064467,791.0,149.98683300644672,753.0,150.0268330064467,1758.0,150.03683300644673,1407.0,150.04683300644672,799.0
2026-03-01 09:31:39.200,AAPL,149.95619989397778,1049.0,149.94619989397776,1394.0,149.93619989397777,333.0,149.97619989397776,752.0,149.98619989397778,1710.0,149.99619989397777,499.0
2026-03-01 09:31:39.300,AAPL,150.00290240868338,911.0,149.99290240868336,1082.0,149.98290240868337,581.0,150.02290240868336,943.0,150.03290240868338,1124.0,150.04290240868337,1906.0
2026-03-01 09:31:39.400,AAPL,150.0431527828662,1479.0,150.03315278286618,1715.0,150.0231527828662,1890.0,150.06315278286618,1541.0,150.0731527828662,1704.0,150.0831527828662,1097.0
2026-03-01 09:31:39.500,AAPL,150.02813281121814,622.0,150.01813281121812,1739.0,150.00813281121813,339.0,150.04813281121812,1682.0,150.05813281121814,121.0,150.06813281121813,547.0
2026-03-01 09:31:39.600,AAPL,150.00070732153725,1583.0,149.99070732153723,890.0,149.98070732153724,1113.0,150.02070732153723,1529.0,150.03070732153725,639.0,150.04070732153724,430.0
2026-03-01 09:31:39.700,AAPL,150.03652673357976,171.0,150.02652673357974,182.0,150.01652673357975,200.0,150.05652673357974,556.0,150.06652673357976,1210.0,150.07652673357975,237.0
2026-03-01 09:31:39.800,AAPL,149.98005057895816,938.0,149.97005057895814,1382.0,149.96005057895815,1995.0,150.00005057895814,757.0,150.01005057895816,743.0,150.02005057895815,259.0
2026-03-01 09:31:39.900,AAPL,150.00293402785567,624.0,149.99293402785565,843.0,149.98293402785566,231.0,150.02293402785565,994.0,150.03293402785567,664.0,150.04293402785567,1942.0
2026-03-01 09:31:40.000,AAPL,150.0215599276992,1121.0,150.01155992769918,1922.0,150.0015599276992,442.0,150.04155992769918,300.0,150.0515599276992,1087.0,150.0615599276992,398.0
2026-03-01 09:31:40.100,AAPL,150.00783044804587,192.0,149.99783044804585,1121.0,149.98783044804586,498.0,150.02783044804585,1938.0,150.03783044804587,437.0,150.04783044804586,1059.0
2026-03-01 09:31:40.200,AAPL,150.02771434629813,582.0,150.0177143462981,1465.0,150.00771434629812,305.0,150.0477143462981,1204.0,150.05771434629813,206.0,150.06771434629812,1723.0
2026-03-01 09:31:40.300,AAPL,150.03281906395188,1985.0,150.02281906395186,697.0,150.01281906395187,819.0,150.05281906395186,341.0,150.06281906395188,362.0,150.07281906395187,684.0
2026-03-01 09:31:40.400,AAPL,150.05769003868969,1987.0,150.04769003868967,582.0,150.03769003868968,177.0,150.07769003868967,1211.0,150.0876900386897,994.0,150.09769003868968,862.0
2026-03-01 09:31:40.500,AAPL,149.9909849232657,1270.0,149.98098492326568,1993.0,149.9709849232657,422.0,150.01098492326568,392.0,150.0209849232657,1675.0,150.0309849232657,1764.0
2026-03-01 09:31:40.600,AAPL,150.02171002229213,1717.0,150.0117100222921,1843.0,150.00171002229212,874.0,150.0417100222921,1103.0,150.05171002229213,771.0,150.06171002229212,628.0
2026-03-01 09:31:40.700,AAPL,150.07304008876724,1543.0,150.06304008876722,1669.0,150.05304008876723,315.0,150.09304008876722,1560.0,150.10304008876724,1165.0,150.11304008876724,1672.0
2026-03-01 09:31:40.800,AAPL,150.08908765979547,1123.0,150.07908765979545,203.0,150.06908765979546,441.0,150.10908765979545,1474.0,150.11908765979547,744.0,150.12908765979546,124.0
2026-03-01 09:31:40.900,AAPL,150.11914845234503,947.0,150.109148452345,351.0,150.09914845234502,887.0,150.139148452345,234.0,150.14914845234503,1558.0,150.15914845234502,552.0
2026-03-01 09:31:41.000,AAPL,150.11365248647456,742.0,150.10365248647454,360.0,150.09365248647455,202.0,150.13365248647455,121.0,150.14365248647456,804.0,150.15365248647456,1670.0
2026-03-01 09:31:41.100,AAPL,150.1582191147877,1775.0,150.14821911478768,1301.0,150.1382191147877,1932.0,150.17821911478768,1071.0,150.1882191147877,112.0,150.1982191147877,812.0
2026-03-01 09:31:41.200,AAPL,150.1614814711867,1690.0,150.15148147118668,1918.0,150.1414814711867,1008.0,150.1814814711867,1853.0,150.1914814711867,1436.0,150.2014814711867,1494.0
2026-03-01 09:31:41.300,AAPL,150.10408440706397,1114.0,150.09408440706395,1931.0,150.08408440706395,1358.0,150.12408440706395,1823.0,150.13408440706397,206.0,150.14408440706396,181.0
2026-03-01 09:31:41.400,AAPL,150.14509521480812,569.0,150.1350952148081,1031.0,150.1250952148081,625.0,150.1650952148081,932.0,150.17509521480812,213.0,150.18509521480811,1120.0
2026-03-01 09:31:41.500,AAPL,150.06338790243274,215.0,150.05338790243272,1754.0,150.04338790243273,1472.0,150.08338790243272,700.0,150.09338790243274,1983.0,150.10338790243273,1433.0
2026-03-01 09:31:41.600,AAPL,150.07752688964715,222.0,150.06752688964713,1676.0,150.05752688964714,1232.0,150.09752688964713,112.0,150.10752688964715,1031.0,150.11752688964714,1893.0
2026-03-01 09:31:41.700,AAPL,150.0583157471448,1220.0,150.04831574714478,1392.0,150.0383157471448,1100.0,150.07831574714479,904.0,150.0883157471448,1902.0,150.0983157471448,1692.0
2026-03-01 09:31:41.800,AAPL,150.03590945965956,1387.0,150.02590945965954,374.0,150.01590945965955,1529.0,150.05590945965955,138.0,150.06590945965957,966.0,150.07590945965956,621.0
2026-03-01 09:31:41.900,AAPL,150.04450889715588,1261.0,150.03450889715586,931.0,150.02450889715587,316.0,150.06450889715586,824.0,150.07450889715588,1296.0,150.08450889715587,842.0
2026-03-01 09:31:42.000,AAPL,150.00904448761497,1569.0,149.99904448761495,1785.0,149.98904448761496,1020.0,150.02904448761495,1885.0,150.03904448761497,1448.0,150.04904448761496,780.0
2026-03-01 09:31:42.100,AAPL,150.03465478832138,1571.0,150.02465478832136,1479.0,150.01465478832137,1287.0,150.05465478832136,1271.0,150.06465478832138,740.0,150.07465478832137,1816.0
2026-03-01 09:31:42.200,AAPL,150.03749461995247,1581.0,150.02749461995245,1079.0,150.01749461995246,1987.0,150.05749461995245,845.0,150.06749461995247,1696.0,150.07749461995246,1574.0
2026-03-01 09:31:42.300,AAPL,150.00662992238188,1855.0,149.99662992238186,186.0,149.98662992238187,1904.0,150.02662992238186,509.0,150.03662992238188,753.0,150.04662992238187,1484.0
2026-03-01 09:31:42.400,AAPL,150.0735389008842,1257.0,150.06353890088417,116.0,150.05353890088418,1883.0,150.09353890088417,1051.0,150.1035389008842,1285.0,150.11353890088418,1908.0
2026-03-01 09:31:42.500,AAPL,150.08377803139916,1424.0,150.07377803139914,334.0,150.06377803139915,566.0,150.10377803139914,944.0,150.11377803139916,1354.0,150.12377803139915,291.0
2026-03-01 09:31:42.600,AAPL,150.11531807807037,1359.0,150.10531807807035,236.0,150.09531807807036,1085.0,150.13531807807036,1127.0,150.14531807807037,1171.0,150.15531807807037,1423.0
2026-03-01 09:31:42.700,AAPL,150.1861475145451,219.0,150.17614751454508,270.0,150.1661475145451,607.0,150.20614751454508,1088.0,150.2161475145451,1515.0,150.2261475145451,1193.0
2026-03-01 09:31:42.800,AAPL,150.2561564413348,1371.0,150.2461564413348,618.0,150.2361564413348,543.0,150.2761564413348,618.0,150.2861564413348,833.0,150.2961564413348,362.0
2026-03-01 09:31:42.900,AAPL,150.28514571402764,971.0,150.27514571402762,677.0,150.26514571402762,1794.0,150.30514571402762,1285.0,150.31514571402764,1915.0,150.32514571402763,1245.0
2026-03-01 09:31:43.000,AAPL,150.27001280397715,211.0,150.26001280397713,397.0,150.25001280397714,1600.0,150.29001280397713,1602.0,150.30001280397715,774.0,150.31001280397714,512.0
2026-03-01 09:31:43.100,AAPL,150.1985276146003,1691.0,150.18852761460028,965.0,150.17852761460028,1912.0,150.21852761460028,410.0,150.2285276146003,1893.0,150.2385276146003,1814.0
2026-03-01 09:31:43.200,AAPL,150.20886214962428,1511.0,150.19886214962426,1967.0,150.18886214962427,1816.0,150.22886214962426,1478.0,150.23886214962428,979.0,150.24886214962427,815.0
2026-03-01 09:31:43.300,AAPL,150.26359136541512,1836.0,150.2535913654151,978.0,150.2435913654151,606.0,150.2835913654151,1532.0,150.29359136541512,1067.0,150.30359136541512,1213.0
2026-03-01 09:31:43.400,AAPL,150.2813071063848,1340.0,150.27130710638477,593.0,150.26130710638478,1371.0,150.30130710638477,1858.0,150.3113071063848,425.0,150.32130710638478,362.0
2026-03-01 09:31:43.500,AAPL,150.1090779038964,1330.0,150.0990779038964,302.0,150.0890779038964,264.0,150.1290779038964,651.0,150.1390779038964,524.0,150.1490779038964,1691.0
2026-03-01 09:31:43.600,AAPL,150.15258101163772,309.0,150.1425810116377,1776.0,150.1325810116377,1003.0,150.1725810116377,635.0,150.18258101163772,1602.0,150.1925810116377,966.0
2026-03-01 09:31:43.700,AAPL,150.1991559693765,1540.0,150.1891559693765,490.0,150.1791559693765,212.0,150.2191559693765,1201.0,150.2291559693765,323.0,150.2391559693765,313.0
2026-03-01 09:31:43.800,AAPL,150.1840948596902,1266.0,150.17409485969017,674.0,150.16409485969018,1279.0,150.20409485969017,1965.0,150.2140948596902,1295.0,150.22409485969018,295.0
2026-03-01 09:31:43.900,AAPL,150.23351294345287,863.0,150.22351294345285,551.0,150.21351294345286,1961.0,150.25351294345285,924.0,150.26351294345287,1500.0,150.27351294345286,1401.0
2026-03-01 09:31:44.000,AAPL,150.26491121417254,1093.0,150.25491121417252,1162.0,150.24491121417253,145.0,150.28491121417252,831.0,150.29491121417254,1407.0,150.30491121417253,1895.0
2026-03-01 09:31:44.100,AAPL,150.23063587455843,506.0,150.2206358745584,1507.0,150.21063587455842,403.0,150.2506358745584,1027.0,150.26063587455843,157.0,150.27063587455842,1704.0
2026-03-01 09:31:44.200,AAPL,150.29420093036933,491.0,150.2842009303693,1450.0,150.27420093036932,1451.0,150.3142009303693,239.0,150.32420093036933,1811.0,150.33420093036932,326.0
2026-03-01 09:31:44.300,AAPL,150.230827084214,1517.0,150.220827084214,782.0,150.210827084214,1015.0,150.250827084214,926.0,150.26082708421401,1463.0,150.270827084214,1235.0
2026-03-01 09:31:44.400,AAPL,150.2279648506621,523.0,150.21796485066207,1155.0,150.20796485066208,1126.0,150.24796485066207,1086.0,150.2579648506621,1215.0,150.26796485066208,1961.0
2026-03-01 09:31:44.500,AAPL,150.2201147350235,1003.0,150.21011473502347,1761.0,150.20011473502348,683.0,150.24011473502347,1283.0,150.2501147350235,1428.0,150.26011473502348,1015.0
2026-03-01 09:31:44.600,AAPL,150.17884282741403,623.0,150.168842827414,1805.0,150.15884282741402,1285.0,150.198842827414,1539.0,150.20884282741403,1258.0,150.21884282741402,1776.0
2026-03-01 09:31:44.700,AAPL,150.19403252079647,275.0,150.18403252079645,146.0,150.17403252079646,1351.0,150.21403252079645,1777.0,150.22403252079647,1211.0,150.23403252079646,1485.0
2026-03-01 09:31:44.800,AAPL,150.25955096577513,168.0,150.24955096577511,655.0,150.23955096577512,1425.0,150.27955096577512,1622.0,150.28955096577513,975.0,150.29955096577513,1728.0
2026-03-01 09:31:44.900,AAPL,150.3219380593682,494.0,150.31193805936817,362.0,150.30193805936818,1440.0,150.34193805936818,1248.0,150.3519380593682,1888.0,150.36193805936819,733.0
2026-03-01 09:31:45.000,AAPL,150.3581212701053,1084.0,150.34812127010528,1781.0,150.3381212701053,1308.0,150.37812127010528,902.0,150.3881212701053,134.0,150.3981212701053,1283.0
2026-03-01 09:31:45.100,AAPL,150.2733251447613,1991.0,150.26332514476127,1374.0,150.25332514476128,1299.0,150.29332514476127,215.0,150.3033251447613,981.0,150.31332514476128,703.0
2026-03-01 09:31:45.200,AAPL,150.20652752971742,507.0,150.1965275297174,1656.0,150.1865275297174,1687.0,150.2265275297174,287.0,150.23652752971742,1089.0,150.2465275297174,1752.0
2026-03-01 09:31:45.300,AAPL,150.21483598570538,812.0,150.20483598570536,105.0,150.19483598570537,904.0,150.23483598570536,231.0,150.24483598570538,1013.0,150.25483598570537,436.0
2026-03-01 09:31:45.400,AAPL,150.2131242336512,1508.0,150.20312423365118,1704.0,150.1931242336512,173.0,150.23312423365118,1374.0,150.2431242336512,1585.0,150.2531242336512,190.0
2026-03-01 09:31:45.500,AAPL,150.1882202422763,538.0,150.17822024227627,995.0,150.16822024227628,903.0,150.20822024227627,671.0,150.2182202422763,307.0,150.22822024227628,1053.0
2026-03-01 09:31:45.600,AAPL,150.283486402149,1295.0,150.273486402149,579.0,150.263486402149,818.0,150.303486402149,981.0,150.313486402149,353.0,150.323486402149,103.0
2026-03-01 09:31:45.700,AAPL,150.28877940980757,1560.0,150.27877940980756,475.0,150.26877940980756,259.0,150.30877940980756,554.0,150.31877940980758,262.0,150.32877940980757,865.0
2026-03-01 09:31:45.800,AAPL,150.3159000468671,314.0,150.3059000468671,1347.0,150.2959000468671,752.0,150.3359000468671,1116.0,150.34590004686711,679.0,150.3559000468671,1651.0
2026-03-01 09:31:45.900,AAPL,150.36529474091455,1925.0,150.35529474091453,1110.0,150.34529474091454,598.0,150.38529474091453,1714.0,150.39529474091455,610.0,150.40529474091454,933.0
2026-03-01 09:31:46.000,AAPL,150.36804266339817,675.0,150.35804266339815,1339.0,150.34804266339816,770.0,150.38804266339815,654.0,150.39804266339817,921.0,150.40804266339816,1233.0
2026-03-01 09:31:46.100,AAPL,150.49759577179378,438.0,150.48759577179376,890.0,150.47759577179377,506.0,150.51759577179376,1373.0,150.52759577179378,1892.0,150.53759577179378,1551.0
2026-03-01 09:31:46.200,AAPL,150.45057715667198,1849.0,150.44057715667196,521.0,150.43057715667197,425.0,150.47057715667196,1707.0,150.48057715667198,974.0,150.49057715667197,1738.0
2026-03-01 09:31:46.300,AAPL,150.42027357717728,1244.0,150.41027357717726,608.0,150.40027357717727,1519.0,150.44027357717727,1239.0,150.45027357717728,174.0,150.46027357717728,1507.0
2026-03-01 09:31:46.400,AAPL,150.37313229126315,249.0,150.36313229126313,399.0,150.35313229126314,1031.0,150.39313229126313,1071.0,150.40313229126315,1101.0,150.41313229126314,891.0
2026-03-01 09:31:46.500,AAPL,150.45126520558452,637.0,150.4412652055845,124.0,150.4312652055845,1620.0,150.4712652055845,718.0,150.48126520558452,1698.0,150.4912652055845,418.0
2026-03-01 09:31:46.600,AAPL,150.49136949929544,896.0,150.48136949929543,1463.0,150.47136949929543,1330.0,150.51136949929543,483.0,150.52136949929545,268.0,150.53136949929544,605.0
2026-03-01 09:31:46.700,AAPL,150.46416190365952,1507.0,150.4541619036595,616.0,150.4441619036595,990.0,150.4841619036595,1208.0,150.49416190365952,140.0,150.5041619036595,1724.0
2026-03-01 09:31:46.800,AAPL,150.42096808491178,845.0,150.41096808491176,1961.0,150.40096808491177,1911.0,150.44096808491176,142.0,150.45096808491178,386.0,150.46096808491177,1049.0
2026-03-01 09:31:46.900,AAPL,150.49021260994192,609.0,150.4802126099419,582.0,150.4702126099419,1246.0,150.5102126099419,431.0,150.52021260994192,381.0,150.5302126099419,600.0
2026-03-01 09:31:47.000,AAPL,150.50829699570886,1438.0,150.49829699570884,1202.0,150.48829699570885,1353.0,150.52829699570884,1281.0,150.53829699570886,1012.0,150.54829699570885,1338.0
2026-03-01 09:31:47.100,AAPL,150.5788178941397,147.0,150.56881789413967,1458.0,150.55881789413968,1311.0,150.59881789413967,1000.0,150.6088178941397,584.0,150.61881789413968,1211.0
2026-03-01 09:31:47.200,AAPL,150.5758104266006,1470.0,150.5658104266006,1521.0,150.5558104266006,1407.0,150.5958104266006,920.0,150.6058104266006,1661.0,150.6158104266006,165.0
2026-03-01 09:31:47.300,AAPL,150.60138719272229,115.0,150.59138719272227,1355.0,150.58138719272227,104.0,150.62138719272227,1254.0,150.6313871927223,1258.0,150.64138719272228,670.0
2026-03-01 09:31:47.400,AAPL,150.61639857548448,1541.0,150.60639857548446,271.0,150.59639857548447,369.0,150.63639857548446,1944.0,150.64639857548448,158.0,150.65639857548447,1097.0
2026-03-01 09:31:47.500,AAPL,150.58519300876577,1301.0,150.57519300876575,1415.0,150.56519300876576,1441.0,150.60519300876575,464.0,150.61519300876577,502.0,150.62519300876576,495.0
2026-03-01 09:31:47.600,AAPL,150.57798580082533,1162.0,150.5679858008253,129.0,150.55798580082532,1415.0,150.5979858008253,816.0,150.60798580082533,914.0,150.61798580082532,1352.0
2026-03-01 09:31:47.700,AAPL,150.51877063361042,1214.0,150.5087706336104,1926.0,150.4987706336104,222.0,150.5387706336104,1859.0,150.54877063361042,1939.0,150.5587706336104,1219.0
2026-03-01 09:31:47.800,AAPL,150.54347597479676,946.0,150.53347597479674,1494.0,150.52347597479675,1134.0,150.56347597479675,363.0,150.57347597479676,1919.0,150.58347597479676,1438.0
2026-03-01 09:31:47.900,AAPL,150.58153841211413,1195.0,150.5715384121141,1174.0,150.56153841211412,766.0,150.6015384121141,1341.0,150.61153841211413,1100.0,150.62153841211412,795.0
2026-03-01 09:31:48.000,AAPL,150.63104647211938,1353.0,150.62104647211936,576.0,150.61104647211937,480.0,150.65104647211936,669.0,150.66104647211938,317.0,150.67104647211937,328.0
2026-03-01 09:31:48.100,AAPL,150.66437371677793,1453.0,150.6543737167779,497.0,150.64437371677792,1686.0,150.6843737167779,1713.0,150.69437371677793,1634.0,150.70437371677792,1434.0
2026-03-01 09:31:48.200,AAPL,150.65796320995278,834.0,150.64796320995276,765.0,150.63796320995277,1112.0,150.67796320995276,1871.0,150.68796320995278,1747.0,150.69796320995277,637.0
2026-03-01 09:31:48.300,AAPL,150.73556174220664,871.0,150.72556174220662,424.0,150.71556174220663,1867.0,150.75556174220662,634.0,150.76556174220664,1411.0,150.77556174220663,1033.0
2026-03-01 09:31:48.400,AAPL,150.78017716659312,414.0,150.7701771665931,1924.0,150.7601771665931,411.0,150.8001771665931,1090.0,150.81017716659312,1376.0,150.8201771665931,1920.0
2026-03-01 09:31:48.500,AAPL,150.84960448167595,141.0,150.83960448167593,1235.0,150.82960448167594,1960.0,150.86960448167594,599.0,150.87960448167595,1825.0,150.88960448167595,231.0
2026-03-01 09:31:48.600,AAPL,150.92216881689947,622.0,150.91216881689945,492.0,150.90216881689946,353.0,150.94216881689945,980.0,150.95216881689947,1902.0,150.96216881689946,869.0
2026-03-01 09:31:48.700,AAPL,150.91588883413414,1611.0,150.90588883413412,1899.0,150.89588883413413,285.0,150.93588883413412,226.0,150.94588883413414,301.0,150.95588883413413,308.0
2026-03-01 09:31:48.800,AAPL,150.9352828069788,1218.0,150.92528280697877,1707.0,150.91528280697878,753.0,150.95528280697877,380.0,150.9652828069788,377.0,150.97528280697878,1100.0
2026-03-01 09:31:48.900,AAPL,150.97401106615368,1308.0,150.96401106615366,731.0,150.95401106615367,320.0,150.99401106615366,711.0,151.00401106615368,164.0,151.01401106615367,1412.0
2026-03-01 09:31:49.000,AAPL,150.91655397677695,323.0,150.90655397677693,461.0,150.89655397677694,920.0,150.93655397677693,967.0,150.94655397677695,1858.0,150.95655397677695,1360.0
2026-03-01 09:31:49.100,AAPL,150.86020531815802,1996.0,150.850205318158,1159.0,150.840205318158,811.0,150.880205318158,604.0,150.89020531815802,120.0,150.90020531815802,1625.0
2026-03-01 09:31:49.200,AAPL,150.79523973585825,1589.0,150.78523973585823,725.0,150.77523973585824,1651.0,150.81523973585823,610.0,150.82523973585825,1598.0,150.83523973585824,557.0
2026-03-01 09:31:49.300,AAPL,150.78983473143225,321.0,150.77983473143223,860.0,150.76983473143224,1387.0,150.80983473143223,877.0,150.81983473143225,1043.0,150.82983473143224,1849.0
2026-03-01 09:31:49.400,AAPL,150.7731688784717,626.0,150.76316887847167,451.0,150.75316887847168,1830.0,150.79316887847168,214.0,150.8031688784717,1161.0,150.81316887847169,242.0
2026-03-01 09:31:49.500,AAPL,150.7013853470569,396.0,150.6913853470569,377.0,150.6813853470569,1447.0,150.7213853470569,473.0,150.73138534705691,605.0,150.7413853470569,817.0
2026-03-01 09:31:49.600,AAPL,150.70885325844185,160.0,150.69885325844183,160.0,150.68885325844184,760.0,150.72885325844183,1992.0,150.73885325844185,471.0,150.74885325844184,1234.0
2026-03-01 09:31:49.700,AAPL,150.70407231260603,1138.0,150.694072312606,1080.0,150.68407231260602,624.0,150.724072312606,374.0,150.73407231260603,282.0,150.74407231260602,228.0
2026-03-01 09:31:49.800,AAPL,150.76318432110986,393.0,150.75318432110984,107.0,150.74318432110985,1106.0,150.78318432110984,102.0,150.79318432110986,485.0,150.80318432110985,761.0
2026-03-01 09:31:49.900,AAPL,150.8638332750665,1647.0,150.85383327506648,1139.0,150.8438332750665,866.0,150.88383327506648,398.0,150.8938332750665,1194.0,150.9038332750665,659.0
2026-03-01 09:31:50.000,AAPL,150.8866557920872,225.0,150.87665579208718,144.0,150.8666557920872,776.0,150.90665579208718,1082.0,150.9166557920872,591.0,150.9266557920872,753.0
2026-03-01 09:31:50.100,AAPL,150.8518242660189,1370.0,150.84182426601888,1617.0,150.83182426601888,1446.0,150.87182426601888,251.0,150.8818242660189,1616.0,150.8918242660189,1927.0
2026-03-01 09:31:50.200,AAPL,150.88416048488625,507.0,150.87416048488623,1615.0,150.86416048488624,511.0,150.90416048488623,792.0,150.91416048488625,850.0,150.92416048488624,1078.0
2026-03-01 09:31:50.300,AAPL,150.88462563105227,303.0,150.87462563105225,1494.0,150.86462563105226,1353.0,150.90462563105226,1128.0,150.91462563105227,1614.0,150.92462563105227,1605.0
2026-03-01 09:31:50.400,AAPL,150.8726193683632,1226.0,150.86261936836317,965.0,150.85261936836318,1307.0,150.89261936836317,185.0,150.9026193683632,949.0,150.91261936836318,1834.0
2026-03-01 09:31:50.500,AAPL,150.8295393123042,411.0,150.8195393123042,1299.0,150.8095393123042,449.0,150.8495393123042,808.0,150.8595393123042,1874.0,150.8695393123042,188.0
2026-03-01 09:31:50.600,AAPL,150.8063283103431,563.0,150.79632831034309,908.0,150.7863283103431,1836.0,150.8263283103431,184.0,150.8363283103431,1457.0,150.8463283103431,1137.0
2026-03-01 09:31:50.700,AAPL,150.79743875977942,515.0,150.7874387597794,900.0,150.77743875977941,640.0,150.8174387597794,1239.0,150.82743875977943,1606.0,150.83743875977942,102.0
2026-03-01 09:31:50.800,AAPL,150.8376435793877,630.0,150.82764357938768,1016.0,150.8176435793877,1393.0,150.85764357938768,1790.0,150.8676435793877,780.0,150.8776435793877,307.0
2026-03-01 09:31:50.900,AAPL,150.8631948584081,1572.0,150.85319485840807,636.0,150.84319485840808,1863.0,150.88319485840807,931.0,150.8931948584081,1420.0,150.90319485840809,638.0
2026-03-01 09:31:51.000,AAPL,150.9544736655545,1649.0,150.94447366555448,1036.0,150.9344736655545,1080.0,150.97447366555448,924.0,150.9844736655545,691.0,150.9944736655545,122.0
2026-03-01 09:31:51.100,AAPL,150.98819056924683,1471.0,150.9781905692468,993.0,150.96819056924681,1144.0,151.0081905692468,1462.0,151.01819056924683,1383.0,151.02819056924682,1983.0
2026-03-01 09:31:51.200,AAPL,151.00940531547494,1212.0,150.99940531547492,852.0,150.98940531547493,282.0,151.02940531547492,1288.0,151.03940531547494,1309.0,151.04940531547493,1968.0
2026-03-01 09:31:51.300,AAPL,150.99409379720132,1526.0,150.9840937972013,1476.0,150.9740937972013,1437.0,151.0140937972013,622.0,151.02409379720132,1792.0,151.0340937972013,1209.0
2026-03-01 09:31:51.400,AAPL,150.942220648109,1396.0,150.93222064810897,1548.0,150.92222064810898,483.0,150.96222064810897,492.0,150.972220648109,1251.0,150.98222064810898,913.0
2026-03-01 09:31:51.500,AAPL,150.91372597601634,642.0,150.90372597601632,1692.0,150.89372597601633,1309.0,150.93372597601632,1278.0,150.94372597601634,461.0,150.95372597601633,1987.0
2026-03-01 09:31:51.600,AAPL,150.87873404287822,586.0,150.8687340428782,320.0,150.8587340428782,699.0,150.8987340428782,927.0,150.90873404287822,1289.0,150.9187340428782,1629.0
2026-03-01 09:31:51.700,AAPL,150.75068870198163,199.0,150.7406887019816,1261.0,150.73068870198162,1899.0,150.7706887019816,1458.0,150.78068870198163,1279.0,150.79068870198162,390.0
2026-03-01 09:31:51.800,AAPL,150.70025711285294,382.0,150.69025711285292,451.0,150.68025711285293,687.0,150.72025711285292,917.0,150.73025711285294,1688.0,150.74025711285293,1248.0
2026-03-01 09:31:51.900,AAPL,150.78036760092124,368.0,150.77036760092122,1953.0,150.76036760092123,673.0,150.80036760092122,658.0,150.81036760092124,1024.0,150.82036760092123,330.0
2026-03-01 09:31:52.000,AAPL,150.79879761156917,1314.0,150.78879761156915,476.0,150.77879761156916,344.0,150.81879761156915,1788.0,150.82879761156917,1878.0,150.83879761156916,1857.0
2026-03-01 09:31:52.100,AAPL,150.77997141880192,1541.0,150.7699714188019,1541.0,150.7599714188019,549.0,150.7999714188019,817.0,150.80997141880192,1217.0,150.8199714188019,1756.0
2026-03-01 09:31:52.200,AAPL,150.7998954099089,676.0,150.7898954099089,1938.0,150.7798954099089,544.0,150.8198954099089,806.0,150.82989540990891,934.0,150.8398954099089,531.0
2026-03-01 09:31:52.300,AAPL,150.70222518362246,1212.0,150.69222518362244,624.0,150.68222518362245,1372.0,150.72222518362244,601.0,150.73222518362246,1084.0,150.74222518362245,1042.0
2026-03-01 09:31:52.400,AAPL,150.71633006944558,1273.0,150.70633006944556,1637.0,150.69633006944557,786.0,150.73633006944556,897.0,150.74633006944558,1905.0,150.75633006944557,789.0
2026-03-01 09:31:52.500,AAPL,150.78020468260294,992.0,150.77020468260292,1581.0,150.76020468260293,169.0,150.80020468260292,1698.0,150.81020468260294,874.0,150.82020468260293,946.0
2026-03-01 09:31:52.600,AAPL,150.77414888524848,235.0,150.76414888524846,1104.0,150.75414888524847,593.0,150.79414888524846,1381.0,150.80414888524848,184.0,150.81414888524847,859.0
2026-03-01 09:31:52.700,AAPL,150.68554940893605,430.0,150.67554940893604,1415.0,150.66554940893604,1113.0,150.70554940893604,1519.0,150.71554940893606,1291.0,150.72554940893605,772.0
2026-03-01 09:31:52.800,AAPL,150.6648523821972,1601.0,150.6548523821972,1691.0,150.6448523821972,1577.0,150.6848523821972,556.0,150.6948523821972,119.0,150.7048523821972,1166.0
2026-03-01 09:31:52.900,AAPL,150.72881548194638,507.0,150.71881548194636,490.0,150.70881548194637,935.0,150.74881548194637,149.0,150.75881548194639,430.0,150.76881548194638,1259.0
2026-03-01 09:31:53.000,AAPL,150.74174696479128,737.0,150.73174696479126,320.0,150.72174696479127,1022.0,150.76174696479126,1933.0,150.77174696479128,1549.0,150.78174696479127,1137.0
2026-03-01 09:31:53.100,AAPL,150.67083146005157,1876.0,150.66083146005155,881.0,150.65083146005156,833.0,150.69083146005156,1276.0,150.70083146005157,1681.0,150.71083146005157,609.0
2026-03-01 09:31:53.200,AAPL,150.78921291901077,556.0,150.77921291901075,1041.0,150.76921291901076,1096.0,150.80921291901075,1651.0,150.81921291901077,1158.0,150.82921291901076,1226.0
2026-03-01 09:31:53.300,AAPL,150.72652249319853,914.0,150.7165224931985,1019.0,150.70652249319852,542.0,150.7465224931985,1307.0,150.75652249319853,893.0,150.76652249319852,549.0
2026-03-01 09:31:53.400,AAPL,150.71437626411785,1168.0,150.70437626411783,756.0,150.69437626411784,955.0,150.73437626411783,1165.0,150.74437626411785,163.0,150.75437626411784,1721.0
2026-03-01 09:31:53.500,AAPL,150.66250696408525,985.0,150.65250696408523,1780.0,150.64250696408524,1933.0,150.68250696408523,374.0,150.69250696408525,800.0,150.70250696408525,1738.0
2026-03-01 09:31:53.600,AAPL,150.61070686333957,718.0,150.60070686333955,1262.0,150.59070686333956,1234.0,150.63070686333955,1875.0,150.64070686333957,1056.0,150.65070686333956,1585.0
2026-03-01 09:31:53.700,AAPL,150.58809930755282,1579.0,150.5780993075528,1645.0,150.5680993075528,516.0,150.6080993075528,1269.0,150.61809930755282,1546.0,150.62809930755282,1528.0
2026-03-01 09:31:53.800,AAPL,150.6199068155451,156.0,150.6099068155451,1347.0,150.5999068155451,1000.0,150.6399068155451,1156.0,150.6499068155451,1281.0,150.6599068155451,1863.0
2026-03-01 09:31:53.900,AAPL,150.68443338780608,1062.0,150.67443338780606,775.0,150.66443338780607,1306.0,150.70443338780606,685.0,150.71443338780608,1173.0,150.72443338780607,941.0
2026-03-01 09:31:54.000,AAPL,150.66512497920448,731.0,150.65512497920446,1123.0,150.64512497920447,1826.0,150.68512497920446,432.0,150.69512497920448,930.0,150.70512497920447,672.0
2026-03-01 09:31:54.100,AAPL,150.61461780149523,1266.0,150.6046178014952,359.0,150.59461780149522,966.0,150.6346178014952,636.0,150.64461780149523,1946.0,150.65461780149522,1624.0
2026-03-01 09:31:54.200,AAPL,150.63854976732821,455.0,150.6285497673282,730.0,150.6185497673282,1868.0,150.6585497673282,463.0,150.66854976732822,515.0,150.6785497673282,1330.0
2026-03-01 09:31:54.300,AAPL,150.66394794627467,1888.0,150.65394794627466,1635.0,150.64394794627466,1939.0,150.68394794627466,588.0,150.69394794627468,330.0,150.70394794627467,598.0
2026-03-01 09:31:54.400,AAPL,150.67596676305234,1262.0,150.66596676305232,566.0,150.65596676305233,1241.0,150.69596676305233,764.0,150.70596676305234,363.0,150.71596676305234,786.0
2026-03-01 09:31:54.500,AAPL,150.6897537536977,139.0,150.67975375369767,755.0,150.66975375369768,975.0,150.70975375369767,908.0,150.7197537536977,372.0,150.72975375369768,937.0
2026-03-01 09:31:54.600,AAPL,150.6841254313805,945.0,150.67412543138047,776.0,150.66412543138048,1357.0,150.70412543138048,1056.0,150.7141254313805,1068.0,150.7241254313805,1067.0
2026-03-01 09:31:54.700,AAPL,150.6890329741083,425.0,150.67903297410828,158.0,150.6690329741083,199.0,150.70903297410828,1725.0,150.7190329741083,1803.0,150.7290329741083,558.0
2026-03-01 09:31:54.800,AAPL,150.6799504176771,848.0,150.6699504176771,780.0,150.6599504176771,750.0,150.6999504176771,455.0,150.7099504176771,819.0,150.7199504176771,1959.0
2026-03-01 09:31:54.900,AAPL,150.73346260402897,1193.0,150.72346260402895,1950.0,150.71346260402896,468.0,150.75346260402895,703.0,150.76346260402897,1875.0,150.77346260402896,576.0
2026-03-01 09:31:55.000,AAPL,150.84488557906425,843.0,150.83488557906423,1989.0,150.82488557906424,259.0,150.86488557906424,327.0,150.87488557906426,184.0,150.88488557906425,1966.0
2026-03-01 09:31:55.100,AAPL,150.85386823664962,762.0,150.8438682366496,237.0,150.8338682366496,379.0,150.8738682366496,980.0,150.88386823664962,620.0,150.8938682366496,1844.0
2026-03-01 09:31:55.200,AAPL,150.85353962425106,289.0,150.84353962425104,1477.0,150.83353962425105,1113.0,150.87353962425104,516.0,150.88353962425106,901.0,150.89353962425105,1437.0
2026-03-01 09:31:55.300,AAPL,150.86633269253556,178.0,150.85633269253555,1162.0,150.84633269253555,1552.0,150.88633269253555,111.0,150.89633269253557,1828.0,150.90633269253556,1500.0
2026-03-01 09:31:55.400,AAPL,150.8334366024864,1372.0,150.82343660248637,902.0,150.81343660248638,1937.0,150.85343660248637,1547.0,150.8634366024864,1691.0,150.87343660248638,234.0
2026-03-01 09:31:55.500,AAPL,150.87168552104163,1275.0,150.8616855210416,1407.0,150.85168552104162,1305.0,150.8916855210416,1018.0,150.90168552104163,1944.0,150.91168552104162,1088.0
2026-03-01 09:31:55.600,AAPL,150.8937443414957,1755.0,150.88374434149569,1812.0,150.8737443414957,1210.0,150.9137443414957,227.0,150.9237443414957,1499.0,150.9337443414957,755.0
2026-03-01 09:31:55.700,AAPL,150.87272083109355,521.0,150.86272083109353,732.0,150.85272083109354,181.0,150.89272083109353,460.0,150.90272083109355,1232.0,150.91272083109354,371.0
2026-03-01 09:31:55.800,AAPL,150.91782417204567,613.0,150.90782417204565,1764.0,150.89782417204566,1511.0,150.93782417204565,1088.0,150.94782417204567,464.0,150.95782417204566,670.0
2026-03-01 09:31:55.900,AAPL,150.91877366046296,1480.0,150.90877366046294,1788.0,150.89877366046295,1627.0,150.93877366046294,1530.0,150.94877366046296,362.0,150.95877366046295,1835.0
2026-03-01 09:31:56.000,AAPL,150.87027082853925,1000.0,150.86027082853923,724.0,150.85027082853924,731.0,150.89027082853923,875.0,150.90027082853925,507.0,150.91027082853924,1546.0
2026-03-01 09:31:56.100,AAPL,150.88785105081038,581.0,150.87785105081036,502.0,150.86785105081037,578.0,150.90785105081036,1375.0,150.91785105081038,1421.0,150.92785105081037,201.0
2026-03-01 09:31:56.200,AAPL,150.89970067598034,1786.0,150.88970067598032,130.0,150.87970067598033,1555.0,150.91970067598032,322.0,150.92970067598034,391.0,150.93970067598033,246.0
2026-03-01 09:31:56.300,AAPL,150.94772158328587,1378.0,150.93772158328585,270.0,150.92772158328586,1905.0,150.96772158328585,821.0,150.97772158328587,475.0,150.98772158328586,1661.0
2026-03-01 09:31:56.400,AAPL,150.98929893078963,391.0,150.9792989307896,260.0,150.96929893078962,1147.0,151.0092989307896,1871.0,151.01929893078963,420.0,151.02929893078962,1675.0
2026-03-01 09:31:56.500,AAPL,150.9838376142582,1353.0,150.97383761425817,491.0,150.96383761425818,248.0,151.00383761425817,520.0,151.0138376142582,567.0,151.02383761425818,489.0
2026-03-01 09:31:56.600,AAPL,150.9602332674375,1629.0,150.95023326743748,137.0,150.9402332674375,576.0,150.98023326743748,178.0,150.9902332674375,573.0,151.0002332674375,1670.0
2026-03-01 09:31:56.700,AAPL,150.9603204549404,388.0,150.95032045494037,246.0,150.94032045494038,528.0,150.98032045494037,587.0,150.9903204549404,1956.0,151.00032045494038,1768.0
2026-03-01 09:31:56.800,AAPL,150.97848589892382,1188.0,150.9684858989238,1965.0,150.9584858989238,1408.0,150.9984858989238,557.0,151.00848589892382,1189.0,151.0184858989238,877.0
2026-03-01 09:31:56.900,AAPL,151.0026736178121,1260.0,150.99267361781207,700.0,150.98267361781208,559.0,151.02267361781207,551.0,151.0326736178121,521.0,151.04267361781208,1359.0
2026-03-01 09:31:57.000,AAPL,151.0177442282189,318.0,151.00774422821888,204.0,150.9977442282189,1420.0,151.03774422821888,1703.0,151.0477442282189,1242.0,151.0577442282189,677.0
2026-03-01 09:31:57.100,AAPL,151.0132061310453,741.0,151.0032061310453,1496.0,150.9932061310453,1717.0,151.0332061310453,1250.0,151.0432061310453,535.0,151.0532061310453,1580.0
2026-03-01 09:31:57.200,AAPL,151.06304698204647,300.0,151.05304698204645,640.0,151.04304698204646,1537.0,151.08304698204645,707.0,151.09304698204647,131.0,151.10304698204646,1235.0
2026-03-01 09:31:57.300,AAPL,151.02933188734178,1784.0,151.01933188734176,1910.0,151.00933188734177,1754.0,151.04933188734176,487.0,151.05933188734178,1834.0,151.06933188734178,1108.0
2026-03-01 09:31:57.400,AAPL,151.15330205994954,514.0,151.14330205994952,826.0,151.13330205994953,1616.0,151.17330205994952,305.0,151.18330205994954,888.0,151.19330205994953,509.0
2026-03-01 09:31:57.500,AAPL,151.19145557895723,1900.0,151.1814555789572,430.0,151.17145557895722,335.0,151.2114555789572,1992.0,151.22145557895723,867.0,151.23145557895722,1337.0
2026-03-01 09:31:57.600,AAPL,151.13508130879873,1638.0,151.1250813087987,1196.0,151.11508130879872,1647.0,151.1550813087987,1757.0,151.16508130879873,829.0,151.17508130879872,227.0
2026-03-01 09:31:57.700,AAPL,151.14434277534554,133.0,151.13434277534552,1900.0,151.12434277534553,1178.0,151.16434277534552,1865.0,151.17434277534554,1917.0,151.18434277534553,352.0
2026-03-01 09:31:57.800,AAPL,151.18297695124716,154.0,151.17297695124714,546.0,151.16297695124715,1078.0,151.20297695124714,1808.0,151.21297695124716,951.0,151.22297695124715,881.0
2026-03-01 09:31:57.900,AAPL,151.16550849597118,1036.0,151.15550849597116,1785.0,151.14550849597117,662.0,151.18550849597116,116.0,151.19550849597118,1533.0,151.20550849597117,400.0
2026-03-01 09:31:58.000,AAPL,151.09075129359232,471.0,151.0807512935923,1168.0,151.0707512935923,1577.0,151.1107512935923,223.0,151.12075129359232,1083.0,151.1307512935923,147.0
2026-03-01 09:31:58.100,AAPL,151.03879809651238,1112.0,151.02879809651236,1000.0,151.01879809651237,290.0,151.05879809651236,518.0,151.06879809651238,1530.0,151.07879809651237,550.0
2026-03-01 09:31:58.200,AAPL,151.06590274372965,630.0,151.05590274372963,1764.0,151.04590274372964,1436.0,151.08590274372963,724.0,151.09590274372965,984.0,151.10590274372964,1146.0
2026-03-01 09:31:58.300,AAPL,150.97817192010126,1384.0,150.96817192010124,819.0,150.95817192010125,737.0,150.99817192010124,109.0,151.00817192010126,1925.0,151.01817192010125,1312.0
2026-03-01 09:31:58.400,AAPL,150.90570469150896,1451.0,150.89570469150894,1467.0,150.88570469150895,1164.0,150.92570469150894,1693.0,150.93570469150896,720.0,150.94570469150895,1379.0
2026-03-01 09:31:58.500,AAPL,150.93254642885563,377.0,150.9225464288556,684.0,150.91254642885562,1385.0,150.9525464288556,265.0,150.96254642885563,1946.0,150.97254642885562,1443.0
2026-03-01 09:31:58.600,AAPL,150.9214189680133,179.0,150.9114189680133,885.0,150.9014189680133,1187.0,150.9414189680133,1335.0,150.95141896801331,1267.0,150.9614189680133,752.0
2026-03-01 09:31:58.700,AAPL,150.88662994853306,1512.0,150.87662994853304,1216.0,150.86662994853305,341.0,150.90662994853304,1376.0,150.91662994853306,131.0,150.92662994853305,583.0
2026-03-01 09:31:58.800,AAPL,150.86189334116693,1169.0,150.8518933411669,204.0,150.84189334116692,1915.0,150.88189334116691,305.0,150.89189334116693,1422.0,150.90189334116693,949.0
2026-03-01 09:31:58.900,AAPL,150.78835265052473,472.0,150.7783526505247,1108.0,150.76835265052472,1360.0,150.8083526505247,1178.0,150.81835265052473,164.0,150.82835265052472,542.0
2026-03-01 09:31:59.000,AAPL,150.81257532204745,1113.0,150.80257532204743,1497.0,150.79257532204744,1819.0,150.83257532204743,939.0,150.84257532204745,580.0,150.85257532204744,1105.0
2026-03-01 09:31:59.100,AAPL,150.77224814429658,1205.0,150.76224814429656,690.0,150.75224814429657,436.0,150.79224814429656,494.0,150.80224814429658,1991.0,150.81224814429657,162.0
2026-03-01 09:31:59.200,AAPL,150.7454605350674,880.0,150.73546053506738,1700.0,150.72546053506738,781.0,150.76546053506738,990.0,150.7754605350674,1046.0,150.7854605350674,1952.0
2026-03-01 09:31:59.300,AAPL,150.76279979189675,891.0,150.75279979189673,871.0,150.74279979189674,1498.0,150.78279979189674,917.0,150.79279979189675,857.0,150.80279979189675,1155.0
2026-03-01 09:31:59.400,AAPL,150.74996841512404,215.0,150.73996841512403,551.0,150.72996841512403,1401.0,150.76996841512403,904.0,150.77996841512405,462.0,150.78996841512404,1057.0
2026-03-01 09:31:59.500,AAPL,150.71473574964233,1669.0,150.7047357496423,1914.0,150.69473574964232,934.0,150.7347357496423,1975.0,150.74473574964233,1335.0,150.75473574964232,568.0
2026-03-01 09:31:59.600,AAPL,150.61526382840614,475.0,150.60526382840612,682.0,150.59526382840613,1046.0,150.63526382840612,454.0,150.64526382840614,340.0,150.65526382840613,472.0
2026-03-01 09:31:59.700,AAPL,150.63363512069952,857.0,150.6236351206995,703.0,150.6136351206995,961.0,150.6536351206995,1791.0,150.66363512069952,680.0,150.67363512069952,363.0
2026-03-01 09:31:59.800,AAPL,150.63758476907995,1089.0,150.62758476907993,267.0,150.61758476907994,1048.0,150.65758476907993,687.0,150.66758476907995,1998.0,150.67758476907994,1200.0
2026-03-01 09:31:59.900,AAPL,150.61171539619576,339.0,150.60171539619574,1321.0,150.59171539619575,1007.0,150.63171539619574,455.0,150.64171539619576,315.0,150.65171539619575,1512.0
2026-03-01 09:32:00.000,AAPL,150.55984544092243,355.0,150.5498454409224,251.0,150.53984544092242,1449.0,150.5798454409224,152.0,150.58984544092243,457.0,150.59984544092242,271.0
2026-03-01 09:32:00.100,AAPL,150.5604835648551,811.0,150.55048356485509,561.0,150.5404835648551,967.0,150.5804835648551,1798.0,150.5904835648551,883.0,150.6004835648551,1197.0
2026-03-01 09:32:00.200,AAPL,150.5845071528814,1893.0,150.57450715288138,1999.0,150.5645071528814,286.0,150.60450715288138,1092.0,150.6145071528814,1983.0,150.6245071528814,1337.0
2026-03-01 09:32:00.300,AAPL,150.5893950969476,1488.0,150.5793950969476,1614.0,150.5693950969476,1292.0,150.6093950969476,1454.0,150.6193950969476,383.0,150.6293950969476,578.0
2026-03-01 09:32:00.400,AAPL,150.67129837297222,1279.0,150.6612983729722,1139.0,150.6512983729722,503.0,150.6912983729722,402.0,150.70129837297222,1917.0,150.7112983729722,697.0
2026-03-01 09:32:00.500,AAPL,150.70653709810247,1550.0,150.69653709810245,388.0,150.68653709810246,206.0,150.72653709810245,966.0,150.73653709810247,898.0,150.74653709810246,1213.0
2026-03-01 09:32:00.600,AAPL,150.70117294361876,604.0,150.69117294361874,1913.0,150.68117294361875,417.0,150.72117294361874,461.0,150.73117294361876,1230.0,150.74117294361875,1359.0
2026-03-01 09:32:00.700,AAPL,150.7380868814236,221.0,150.7280868814236,331.0,150.7180868814236,1281.0,150.7580868814236,1715.0,150.7680868814236,1867.0,150.7780868814236,1062.0
2026-03-01 09:32:00.800,AAPL,150.74051999534316,1925.0,150.73051999534314,190.0,150.72051999534315,1060.0,150.76051999534315,1956.0,150.77051999534316,1523.0,150.78051999534316,396.0
2026-03-01 09:32:00.900,AAPL,150.7427796330693,735.0,150.73277963306927,1279.0,150.72277963306928,1496.0,150.76277963306927,403.0,150.7727796330693,1741.0,150.78277963306928,734.0
2026-03-01 09:32:01.000,AAPL,150.80759782293484,211.0,150.79759782293482,879.0,150.78759782293483,261.0,150.82759782293482,1164.0,150.83759782293484,715.0,150.84759782293483,1949.0
2026-03-01 09:32:01.100,AAPL,150.76269492902782,795.0,150.7526949290278,1902.0,150.7426949290278,1799.0,150.7826949290278,1817.0,150.79269492902782,1215.0,150.8026949290278,324.0
2026-03-01 09:32:01.200,AAPL,150.76386041143056,368.0,150.75386041143054,1696.0,150.74386041143055,857.0,150.78386041143054,118.0,150.79386041143056,962.0,150.80386041143055,959.0
2026-03-01 09:32:01.300,AAPL,150.82334591156305,1834.0,150.81334591156303,390.0,150.80334591156304,1875.0,150.84334591156303,1917.0,150.85334591156305,782.0,150.86334591156304,1304.0
2026-03-01 09:32:01.400,AAPL,150.8387954394718,771.0,150.82879543947178,563.0,150.81879543947178,532.0,150.85879543947178,338.0,150.8687954394718,1528.0,150.8787954394718,1711.0
2026-03-01 09:32:01.500,AAPL,150.82034279020334,1772.0,150.81034279020332,346.0,150.80034279020333,303.0,150.84034279020332,340.0,150.85034279020334,889.0,150.86034279020333,879.0
2026-03-01 09:32:01.600,AAPL,150.73503480193463,1241.0,150.7250348019346,252.0,150.71503480193462,1956.0,150.7550348019346,1012.0,150.76503480193463,567.0,150.77503480193462,1369.0
2026-03-01 09:32:01.700,AAPL,150.62151745482495,1149.0,150.61151745482493,777.0,150.60151745482494,1799.0,150.64151745482494,167.0,150.65151745482495,747.0,150.66151745482495,320.0
2026-03-01 09:32:01.800,AAPL,150.725326514313,1339.0,150.71532651431298,302.0,150.705326514313,407.0,150.74532651431298,1976.0,150.755326514313,666.0,150.765326514313,965.0
2026-03-01 09:32:01.900,AAPL,150.74075210537552,1147.0,150.7307521053755,584.0,150.7207521053755,1325.0,150.7607521053755,1526.0,150.77075210537552,200.0,150.7807521053755,1475.0
2026-03-01 09:32:02.000,AAPL,150.7115484484212,1631.0,150.7015484484212,140.0,150.6915484484212,255.0,150.7315484484212,1453.0,150.7415484484212,1350.0,150.7515484484212,727.0
2026-03-01 09:32:02.100,AAPL,150.72902129287772,810.0,150.7190212928777,671.0,150.7090212928777,677.0,150.7490212928777,1691.0,150.75902129287772,557.0,150.7690212928777,1766.0
2026-03-01 09:32:02.200,AAPL,150.68163758596253,304.0,150.67163758596251,832.0,150.66163758596252,1912.0,150.70163758596252,1300.0,150.71163758596254,1354.0,150.72163758596253,1604.0
2026-03-01 09:32:02.300,AAPL,150.66507752209273,243.0,150.6550775220927,1920.0,150.64507752209272,1175.0,150.6850775220927,1247.0,150.69507752209273,1586.0,150.70507752209272,1635.0
2026-03-01 09:32:02.400,AAPL,150.61803050244308,1283.0,150.60803050244306,1898.0,150.59803050244307,240.0,150.63803050244306,1428.0,150.64803050244308,668.0,150.65803050244307,651.0
2026-03-01 09:32:02.500,AAPL,150.54736682321484,1306.0,150.53736682321482,450.0,150.52736682321483,1050.0,150.56736682321483,1848.0,150.57736682321485,629.0,150.58736682321484,1640.0
2026-03-01 09:32:02.600,AAPL,150.44211757592296,1905.0,150.43211757592294,379.0,150.42211757592295,1388.0,150.46211757592295,363.0,150.47211757592297,1498.0,150.48211757592296,230.0
2026-03-01 09:32:02.700,AAPL,150.3622347063115,1302.0,150.3522347063115,1033.0,150.3422347063115,728.0,150.3822347063115,1461.0,150.3922347063115,620.0,150.4022347063115,240.0
2026-03-01 09:32:02.800,AAPL,150.41329909450837,1920.0,150.40329909450836,537.0,150.39329909450836,608.0,150.43329909450836,1113.0,150.44329909450838,523.0,150.45329909450837,1467.0
2026-03-01 09:32:02.900,AAPL,150.3639549964479,554.0,150.35395499644787,1659.0,150.34395499644788,1936.0,150.38395499644787,1633.0,150.3939549964479,1502.0,150.40395499644788,1917.0
2026-03-01 09:32:03.000,AAPL,150.39069960203804,139.0,150.38069960203802,1681.0,150.37069960203803,734.0,150.41069960203802,431.0,150.42069960203804,1988.0,150.43069960203803,1481.0
2026-03-01 09:32:03.100,AAPL,150.4385319715303,305.0,150.42853197153028,1663.0,150.41853197153029,1644.0,150.45853197153028,1676.0,150.4685319715303,1715.0,150.4785319715303,1443.0
2026-03-01 09:32:03.200,AAPL,150.43936095579068,482.0,150.42936095579066,188.0,150.41936095579067,388.0,150.45936095579066,164.0,150.46936095579068,240.0,150.47936095579067,275.0
2026-03-01 09:32:03.300,AAPL,150.4244325951746,1660.0,150.4144325951746,190.0,150.4044325951746,1628.0,150.4444325951746,955.0,150.4544325951746,1647.0,150.4644325951746,1429.0
2026-03-01 09:32:03.400,AAPL,150.431083741201,946.0,150.421083741201,1710.0,150.411083741201,1902.0,150.451083741201,1161.0,150.461083741201,1031.0,150.471083741201,1332.0
2026-03-01 09:32:03.500,AAPL,150.4102527228748,1264.0,150.40025272287477,1170.0,150.39025272287478,1952.0,150.43025272287477,1632.0,150.4402527228748,1102.0,150.45025272287478,681.0
2026-03-01 09:32:03.600,AAPL,150.47044818597763,1770.0,150.4604481859776,772.0,150.45044818597762,1017.0,150.4904481859776,691.0,150.50044818597763,291.0,150.51044818597762,781.0
2026-03-01 09:32:03.700,AAPL,150.56427487968483,1457.0,150.5542748796848,1703.0,150.54427487968482,1786.0,150.5842748796848,1938.0,150.59427487968483,1155.0,150.60427487968482,259.0
2026-03-01 09:32:03.800,AAPL,150.6367654712034,1366.0,150.62676547120338,282.0,150.6167654712034,992.0,150.65676547120339,827.0,150.6667654712034,751.0,150.6767654712034,1393.0
2026-03-01 09:32:03.900,AAPL,150.5291873094647,114.0,150.51918730946468,552.0,150.5091873094647,1045.0,150.54918730946468,897.0,150.5591873094647,1443.0,150.5691873094647,559.0
2026-03-01 09:32:04.000,AAPL,150.5073359715217,1900.0,150.4973359715217,1083.0,150.4873359715217,1162.0,150.5273359715217,1964.0,150.5373359715217,1004.0,150.5473359715217,818.0
2026-03-01 09:32:04.100,AAPL,150.50754392846076,1880.0,150.49754392846074,1576.0,150.48754392846075,1018.0,150.52754392846074,1688.0,150.53754392846076,337.0,150.54754392846075,1014.0
2026-03-01 09:32:04.200,AAPL,150.5306968264819,752.0,150.52069682648187,1434.0,150.51069682648188,1065.0,150.55069682648187,1546.0,150.5606968264819,1471.0,150.57069682648188,1666.0
2026-03-01 09:32:04.300,AAPL,150.44433109959678,1082.0,150.43433109959676,1948.0,150.42433109959677,470.0,150.46433109959676,1570.0,150.47433109959678,904.0,150.48433109959677,1731.0
2026-03-01 09:32:04.400,AAPL,150.35715891657836,1906.0,150.34715891657834,739.0,150.33715891657835,261.0,150.37715891657834,1851.0,150.38715891657836,931.0,150.39715891657835,1536.0
2026-03-01 09:32:04.500,AAPL,150.4224984040596,1023.0,150.4124984040596,577.0,150.4024984040596,1499.0,150.4424984040596,854.0,150.4524984040596,871.0,150.4624984040596,1782.0
2026-03-01 09:32:04.600,AAPL,150.39454243812912,257.0,150.3845424381291,844.0,150.3745424381291,639.0,150.4145424381291,1873.0,150.42454243812912,645.0,150.4345424381291,1265.0
2026-03-01 09:32:04.700,AAPL,150.32017212120647,932.0,150.31017212120645,1050.0,150.30017212120646,106.0,150.34017212120645,689.0,150.35017212120647,319.0,150.36017212120646,1498.0
2026-03-01 09:32:04.800,AAPL,150.26499008082033,176.0,150.2549900808203,1035.0,150.24499008082032,318.0,150.2849900808203,987.0,150.29499008082033,1091.0,150.30499008082032,1176.0
2026-03-01 09:32:04.900,AAPL,150.28451381298592,1370.0,150.2745138129859,371.0,150.2645138129859,924.0,150.3045138129859,1568.0,150.31451381298592,1233.0,150.3245138129859,1824.0
2026-03-01 09:32:05.000,AAPL,150.24338642866275,1451.0,150.23338642866273,239.0,150.22338642866274,749.0,150.26338642866273,381.0,150.27338642866275,1971.0,150.28338642866274,1960.0
2026-03-01 09:32:05.100,AAPL,150.25546771077194,242.0,150.24546771077192,329.0,150.23546771077193,1266.0,150.27546771077192,1956.0,150.28546771077194,1829.0,150.29546771077193,584.0
2026-03-01 09:32:05.200,AAPL,150.20653134263463,599.0,150.19653134263461,548.0,150.18653134263462,930.0,150.22653134263462,1696.0,150.23653134263463,138.0,150.24653134263463,1348.0
2026-03-01 09:32:05.300,AAPL,150.11932133626541,1685.0,150.1093213362654,1230.0,150.0993213362654,1465.0,150.1393213362654,481.0,150.14932133626542,817.0,150.1593213362654,1548.0
2026-03-01 09:32:05.400,AAPL,150.1905403444265,347.0,150.18054034442648,118.0,150.17054034442648,1368.0,150.21054034442648,946.0,150.2205403444265,1919.0,150.2305403444265,541.0
2026-03-01 09:32:05.500,AAPL,150.21044983999093,600.0,150.2004498399909,811.0,150.19044983999092,1402.0,150.2304498399909,666.0,150.24044983999093,368.0,150.25044983999092,1607.0
2026-03-01 09:32:05.600,AAPL,150.19376229692904,1207.0,150.18376229692902,352.0,150.17376229692903,1078.0,150.21376229692902,1474.0,150.22376229692904,725.0,150.23376229692903,1077.0
2026-03-01 09:32:05.700,AAPL,150.16769421084496,440.0,150.15769421084494,638.0,150.14769421084495,1394.0,150.18769421084494,154.0,150.19769421084496,1102.0,150.20769421084495,709.0
2026-03-01 09:32:05.800,AAPL,150.2409392292987,729.0,150.23093922929868,248.0,150.2209392292987,1112.0,150.26093922929869,1811.0,150.2709392292987,1434.0,150.2809392292987,1614.0
2026-03-01 09:32:05.900,AAPL,150.27051573157516,1607.0,150.26051573157514,1357.0,150.25051573157515,1054.0,150.29051573157514,1038.0,150.30051573157516,529.0,150.31051573157515,863.0
2026-03-01 09:32:06.000,AAPL,150.32785638315693,1785.0,150.3178563831569,289.0,150.30785638315692,1787.0,150.3478563831569,997.0,150.35785638315693,1769.0,150.36785638315692,325.0
2026-03-01 09:32:06.100,AAPL,150.29867174928248,1128.0,150.28867174928246,1595.0,150.27867174928247,1850.0,150.31867174928246,908.0,150.32867174928248,1055.0,150.33867174928247,406.0
2026-03-01 09:32:06.200,AAPL,150.30120507629147,175.0,150.29120507629145,1537.0,150.28120507629146,870.0,150.32120507629145,641.0,150.33120507629147,1954.0,150.34120507629146,1963.0
2026-03-01 09:32:06.300,AAPL,150.32131502209128,945.0,150.31131502209126,1251.0,150.30131502209127,1827.0,150.34131502209127,472.0,150.35131502209128,1295.0,150.36131502209128,801.0
2026-03-01 09:32:06.400,AAPL,150.2938115666256,1232.0,150.2838115666256,538.0,150.2738115666256,240.0,150.3138115666256,1254.0,150.3238115666256,1637.0,150.3338115666256,306.0
2026-03-01 09:32:06.500,AAPL,150.28903496117542,1169.0,150.2790349611754,1189.0,150.2690349611754,402.0,150.3090349611754,1262.0,150.31903496117542,1182.0,150.3290349611754,151.0
2026-03-01 09:32:06.600,AAPL,150.25985444418126,1808.0,150.24985444418124,1714.0,150.23985444418125,1177.0,150.27985444418124,1697.0,150.28985444418126,1822.0,150.29985444418125,859.0
2026-03-01 09:32:06.700,AAPL,150.27980740405636,432.0,150.26980740405634,817.0,150.25980740405635,1638.0,150.29980740405634,1744.0,150.30980740405636,1003.0,150.31980740405635,735.0
2026-03-01 09:32:06.800,AAPL,150.21373769586384,837.0,150.20373769586382,1787.0,150.19373769586383,930.0,150.23373769586382,1320.0,150.24373769586384,1558.0,150.25373769586383,720.0
2026-03-01 09:32:06.900,AAPL,150.2423361968262,410.0,150.23233619682617,460.0,150.22233619682618,1171.0,150.26233619682617,1145.0,150.2723361968262,341.0,150.28233619682618,1959.0
2026-03-01 09:32:07.000,AAPL,150.25787185691334,514.0,150.24787185691332,1608.0,150.23787185691333,825.0,150.27787185691332,991.0,150.28787185691334,1050.0,150.29787185691333,1723.0
2026-03-01 09:32:07.100,AAPL,150.24770643048797,478.0,150.23770643048795,1770.0,150.22770643048796,970.0,150.26770643048795,694.0,150.27770643048797,1967.0,150.28770643048796,470.0
2026-03-01 09:32:07.200,AAPL,150.27018228777058,841.0,150.26018228777056,1422.0,150.25018228777057,1585.0,150.29018228777056,183.0,150.30018228777058,544.0,150.31018228777057,1510.0
2026-03-01 09:32:07.300,AAPL,150.25193526458392,1793.0,150.2419352645839,877.0,150.2319352645839,677.0,150.2719352645839,1055.0,150.28193526458392,411.0,150.2919352645839,364.0
2026-03-01 09:32:07.400,AAPL,150.21842872751756,786.0,150.20842872751754,1713.0,150.19842872751755,1611.0,150.23842872751754,1907.0,150.24842872751756,1684.0,150.25842872751755,589.0
2026-03-01 09:32:07.500,AAPL,150.24561503525698,1055.0,150.23561503525696,227.0,150.22561503525696,421.0,150.26561503525696,408.0,150.27561503525698,1960.0,150.28561503525697,1882.0
2026-03-01 09:32:07.600,AAPL,150.2749657355147,658.0,150.2649657355147,1627.0,150.2549657355147,1407.0,150.2949657355147,1496.0,150.3049657355147,387.0,150.3149657355147,942.0
2026-03-01 09:32:07.700,AAPL,150.24960222357424,289.0,150.23960222357422,1569.0,150.22960222357423,1014.0,150.26960222357422,1780.0,150.27960222357424,1216.0,150.28960222357424,1460.0
2026-03-01 09:32:07.800,AAPL,150.2199496089621,1818.0,150.2099496089621,552.0,150.1999496089621,1891.0,150.2399496089621,238.0,150.2499496089621,950.0,150.2599496089621,1329.0
2026-03-01 09:32:07.900,AAPL,150.21080093477408,1786.0,150.20080093477407,1998.0,150.19080093477407,226.0,150.23080093477407,155.0,150.2408009347741,220.0,150.25080093477408,1477.0
2026-03-01 09:32:08.000,AAPL,150.18320065213337,867.0,150.17320065213335,747.0,150.16320065213336,1952.0,150.20320065213335,1678.0,150.21320065213337,1695.0,150.22320065213336,1798.0
2026-03-01 09:32:08.100,AAPL,150.2594566076275,1561.0,150.24945660762748,613.0,150.2394566076275,901.0,150.27945660762748,1091.0,150.2894566076275,523.0,150.2994566076275,266.0
2026-03-01 09:32:08.200,AAPL,150.2752803933372,1449.0,150.26528039333718,1874.0,150.2552803933372,179.0,150.29528039333718,1728.0,150.3052803933372,694.0,150.3152803933372,1385.0
2026-03-01 09:32:08.300,AAPL,150.27601040501457,1572.0,150.26601040501455,1656.0,150.25601040501456,958.0,150.29601040501456,1140.0,150.30601040501458,765.0,150.31601040501457,621.0
2026-03-01 09:32:08.400,AAPL,150.22937415633012,1121.0,150.2193741563301,402.0,150.2093741563301,406.0,150.2493741563301,1011.0,150.25937415633013,888.0,150.26937415633012,832.0
2026-03-01 09:32:08.500,AAPL,150.26632362868193,1636.0,150.2563236286819,464.0,150.24632362868192,1262.0,150.2863236286819,1222.0,150.29632362868193,493.0,150.30632362868192,817.0
2026-03-01 09:32:08.600,AAPL,150.23574338368473,817.0,150.22574338368472,1667.0,150.21574338368472,1908.0,150.25574338368472,1177.0,150.26574338368474,1241.0,150.27574338368473,680.0
2026-03-01 09:32:08.700,AAPL,150.20310601813068,478.0,150.19310601813066,1464.0,150.18310601813067,1367.0,150.22310601813066,1075.0,150.23310601813068,1510.0,150.24310601813067,654.0
2026-03-01 09:32:08.800,AAPL,150.2417367512845,1124.0,150.23173675128447,308.0,150.22173675128448,1293.0,150.26173675128447,1132.0,150.2717367512845,112.0,150.28173675128448,501.0
2026-03-01 09:32:08.900,AAPL,150.2611028873341,1991.0,150.25110288733407,171.0,150.24110288733408,1434.0,150.28110288733407,1053.0,150.2911028873341,1983.0,150.30110288733408,175.0
2026-03-01 09:32:09.000,AAPL,150.13593050687732,1586.0,150.1259305068773,246.0,150.1159305068773,334.0,150.1559305068773,1440.0,150.16593050687732,796.0,150.1759305068773,269.0
2026-03-01 09:32:09.100,AAPL,150.1280419686891,1009.0,150.11804196868908,1772.0,150.1080419686891,447.0,150.14804196868909,676.0,150.1580419686891,807.0,150.1680419686891,1400.0
2026-03-01 09:32:09.200,AAPL,150.1343179497165,1702.0,150.12431794971647,1900.0,150.11431794971648,1975.0,150.15431794971647,1713.0,150.1643179497165,1705.0,150.17431794971648,785.0
2026-03-01 09:32:09.300,AAPL,150.11733814192743,364.0,150.1073381419274,817.0,150.09733814192742,537.0,150.13733814192742,1105.0,150.14733814192743,1157.0,150.15733814192743,212.0
2026-03-01 09:32:09.400,AAPL,150.12535632521192,308.0,150.1153563252119,372.0,150.10535632521191,414.0,150.1453563252119,186.0,150.15535632521193,634.0,150.16535632521192,1670.0
2026-03-01 09:32:09.500,AAPL,150.03487192506645,784.0,150.02487192506644,440.0,150.01487192506644,465.0,150.05487192506644,1262.0,150.06487192506646,397.0,150.07487192506645,642.0
2026-03-01 09:32:09.600,AAPL,149.89332089509944,1810.0,149.88332089509942,561.0,149.87332089509943,1325.0,149.91332089509942,735.0,149.92332089509944,904.0,149.93332089509943,1282.0
2026-03-01 09:32:09.700,AAPL,149.84454748318092,126.0,149.8345474831809,762.0,149.8245474831809,431.0,149.8645474831809,775.0,149.87454748318092,513.0,149.8845474831809,1540.0
2026-03-01 09:32:09.800,AAPL,149.85865983926928,1782.0,149.84865983926926,1592.0,149.83865983926927,899.0,149.87865983926926,1667.0,149.88865983926928,428.0,149.89865983926927,1940.0
2026-03-01 09:32:09.900,AAPL,149.69741202784323,772.0,149.6874120278432,535.0,149.67741202784322,725.0,149.7174120278432,475.0,149.72741202784323,1847.0,149.73741202784322,262.0
2026-03-01 09:32:10.000,AAPL,149.65523472448126,706.0,149.64523472448124,789.0,149.63523472448125,827.0,149.67523472448124,789.0,149.68523472448126,425.0,149.69523472448125,105.0
2026-03-01 09:32:10.100,AAPL,149.55909667602128,165.0,149.54909667602126,1219.0,149.53909667602127,514.0,149.57909667602127,579.0,149.58909667602128,677.0,149.59909667602128,335.0
2026-03-01 09:32:10.200,AAPL,149.54696546739473,1835.0,149.5369654673947,537.0,149.52696546739472,456.0,149.5669654673947,602.0,149.57696546739473,188.0,149.58696546739472,1618.0
2026-03-01 09:32:10.300,AAPL,149.6448604302925,1008.0,149.6348604302925,1018.0,149.6248604302925,981.0,149.6648604302925,735.0,149.6748604302925,1848.0,149.6848604302925,1985.0
2026-03-01 09:32:10.400,AAPL,149.6340016305593,1189.0,149.6240016305593,585.0,149.6140016305593,453.0,149.6540016305593,346.0,149.6640016305593,1941.0,149.6740016305593,1859.0
2026-03-01 09:32:10.500,AAPL,149.62862648829275,898.0,149.61862648829273,462.0,149.60862648829274,300.0,149.64862648829273,394.0,149.65862648829275,167.0,149.66862648829274,1868.0
2026-03-01 09:32:10.600,AAPL,149.67058803533217,1267.0,149.66058803533215,371.0,149.65058803533216,1860.0,149.69058803533215,505.0,149.70058803533217,732.0,149.71058803533217,278.0
2026-03-01 09:32:10.700,AAPL,149.6716533632227,1479.0,149.66165336322268,114.0,149.6516533632227,768.0,149.69165336322268,1169.0,149.7016533632227,1497.0,149.7116533632227,568.0
2026-03-01 09:32:10.800,AAPL,149.66090377471323,1414.0,149.6509037747132,598.0,149.64090377471322,428.0,149.68090377471322,1186.0,149.69090377471323,1635.0,149.70090377471323,1566.0
2026-03-01 09:32:10.900,AAPL,149.7072360709205,262.0,149.69723607092047,1594.0,149.68723607092048,357.0,149.72723607092047,1850.0,149.7372360709205,815.0,149.74723607092048,452.0
2026-03-01 09:32:11.000,AAPL,149.73083042844607,1354.0,149.72083042844605,1039.0,149.71083042844606,1862.0,149.75083042844605,783.0,149.76083042844607,543.0,149.77083042844606,1844.0
2026-03-01 09:32:11.100,AAPL,149.7452617165244,382.0,149.73526171652438,1472.0,149.7252617165244,781.0,149.76526171652438,1218.0,149.7752617165244,1728.0,149.7852617165244,541.0
2026-03-01 09:32:11.200,AAPL,149.73832270889602,1298.0,149.728322708896,595.0,149.718322708896,154.0,149.758322708896,1438.0,149.76832270889602,1110.0,149.778322708896,833.0
2026-03-01 09:32:11.300,AAPL,149.72101947365968,1679.0,149.71101947365966,717.0,149.70101947365967,145.0,149.74101947365966,546.0,149.75101947365968,1647.0,149.76101947365967,616.0
2026-03-01 09:32:11.400,AAPL,149.76687801792124,963.0,149.75687801792122,1388.0,149.74687801792123,1611.0,149.78687801792123,968.0,149.79687801792124,718.0,149.80687801792124,1976.0
2026-03-01 09:32:11.500,AAPL,149.7500548869273,1505.0,149.74005488692728,265.0,149.7300548869273,603.0,149.77005488692728,1826.0,149.7800548869273,1034.0,149.7900548869273,518.0
2026-03-01 09:32:11.600,AAPL,149.8116175308951,343.0,149.80161753089507,1899.0,149.79161753089508,1896.0,149.83161753089507,1681.0,149.8416175308951,647.0,149.85161753089508,1771.0
2026-03-01 09:32:11.700,AAPL,149.75926021258064,698.0,149.74926021258062,1428.0,149.73926021258063,544.0,149.77926021258062,530.0,149.78926021258064,1573.0,149.79926021258063,182.0
2026-03-01 09:32:11.800,AAPL,149.83094941030592,100.0,149.8209494103059,1508.0,149.8109494103059,390.0,149.8509494103059,1794.0,149.86094941030592,1957.0,149.8709494103059,702.0
2026-03-01 09:32:11.900,AAPL,149.85455141446033,1220.0,149.8445514144603,150.0,149.83455141446032,1960.0,149.8745514144603,1153.0,149.88455141446033,422.0,149.89455141446032,1521.0
2026-03-01 09:32:12.000,AAPL,149.80612466830775,683.0,149.79612466830773,255.0,149.78612466830774,1598.0,149.82612466830773,1647.0,149.83612466830775,199.0,149.84612466830774,388.0
2026-03-01 09:32:12.100,AAPL,149.83157360003537,254.0,149.82157360003535,604.0,149.81157360003536,1252.0,149.85157360003535,597.0,149.86157360003537,1124.0,149.87157360003536,195.0
2026-03-01 09:32:12.200,AAPL,149.79905845511948,808.0,149.78905845511946,797.0,149.77905845511947,802.0,149.81905845511946,1242.0,149.82905845511948,449.0,149.83905845511947,695.0
2026-03-01 09:32:12.300,AAPL,149.80072985783687,1815.0,149.79072985783685,1349.0,149.78072985783686,1588.0,149.82072985783685,765.0,149.83072985783687,132.0,149.84072985783686,270.0
2026-03-01 09:32:12.400,AAPL,149.7763985009796,930.0,149.7663985009796,197.0,149.7563985009796,1666.0,149.7963985009796,260.0,149.8063985009796,251.0,149.8163985009796,1750.0
2026-03-01 09:32:12.500,AAPL,149.76975289277294,460.0,149.75975289277292,116.0,149.74975289277293,1045.0,149.78975289277292,119.0,149.79975289277294,502.0,149.80975289277293,307.0
2026-03-01 09:32:12.600,AAPL,149.81682443246345,130.0,149.80682443246343,968.0,149.79682443246344,830.0,149.83682443246343,1715.0,149.84682443246345,1261.0,149.85682443246344,1842.0
2026-03-01 09:32:12.700,AAPL,149.84275001507078,1900.0,149.83275001507076,1441.0,149.82275001507077,1552.0,149.86275001507076,1495.0,149.87275001507078,1522.0,149.88275001507077,1039.0
2026-03-01 09:32:12.800,AAPL,149.78648174548232,369.0,149.7764817454823,1101.0,149.7664817454823,1564.0,149.8064817454823,107.0,149.81648174548232,693.0,149.8264817454823,781.0
2026-03-01 09:32:12.900,AAPL,149.7330769233994,1327.0,149.7230769233994,220.0,149.7130769233994,1618.0,149.7530769233994,1892.0,149.7630769233994,1523.0,149.7730769233994,300.0
2026-03-01 09:32:13.000,AAPL,149.74661570391268,1258.0,149.73661570391266,1677.0,149.72661570391267,1311.0,149.76661570391266,1541.0,149.77661570391268,253.0,149.78661570391267,1130.0
2026-03-01 09:32:13.100,AAPL,149.76377506025744,565.0,149.75377506025742,406.0,149.74377506025743,652.0,149.78377506025743,1281.0,149.79377506025745,1687.0,149.80377506025744,150.0
2026-03-01 09:32:13.200,AAPL,149.7300528112881,1174.0,149.72005281128807,834.0,149.71005281128808,1741.0,149.75005281128807,1068.0,149.7600528112881,1443.0,149.77005281128808,1465.0
2026-03-01 09:32:13.300,AAPL,149.8096185854372,1599.0,149.79961858543717,159.0,149.78961858543718,797.0,149.82961858543717,1666.0,149.8396185854372,1143.0,149.84961858543718,615.0
2026-03-01 09:32:13.400,AAPL,149.85029333230068,337.0,149.84029333230066,685.0,149.83029333230067,1393.0,149.87029333230066,827.0,149.88029333230068,1608.0,149.89029333230067,852.0
2026-03-01 09:32:13.500,AAPL,149.81901451403144,946.0,149.80901451403142,1241.0,149.79901451403143,1747.0,149.83901451403142,1289.0,149.84901451403144,440.0,149.85901451403143,1609.0
2026-03-01 09:32:13.600,AAPL,149.78290174824065,1640.0,149.77290174824063,1101.0,149.76290174824064,1602.0,149.80290174824063,1069.0,149.81290174824065,1625.0,149.82290174824064,1998.0
2026-03-01 09:32:13.700,AAPL,149.77151108755498,1588.0,149.76151108755496,1322.0,149.75151108755497,1019.0,149.79151108755497,359.0,149.80151108755499,617.0,149.81151108755498,183.0
2026-03-01 09:32:13.800,AAPL,149.75491836700127,820.0,149.74491836700125,1491.0,149.73491836700126,1966.0,149.77491836700125,133.0,149.78491836700127,1387.0,149.79491836700126,416.0
2026-03-01 09:32:13.900,AAPL,149.81772624168786,1682.0,149.80772624168785,853.0,149.79772624168785,550.0,149.83772624168785,405.0,149.84772624168787,689.0,149.85772624168786,1315.0
2026-03-01 09:32:14.000,AAPL,149.86695239033762,1094.0,149.8569523903376,1981.0,149.8469523903376,888.0,149.8869523903376,943.0,149.89695239033762,758.0,149.9069523903376,1140.0
2026-03-01 09:32:14.100,AAPL,149.86870586601268,1695.0,149.85870586601266,395.0,149.84870586601266,1606.0,149.88870586601266,1384.0,149.89870586601268,1021.0,149.90870586601267,1312.0
2026-03-01 09:32:14.200,AAPL,149.90260114405714,645.0,149.89260114405712,391.0,149.88260114405713,870.0,149.92260114405713,440.0,149.93260114405714,1160.0,149.94260114405714,240.0
2026-03-01 09:32:14.300,AAPL,149.94374990537437,674.0,149.93374990537436,1438.0,149.92374990537436,396.0,149.96374990537436,493.0,149.97374990537438,210.0,149.98374990537437,1598.0
2026-03-01 09:32:14.400,AAPL,149.94666294178768,1238.0,149.93666294178766,1005.0,149.92666294178767,1373.0,149.96666294178766,706.0,149.97666294178768,1790.0,149.98666294178767,1436.0
2026-03-01 09:32:14.500,AAPL,149.96679387575614,954.0,149.95679387575612,1702.0,149.94679387575613,1262.0,149.98679387575612,639.0,149.99679387575614,466.0,150.00679387575613,383.0
2026-03-01 09:32:14.600,AAPL,149.99650325346076,1954.0,149.98650325346074,162.0,149.97650325346075,103.0,150.01650325346074,1004.0,150.02650325346076,249.0,150.03650325346075,243.0
2026-03-01 09:32:14.700,AAPL,150.0208835396432,1783.0,150.01088353964317,1017.0,150.00088353964318,1326.0,150.04088353964318,496.0,150.0508835396432,1668.0,150.06088353964319,104.0
2026-03-01 09:32:14.800,AAPL,149.9819433482194,1322.0,149.97194334821938,612.0,149.9619433482194,754.0,150.00194334821938,789.0,150.0119433482194,1048.0,150.0219433482194,324.0
2026-03-01 09:32:14.900,AAPL,149.94805786035212,1454.0,149.9380578603521,305.0,149.9280578603521,997.0,149.9680578603521,1765.0,149.97805786035212,888.0,149.98805786035211,1339.0
2026-03-01 09:32:15.000,AAPL,149.9336281272678,762.0,149.9236281272678,1943.0,149.9136281272678,1666.0,149.9536281272678,115.0,149.9636281272678,488.0,149.9736281272678,111.0
2026-03-01 09:32:15.100,AAPL,149.89829491331545,408.0,149.88829491331543,634.0,149.87829491331544,769.0,149.91829491331544,182.0,149.92829491331545,1213.0,149.93829491331545,379.0
2026-03-01 09:32:15.200,AAPL,149.82463988468368,228.0,149.81463988468366,1988.0,149.80463988468367,1360.0,149.84463988468366,418.0,149.85463988468368,1778.0,149.86463988468367,1473.0
2026-03-01 09:32:15.300,AAPL,149.85843748273112,761.0,149.8484374827311,871.0,149.8384374827311,1312.0,149.8784374827311,1896.0,149.88843748273112,1950.0,149.8984374827311,427.0
2026-03-01 09:32:15.400,AAPL,149.87575788907458,1306.0,149.86575788907456,716.0,149.85575788907457,849.0,149.89575788907456,1118.0,149.90575788907458,1148.0,149.91575788907457,748.0
2026-03-01 09:32:15.500,AAPL,149.80878956025995,435.0,149.79878956025993,798.0,149.78878956025994,1355.0,149.82878956025993,1757.0,149.83878956025995,939.0,149.84878956025995,1068.0
2026-03-01 09:32:15.600,AAPL,149.79674372467358,1670.0,149.78674372467356,131.0,149.77674372467357,998.0,149.81674372467356,1586.0,149.82674372467358,250.0,149.83674372467357,1335.0
2026-03-01 09:32:15.700,AAPL,149.78752943381096,493.0,149.77752943381094,394.0,149.76752943381095,1202.0,149.80752943381094,501.0,149.81752943381096,874.0,149.82752943381095,606.0
2026-03-01 09:32:15.800,AAPL,149.79662665523645,931.0,149.78662665523643,109.0,149.77662665523644,1303.0,149.81662665523643,471.0,149.82662665523645,1480.0,149.83662665523644,1523.0
2026-03-01 09:32:15.900,AAPL,149.74253053280407,1502.0,149.73253053280405,1269.0,149.72253053280406,496.0,149.76253053280405,689.0,149.77253053280407,1354.0,149.78253053280406,1672.0
2026-03-01 09:32:16.000,AAPL,149.67483082100435,456.0,149.66483082100433,1043.0,149.65483082100434,179.0,149.69483082100433,514.0,149.70483082100435,760.0,149.71483082100434,784.0
2026-03-01 09:32:16.100,AAPL,149.70081704580605,947.0,149.69081704580603,1706.0,149.68081704580604,1016.0,149.72081704580603,912.0,149.73081704580605,1554.0,149.74081704580604,961.0
2026-03-01 09:32:16.200,AAPL,149.6241189451926,742.0,149.6141189451926,710.0,149.6041189451926,1773.0,149.6441189451926,1386.0,149.6541189451926,415.0,149.6641189451926,548.0
2026-03-01 09:32:16.300,AAPL,149.61248577053988,1750.0,149.60248577053986,776.0,149.59248577053987,1708.0,149.63248577053986,613.0,149.64248577053988,1910.0,149.65248577053987,495.0
2026-03-01 09:32:16.400,AAPL,149.59618191125196,1258.0,149.58618191125194,1637.0,149.57618191125195,1878.0,149.61618191125194,1818.0,149.62618191125196,1178.0,149.63618191125195,1661.0
2026-03-01 09:32:16.500,AAPL,149.59001769534063,146.0,149.58001769534062,285.0,149.57001769534062,756.0,149.61001769534062,1090.0,149.62001769534064,795.0,149.63001769534063,1492.0
2026-03-01 09:32:16.600,AAPL,149.60265357639952,597.0,149.5926535763995,1868.0,149.5826535763995,1943.0,149.6226535763995,1197.0,149.63265357639952,1306.0,149.6426535763995,1742.0
2026-03-01 09:32:16.700,AAPL,149.68258210729007,511.0,149.67258210729005,1531.0,149.66258210729006,1233.0,149.70258210729006,1601.0,149.71258210729007,1722.0,149.72258210729007,1640.0
2026-03-01 09:32:16.800,AAPL,149.60260749726055,738.0,149.59260749726053,790.0,149.58260749726054,1254.0,149.62260749726053,1201.0,149.63260749726055,886.0,149.64260749726054,1254.0
2026-03-01 09:32:16.900,AAPL,149.64643657639718,854.0,149.63643657639716,483.0,149.62643657639717,1047.0,149.66643657639716,1942.0,149.67643657639718,1733.0,149.68643657639717,652.0
2026-03-01 09:32:17.000,AAPL,149.52082868109062,895.0,149.5108286810906,348.0,149.5008286810906,1262.0,149.5408286810906,648.0,149.55082868109062,1876.0,149.5608286810906,1405.0
2026-03-01 09:32:17.100,AAPL,149.59051423853148,233.0,149.58051423853146,569.0,149.57051423853147,1502.0,149.61051423853147,178.0,149.62051423853148,1334.0,149.63051423853148,1646.0
2026-03-01 09:32:17.200,AAPL,149.4883707715046,1408.0,149.4783707715046,1551.0,149.4683707715046,695.0,149.5083707715046,264.0,149.5183707715046,257.0,149.5283707715046,1806.0
2026-03-01 09:32:17.300,AAPL,149.61019050340636,1544.0,149.60019050340634,1560.0,149.59019050340635,151.0,149.63019050340634,764.0,149.64019050340636,1131.0,149.65019050340635,603.0
2026-03-01 09:32:17.400,AAPL,149.5907021119325,1086.0,149.58070211193248,884.0,149.5707021119325,1318.0,149.61070211193248,1967.0,149.6207021119325,639.0,149.6307021119325,170.0
2026-03-01 09:32:17.500,AAPL,149.65522126497115,1528.0,149.64522126497113,1097.0,149.63522126497114,1214.0,149.67522126497113,726.0,149.68522126497115,830.0,149.69522126497114,903.0
2026-03-01 09:32:17.600,AAPL,149.7094290661417,824.0,149.69942906614168,543.0,149.68942906614168,567.0,149.72942906614168,658.0,149.7394290661417,1761.0,149.7494290661417,1689.0
2026-03-01 09:32:17.700,AAPL,149.68760461157646,501.0,149.67760461157644,443.0,149.66760461157645,1808.0,149.70760461157644,1854.0,149.71760461157646,126.0,149.72760461157645,427.0
2026-03-01 09:32:17.800,AAPL,149.66961715066708,952.0,149.65961715066706,142.0,149.64961715066707,718.0,149.68961715066706,1646.0,149.69961715066708,623.0,149.70961715066707,1646.0
2026-03-01 09:32:17.900,AAPL,149.62775920251048,1123.0,149.61775920251046,733.0,149.60775920251047,1366.0,149.64775920251046,470.0,149.65775920251048,1403.0,149.66775920251047,365.0
2026-03-01 09:32:18.000,AAPL,149.6671277108327,1145.0,149.65712771083267,1717.0,149.64712771083268,1652.0,149.68712771083267,1286.0,149.6971277108327,289.0,149.70712771083268,1482.0
2026-03-01 09:32:18.100,AAPL,149.64595430562176,1301.0,149.63595430562174,831.0,149.62595430562175,1067.0,149.66595430562174,1841.0,149.67595430562176,892.0,149.68595430562175,1074.0
2026-03-01 09:32:18.200,AAPL,149.60500512921922,635.0,149.5950051292192,1959.0,149.5850051292192,593.0,149.6250051292192,706.0,149.63500512921922,1644.0,149.64500512921921,327.0
2026-03-01 09:32:18.300,AAPL,149.63186892981705,337.0,149.62186892981703,1246.0,149.61186892981704,272.0,149.65186892981703,545.0,149.66186892981705,170.0,149.67186892981704,407.0
2026-03-01 09:32:18.400,AAPL,149.58701010774675,1868.0,149.57701010774673,927.0,149.56701010774674,1304.0,149.60701010774673,514.0,149.61701010774675,1010.0,149.62701010774674,1732.0
2026-03-01 09:32:18.500,AAPL,149.57056099315915,1313.0,149.56056099315913,775.0,149.55056099315914,1282.0,149.59056099315913,1744.0,149.60056099315915,1357.0,149.61056099315914,151.0
2026-03-01 09:32:18.600,AAPL,149.57591628640276,493.0,149.56591628640274,1048.0,149.55591628640275,1050.0,149.59591628640274,1125.0,149.60591628640276,100.0,149.61591628640275,561.0
2026-03-01 09:32:18.700,AAPL,149.5437948119397,1328.0,149.53379481193969,1491.0,149.5237948119397,557.0,149.5637948119397,1169.0,149.5737948119397,1503.0,149.5837948119397,1918.0
2026-03-01 09:32:18.800,AAPL,149.5192173778937,795.0,149.5092173778937,1289.0,149.4992173778937,834.0,149.5392173778937,759.0,149.5492173778937,147.0,149.5592173778937,385.0
2026-03-01 09:32:18.900,AAPL,149.5959665379507,1362.0,149.58596653795067,1579.0,149.57596653795068,1332.0,149.61596653795067,220.0,149.6259665379507,1420.0,149.63596653795068,1932.0
2026-03-01 09:32:19.000,AAPL,149.58575477793642,861.0,149.5757547779364,1381.0,149.5657547779364,1067.0,149.6057547779364,933.0,149.61575477793642,564.0,149.6257547779364,695.0
2026-03-01 09:32:19.100,AAPL,149.56777342994724,1066.0,149.55777342994722,160.0,149.54777342994723,995.0,149.58777342994722,1413.0,149.59777342994724,154.0,149.60777342994723,739.0
2026-03-01 09:32:19.200,AAPL,149.5590171730438,495.0,149.54901717304378,313.0,149.5390171730438,253.0,149.57901717304378,1883.0,149.5890171730438,1024.0,149.5990171730438,875.0
2026-03-01 09:32:19.300,AAPL,149.58173992246876,898.0,149.57173992246874,1949.0,149.56173992246875,1108.0,149.60173992246874,1473.0,149.61173992246876,1222.0,149.62173992246875,1270.0
2026-03-01 09:32:19.400,AAPL,149.53004673833507,1432.0,149.52004673833505,669.0,149.51004673833506,141.0,149.55004673833506,888.0,149.56004673833507,1876.0,149.57004673833507,395.0
2026-03-01 09:32:19.500,AAPL,149.55140750835798,1855.0,149.54140750835796,1675.0,149.53140750835797,1755.0,149.57140750835796,1851.0,149.58140750835798,748.0,149.59140750835797,1515.0
2026-03-01 09:32:19.600,AAPL,149.56419851786094,652.0,149.55419851786093,1883.0,149.54419851786093,928.0,149.58419851786093,246.0,149.59419851786095,340.0,149.60419851786094,920.0
2026-03-01 09:32:19.700,AAPL,149.47476574865723,205.0,149.46476574865721,1391.0,149.45476574865722,209.0,149.49476574865722,150.0,149.50476574865723,1083.0,149.51476574865723,1623.0
2026-03-01 09:32:19.800,AAPL,149.56447852882766,439.0,149.55447852882764,1910.0,149.54447852882765,139.0,149.58447852882765,1272.0,149.59447852882766,1601.0,149.60447852882766,1556.0
2026-03-01 09:32:19.900,AAPL,149.63751920686585,1659.0,149.62751920686583,396.0,149.61751920686584,430.0,149.65751920686583,311.0,149.66751920686585,1666.0,149.67751920686584,1040.0
2026-03-01 09:32:20.000,AAPL,149.5974910602286,783.0,149.5874910602286,1183.0,149.5774910602286,106.0,149.6174910602286,174.0,149.6274910602286,252.0,149.6374910602286,359.0
2026-03-01 09:32:20.100,AAPL,149.54136973334374,1663.0,149.53136973334372,1584.0,149.52136973334373,1196.0,149.56136973334372,1516.0,149.57136973334374,447.0,149.58136973334373,1930.0
2026-03-01 09:32:20.200,AAPL,149.552772308195,975.0,149.54277230819497,1324.0,149.53277230819498,403.0,149.57277230819497,126.0,149.582772308195,464.0,149.59277230819498,1300.0
2026-03-01 09:32:20.300,AAPL,149.48147914380343,266.0,149.4714791438034,379.0,149.46147914380342,1791.0,149.5014791438034,1879.0,149.51147914380343,813.0,149.52147914380342,225.0
2026-03-01 09:32:20.400,AAPL,149.54969329148855,1337.0,149.53969329148853,1813.0,149.52969329148854,1573.0,149.56969329148853,216.0,149.57969329148855,1479.0,149.58969329148854,1707.0
2026-03-01 09:32:20.500,AAPL,149.52627060470093,1464.0,149.5162706047009,626.0,149.50627060470092,322.0,149.5462706047009,359.0,149.55627060470093,235.0,149.56627060470092,1444.0
2026-03-01 09:32:20.600,AAPL,149.60736095111636,996.0,149.59736095111634,1091.0,149.58736095111635,217.0,149.62736095111634,932.0,149.63736095111636,1295.0,149.64736095111635,1729.0
2026-03-01 09:32:20.700,AAPL,149.56614078259705,300.0,149.55614078259703,268.0,149.54614078259704,1679.0,149.58614078259703,1829.0,149.59614078259705,703.0,149.60614078259704,767.0
2026-03-01 09:32:20.800,AAPL,149.5605306783187,1371.0,149.5505306783187,526.0,149.5405306783187,1998.0,149.5805306783187,495.0,149.59053067831871,1589.0,149.6005306783187,1019.0
2026-03-01 09:32:20.900,AAPL,149.6238913086476,1280.0,149.61389130864757,404.0,149.60389130864758,954.0,149.64389130864757,1038.0,149.6538913086476,1490.0,149.66389130864758,1663.0
2026-03-01 09:32:21.000,AAPL,149.60772933466563,1641.0,149.59772933466562,268.0,149.58772933466562,1092.0,149.62772933466562,762.0,149.63772933466564,890.0,149.64772933466563,973.0
2026-03-01 09:32:21.100,AAPL,149.62133392182443,1579.0,149.6113339218244,701.0,149.60133392182442,311.0,149.6413339218244,1306.0,149.65133392182443,711.0,149.66133392182442,269.0
2026-03-01 09:32:21.200,AAPL,149.67596685960632,1372.0,149.6659668596063,958.0,149.6559668596063,734.0,149.6959668596063,918.0,149.70596685960632,1557.0,149.7159668596063,975.0
2026-03-01 09:32:21.300,AAPL,149.6481644870646,776.0,149.63816448706459,1880.0,149.6281644870646,968.0,149.6681644870646,826.0,149.6781644870646,544.0,149.6881644870646,1942.0
2026-03-01 09:32:21.400,AAPL,149.58507753253724,1897.0,149.57507753253722,153.0,149.56507753253723,1894.0,149.60507753253722,514.0,149.61507753253724,315.0,149.62507753253723,258.0
2026-03-01 09:32:21.500,AAPL,149.51214200272184,807.0,149.50214200272183,747.0,149.49214200272183,426.0,149.53214200272183,998.0,149.54214200272185,370.0,149.55214200272184,503.0
2026-03-01 09:32:21.600,AAPL,149.54131364019375,434.0,149.53131364019373,1076.0,149.52131364019374,1133.0,149.56131364019373,253.0,149.57131364019375,432.0,149.58131364019374,1383.0
2026-03-01 09:32:21.700,AAPL,149.56075255954363,505.0,149.5507525595436,1286.0,149.54075255954362,1818.0,149.5807525595436,1394.0,149.59075255954363,563.0,149.60075255954362,1737.0
2026-03-01 09:32:21.800,AAPL,149.6138357181977,1124.0,149.60383571819767,1381.0,149.59383571819768,1876.0,149.63383571819767,1017.0,149.6438357181977,369.0,149.65383571819768,922.0
2026-03-01 09:32:21.900,AAPL,149.60013348224857,997.0,149.59013348224855,843.0,149.58013348224856,944.0,149.62013348224855,845.0,149.63013348224857,131.0,149.64013348224856,1159.0
2026-03-01 09:32:22.000,AAPL,149.52859661936853,333.0,149.5185966193685,1813.0,149.50859661936852,896.0,149.5485966193685,1488.0,149.55859661936853,376.0,149.56859661936852,1266.0
2026-03-01 09:32:22.100,AAPL,149.41095900405446,509.0,149.40095900405444,1634.0,149.39095900405445,961.0,149.43095900405444,1544.0,149.44095900405446,955.0,149.45095900405445,1902.0
2026-03-01 09:32:22.200,AAPL,149.55435713077205,760.0,149.54435713077203,1836.0,149.53435713077204,582.0,149.57435713077203,1548.0,149.58435713077205,636.0,149.59435713077204,1686.0
2026-03-01 09:32:22.300,AAPL,149.5807032816989,1984.0,149.57070328169888,1073.0,149.5607032816989,1693.0,149.60070328169888,893.0,149.6107032816989,161.0,149.6207032816989,1362.0
2026-03-01 09:32:22.400,AAPL,149.587542869503,1755.0,149.577542869503,1505.0,149.567542869503,738.0,149.607542869503,771.0,149.617542869503,1524.0,149.627542869503,379.0
2026-03-01 09:32:22.500,AAPL,149.60147485751872,1390.0,149.5914748575187,1316.0,149.5814748575187,1633.0,149.6214748575187,163.0,149.63147485751873,1735.0,149.64147485751872,726.0
2026-03-01 09:32:22.600,AAPL,149.52990791010708,730.0,149.51990791010707,545.0,149.50990791010707,1584.0,149.54990791010707,1439.0,149.55990791010709,1084.0,149.56990791010708,1517.0
2026-03-01 09:32:22.700,AAPL,149.49016431055895,549.0,149.48016431055893,324.0,149.47016431055894,307.0,149.51016431055893,246.0,149.52016431055895,1282.0,149.53016431055894,1265.0
2026-03-01 09:32:22.800,AAPL,149.5773308169585,282.0,149.56733081695847,490.0,149.55733081695848,932.0,149.59733081695848,781.0,149.6073308169585,1075.0,149.61733081695849,1134.0
2026-03-01 09:32:22.900,AAPL,149.6102481812511,1535.0,149.6002481812511,1693.0,149.5902481812511,1934.0,149.6302481812511,629.0,149.6402481812511,765.0,149.6502481812511,1123.0
2026-03-01 09:32:23.000,AAPL,149.57206829836971,1997.0,149.5620682983697,179.0,149.5520682983697,861.0,149.5920682983697,514.0,149.60206829836972,1108.0,149.6120682983697,113.0
2026-03-01 09:32:23.100,AAPL,149.51072753196556,1564.0,149.50072753196554,1650.0,149.49072753196555,1786.0,149.53072753196554,1171.0,149.54072753196556,334.0,149.55072753196555,1969.0
2026-03-01 09:32:23.200,AAPL,149.48494282651833,1792.0,149.47494282651832,1488.0,149.46494282651832,949.0,149.50494282651832,1870.0,149.51494282651834,466.0,149.52494282651833,100.0
2026-03-01 09:32:23.300,AAPL,149.46917129415718,820.0,149.45917129415716,1955.0,149.44917129415717,1930.0,149.48917129415716,502.0,149.49917129415718,255.0,149.50917129415717,1603.0
2026-03-01 09:32:23.400,AAPL,149.5716285959495,1240.0,149.5616285959495,1025.0,149.5516285959495,1865.0,149.5916285959495,591.0,149.6016285959495,444.0,149.6116285959495,1891.0
2026-03-01 09:32:23.500,AAPL,149.56221522715123,303.0,149.5522152271512,692.0,149.54221522715122,1683.0,149.5822152271512,300.0,149.59221522715123,739.0,149.60221522715122,1091.0
2026-03-01 09:32:23.600,AAPL,149.50273763794456,608.0,149.49273763794454,187.0,149.48273763794455,101.0,149.52273763794454,171.0,149.53273763794456,1060.0,149.54273763794455,146.0
2026-03-01 09:32:23.700,AAPL,149.49980751976406,745.0,149.48980751976404,1512.0,149.47980751976405,900.0,149.51980751976404,678.0,149.52980751976406,628.0,149.53980751976405,1173.0
2026-03-01 09:32:23.800,AAPL,149.51302444318296,579.0,149.50302444318294,1387.0,149.49302444318295,291.0,149.53302444318294,623.0,149.54302444318296,544.0,149.55302444318295,100.0
2026-03-01 09:32:23.900,AAPL,149.4489971143036,103.0,149.4389971143036,285.0,149.4289971143036,660.0,149.4689971143036,1183.0,149.4789971143036,1335.0,149.4889971143036,1618.0
2026-03-01 09:32:24.000,AAPL,149.46910539102623,1357.0,149.4591053910262,1704.0,149.44910539102622,707.0,149.48910539102621,1764.0,149.49910539102623,109.0,149.50910539102622,924.0
2026-03-01 09:32:24.100,AAPL,149.5295511886398,770.0,149.51955118863978,1141.0,149.5095511886398,257.0,149.54955118863978,1590.0,149.5595511886398,912.0,149.5695511886398,863.0
2026-03-01 09:32:24.200,AAPL,149.53648475280235,1080.0,149.52648475280233,981.0,149.51648475280234,1583.0,149.55648475280233,732.0,149.56648475280235,314.0,149.57648475280234,469.0
2026-03-01 09:32:24.300,AAPL,149.49663149520987,1637.0,149.48663149520985,1762.0,149.47663149520986,455.0,149.51663149520985,601.0,149.52663149520987,482.0,149.53663149520986,414.0
2026-03-01 09:32:24.400,AAPL,149.47018797333135,349.0,149.46018797333133,1532.0,149.45018797333134,1028.0,149.49018797333133,1156.0,149.50018797333135,751.0,149.51018797333134,185.0
2026-03-01 09:32:24.500,AAPL,149.38724617449827,1408.0,149.37724617449825,1837.0,149.36724617449826,1368.0,149.40724617449825,516.0,149.41724617449827,1570.0,149.42724617449826,494.0
2026-03-01 09:32:24.600,AAPL,149.38055441279315,1054.0,149.37055441279313,221.0,149.36055441279314,629.0,149.40055441279313,1467.0,149.41055441279315,389.0,149.42055441279314,601.0
2026-03-01 09:32:24.700,AAPL,149.39609341063462,1546.0,149.3860934106346,1120.0,149.3760934106346,480.0,149.4160934106346,1009.0,149.42609341063462,973.0,149.4360934106346,1743.0
2026-03-01 09:32:24.800,AAPL,149.35126178139134,1438.0,149.34126178139132,1603.0,149.33126178139133,1809.0,149.37126178139133,455.0,149.38126178139134,944.0,149.39126178139134,238.0
2026-03-01 09:32:24.900,AAPL,149.44824678894273,948.0,149.4382467889427,882.0,149.42824678894272,559.0,149.4682467889427,352.0,149.47824678894273,624.0,149.48824678894272,1246.0
2026-03-01 09:32:25.000,AAPL,149.4878607637153,139.0,149.47786076371528,544.0,149.4678607637153,1938.0,149.50786076371529,206.0,149.5178607637153,1536.0,149.5278607637153,816.0
2026-03-01 09:32:25.100,AAPL,149.39822189676786,533.0,149.38822189676785,1482.0,149.37822189676785,696.0,149.41822189676785,381.0,149.42822189676787,1284.0,149.43822189676786,242.0
2026-03-01 09:32:25.200,AAPL,149.30960876884248,1373.0,149.29960876884246,557.0,149.28960876884247,873.0,149.32960876884246,750.0,149.33960876884248,202.0,149.34960876884247,854.0
2026-03-01 09:32:25.300,AAPL,149.26040757870732,272.0,149.2504075787073,117.0,149.2404075787073,934.0,149.2804075787073,602.0,149.29040757870732,858.0,149.3004075787073,548.0
2026-03-01 09:32:25.400,AAPL,149.33906684904525,426.0,149.32906684904523,577.0,149.31906684904524,454.0,149.35906684904523,1718.0,149.36906684904525,971.0,149.37906684904524,827.0
2026-03-01 09:32:25.500,AAPL,149.38361293457288,1154.0,149.37361293457286,1527.0,149.36361293457287,1160.0,149.40361293457286,1896.0,149.41361293457288,1662.0,149.42361293457287,1767.0
2026-03-01 09:32:25.600,AAPL,149.4647985443508,234.0,149.45479854435078,405.0,149.4447985443508,351.0,149.48479854435078,325.0,149.4947985443508,1527.0,149.5047985443508,1143.0
2026-03-01 09:32:25.700,AAPL,149.46530900867893,1210.0,149.4553090086789,107.0,149.44530900867892,1560.0,149.4853090086789,1124.0,149.49530900867893,992.0,149.50530900867892,387.0
2026-03-01 09:32:25.800,AAPL,149.45483454228082,844.0,149.4448345422808,1120.0,149.4348345422808,1576.0,149.4748345422808,1049.0,149.48483454228082,1972.0,149.4948345422808,380.0
2026-03-01 09:32:25.900,AAPL,149.3924590679778,1644.0,149.38245906797778,1356.0,149.3724590679778,1163.0,149.41245906797778,1419.0,149.4224590679778,1533.0,149.4324590679778,1697.0
2026-03-01 09:32:26.000,AAPL,149.40994326422364,1219.0,149.39994326422362,160.0,149.38994326422363,1845.0,149.42994326422362,1566.0,149.43994326422364,756.0,149.44994326422363,764.0
2026-03-01 09:32:26.100,AAPL,149.40013485587778,166.0,149.39013485587776,1516.0,149.38013485587777,1529.0,149.42013485587776,1976.0,149.43013485587778,498.0,149.44013485587777,1000.0
2026-03-01 09:32:26.200,AAPL,149.38840124635368,1569.0,149.37840124635366,985.0,149.36840124635367,238.0,149.40840124635366,1334.0,149.41840124635368,353.0,149.42840124635367,1879.0
2026-03-01 09:32:26.300,AAPL,149.46930378840634,1459.0,149.45930378840632,727.0,149.44930378840633,802.0,149.48930378840632,1415.0,149.49930378840634,1263.0,149.50930378840633,552.0
2026-03-01 09:32:26.400,AAPL,149.4629865082631,869.0,149.45298650826308,1399.0,149.4429865082631,672.0,149.48298650826308,539.0,149.4929865082631,926.0,149.5029865082631,1149.0
2026-03-01 09:32:26.500,AAPL,149.52953558046548,293.0,149.51953558046546,891.0,149.50953558046547,437.0,149.54953558046546,151.0,149.55953558046548,1276.0,149.56953558046547,1285.0
2026-03-01 09:32:26.600,AAPL,149.45013184740836,1393.0,149.44013184740834,1739.0,149.43013184740835,1249.0,149.47013184740834,1643.0,149.48013184740836,371.0,149.49013184740835,1475.0
2026-03-01 09:32:26.700,AAPL,149.5845374590515,365.0,149.57453745905147,1082.0,149.56453745905148,860.0,149.60453745905147,171.0,149.6145374590515,1729.0,149.62453745905148,1114.0
2026-03-01 09:32:26.800,AAPL,149.56587393596374,1104.0,149.55587393596372,1252.0,149.54587393596373,896.0,149.58587393596372,1125.0,149.59587393596374,453.0,149.60587393596373,962.0
2026-03-01 09:32:26.900,AAPL,149.60123313712742,420.0,149.5912331371274,1355.0,149.5812331371274,1887.0,149.6212331371274,1057.0,149.63123313712742,1272.0,149.64123313712741,850.0
2026-03-01 09:32:27.000,AAPL,149.64454678272475,1198.0,149.63454678272473,1613.0,149.62454678272474,377.0,149.66454678272473,593.0,149.67454678272475,1989.0,149.68454678272474,1388.0
2026-03-01 09:32:27.100,AAPL,149.619678946206,1968.0,149.60967894620597,120.0,149.59967894620598,1158.0,149.63967894620598,684.0,149.649678946206,718.0,149.659678946206,1556.0
2026-03-01 09:32:27.200,AAPL,149.66063045070894,1268.0,149.65063045070892,1578.0,149.64063045070893,412.0,149.68063045070892,1701.0,149.69063045070894,469.0,149.70063045070893,1981.0
2026-03-01 09:32:27.300,AAPL,149.704180609538,654.0,149.694180609538,1428.0,149.684180609538,338.0,149.724180609538,1704.0,149.73418060953802,719.0,149.744180609538,1084.0
2026-03-01 09:32:27.400,AAPL,149.66852338448572,144.0,149.6585233844857,1960.0,149.6485233844857,358.0,149.6885233844857,1928.0,149.69852338448572,257.0,149.70852338448572,585.0
2026-03-01 09:32:27.500,AAPL,149.63345837327662,376.0,149.6234583732766,1906.0,149.61345837327661,780.0,149.6534583732766,1212.0,149.66345837327663,1818.0,149.67345837327662,719.0
2026-03-01 09:32:27.600,AAPL,149.63572371445085,702.0,149.62572371445083,162.0,149.61572371445084,758.0,149.65572371445083,917.0,149.66572371445085,777.0,149.67572371445084,526.0
2026-03-01 09:32:27.700,AAPL,149.6299490170666,681.0,149.61994901706657,1887.0,149.60994901706658,1309.0,149.64994901706658,917.0,149.6599490170666,1486.0,149.66994901706659,1961.0
2026-03-01 09:32:27.800,AAPL,149.69960552185907,1235.0,149.68960552185905,763.0,149.67960552185906,966.0,149.71960552185905,1761.0,149.72960552185907,360.0,149.73960552185906,608.0
2026-03-01 09:32:27.900,AAPL,149.7347389311063,1045.0,149.7247389311063,1925.0,149.7147389311063,724.0,149.7547389311063,1551.0,149.7647389311063,1282.0,149.7747389311063,1506.0
2026-03-01 09:32:28.000,AAPL,149.73121775263317,1161.0,149.72121775263315,273.0,149.71121775263316,1065.0,149.75121775263315,572.0,149.76121775263317,1229.0,149.77121775263316,351.0
2026-03-01 09:32:28.100,AAPL,149.76152165056854,1019.0,149.75152165056852,152.0,149.74152165056853,615.0,149.78152165056852,688.0,149.79152165056854,1569.0,149.80152165056853,1703.0
2026-03-01 09:32:28.200,AAPL,149.65918899667872,954.0,149.6491889966787,325.0,149.6391889966787,1825.0,149.6791889966787,1495.0,149.68918899667872,1885.0,149.6991889966787,1326.0
2026-03-01 09:32:28.300,AAPL,149.62842344799714,630.0,149.61842344799712,725.0,149.60842344799713,688.0,149.64842344799712,167.0,149.65842344799714,1275.0,149.66842344799713,1540.0
2026-03-01 09:32:28.400,AAPL,149.64281449841306,921.0,149.63281449841304,1673.0,149.62281449841305,1837.0,149.66281449841304,1326.0,149.67281449841306,1386.0,149.68281449841305,1557.0
2026-03-01 09:32:28.500,AAPL,149.6985827735077,756.0,149.68858277350768,593.0,149.67858277350769,1268.0,149.71858277350768,1576.0,149.7285827735077,380.0,149.7385827735077,1713.0
2026-03-01 09:32:28.600,AAPL,149.70857124024047,210.0,149.69857124024045,1607.0,149.68857124024046,466.0,149.72857124024046,256.0,149.73857124024047,858.0,149.74857124024047,568.0
2026-03-01 09:32:28.700,AAPL,149.78148319023936,595.0,149.77148319023934,1133.0,149.76148319023935,1651.0,149.80148319023934,1512.0,149.81148319023936,1414.0,149.82148319023935,119.0
2026-03-01 09:32:28.800,AAPL,149.82488018314064,1501.0,149.81488018314062,289.0,149.80488018314063,224.0,149.84488018314062,961.0,149.85488018314064,1243.0,149.86488018314063,633.0
2026-03-01 09:32:28.900,AAPL,149.80046371193706,1682.0,149.79046371193704,1694.0,149.78046371193705,223.0,149.82046371193704,472.0,149.83046371193706,477.0,149.84046371193705,1055.0
2026-03-01 09:32:29.000,AAPL,149.79346217963936,1042.0,149.78346217963934,555.0,149.77346217963935,1843.0,149.81346217963934,902.0,149.82346217963936,1690.0,149.83346217963935,1412.0
2026-03-01 09:32:29.100,AAPL,149.8138832639513,1281.0,149.8038832639513,213.0,149.7938832639513,1298.0,149.8338832639513,180.0,149.8438832639513,1775.0,149.8538832639513,1965.0
2026-03-01 09:32:29.200,AAPL,149.7914514863085,1534.0,149.78145148630847,182.0,149.77145148630848,1672.0,149.81145148630847,590.0,149.8214514863085,1060.0,149.83145148630848,1617.0
2026-03-01 09:32:29.300,AAPL,149.8680159952043,1671.0,149.85801599520428,1669.0,149.8480159952043,216.0,149.88801599520428,1979.0,149.8980159952043,997.0,149.9080159952043,613.0
2026-03-01 09:32:29.400,AAPL,149.8125796884897,1886.0,149.8025796884897,1620.0,149.7925796884897,1915.0,149.8325796884897,243.0,149.8425796884897,751.0,149.8525796884897,1147.0
2026-03-01 09:32:29.500,AAPL,149.8283850110109,1493.0,149.8183850110109,1652.0,149.8083850110109,1087.0,149.8483850110109,1757.0,149.8583850110109,1650.0,149.8683850110109,1839.0
2026-03-01 09:32:29.600,AAPL,149.86515735169118,884.0,149.85515735169116,114.0,149.84515735169117,1513.0,149.88515735169116,1995.0,149.89515735169118,148.0,149.90515735169117,1494.0
2026-03-01 09:32:29.700,AAPL,149.8494850022181,1410.0,149.83948500221808,1812.0,149.8294850022181,1576.0,149.86948500221808,1539.0,149.8794850022181,533.0,149.8894850022181,1343.0
2026-03-01 09:32:29.800,AAPL,149.82254503558565,1754.0,149.81254503558563,1578.0,149.80254503558564,331.0,149.84254503558563,234.0,149.85254503558565,600.0,149.86254503558564,1827.0
2026-03-01 09:32:29.900,AAPL,149.81874097076314,1055.0,149.80874097076313,777.0,149.79874097076313,1017.0,149.83874097076313,691.0,149.84874097076315,1709.0,149.85874097076314,804.0
2026-03-01 09:32:30.000,AAPL,149.85934089640241,225.0,149.8493408964024,1369.0,149.8393408964024,278.0,149.8793408964024,1786.0,149.88934089640242,1561.0,149.8993408964024,1119.0
2026-03-01 09:32:30.100,AAPL,149.83434849652602,919.0,149.824348496526,1710.0,149.814348496526,1805.0,149.854348496526,1172.0,149.86434849652602,1680.0,149.874348496526,1128.0
2026-03-01 09:32:30.200,AAPL,149.78090243718054,1053.0,149.77090243718052,187.0,149.76090243718053,1262.0,149.80090243718053,1609.0,149.81090243718054,1907.0,149.82090243718054,968.0
2026-03-01 09:32:30.300,AAPL,149.8384316760302,153.0,149.8284316760302,872.0,149.8184316760302,938.0,149.8584316760302,306.0,149.8684316760302,389.0,149.8784316760302,1164.0
2026-03-01 09:32:30.400,AAPL,149.85839649967699,712.0,149.84839649967697,890.0,149.83839649967697,943.0,149.87839649967697,1778.0,149.888396499677,743.0,149.89839649967698,504.0
2026-03-01 09:32:30.500,AAPL,149.90878937120146,1221.0,149.89878937120145,215.0,149.88878937120145,601.0,149.92878937120145,1811.0,149.93878937120147,775.0,149.94878937120146,1411.0
2026-03-01 09:32:30.600,AAPL,149.94675595776482,1270.0,149.9367559577648,1445.0,149.9267559577648,717.0,149.9667559577648,585.0,149.97675595776482,139.0,149.9867559577648,1366.0
2026-03-01 09:32:30.700,AAPL,150.05575042317892,1152.0,150.0457504231789,1095.0,150.0357504231789,1972.0,150.0757504231789,891.0,150.08575042317892,162.0,150.0957504231789,764.0
2026-03-01 09:32:30.800,AAPL,150.11149902495927,1417.0,150.10149902495925,1520.0,150.09149902495926,514.0,150.13149902495925,684.0,150.14149902495927,1057.0,150.15149902495926,1729.0
2026-03-01 09:32:30.900,AAPL,150.0752950468655,464.0,150.0652950468655,679.0,150.0552950468655,488.0,150.0952950468655,1941.0,150.1052950468655,780.0,150.1152950468655,1871.0
2026-03-01 09:32:31.000,AAPL,150.0988084452271,718.0,150.08880844522707,648.0,150.07880844522708,1843.0,150.11880844522707,1631.0,150.1288084452271,1477.0,150.13880844522708,1058.0
2026-03-01 09:32:31.100,AAPL,150.07093400917492,1953.0,150.0609340091749,1053.0,150.0509340091749,1910.0,150.0909340091749,634.0,150.10093400917492,792.0,150.1109340091749,1348.0
2026-03-01 09:32:31.200,AAPL,150.04822770098303,1999.0,150.03822770098301,1453.0,150.02822770098302,785.0,150.06822770098302,916.0,150.07822770098304,907.0,150.08822770098303,807.0
2026-03-01 09:32:31.300,AAPL,149.97760268095226,113.0,149.96760268095224,1151.0,149.95760268095225,1887.0,149.99760268095224,883.0,150.00760268095226,1177.0,150.01760268095225,1229.0
2026-03-01 09:32:31.400,AAPL,149.96329702185895,584.0,149.95329702185893,335.0,149.94329702185894,603.0,149.98329702185893,1841.0,149.99329702185895,509.0,150.00329702185894,901.0
2026-03-01 09:32:31.500,AAPL,149.99054873628566,473.0,149.98054873628564,1994.0,149.97054873628565,1290.0,150.01054873628564,1261.0,150.02054873628566,782.0,150.03054873628565,1597.0
2026-03-01 09:32:31.600,AAPL,149.98724765102898,1314.0,149.97724765102896,939.0,149.96724765102897,493.0,150.00724765102896,1697.0,150.01724765102898,482.0,150.02724765102897,1625.0
2026-03-01 09:32:31.700,AAPL,149.93227923086656,385.0,149.92227923086654,747.0,149.91227923086655,707.0,149.95227923086654,316.0,149.96227923086656,384.0,149.97227923086655,1659.0
2026-03-01 09:32:31.800,AAPL,149.85612826424313,348.0,149.8461282642431,685.0,149.83612826424311,399.0,149.8761282642431,1621.0,149.88612826424313,465.0,149.89612826424312,1482.0
2026-03-01 09:32:31.900,AAPL,149.96172056101716,232.0,149.95172056101714,716.0,149.94172056101715,1473.0,149.98172056101714,286.0,149.99172056101716,1295.0,150.00172056101715,1008.0
2026-03-01 09:32:32.000,AAPL,149.97797859866924,1806.0,149.96797859866922,333.0,149.95797859866923,1285.0,149.99797859866922,1002.0,150.00797859866924,1421.0,150.01797859866923,965.0
2026-03-01 09:32:32.100,AAPL,149.93677514018924,1626.0,149.92677514018922,355.0,149.91677514018923,1760.0,149.95677514018922,443.0,149.96677514018924,245.0,149.97677514018923,1908.0
2026-03-01 09:32:32.200,AAPL,149.9598643131744,446.0,149.94986431317437,1105.0,149.93986431317438,909.0,149.97986431317437,1334.0,149.9898643131744,1433.0,149.99986431317438,598.0
2026-03-01 09:32:32.300,AAPL,150.0693236170647,670.0,150.05932361706468,1154.0,150.0493236170647,214.0,150.08932361706468,1759.0,150.0993236170647,1980.0,150.1093236170647,548.0
2026-03-01 09:32:32.400,AAPL,150.100346735047,1882.0,150.09034673504698,898.0,150.080346735047,1817.0,150.12034673504698,1906.0,150.130346735047,303.0,150.140346735047,881.0
2026-03-01 09:32:32.500,AAPL,149.96099334159555,1002.0,149.95099334159553,1356.0,149.94099334159554,1783.0,149.98099334159554,298.0,149.99099334159555,1860.0,150.00099334159555,1356.0
2026-03-01 09:32:32.600,AAPL,150.09360792599492,804.0,150.0836079259949,344.0,150.0736079259949,157.0,150.1136079259949,959.0,150.12360792599492,1755.0,150.1336079259949,1836.0
2026-03-01 09:32:32.700,AAPL,150.0011456019804,1051.0,149.99114560198038,861.0,149.9811456019804,928.0,150.02114560198038,1671.0,150.0311456019804,603.0,150.0411456019804,763.0
2026-03-01 09:32:32.800,AAPL,149.99084500471156,1421.0,149.98084500471154,1285.0,149.97084500471155,1037.0,150.01084500471154,325.0,150.02084500471156,692.0,150.03084500471155,1396.0
2026-03-01 09:32:32.900,AAPL,149.9341747897099,748.0,149.9241747897099,704.0,149.9141747897099,1784.0,149.9541747897099,405.0,149.96417478970992,231.0,149.9741747897099,558.0
2026-03-01 09:32:33.000,AAPL,149.89717468421125,1519.0,149.88717468421123,1769.0,149.87717468421124,1161.0,149.91717468421123,703.0,149.92717468421125,1262.0,149.93717468421124,673.0
2026-03-01 09:32:33.100,AAPL,149.9113951684604,1830.0,149.90139516846037,1341.0,149.89139516846038,1226.0,149.93139516846037,204.0,149.9413951684604,781.0,149.95139516846038,299.0
2026-03-01 09:32:33.200,AAPL,149.80784399302044,727.0,149.79784399302042,1699.0,149.78784399302043,487.0,149.82784399302042,462.0,149.83784399302044,372.0,149.84784399302043,1456.0
2026-03-01 09:32:33.300,AAPL,149.80333171374596,423.0,149.79333171374594,1769.0,149.78333171374595,528.0,149.82333171374594,591.0,149.83333171374596,707.0,149.84333171374595,1916.0
2026-03-01 09:32:33.400,AAPL,149.86069883488304,619.0,149.85069883488302,580.0,149.84069883488303,1125.0,149.88069883488302,1111.0,149.89069883488304,1537.0,149.90069883488303,303.0
2026-03-01 09:32:33.500,AAPL,149.81853681865366,1841.0,149.80853681865364,1893.0,149.79853681865364,1757.0,149.83853681865364,1934.0,149.84853681865366,1281.0,149.85853681865365,1820.0
2026-03-01 09:32:33.600,AAPL,149.74902256565656,898.0,149.73902256565654,1255.0,149.72902256565655,1413.0,149.76902256565654,1154.0,149.77902256565656,1232.0,149.78902256565655,493.0
2026-03-01 09:32:33.700,AAPL,149.74205731054877,130.0,149.73205731054875,1054.0,149.72205731054876,1257.0,149.76205731054876,846.0,149.77205731054877,252.0,149.78205731054877,737.0
2026-03-01 09:32:33.800,AAPL,149.7251402360462,913.0,149.71514023604618,1305.0,149.7051402360462,1932.0,149.74514023604618,1769.0,149.7551402360462,1715.0,149.7651402360462,1081.0
2026-03-01 09:32:33.900,AAPL,149.69537885252947,323.0,149.68537885252945,1417.0,149.67537885252946,433.0,149.71537885252945,1014.0,149.72537885252947,1108.0,149.73537885252946,464.0
2026-03-01 09:32:34.000,AAPL,149.6359615487236,1323.0,149.62596154872358,1961.0,149.6159615487236,1840.0,149.65596154872358,1539.0,149.6659615487236,177.0,149.6759615487236,1311.0
2026-03-01 09:32:34.100,AAPL,149.66192077778288,1600.0,149.65192077778286,1877.0,149.64192077778287,1236.0,149.68192077778286,1079.0,149.69192077778288,1814.0,149.70192077778287,1601.0
2026-03-01 09:32:34.200,AAPL,149.69168395335498,1418.0,149.68168395335496,707.0,149.67168395335497,353.0,149.71168395335496,1927.0,149.72168395335498,1393.0,149.73168395335497,1000.0
2026-03-01 09:32:34.300,AAPL,149.63840161663217,1964.0,149.62840161663215,792.0,149.61840161663216,822.0,149.65840161663215,992.0,149.66840161663217,946.0,149.67840161663216,474.0
2026-03-01 09:32:34.400,AAPL,149.59203893440196,558.0,149.58203893440194,414.0,149.57203893440195,1274.0,149.61203893440194,935.0,149.62203893440196,1982.0,149.63203893440195,245.0
2026-03-01 09:32:34.500,AAPL,149.59886353410226,578.0,149.58886353410225,1088.0,149.57886353410225,1304.0,149.61886353410225,567.0,149.62886353410227,800.0,149.63886353410226,146.0
2026-03-01 09:32:34.600,AAPL,149.55061495119787,320.0,149.54061495119785,656.0,149.53061495119786,1556.0,149.57061495119785,1296.0,149.58061495119787,1519.0,149.59061495119786,809.0
2026-03-01 09:32:34.700,AAPL,149.55954805033272,1914.0,149.5495480503327,708.0,149.5395480503327,1631.0,149.5795480503327,732.0,149.58954805033272,1253.0,149.59954805033271,1911.0
2026-03-01 09:32:34.800,AAPL,149.63295037676352,1095.0,149.6229503767635,613.0,149.6129503767635,516.0,149.6529503767635,1857.0,149.66295037676352,1694.0,149.6729503767635,989.0
2026-03-01 09:32:34.900,AAPL,149.62995924270209,1498.0,149.61995924270207,200.0,149.60995924270208,1670.0,149.64995924270207,1229.0,149.6599592427021,968.0,149.66995924270208,1010.0
2026-03-01 09:32:35.000,AAPL,149.56927842433012,1576.0,149.5592784243301,943.0,149.5492784243301,635.0,149.5892784243301,253.0,149.59927842433012,1091.0,149.6092784243301,1062.0
2026-03-01 09:32:35.100,AAPL,149.58888359919624,1003.0,149.57888359919622,1567.0,149.56888359919623,1622.0,149.60888359919622,1816.0,149.61888359919624,754.0,149.62888359919623,1004.0
2026-03-01 09:32:35.200,AAPL,149.58000086272025,1698.0,149.57000086272024,784.0,149.56000086272024,1035.0,149.60000086272024,742.0,149.61000086272026,623.0,149.62000086272025,783.0
2026-03-01 09:32:35.300,AAPL,149.57249301084568,1656.0,149.56249301084566,755.0,149.55249301084567,613.0,149.59249301084566,566.0,149.60249301084568,679.0,149.61249301084567,1660.0
2026-03-01 09:32:35.400,AAPL,149.59625915448962,1273.0,149.5862591544896,1366.0,149.5762591544896,1114.0,149.6162591544896,1165.0,149.62625915448962,428.0,149.6362591544896,1682.0
2026-03-01 09:32:35.500,AAPL,149.63081102462854,1314.0,149.62081102462852,637.0,149.61081102462853,112.0,149.65081102462852,903.0,149.66081102462854,1453.0,149.67081102462853,233.0
2026-03-01 09:32:35.600,AAPL,149.6325861329022,221.0,149.62258613290217,1329.0,149.61258613290218,499.0,149.65258613290217,569.0,149.6625861329022,469.0,149.67258613290218,1868.0
2026-03-01 09:32:35.700,AAPL,149.62955211706674,1467.0,149.61955211706672,345.0,149.60955211706673,818.0,149.64955211706672,663.0,149.65955211706674,1177.0,149.66955211706673,1092.0
2026-03-01 09:32:35.800,AAPL,149.7327291915904,599.0,149.7227291915904,1724.0,149.7127291915904,1141.0,149.7527291915904,704.0,149.7627291915904,756.0,149.7727291915904,1573.0
2026-03-01 09:32:35.900,AAPL,149.79275689153576,1877.0,149.78275689153574,1706.0,149.77275689153575,835.0,149.81275689153574,1259.0,149.82275689153576,1472.0,149.83275689153575,238.0
2026-03-01 09:32:36.000,AAPL,149.83443419743904,1982.0,149.82443419743902,1761.0,149.81443419743903,1505.0,149.85443419743902,946.0,149.86443419743904,1332.0,149.87443419743903,540.0
2026-03-01 09:32:36.100,AAPL,149.84099449473302,460.0,149.830994494733,830.0,149.82099449473301,654.0,149.860994494733,1255.0,149.87099449473303,204.0,149.88099449473302,490.0
2026-03-01 09:32:36.200,AAPL,149.7907073329383,737.0,149.78070733293828,1378.0,149.7707073329383,1518.0,149.81070733293828,1534.0,149.8207073329383,1475.0,149.8307073329383,335.0
2026-03-01 09:32:36.300,AAPL,149.847076652235,903.0,149.83707665223497,1613.0,149.82707665223498,1095.0,149.86707665223497,1506.0,149.877076652235,448.0,149.88707665223498,996.0
2026-03-01 09:32:36.400,AAPL,149.85429135957088,1669.0,149.84429135957086,782.0,149.83429135957087,477.0,149.87429135957086,874.0,149.88429135957088,1813.0,149.89429135957087,1479.0
2026-03-01 09:32:36.500,AAPL,149.82543290887972,255.0,149.8154329088797,1108.0,149.8054329088797,317.0,149.8454329088797,124.0,149.85543290887972,1979.0,149.8654329088797,930.0
2026-03-01 09:32:36.600,AAPL,149.81327588620036,975.0,149.80327588620034,1921.0,149.79327588620035,1301.0,149.83327588620034,1505.0,149.84327588620036,792.0,149.85327588620035,961.0
2026-03-01 09:32:36.700,AAPL,149.76496675788843,222.0,149.7549667578884,716.0,149.74496675788842,1479.0,149.7849667578884,1148.0,149.79496675788843,411.0,149.80496675788842,1641.0
2026-03-01 09:32:36.800,AAPL,149.81783321003772,168.0,149.8078332100377,108.0,149.7978332100377,656.0,149.8378332100377,975.0,149.84783321003772,1097.0,149.8578332100377,135.0
2026-03-01 09:32:36.900,AAPL,149.85198506419383,480.0,149.8419850641938,311.0,149.83198506419382,1542.0,149.8719850641938,1453.0,149.88198506419383,1296.0,149.89198506419382,1999.0
2026-03-01 09:32:37.000,AAPL,149.86106668727024,1357.0,149.85106668727022,536.0,149.84106668727023,823.0,149.88106668727022,1591.0,149.89106668727024,1631.0,149.90106668727023,1061.0
2026-03-01 09:32:37.100,AAPL,149.85892740858898,227.0,149.84892740858896,1138.0,149.83892740858897,625.0,149.87892740858896,166.0,149.88892740858898,1930.0,149.89892740858897,400.0
2026-03-01 09:32:37.200,AAPL,149.82489396472647,611.0,149.81489396472645,1027.0,149.80489396472646,1491.0,149.84489396472645,1797.0,149.85489396472647,651.0,149.86489396472646,1387.0
2026-03-01 09:32:37.300,AAPL,149.71839033253855,1331.0,149.70839033253853,1887.0,149.69839033253854,1576.0,149.73839033253853,1720.0,149.74839033253855,644.0,149.75839033253854,1499.0
2026-03-01 09:32:37.400,AAPL,149.64774398770555,1571.0,149.63774398770553,1348.0,149.62774398770554,1516.0,149.66774398770553,1551.0,149.67774398770555,175.0,149.68774398770555,1447.0
2026-03-01 09:32:37.500,AAPL,149.6106117207296,471.0,149.60061172072957,1679.0,149.59061172072958,810.0,149.63061172072958,1285.0,149.6406117207296,1840.0,149.6506117207296,1387.0
2026-03-01 09:32:37.600,AAPL,149.5659634016289,304.0,149.55596340162887,414.0,149.54596340162888,473.0,149.58596340162887,569.0,149.5959634016289,1890.0,149.60596340162888,604.0
2026-03-01 09:32:37.700,AAPL,149.5804314328597,188.0,149.5704314328597,1277.0,149.5604314328597,874.0,149.6004314328597,755.0,149.6104314328597,846.0,149.6204314328597,1790.0
2026-03-01 09:32:37.800,AAPL,149.62100611995837,1405.0,149.61100611995835,1799.0,149.60100611995836,1502.0,149.64100611995835,439.0,149.65100611995837,334.0,149.66100611995836,1541.0
2026-03-01 09:32:37.900,AAPL,149.6145841590133,1883.0,149.60458415901329,1936.0,149.5945841590133,1279.0,149.6345841590133,1662.0,149.6445841590133,1063.0,149.6545841590133,1038.0
2026-03-01 09:32:38.000,AAPL,149.6850300057694,880.0,149.67503000576937,447.0,149.66503000576938,1076.0,149.70503000576937,315.0,149.7150300057694,1891.0,149.72503000576938,1630.0
2026-03-01 09:32:38.100,AAPL,149.64588511979005,492.0,149.63588511979003,912.0,149.62588511979004,446.0,149.66588511979003,1008.0,149.67588511979005,1414.0,149.68588511979004,1579.0
2026-03-01 09:32:38.200,AAPL,149.63910826345264,544.0,149.62910826345262,347.0,149.61910826345263,1886.0,149.65910826345262,904.0,149.66910826345264,399.0,149.67910826345263,1235.0
2026-03-01 09:32:38.300,AAPL,149.63655890448877,992.0,149.62655890448875,903.0,149.61655890448876,593.0,149.65655890448875,1859.0,149.66655890448877,102.0,149.67655890448876,1883.0
2026-03-01 09:32:38.400,AAPL,149.69116822093048,646.0,149.68116822093046,249.0,149.67116822093047,539.0,149.71116822093046,466.0,149.72116822093048,124.0,149.73116822093047,1425.0
2026-03-01 09:32:38.500,AAPL,149.6964625750346,1588.0,149.68646257503457,1957.0,149.67646257503458,1999.0,149.71646257503457,200.0,149.7264625750346,123.0,149.73646257503458,1702.0
2026-03-01 09:32:38.600,AAPL,149.7031410207625,981.0,149.69314102076248,145.0,149.6831410207625,1649.0,149.72314102076248,1941.0,149.7331410207625,358.0,149.7431410207625,608.0
2026-03-01 09:32:38.700,AAPL,149.6203988650121,1431.0,149.6103988650121,550.0,149.6003988650121,1350.0,149.6403988650121,713.0,149.6503988650121,665.0,149.6603988650121,1223.0
2026-03-01 09:32:38.800,AAPL,149.57540352955155,422.0,149.56540352955153,1864.0,149.55540352955154,1524.0,149.59540352955153,1396.0,149.60540352955155,546.0,149.61540352955154,1024.0
2026-03-01 09:32:38.900,AAPL,149.63020114323643,1333.0,149.62020114323641,696.0,149.61020114323642,1487.0,149.65020114323642,464.0,149.66020114323643,1895.0,149.67020114323643,351.0
2026-03-01 09:32:39.000,AAPL,149.52643403005658,1529.0,149.51643403005656,347.0,149.50643403005657,584.0,149.54643403005656,1116.0,149.55643403005658,412.0,149.56643403005657,1601.0
2026-03-01 09:32:39.100,AAPL,149.59358366267813,1039.0,149.5835836626781,1604.0,149.57358366267812,1695.0,149.6135836626781,1994.0,149.62358366267813,709.0,149.63358366267812,1082.0
2026-03-01 09:32:39.200,AAPL,149.61856688712584,1339.0,149.60856688712582,1336.0,149.59856688712583,1001.0,149.63856688712582,875.0,149.64856688712584,334.0,149.65856688712583,804.0
2026-03-01 09:32:39.300,AAPL,149.58119082070763,1644.0,149.5711908207076,1736.0,149.56119082070762,1587.0,149.60119082070761,1689.0,149.61119082070763,523.0,149.62119082070762,383.0
2026-03-01 09:32:39.400,AAPL,149.53958837188728,1593.0,149.52958837188726,955.0,149.51958837188727,1967.0,149.55958837188726,1845.0,149.56958837188728,424.0,149.57958837188727,1681.0
2026-03-01 09:32:39.500,AAPL,149.6343861368797,714.0,149.62438613687968,1306.0,149.6143861368797,1452.0,149.65438613687968,1537.0,149.6643861368797,1764.0,149.6743861368797,306.0
2026-03-01 09:32:39.600,AAPL,149.70495642720365,1156.0,149.69495642720364,154.0,149.68495642720364,338.0,149.72495642720364,1437.0,149.73495642720366,1795.0,149.74495642720365,268.0
2026-03-01 09:32:39.700,AAPL,149.69898438862649,1700.0,149.68898438862647,959.0,149.67898438862647,1765.0,149.71898438862647,1747.0,149.7289843886265,1265.0,149.73898438862648,466.0
2026-03-01 09:32:39.800,AAPL,149.70571397509912,188.0,149.6957139750991,594.0,149.6857139750991,1525.0,149.7257139750991,593.0,149.73571397509912,1492.0,149.7457139750991,1733.0
2026-03-01 09:32:39.900,AAPL,149.6734049070536,270.0,149.66340490705358,1837.0,149.65340490705358,407.0,149.69340490705358,556.0,149.7034049070536,511.0,149.7134049070536,150.0
2026-03-01 09:32:40.000,AAPL,149.6801441059449,988.0,149.67014410594487,175.0,149.66014410594488,489.0,149.70014410594487,1248.0,149.7101441059449,116.0,149.72014410594488,413.0
2026-03-01 09:32:40.100,AAPL,149.64644892151642,1802.0,149.6364489215164,1189.0,149.6264489215164,1859.0,149.6664489215164,827.0,149.67644892151642,311.0,149.68644892151642,1439.0
2026-03-01 09:32:40.200,AAPL,149.64252177030772,775.0,149.6325217703077,285.0,149.6225217703077,1235.0,149.6625217703077,114.0,149.67252177030772,737.0,149.68252177030772,978.0
2026-03-01 09:32:40.300,AAPL,149.73303823929595,1103.0,149.72303823929593,1591.0,149.71303823929594,664.0,149.75303823929593,300.0,149.76303823929595,1552.0,149.77303823929594,452.0
2026-03-01 09:32:40.400,AAPL,149.72825753696844,1121.0,149.71825753696842,692.0,149.70825753696843,743.0,149.74825753696842,243.0,149.75825753696844,475.0,149.76825753696843,1599.0
2026-03-01 09:32:40.500,AAPL,149.67585644290475,1762.0,149.66585644290473,266.0,149.65585644290474,1858.0,149.69585644290473,1455.0,149.70585644290475,1576.0,149.71585644290474,998.0
2026-03-01 09:32:40.600,AAPL,149.6075378405055,116.0,149.59753784050548,1756.0,149.5875378405055,924.0,149.62753784050548,1886.0,149.6375378405055,385.0,149.6475378405055,1641.0
2026-03-01 09:32:40.700,AAPL,149.61389372837374,908.0,149.60389372837372,1565.0,149.59389372837373,366.0,149.63389372837372,1124.0,149.64389372837374,950.0,149.65389372837373,1089.0
2026-03-01 09:32:40.800,AAPL,149.5758489706491,1659.0,149.56584897064909,1845.0,149.5558489706491,237.0,149.5958489706491,1319.0,149.6058489706491,815.0,149.6158489706491,1293.0
2026-03-01 09:32:40.900,AAPL,149.58817912774822,1160.0,149.5781791277482,949.0,149.5681791277482,1284.0,149.6081791277482,485.0,149.61817912774822,145.0,149.6281791277482,197.0
2026-03-01 09:32:41.000,AAPL,149.5072039730918,196.0,149.49720397309179,672.0,149.4872039730918,1925.0,149.5272039730918,1755.0,149.5372039730918,1637.0,149.5472039730918,787.0
2026-03-01 09:32:41.100,AAPL,149.5417164798206,1242.0,149.53171647982057,1539.0,149.52171647982058,369.0,149.56171647982057,1458.0,149.5717164798206,690.0,149.58171647982059,1662.0
2026-03-01 09:32:41.200,AAPL,149.48870823623093,1118.0,149.47870823623091,1007.0,149.46870823623092,1370.0,149.50870823623092,904.0,149.51870823623094,510.0,149.52870823623093,1203.0
2026-03-01 09:32:41.300,AAPL,149.4910230991948,1735.0,149.48102309919477,981.0,149.47102309919478,414.0,149.51102309919477,146.0,149.5210230991948,1010.0,149.53102309919478,410.0
2026-03-01 09:32:41.400,AAPL,149.47410793832282,677.0,149.4641079383228,105.0,149.4541079383228,1184.0,149.4941079383228,1820.0,149.50410793832282,472.0,149.5141079383228,1533.0
2026-03-01 09:32:41.500,AAPL,149.56002738643676,647.0,149.55002738643674,954.0,149.54002738643675,253.0,149.58002738643674,1392.0,149.59002738643676,1078.0,149.60002738643675,1957.0
2026-03-01 09:32:41.600,AAPL,149.56860184510822,1118.0,149.5586018451082,574.0,149.5486018451082,1377.0,149.5886018451082,1852.0,149.59860184510822,1721.0,149.6086018451082,1302.0
2026-03-01 09:32:41.700,AAPL,149.66587544251396,1963.0,149.65587544251395,1475.0,149.64587544251395,1834.0,149.68587544251395,1052.0,149.69587544251397,779.0,149.70587544251396,1904.0
2026-03-01 09:32:41.800,AAPL,149.69391256251708,764.0,149.68391256251707,1701.0,149.67391256251707,254.0,149.71391256251707,1098.0,149.72391256251709,1461.0,149.73391256251708,1511.0
2026-03-01 09:32:41.900,AAPL,149.7651828586327,1107.0,149.75518285863268,1574.0,149.7451828586327,709.0,149.78518285863268,1540.0,149.7951828586327,1762.0,149.8051828586327,914.0
2026-03-01 09:32:42.000,AAPL,149.75474294831156,1585.0,149.74474294831154,1765.0,149.73474294831155,1145.0,149.77474294831154,963.0,149.78474294831156,567.0,149.79474294831155,1721.0
2026-03-01 09:32:42.100,AAPL,149.77201810078606,1689.0,149.76201810078604,992.0,149.75201810078605,1369.0,149.79201810078604,1403.0,149.80201810078606,580.0,149.81201810078605,1407.0
2026-03-01 09:32:42.200,AAPL,149.83295028023701,682.0,149.822950280237,656.0,149.812950280237,1832.0,149.852950280237,1880.0,149.86295028023702,1546.0,149.872950280237,863.0
2026-03-01 09:32:42.300,AAPL,149.87819827766623,1750.0,149.8681982776662,994.0,149.85819827766622,511.0,149.8981982776662,1492.0,149.90819827766623,1446.0,149.91819827766622,187.0
2026-03-01 09:32:42.400,AAPL,149.90474794157544,1202.0,149.89474794157542,1887.0,149.88474794157543,559.0,149.92474794157542,606.0,149.93474794157544,293.0,149.94474794157543,1012.0
2026-03-01 09:32:42.500,AAPL,149.88835119993607,941.0,149.87835119993605,1313.0,149.86835119993606,198.0,149.90835119993605,836.0,149.91835119993607,1933.0,149.92835119993606,1144.0
2026-03-01 09:32:42.600,AAPL,149.88041237524573,895.0,149.8704123752457,1850.0,149.86041237524572,612.0,149.9004123752457,1761.0,149.91041237524573,467.0,149.92041237524572,1987.0
2026-03-01 09:32:42.700,AAPL,149.9372954728259,344.0,149.92729547282588,151.0,149.91729547282588,1159.0,149.95729547282588,1816.0,149.9672954728259,1133.0,149.9772954728259,201.0
2026-03-01 09:32:42.800,AAPL,150.0045910352625,1378.0,149.9945910352625,1384.0,149.9845910352625,1639.0,150.0245910352625,264.0,150.0345910352625,793.0,150.0445910352625,791.0
2026-03-01 09:32:42.900,AAPL,149.97494789879852,544.0,149.9649478987985,1933.0,149.9549478987985,1807.0,149.9949478987985,1003.0,150.00494789879852,1395.0,150.0149478987985,1738.0
2026-03-01 09:32:43.000,AAPL,149.93775995008076,1833.0,149.92775995008074,1831.0,149.91775995008075,536.0,149.95775995008074,151.0,149.96775995008076,1419.0,149.97775995008075,914.0
2026-03-01 09:32:43.100,AAPL,149.89255326066726,1111.0,149.88255326066724,1687.0,149.87255326066725,1359.0,149.91255326066724,648.0,149.92255326066726,1585.0,149.93255326066725,1569.0
2026-03-01 09:32:43.200,AAPL,149.93403829145376,618.0,149.92403829145374,1055.0,149.91403829145375,1802.0,149.95403829145374,1990.0,149.96403829145376,1657.0,149.97403829145375,1352.0
2026-03-01 09:32:43.300,AAPL,149.88756454035064,405.0,149.87756454035062,1543.0,149.86756454035063,863.0,149.90756454035062,118.0,149.91756454035064,1974.0,149.92756454035063,1366.0
2026-03-01 09:32:43.400,AAPL,149.92844471065172,1579.0,149.9184447106517,1926.0,149.9084447106517,1647.0,149.9484447106517,797.0,149.95844471065172,142.0,149.9684447106517,1147.0
2026-03-01 09:32:43.500,AAPL,149.95572922780778,1980.0,149.94572922780776,1344.0,149.93572922780777,892.0,149.97572922780776,1539.0,149.98572922780778,1872.0,149.99572922780777,1825.0
2026-03-01 09:32:43.600,AAPL,149.92847463558948,855.0,149.91847463558946,1114.0,149.90847463558947,1878.0,149.94847463558946,636.0,149.95847463558948,815.0,149.96847463558947,567.0
2026-03-01 09:32:43.700,AAPL,150.00666760128206,1570.0,149.99666760128204,1503.0,149.98666760128205,440.0,150.02666760128204,625.0,150.03666760128206,591.0,150.04666760128205,346.0
2026-03-01 09:32:43.800,AAPL,149.933554655877,870.0,149.92355465587698,1026.0,149.913554655877,1196.0,149.95355465587699,1607.0,149.963554655877,811.0,149.973554655877,1905.0
2026-03-01 09:32:43.900,AAPL,150.01653128586491,316.0,150.0065312858649,1718.0,149.9965312858649,1011.0,150.0365312858649,1507.0,150.04653128586492,382.0,150.0565312858649,1177.0
2026-03-01 09:32:44.000,AAPL,150.0324755790772,815.0,150.02247557907717,1171.0,150.01247557907718,429.0,150.05247557907717,161.0,150.0624755790772,1841.0,150.07247557907718,1321.0
2026-03-01 09:32:44.100,AAPL,149.92880226124427,1413.0,149.91880226124425,1416.0,149.90880226124426,1872.0,149.94880226124425,1272.0,149.95880226124427,1788.0,149.96880226124426,1644.0
2026-03-01 09:32:44.200,AAPL,150.00839624303535,166.0,149.99839624303533,1033.0,149.98839624303534,775.0,150.02839624303533,854.0,150.03839624303535,1689.0,150.04839624303534,1825.0
2026-03-01 09:32:44.300,AAPL,150.05700686824633,1427.0,150.0470068682463,1739.0,150.03700686824632,871.0,150.07700686824631,1963.0,150.08700686824633,1082.0,150.09700686824632,951.0
2026-03-01 09:32:44.400,AAPL,150.0355962840757,747.0,150.02559628407568,1485.0,150.01559628407568,1974.0,150.05559628407568,1599.0,150.0655962840757,1702.0,150.0755962840757,174.0
2026-03-01 09:32:44.500,AAPL,149.98736025581363,1740.0,149.9773602558136,536.0,149.96736025581362,1938.0,150.0073602558136,1398.0,150.01736025581363,750.0,150.02736025581362,664.0
2026-03-01 09:32:44.600,AAPL,149.9089069186217,1550.0,149.8989069186217,692.0,149.8889069186217,1358.0,149.9289069186217,857.0,149.9389069186217,1258.0,149.9489069186217,1514.0
2026-03-01 09:32:44.700,AAPL,150.0296792267122,283.0,150.01967922671219,1822.0,150.0096792267122,1922.0,150.0496792267122,1214.0,150.0596792267122,921.0,150.0696792267122,550.0
2026-03-01 09:32:44.800,AAPL,149.98351013300413,1993.0,149.9735101330041,1758.0,149.96351013300412,487.0,150.0035101330041,655.0,150.01351013300413,926.0,150.02351013300412,823.0
2026-03-01 09:32:44.900,AAPL,149.92033070490407,791.0,149.91033070490406,681.0,149.90033070490406,1266.0,149.94033070490406,750.0,149.95033070490408,158.0,149.96033070490407,1660.0
2026-03-01 09:32:45.000,AAPL,149.9337266611216,1895.0,149.92372666112158,1295.0,149.9137266611216,1751.0,149.95372666112158,947.0,149.9637266611216,1509.0,149.9737266611216,423.0
2026-03-01 09:32:45.100,AAPL,149.85183198778353,482.0,149.8418319877835,1043.0,149.83183198778352,1726.0,149.8718319877835,1734.0,149.88183198778353,731.0,149.89183198778352,1453.0
2026-03-01 09:32:45.200,AAPL,149.8027545678613,435.0,149.7927545678613,611.0,149.7827545678613,1889.0,149.8227545678613,653.0,149.83275456786131,640.0,149.8427545678613,1374.0
2026-03-01 09:32:45.300,AAPL,149.85250302756933,1967.0,149.8425030275693,267.0,149.83250302756932,290.0,149.8725030275693,697.0,149.88250302756933,330.0,149.89250302756932,522.0
2026-03-01 09:32:45.400,AAPL,149.8757135573103,661.0,149.86571355731027,401.0,149.85571355731028,1465.0,149.89571355731027,680.0,149.9057135573103,1335.0,149.91571355731028,741.0
2026-03-01 09:32:45.500,AAPL,149.85639505932332,374.0,149.8463950593233,927.0,149.8363950593233,1168.0,149.8763950593233,1497.0,149.88639505932332,1612.0,149.8963950593233,1599.0
2026-03-01 09:32:45.600,AAPL,149.8573103929699,143.0,149.8473103929699,1047.0,149.8373103929699,1623.0,149.8773103929699,173.0,149.8873103929699,1594.0,149.8973103929699,455.0
2026-03-01 09:32:45.700,AAPL,149.8351868664599,1646.0,149.8251868664599,1191.0,149.8151868664599,1825.0,149.8551868664599,352.0,149.8651868664599,1466.0,149.8751868664599,1793.0
2026-03-01 09:32:45.800,AAPL,149.83208697599144,350.0,149.82208697599143,426.0,149.81208697599143,1290.0,149.85208697599143,1469.0,149.86208697599145,1773.0,149.87208697599144,1007.0
2026-03-01 09:32:45.900,AAPL,149.79399640686347,288.0,149.78399640686345,1378.0,149.77399640686346,725.0,149.81399640686345,1999.0,149.82399640686347,912.0,149.83399640686346,1590.0
2026-03-01 09:32:46.000,AAPL,149.76498444088708,989.0,149.75498444088706,1406.0,149.74498444088707,479.0,149.78498444088706,120.0,149.79498444088708,1909.0,149.80498444088707,143.0
2026-03-01 09:32:46.100,AAPL,149.73445053400982,803.0,149.7244505340098,497.0,149.7144505340098,556.0,149.7544505340098,1056.0,149.76445053400982,1077.0,149.77445053400982,705.0
2026-03-01 09:32:46.200,AAPL,149.69815749141702,1691.0,149.688157491417,1575.0,149.678157491417,112.0,149.718157491417,401.0,149.72815749141702,1719.0,149.738157491417,939.0
2026-03-01 09:32:46.300,AAPL,149.75035304123784,145.0,149.74035304123782,1318.0,149.73035304123783,1623.0,149.77035304123783,1521.0,149.78035304123784,210.0,149.79035304123784,1246.0
2026-03-01 09:32:46.400,AAPL,149.7888589108385,1998.0,149.7788589108385,1977.0,149.7688589108385,1726.0,149.8088589108385,1659.0,149.81885891083851,235.0,149.8288589108385,537.0
2026-03-01 09:32:46.500,AAPL,149.74224074741895,1644.0,149.73224074741893,438.0,149.72224074741894,763.0,149.76224074741893,255.0,149.77224074741895,1643.0,149.78224074741894,1788.0
2026-03-01 09:32:46.600,AAPL,149.68252105779183,652.0,149.6725210577918,530.0,149.66252105779182,1243.0,149.7025210577918,1920.0,149.71252105779183,1410.0,149.72252105779182,521.0
2026-03-01 09:32:46.700,AAPL,149.6746572256353,220.0,149.66465722563527,1620.0,149.65465722563528,1198.0,149.69465722563527,1334.0,149.7046572256353,183.0,149.71465722563528,940.0
2026-03-01 09:32:46.800,AAPL,149.78242160554979,1177.0,149.77242160554977,1582.0,149.76242160554978,141.0,149.80242160554977,927.0,149.8124216055498,1663.0,149.82242160554978,1728.0
2026-03-01 09:32:46.900,AAPL,149.73103634536494,430.0,149.72103634536492,392.0,149.71103634536493,564.0,149.75103634536492,1368.0,149.76103634536494,824.0,149.77103634536493,602.0
2026-03-01 09:32:47.000,AAPL,149.72297512587974,763.0,149.71297512587972,697.0,149.70297512587973,1084.0,149.74297512587972,449.0,149.75297512587974,1262.0,149.76297512587973,1675.0
2026-03-01 09:32:47.100,AAPL,149.72741114656563,1371.0,149.7174111465656,1772.0,149.70741114656562,245.0,149.7474111465656,1926.0,149.75741114656563,1046.0,149.76741114656562,1723.0
2026-03-01 09:32:47.200,AAPL,149.72197903786338,1771.0,149.71197903786336,615.0,149.70197903786337,1550.0,149.74197903786336,1340.0,149.75197903786338,1768.0,149.76197903786337,749.0
2026-03-01 09:32:47.300,AAPL,149.6990685441524,847.0,149.68906854415238,251.0,149.6790685441524,245.0,149.71906854415238,311.0,149.7290685441524,452.0,149.7390685441524,740.0
2026-03-01 09:32:47.400,AAPL,149.75682254276234,1661.0,149.74682254276232,1109.0,149.73682254276233,1363.0,149.77682254276232,1351.0,149.78682254276234,229.0,149.79682254276233,1599.0
2026-03-01 09:32:47.500,AAPL,149.7795454739095,408.0,149.7695454739095,351.0,149.7595454739095,624.0,149.7995454739095,391.0,149.8095454739095,888.0,149.8195454739095,1684.0
2026-03-01 09:32:47.600,AAPL,149.82183574009676,134.0,149.81183574009674,637.0,149.80183574009675,161.0,149.84183574009674,930.0,149.85183574009676,1138.0,149.86183574009675,668.0
2026-03-01 09:32:47.700,AAPL,149.85130473758008,1612.0,149.84130473758006,1328.0,149.83130473758007,1382.0,149.87130473758006,670.0,149.88130473758008,1483.0,149.89130473758007,1441.0
2026-03-01 09:32:47.800,AAPL,149.89600215367037,1867.0,149.88600215367035,577.0,149.87600215367036,249.0,149.91600215367035,1546.0,149.92600215367037,1700.0,149.93600215367036,1463.0
2026-03-01 09:32:47.900,AAPL,149.97522244531908,268.0,149.96522244531906,304.0,149.95522244531907,677.0,149.99522244531906,652.0,150.00522244531908,1839.0,150.01522244531907,1652.0
2026-03-01 09:32:48.000,AAPL,150.0417746436585,1433.0,150.03177464365848,434.0,150.0217746436585,635.0,150.06177464365848,773.0,150.0717746436585,1862.0,150.0817746436585,1395.0
2026-03-01 09:32:48.100,AAPL,150.15801484163828,1564.0,150.14801484163826,973.0,150.13801484163827,1362.0,150.17801484163826,1953.0,150.18801484163828,1227.0,150.19801484163827,1518.0
2026-03-01 09:32:48.200,AAPL,150.21888190570866,332.0,150.20888190570864,1628.0,150.19888190570865,1090.0,150.23888190570864,1596.0,150.24888190570866,600.0,150.25888190570865,1237.0
2026-03-01 09:32:48.300,AAPL,150.18540956688227,410.0,150.17540956688225,1647.0,150.16540956688226,280.0,150.20540956688225,1787.0,150.21540956688227,1433.0,150.22540956688226,1655.0
2026-03-01 09:32:48.400,AAPL,150.22777516897256,323.0,150.21777516897254,167.0,150.20777516897255,1006.0,150.24777516897254,421.0,150.25777516897256,710.0,150.26777516897255,810.0
2026-03-01 09:32:48.500,AAPL,150.2632969279218,564.0,150.25329692792178,1235.0,150.2432969279218,1206.0,150.28329692792178,1934.0,150.2932969279218,1087.0,150.3032969279218,627.0
2026-03-01 09:32:48.600,AAPL,150.35931167318338,411.0,150.34931167318337,1431.0,150.33931167318337,276.0,150.37931167318337,1475.0,150.38931167318339,1983.0,150.39931167318338,1446.0
2026-03-01 09:32:48.700,AAPL,150.31095374734957,1527.0,150.30095374734955,1382.0,150.29095374734956,1517.0,150.33095374734955,1990.0,150.34095374734957,1324.0,150.35095374734956,205.0
2026-03-01 09:32:48.800,AAPL,150.33885130141923,927.0,150.3288513014192,1644.0,150.31885130141922,1377.0,150.3588513014192,1135.0,150.36885130141923,1963.0,150.37885130141922,1353.0
2026-03-01 09:32:48.900,AAPL,150.3047977841809,700.0,150.29479778418087,861.0,150.28479778418088,306.0,150.32479778418087,226.0,150.3347977841809,341.0,150.34479778418088,356.0
2026-03-01 09:32:49.000,AAPL,150.3304250393859,1890.0,150.32042503938587,1637.0,150.31042503938588,1402.0,150.35042503938587,890.0,150.3604250393859,1757.0,150.37042503938588,300.0
2026-03-01 09:32:49.100,AAPL,150.3196877061559,209.0,150.30968770615587,559.0,150.29968770615588,689.0,150.33968770615587,1574.0,150.3496877061559,1241.0,150.35968770615588,253.0
2026-03-01 09:32:49.200,AAPL,150.34366114636543,1754.0,150.33366114636542,1849.0,150.32366114636542,1216.0,150.36366114636542,1265.0,150.37366114636544,1197.0,150.38366114636543,426.0
2026-03-01 09:32:49.300,AAPL,150.2731442370614,888.0,150.26314423706137,1365.0,150.25314423706138,1515.0,150.29314423706137,604.0,150.3031442370614,1355.0,150.31314423706138,1810.0
2026-03-01 09:32:49.400,AAPL,150.31280556113919,1833.0,150.30280556113917,664.0,150.29280556113918,1634.0,150.33280556113917,633.0,150.3428055611392,200.0,150.35280556113918,976.0
2026-03-01 09:32:49.500,AAPL,150.32310853689847,1537.0,150.31310853689845,1083.0,150.30310853689846,472.0,150.34310853689846,614.0,150.35310853689847,850.0,150.36310853689847,327.0
2026-03-01 09:32:49.600,AAPL,150.33071818098708,1439.0,150.32071818098706,871.0,150.31071818098707,1623.0,150.35071818098706,1477.0,150.36071818098708,1013.0,150.37071818098707,1018.0
2026-03-01 09:32:49.700,AAPL,150.42822959597945,1442.0,150.41822959597943,162.0,150.40822959597944,603.0,150.44822959597943,270.0,150.45822959597945,479.0,150.46822959597944,977.0
2026-03-01 09:32:49.800,AAPL,150.40910542606605,232.0,150.39910542606603,1613.0,150.38910542606604,672.0,150.42910542606603,821.0,150.43910542606605,695.0,150.44910542606604,602.0
2026-03-01 09:32:49.900,AAPL,150.42621869730465,1163.0,150.41621869730463,476.0,150.40621869730464,1897.0,150.44621869730463,339.0,150.45621869730465,163.0,150.46621869730464,1995.0
2026-03-01 09:32:50.000,AAPL,150.4312322322566,1135.0,150.42123223225659,708.0,150.4112322322566,1739.0,150.4512322322566,1557.0,150.4612322322566,791.0,150.4712322322566,671.0
2026-03-01 09:32:50.100,AAPL,150.44113419026866,183.0,150.43113419026864,967.0,150.42113419026865,1108.0,150.46113419026864,787.0,150.47113419026866,1601.0,150.48113419026865,1341.0
2026-03-01 09:32:50.200,AAPL,150.55222438550078,343.0,150.54222438550076,1162.0,150.53222438550077,1348.0,150.57222438550076,142.0,150.58222438550078,425.0,150.59222438550077,1775.0
2026-03-01 09:32:50.300,AAPL,150.55541474012148,947.0,150.54541474012146,856.0,150.53541474012147,1987.0,150.57541474012146,535.0,150.58541474012148,688.0,150.59541474012147,1022.0
2026-03-01 09:32:50.400,AAPL,150.52705075014705,753.0,150.51705075014704,1352.0,150.50705075014704,1373.0,150.54705075014704,1598.0,150.55705075014706,1810.0,150.56705075014705,1243.0
2026-03-01 09:32:50.500,AAPL,150.62059588991943,1741.0,150.6105958899194,1635.0,150.60059588991942,1814.0,150.6405958899194,328.0,150.65059588991943,1523.0,150.66059588991942,1372.0
2026-03-01 09:32:50.600,AAPL,150.60521145164748,177.0,150.59521145164746,1372.0,150.58521145164747,1019.0,150.62521145164746,153.0,150.63521145164748,543.0,150.64521145164747,660.0
2026-03-01 09:32:50.700,AAPL,150.52495254428703,830.0,150.514952544287,795.0,150.50495254428702,888.0,150.544952544287,773.0,150.55495254428703,876.0,150.56495254428702,846.0
2026-03-01 09:32:50.800,AAPL,150.48791035896556,315.0,150.47791035896554,901.0,150.46791035896555,258.0,150.50791035896555,1678.0,150.51791035896557,1629.0,150.52791035896556,900.0
2026-03-01 09:32:50.900,AAPL,150.42558098426343,1723.0,150.4155809842634,470.0,150.40558098426342,367.0,150.44558098426342,690.0,150.45558098426343,1370.0,150.46558098426343,751.0
2026-03-01 09:32:51.000,AAPL,150.3355827109477,1589.0,150.32558271094769,252.0,150.3155827109477,1482.0,150.3555827109477,1868.0,150.3655827109477,1016.0,150.3755827109477,241.0
2026-03-01 09:32:51.100,AAPL,150.3174319607293,1002.0,150.30743196072928,513.0,150.29743196072928,1321.0,150.33743196072928,1913.0,150.3474319607293,1311.0,150.3574319607293,1446.0
2026-03-01 09:32:51.200,AAPL,150.31392116246565,1783.0,150.30392116246563,1729.0,150.29392116246564,747.0,150.33392116246563,1163.0,150.34392116246565,341.0,150.35392116246564,1067.0
2026-03-01 09:32:51.300,AAPL,150.37294755822208,1733.0,150.36294755822206,1433.0,150.35294755822207,1146.0,150.39294755822206,952.0,150.40294755822208,531.0,150.41294755822207,1383.0
2026-03-01 09:32:51.400,AAPL,150.40441763882518,1620.0,150.39441763882516,1147.0,150.38441763882517,1088.0,150.42441763882516,1115.0,150.43441763882518,1132.0,150.44441763882517,1070.0
2026-03-01 09:32:51.500,AAPL,150.4336093542316,1266.0,150.4236093542316,1539.0,150.4136093542316,1057.0,150.4536093542316,766.0,150.4636093542316,961.0,150.4736093542316,131.0
2026-03-01 09:32:51.600,AAPL,150.38894885397173,904.0,150.3789488539717,598.0,150.36894885397172,731.0,150.4089488539717,1615.0,150.41894885397173,1650.0,150.42894885397172,571.0
2026-03-01 09:32:51.700,AAPL,150.43319551706995,679.0,150.42319551706993,813.0,150.41319551706994,1109.0,150.45319551706993,987.0,150.46319551706995,560.0,150.47319551706994,1453.0
2026-03-01 09:32:51.800,AAPL,150.50275715888986,758.0,150.49275715888984,234.0,150.48275715888985,1369.0,150.52275715888985,1424.0,150.53275715888986,1595.0,150.54275715888986,1844.0
2026-03-01 09:32:51.900,AAPL,150.52248570346717,723.0,150.51248570346715,1561.0,150.50248570346716,838.0,150.54248570346715,1544.0,150.55248570346717,727.0,150.56248570346716,1687.0
2026-03-01 09:32:52.000,AAPL,150.5436115802821,669.0,150.53361158028207,1038.0,150.52361158028208,1989.0,150.56361158028207,431.0,150.5736115802821,335.0,150.58361158028208,207.0
2026-03-01 09:32:52.100,AAPL,150.48037696529707,1498.0,150.47037696529705,1619.0,150.46037696529706,376.0,150.50037696529705,1851.0,150.51037696529707,1430.0,150.52037696529706,1695.0
2026-03-01 09:32:52.200,AAPL,150.53309875567734,1003.0,150.52309875567732,1958.0,150.51309875567733,1384.0,150.55309875567733,523.0,150.56309875567734,1296.0,150.57309875567734,1912.0
2026-03-01 09:32:52.300,AAPL,150.6221402831154,147.0,150.6121402831154,394.0,150.6021402831154,538.0,150.6421402831154,1399.0,150.65214028311541,821.0,150.6621402831154,1976.0
2026-03-01 09:32:52.400,AAPL,150.63828790306775,1099.0,150.62828790306773,1188.0,150.61828790306774,463.0,150.65828790306773,1706.0,150.66828790306775,904.0,150.67828790306774,318.0
2026-03-01 09:32:52.500,AAPL,150.60857003914938,928.0,150.59857003914937,1213.0,150.58857003914937,1663.0,150.62857003914937,1887.0,150.63857003914939,671.0,150.64857003914938,1951.0
2026-03-01 09:32:52.600,AAPL,150.60047029634998,232.0,150.59047029634996,1478.0,150.58047029634997,554.0,150.62047029634996,321.0,150.63047029634998,991.0,150.64047029634997,260.0
2026-03-01 09:32:52.700,AAPL,150.57944926059935,1059.0,150.56944926059933,1163.0,150.55944926059934,272.0,150.59944926059933,1186.0,150.60944926059935,1602.0,150.61944926059934,1480.0
2026-03-01 09:32:52.800,AAPL,150.56142677794134,1678.0,150.55142677794132,509.0,150.54142677794133,1041.0,150.58142677794132,891.0,150.59142677794134,1145.0,150.60142677794133,1543.0
2026-03-01 09:32:52.900,AAPL,150.59382593112605,1646.0,150.58382593112603,862.0,150.57382593112604,748.0,150.61382593112603,660.0,150.62382593112605,160.0,150.63382593112604,1003.0
2026-03-01 09:32:53.000,AAPL,150.60779913670956,1643.0,150.59779913670954,611.0,150.58779913670955,309.0,150.62779913670954,180.0,150.63779913670956,1532.0,150.64779913670955,755.0
2026-03-01 09:32:53.100,AAPL,150.65799596700813,1591.0,150.64799596700811,1574.0,150.63799596700812,621.0,150.67799596700812,1751.0,150.68799596700813,460.0,150.69799596700813,1659.0
2026-03-01 09:32:53.200,AAPL,150.67654109424706,1054.0,150.66654109424704,761.0,150.65654109424705,539.0,150.69654109424704,1268.0,150.70654109424706,1284.0,150.71654109424705,1347.0
2026-03-01 09:32:53.300,AAPL,150.63333669554814,698.0,150.62333669554812,855.0,150.61333669554813,826.0,150.65333669554812,100.0,150.66333669554814,1231.0,150.67333669554813,976.0
2026-03-01 09:32:53.400,AAPL,150.60830209435568,1332.0,150.59830209435566,1556.0,150.58830209435567,620.0,150.62830209435566,1371.0,150.63830209435568,378.0,150.64830209435567,544.0
2026-03-01 09:32:53.500,AAPL,150.58016004071627,1303.0,150.57016004071625,1674.0,150.56016004071626,629.0,150.60016004071625,1015.0,150.61016004071627,869.0,150.62016004071626,1275.0
2026-03-01 09:32:53.600,AAPL,150.57083653688534,160.0,150.56083653688532,603.0,150.55083653688533,1194.0,150.59083653688532,885.0,150.60083653688534,676.0,150.61083653688533,1796.0
2026-03-01 09:32:53.700,AAPL,150.66057222145608,823.0,150.65057222145606,234.0,150.64057222145607,1394.0,150.68057222145606,1749.0,150.69057222145608,113.0,150.70057222145607,1109.0
2026-03-01 09:32:53.800,AAPL,150.75831720103847,1898.0,150.74831720103845,918.0,150.73831720103846,1844.0,150.77831720103845,1679.0,150.78831720103847,158.0,150.79831720103846,459.0
2026-03-01 09:32:53.900,AAPL,150.8001472610608,837.0,150.79014726106078,1349.0,150.7801472610608,1425.0,150.82014726106078,265.0,150.8301472610608,465.0,150.8401472610608,1844.0
2026-03-01 09:32:54.000,AAPL,150.80608545090246,865.0,150.79608545090244,788.0,150.78608545090245,565.0,150.82608545090244,656.0,150.83608545090246,1987.0,150.84608545090245,409.0
2026-03-01 09:32:54.100,AAPL,150.73800283992725,1494.0,150.72800283992723,602.0,150.71800283992724,1434.0,150.75800283992723,1366.0,150.76800283992725,1160.0,150.77800283992724,1493.0
2026-03-01 09:32:54.200,AAPL,150.74900325521375,430.0,150.73900325521373,320.0,150.72900325521374,1140.0,150.76900325521373,1368.0,150.77900325521375,455.0,150.78900325521374,1512.0
2026-03-01 09:32:54.300,AAPL,150.70950289039192,1864.0,150.6995028903919,1864.0,150.6895028903919,895.0,150.7295028903919,1718.0,150.73950289039192,838.0,150.7495028903919,1366.0
2026-03-01 09:32:54.400,AAPL,150.7910289852202,1315.0,150.7810289852202,1874.0,150.7710289852202,149.0,150.8110289852202,1674.0,150.8210289852202,304.0,150.8310289852202,1793.0
2026-03-01 09:32:54.500,AAPL,150.71072370073068,912.0,150.70072370073066,1518.0,150.69072370073067,1232.0,150.73072370073066,1123.0,150.74072370073068,1024.0,150.75072370073067,1270.0
2026-03-01 09:32:54.600,AAPL,150.72994791739717,211.0,150.71994791739715,1040.0,150.70994791739716,381.0,150.74994791739715,1991.0,150.75994791739717,837.0,150.76994791739716,959.0
2026-03-01 09:32:54.700,AAPL,150.68623594851465,213.0,150.67623594851463,1448.0,150.66623594851464,671.0,150.70623594851463,572.0,150.71623594851465,1817.0,150.72623594851464,1294.0
2026-03-01 09:32:54.800,AAPL,150.68576018924048,1282.0,150.67576018924046,694.0,150.66576018924047,957.0,150.70576018924046,984.0,150.71576018924048,169.0,150.72576018924048,1407.0
2026-03-01 09:32:54.900,AAPL,150.71906359875604,1851.0,150.70906359875602,907.0,150.69906359875603,601.0,150.73906359875602,1971.0,150.74906359875604,1398.0,150.75906359875603,701.0
2026-03-01 09:32:55.000,AAPL,150.77016203319513,1214.0,150.76016203319512,1609.0,150.75016203319512,638.0,150.79016203319512,1654.0,150.80016203319514,1825.0,150.81016203319513,774.0
2026-03-01 09:32:55.100,AAPL,150.76712752314856,1134.0,150.75712752314854,147.0,150.74712752314855,1475.0,150.78712752314854,1615.0,150.79712752314856,988.0,150.80712752314855,1382.0
2026-03-01 09:32:55.200,AAPL,150.80518835065763,910.0,150.7951883506576,1530.0,150.78518835065762,1909.0,150.8251883506576,1872.0,150.83518835065763,1393.0,150.84518835065762,1768.0
2026-03-01 09:32:55.300,AAPL,150.77206484572704,335.0,150.76206484572702,1568.0,150.75206484572703,1703.0,150.79206484572703,1028.0,150.80206484572705,1036.0,150.81206484572704,328.0
2026-03-01 09:32:55.400,AAPL,150.7843417649657,1069.0,150.77434176496567,1978.0,150.76434176496568,1760.0,150.80434176496567,1571.0,150.8143417649657,1099.0,150.82434176496568,1832.0
2026-03-01 09:32:55.500,AAPL,150.8344521356876,637.0,150.82445213568758,1939.0,150.8144521356876,110.0,150.85445213568758,1514.0,150.8644521356876,1920.0,150.8744521356876,704.0
2026-03-01 09:32:55.600,AAPL,150.8510571095946,1459.0,150.84105710959457,783.0,150.83105710959458,1320.0,150.87105710959457,218.0,150.8810571095946,750.0,150.89105710959458,688.0
2026-03-01 09:32:55.700,AAPL,150.82458992477592,1481.0,150.8145899247759,1813.0,150.8045899247759,1612.0,150.8445899247759,131.0,150.85458992477592,885.0,150.8645899247759,1225.0
2026-03-01 09:32:55.800,AAPL,150.81063780639775,1612.0,150.80063780639773,1255.0,150.79063780639774,1097.0,150.83063780639773,534.0,150.84063780639775,1347.0,150.85063780639774,1014.0
2026-03-01 09:32:55.900,AAPL,150.86142060952514,1612.0,150.85142060952512,1273.0,150.84142060952513,1378.0,150.88142060952512,1872.0,150.89142060952514,1151.0,150.90142060952513,743.0
2026-03-01 09:32:56.000,AAPL,150.80682837867874,707.0,150.79682837867873,345.0,150.78682837867873,261.0,150.82682837867873,1728.0,150.83682837867875,1311.0,150.84682837867874,544.0
2026-03-01 09:32:56.100,AAPL,150.75961262197836,280.0,150.74961262197834,1211.0,150.73961262197835,972.0,150.77961262197834,1712.0,150.78961262197836,1826.0,150.79961262197835,895.0
2026-03-01 09:32:56.200,AAPL,150.78969205996896,1146.0,150.77969205996894,1544.0,150.76969205996895,185.0,150.80969205996894,1461.0,150.81969205996896,1394.0,150.82969205996895,1507.0
2026-03-01 09:32:56.300,AAPL,150.76773488024187,459.0,150.75773488024186,582.0,150.74773488024186,411.0,150.78773488024186,1388.0,150.79773488024188,1783.0,150.80773488024187,1505.0
2026-03-01 09:32:56.400,AAPL,150.69508197042438,341.0,150.68508197042436,1472.0,150.67508197042437,1761.0,150.71508197042436,733.0,150.72508197042438,932.0,150.73508197042437,613.0
2026-03-01 09:32:56.500,AAPL,150.76262290377647,549.0,150.75262290377646,1504.0,150.74262290377646,1822.0,150.78262290377646,1761.0,150.79262290377648,658.0,150.80262290377647,585.0
2026-03-01 09:32:56.600,AAPL,150.7076428893825,1203.0,150.69764288938248,396.0,150.6876428893825,1440.0,150.72764288938248,1166.0,150.7376428893825,1119.0,150.7476428893825,1356.0
2026-03-01 09:32:56.700,AAPL,150.69767138871651,166.0,150.6876713887165,199.0,150.6776713887165,387.0,150.7176713887165,250.0,150.72767138871652,463.0,150.7376713887165,1087.0
2026-03-01 09:32:56.800,AAPL,150.66669535653216,511.0,150.65669535653214,204.0,150.64669535653215,1504.0,150.68669535653214,922.0,150.69669535653216,211.0,150.70669535653215,1888.0
2026-03-01 09:32:56.900,AAPL,150.65181118225513,887.0,150.6418111822551,1970.0,150.63181118225512,786.0,150.6718111822551,1980.0,150.68181118225513,1909.0,150.69181118225512,1300.0
2026-03-01 09:32:57.000,AAPL,150.60758020937257,1365.0,150.59758020937255,1626.0,150.58758020937256,1528.0,150.62758020937255,686.0,150.63758020937257,1308.0,150.64758020937256,1008.0
2026-03-01 09:32:57.100,AAPL,150.64329417125725,1658.0,150.63329417125723,1491.0,150.62329417125724,1558.0,150.66329417125723,1693.0,150.67329417125725,1127.0,150.68329417125724,919.0
2026-03-01 09:32:57.200,AAPL,150.64883534747258,413.0,150.63883534747256,379.0,150.62883534747257,1175.0,150.66883534747257,1385.0,150.67883534747259,1496.0,150.68883534747258,589.0
2026-03-01 09:32:57.300,AAPL,150.69801802723313,877.0,150.6880180272331,794.0,150.67801802723312,758.0,150.71801802723311,1294.0,150.72801802723313,620.0,150.73801802723312,1023.0
2026-03-01 09:32:57.400,AAPL,150.66755961665604,215.0,150.65755961665602,244.0,150.64755961665603,724.0,150.68755961665602,437.0,150.69755961665604,1034.0,150.70755961665603,140.0
2026-03-01 09:32:57.500,AAPL,150.7742107051535,1326.0,150.7642107051535,211.0,150.7542107051535,435.0,150.7942107051535,1504.0,150.8042107051535,320.0,150.8142107051535,868.0
2026-03-01 09:32:57.600,AAPL,150.6789782658783,291.0,150.66897826587828,1323.0,150.6589782658783,1172.0,150.69897826587828,1813.0,150.7089782658783,338.0,150.7189782658783,393.0
2026-03-01 09:32:57.700,AAPL,150.5997215204822,143.0,150.5897215204822,1446.0,150.5797215204822,1947.0,150.6197215204822,597.0,150.6297215204822,1629.0,150.6397215204822,969.0
2026-03-01 09:32:57.800,AAPL,150.68737576286802,1720.0,150.677375762868,1463.0,150.667375762868,1598.0,150.707375762868,463.0,150.71737576286802,1330.0,150.727375762868,579.0
2026-03-01 09:32:57.900,AAPL,150.71107784624033,1522.0,150.7010778462403,996.0,150.69107784624032,1826.0,150.7310778462403,1921.0,150.74107784624033,736.0,150.75107784624032,493.0
2026-03-01 09:32:58.000,AAPL,150.72814715039314,1068.0,150.71814715039312,1570.0,150.70814715039313,378.0,150.74814715039312,686.0,150.75814715039314,1924.0,150.76814715039313,1803.0
2026-03-01 09:32:58.100,AAPL,150.74971091575904,1990.0,150.73971091575902,398.0,150.72971091575903,292.0,150.76971091575902,1616.0,150.77971091575904,783.0,150.78971091575903,964.0
2026-03-01 09:32:58.200,AAPL,150.77827127926656,1373.0,150.76827127926654,898.0,150.75827127926655,1959.0,150.79827127926654,1481.0,150.80827127926656,1064.0,150.81827127926655,1750.0
2026-03-01 09:32:58.300,AAPL,150.79325966528825,629.0,150.78325966528823,1446.0,150.77325966528824,151.0,150.81325966528823,1557.0,150.82325966528825,347.0,150.83325966528824,1192.0
2026-03-01 09:32:58.400,AAPL,150.744964440707,1096.0,150.734964440707,1346.0,150.724964440707,869.0,150.764964440707,1261.0,150.774964440707,562.0,150.784964440707,634.0
2026-03-01 09:32:58.500,AAPL,150.78587398596065,355.0,150.77587398596063,459.0,150.76587398596064,1465.0,150.80587398596063,429.0,150.81587398596065,905.0,150.82587398596064,564.0
2026-03-01 09:32:58.600,AAPL,150.81890789653755,1059.0,150.80890789653753,611.0,150.79890789653754,1337.0,150.83890789653753,1071.0,150.84890789653755,1677.0,150.85890789653754,754.0
2026-03-01 09:32:58.700,AAPL,150.89032945387456,1334.0,150.88032945387454,991.0,150.87032945387455,834.0,150.91032945387454,1140.0,150.92032945387456,1079.0,150.93032945387455,677.0
2026-03-01 09:32:58.800,AAPL,150.9785415077196,1278.0,150.96854150771958,429.0,150.9585415077196,329.0,150.99854150771958,467.0,151.0085415077196,1309.0,151.0185415077196,667.0
2026-03-01 09:32:58.900,AAPL,150.99506531170178,435.0,150.98506531170176,532.0,150.97506531170177,665.0,151.01506531170176,238.0,151.02506531170178,1000.0,151.03506531170177,1405.0
2026-03-01 09:32:59.000,AAPL,150.93368786082016,1289.0,150.92368786082014,1646.0,150.91368786082015,1481.0,150.95368786082014,1989.0,150.96368786082016,1538.0,150.97368786082015,558.0
2026-03-01 09:32:59.100,AAPL,151.02231400738026,1092.0,151.01231400738024,921.0,151.00231400738025,1255.0,151.04231400738024,1489.0,151.05231400738026,1806.0,151.06231400738025,1915.0
2026-03-01 09:32:59.200,AAPL,150.97140651063012,1567.0,150.9614065106301,727.0,150.9514065106301,1839.0,150.9914065106301,512.0,151.00140651063012,689.0,151.0114065106301,1278.0
2026-03-01 09:32:59.300,AAPL,150.98830472031375,519.0,150.97830472031373,533.0,150.96830472031374,1481.0,151.00830472031373,1858.0,151.01830472031375,1960.0,151.02830472031374,249.0
2026-03-01 09:32:59.400,AAPL,150.9754680239927,1213.0,150.96546802399268,461.0,150.9554680239927,1966.0,150.9954680239927,470.0,151.0054680239927,684.0,151.0154680239927,1498.0
2026-03-01 09:32:59.500,AAPL,150.95393675648344,938.0,150.94393675648342,452.0,150.93393675648343,874.0,150.97393675648343,665.0,150.98393675648344,1000.0,150.99393675648344,1319.0
2026-03-01 09:32:59.600,AAPL,150.99215176256004,1978.0,150.98215176256002,1424.0,150.97215176256003,559.0,151.01215176256002,474.0,151.02215176256004,667.0,151.03215176256003,556.0
2026-03-01 09:32:59.700,AAPL,151.00437474252342,1051.0,150.9943747425234,819.0,150.9843747425234,723.0,151.0243747425234,1643.0,151.03437474252343,1590.0,151.04437474252342,187.0
2026-03-01 09:32:59.800,AAPL,151.03003681708682,1876.0,151.0200368170868,889.0,151.0100368170868,568.0,151.0500368170868,939.0,151.06003681708683,601.0,151.07003681708682,1176.0
2026-03-01 09:32:59.900,AAPL,150.98925250257867,1269.0,150.97925250257865,1372.0,150.96925250257866,1776.0,151.00925250257865,974.0,151.01925250257867,1080.0,151.02925250257866,1539.0
2026-03-01 09:33:00.000,AAPL,150.98054875430992,1261.0,150.9705487543099,1347.0,150.9605487543099,1131.0,151.0005487543099,982.0,151.01054875430992,1128.0,151.0205487543099,249.0
2026-03-01 09:33:00.100,AAPL,150.9420720053179,1463.0,150.93207200531788,1115.0,150.9220720053179,1868.0,150.96207200531788,493.0,150.9720720053179,1780.0,150.9820720053179,216.0
2026-03-01 09:33:00.200,AAPL,150.93211842591901,1349.0,150.922118425919,128.0,150.912118425919,781.0,150.952118425919,1900.0,150.96211842591902,1449.0,150.972118425919,1953.0
2026-03-01 09:33:00.300,AAPL,150.92618031467566,1888.0,150.91618031467564,1040.0,150.90618031467565,591.0,150.94618031467564,1405.0,150.95618031467566,1259.0,150.96618031467565,667.0
2026-03-01 09:33:00.400,AAPL,151.0183955233359,1105.0,151.00839552333588,1190.0,150.9983955233359,232.0,151.03839552333588,1941.0,151.0483955233359,1163.0,151.0583955233359,1995.0
2026-03-01 09:33:00.500,AAPL,151.00542609761246,1620.0,150.99542609761244,397.0,150.98542609761245,1383.0,151.02542609761244,1323.0,151.03542609761246,1719.0,151.04542609761245,1187.0
2026-03-01 09:33:00.600,AAPL,150.89914618138593,1179.0,150.8891461813859,1204.0,150.87914618138592,695.0,150.9191461813859,1894.0,150.92914618138593,1115.0,150.93914618138592,1691.0
2026-03-01 09:33:00.700,AAPL,150.96890075825198,648.0,150.95890075825196,1184.0,150.94890075825197,1270.0,150.98890075825196,1070.0,150.99890075825198,1659.0,151.00890075825197,210.0
2026-03-01 09:33:00.800,AAPL,150.99136372695327,828.0,150.98136372695325,1489.0,150.97136372695326,1224.0,151.01136372695325,1812.0,151.02136372695327,1389.0,151.03136372695326,1969.0
2026-03-01 09:33:00.900,AAPL,150.9848132052256,1793.0,150.9748132052256,1862.0,150.9648132052256,1124.0,151.0048132052256,1837.0,151.0148132052256,1746.0,151.0248132052256,1876.0
2026-03-01 09:33:01.000,AAPL,150.96295243688255,592.0,150.95295243688253,386.0,150.94295243688254,1805.0,150.98295243688253,997.0,150.99295243688255,1512.0,151.00295243688254,1497.0
2026-03-01 09:33:01.100,AAPL,150.9156061540797,1799.0,150.9056061540797,1619.0,150.8956061540797,1841.0,150.9356061540797,486.0,150.9456061540797,421.0,150.9556061540797,352.0
2026-03-01 09:33:01.200,AAPL,151.01250855893403,1836.0,151.002508558934,708.0,150.99250855893402,1961.0,151.032508558934,1750.0,151.04250855893403,310.0,151.05250855893402,957.0
2026-03-01 09:33:01.300,AAPL,151.01510080336703,133.0,151.00510080336701,1709.0,150.99510080336702,1005.0,151.03510080336702,1158.0,151.04510080336703,1502.0,151.05510080336703,1946.0
2026-03-01 09:33:01.400,AAPL,150.92821324619294,716.0,150.91821324619292,178.0,150.90821324619293,1758.0,150.94821324619292,1576.0,150.95821324619294,1655.0,150.96821324619293,1971.0
2026-03-01 09:33:01.500,AAPL,150.9446002478572,1022.0,150.9346002478572,937.0,150.9246002478572,494.0,150.9646002478572,1774.0,150.9746002478572,190.0,150.9846002478572,1460.0
2026-03-01 09:33:01.600,AAPL,151.00490883295896,769.0,150.99490883295894,1732.0,150.98490883295895,791.0,151.02490883295894,1800.0,151.03490883295896,1355.0,151.04490883295895,1685.0
2026-03-01 09:33:01.700,AAPL,151.01273056637663,1684.0,151.0027305663766,1924.0,150.99273056637662,168.0,151.0327305663766,1966.0,151.04273056637663,768.0,151.05273056637662,455.0
2026-03-01 09:33:01.800,AAPL,150.96765089276687,211.0,150.95765089276685,679.0,150.94765089276686,1153.0,150.98765089276685,1988.0,150.99765089276687,969.0,151.00765089276686,676.0
2026-03-01 09:33:01.900,AAPL,150.91809717846564,601.0,150.90809717846562,1734.0,150.89809717846563,1530.0,150.93809717846563,1195.0,150.94809717846564,1516.0,150.95809717846564,1971.0
2026-03-01 09:33:02.000,AAPL,150.87223123207968,1360.0,150.86223123207967,227.0,150.85223123207967,914.0,150.89223123207967,1450.0,150.90223123207969,866.0,150.91223123207968,468.0
2026-03-01 09:33:02.100,AAPL,150.94831413193202,467.0,150.938314131932,801.0,150.928314131932,1087.0,150.968314131932,692.0,150.97831413193202,696.0,150.98831413193201,1828.0
2026-03-01 09:33:02.200,AAPL,150.9447309291702,1773.0,150.93473092917017,523.0,150.92473092917018,759.0,150.96473092917017,826.0,150.9747309291702,1629.0,150.98473092917018,1887.0
2026-03-01 09:33:02.300,AAPL,150.86079470843626,1932.0,150.85079470843624,993.0,150.84079470843625,713.0,150.88079470843624,361.0,150.89079470843626,1949.0,150.90079470843625,462.0
2026-03-01 09:33:02.400,AAPL,150.88000140472846,1361.0,150.87000140472844,993.0,150.86000140472845,299.0,150.90000140472844,1620.0,150.91000140472846,650.0,150.92000140472845,663.0
2026-03-01 09:33:02.500,AAPL,150.88705324400715,233.0,150.87705324400713,333.0,150.86705324400714,810.0,150.90705324400713,1587.0,150.91705324400715,971.0,150.92705324400714,1443.0
2026-03-01 09:33:02.600,AAPL,150.86460847066297,1008.0,150.85460847066295,1197.0,150.84460847066296,1939.0,150.88460847066295,1800.0,150.89460847066297,857.0,150.90460847066296,849.0
2026-03-01 09:33:02.700,AAPL,150.81358813285854,137.0,150.80358813285852,515.0,150.79358813285853,894.0,150.83358813285852,1105.0,150.84358813285854,1946.0,150.85358813285853,298.0
2026-03-01 09:33:02.800,AAPL,150.7603933878699,715.0,150.75039338786988,1191.0,150.7403933878699,747.0,150.78039338786988,1997.0,150.7903933878699,833.0,150.8003933878699,275.0
2026-03-01 09:33:02.900,AAPL,150.81472507864322,1773.0,150.8047250786432,1033.0,150.7947250786432,1755.0,150.8347250786432,314.0,150.84472507864322,1135.0,150.8547250786432,1428.0
2026-03-01 09:33:03.000,AAPL,150.82710072143345,1363.0,150.81710072143343,1379.0,150.80710072143344,1295.0,150.84710072143343,427.0,150.85710072143345,138.0,150.86710072143345,1600.0
2026-03-01 09:33:03.100,AAPL,150.85103290466657,331.0,150.84103290466655,844.0,150.83103290466656,588.0,150.87103290466655,1307.0,150.88103290466657,260.0,150.89103290466656,1101.0
2026-03-01 09:33:03.200,AAPL,150.86327084514556,1212.0,150.85327084514554,304.0,150.84327084514555,195.0,150.88327084514555,1480.0,150.89327084514557,611.0,150.90327084514556,1942.0
2026-03-01 09:33:03.300,AAPL,150.87965528039115,1460.0,150.86965528039113,202.0,150.85965528039114,1076.0,150.89965528039113,987.0,150.90965528039115,1742.0,150.91965528039114,1349.0
2026-03-01 09:33:03.400,AAPL,150.85623554721974,400.0,150.84623554721972,162.0,150.83623554721973,670.0,150.87623554721972,377.0,150.88623554721974,252.0,150.89623554721973,932.0
2026-03-01 09:33:03.500,AAPL,150.8459440794957,739.0,150.83594407949568,338.0,150.82594407949568,618.0,150.86594407949568,311.0,150.8759440794957,1925.0,150.8859440794957,760.0
2026-03-01 09:33:03.600,AAPL,150.90418966976696,315.0,150.89418966976694,1403.0,150.88418966976695,1682.0,150.92418966976695,355.0,150.93418966976697,160.0,150.94418966976696,658.0
2026-03-01 09:33:03.700,AAPL,150.9749191781579,550.0,150.96491917815788,1519.0,150.9549191781579,197.0,150.9949191781579,389.0,151.0049191781579,919.0,151.0149191781579,1864.0
2026-03-01 09:33:03.800,AAPL,150.91381457876992,906.0,150.9038145787699,554.0,150.8938145787699,992.0,150.9338145787699,913.0,150.94381457876992,1291.0,150.9538145787699,1216.0
2026-03-01 09:33:03.900,AAPL,150.90340163711454,1704.0,150.89340163711452,499.0,150.88340163711453,890.0,150.92340163711452,1387.0,150.93340163711454,1682.0,150.94340163711453,940.0
2026-03-01 09:33:04.000,AAPL,150.94536590506422,1365.0,150.9353659050642,196.0,150.9253659050642,1273.0,150.9653659050642,1620.0,150.97536590506422,388.0,150.9853659050642,1223.0
2026-03-01 09:33:04.100,AAPL,151.039469891675,1293.0,151.02946989167498,1461.0,151.019469891675,1211.0,151.05946989167498,970.0,151.069469891675,884.0,151.079469891675,429.0
2026-03-01 09:33:04.200,AAPL,151.12856787074153,1441.0,151.11856787074151,1352.0,151.10856787074152,488.0,151.14856787074152,1273.0,151.15856787074154,581.0,151.16856787074153,963.0
2026-03-01 09:33:04.300,AAPL,151.08877997999423,816.0,151.0787799799942,855.0,151.06877997999422,1774.0,151.1087799799942,1868.0,151.11877997999423,1259.0,151.12877997999422,1675.0
2026-03-01 09:33:04.400,AAPL,151.1525322859045,440.0,151.14253228590448,951.0,151.1325322859045,1404.0,151.17253228590448,767.0,151.1825322859045,1353.0,151.1925322859045,1964.0
2026-03-01 09:33:04.500,AAPL,151.15546410100987,667.0,151.14546410100985,1097.0,151.13546410100986,1052.0,151.17546410100985,143.0,151.18546410100987,324.0,151.19546410100986,1919.0
2026-03-01 09:33:04.600,AAPL,151.20768493295364,279.0,151.19768493295362,125.0,151.18768493295363,1335.0,151.22768493295362,257.0,151.23768493295364,1030.0,151.24768493295363,1315.0
2026-03-01 09:33:04.700,AAPL,151.24709886699472,1518.0,151.2370988669947,502.0,151.2270988669947,288.0,151.2670988669947,924.0,151.27709886699472,1182.0,151.2870988669947,222.0
2026-03-01 09:33:04.800,AAPL,151.18390066486648,1949.0,151.17390066486647,605.0,151.16390066486647,721.0,151.20390066486647,1257.0,151.2139006648665,697.0,151.22390066486648,206.0
2026-03-01 09:33:04.900,AAPL,151.21139936269782,872.0,151.2013993626978,950.0,151.1913993626978,1289.0,151.2313993626978,929.0,151.24139936269782,280.0,151.2513993626978,1245.0
2026-03-01 09:33:05.000,AAPL,151.2616841922563,1279.0,151.25168419225628,670.0,151.2416841922563,1463.0,151.28168419225628,1419.0,151.2916841922563,177.0,151.3016841922563,695.0
2026-03-01 09:33:05.100,AAPL,151.2606764295049,831.0,151.2506764295049,520.0,151.2406764295049,943.0,151.2806764295049,1405.0,151.2906764295049,1826.0,151.3006764295049,740.0
2026-03-01 09:33:05.200,AAPL,151.24836060813956,687.0,151.23836060813954,667.0,151.22836060813955,1220.0,151.26836060813955,1165.0,151.27836060813956,1910.0,151.28836060813956,873.0
2026-03-01 09:33:05.300,AAPL,151.16977741255093,1961.0,151.1597774125509,1321.0,151.14977741255092,994.0,151.1897774125509,744.0,151.19977741255093,1857.0,151.20977741255092,564.0
2026-03-01 09:33:05.400,AAPL,151.20395828837846,388.0,151.19395828837844,623.0,151.18395828837845,1604.0,151.22395828837844,1121.0,151.23395828837846,1667.0,151.24395828837845,1140.0
2026-03-01 09:33:05.500,AAPL,151.21439570676915,897.0,151.20439570676913,837.0,151.19439570676914,1499.0,151.23439570676913,1255.0,151.24439570676915,1227.0,151.25439570676915,1483.0
2026-03-01 09:33:05.600,AAPL,151.16828651103364,1255.0,151.15828651103362,1274.0,151.14828651103363,1776.0,151.18828651103362,352.0,151.19828651103364,1900.0,151.20828651103363,1975.0
2026-03-01 09:33:05.700,AAPL,151.15199451118983,1355.0,151.1419945111898,413.0,151.13199451118982,1595.0,151.1719945111898,1164.0,151.18199451118983,1819.0,151.19199451118982,512.0
2026-03-01 09:33:05.800,AAPL,151.15971967364624,1287.0,151.14971967364622,1335.0,151.13971967364623,1478.0,151.17971967364622,1980.0,151.18971967364624,707.0,151.19971967364623,1902.0
2026-03-01 09:33:05.900,AAPL,151.13178788419359,147.0,151.12178788419357,939.0,151.11178788419357,1895.0,151.15178788419357,871.0,151.1617878841936,1372.0,151.17178788419358,1914.0
2026-03-01 09:33:06.000,AAPL,151.13192174056908,776.0,151.12192174056906,1475.0,151.11192174056907,144.0,151.15192174056907,757.0,151.16192174056908,1123.0,151.17192174056908,1463.0
2026-03-01 09:33:06.100,AAPL,151.0444251082089,1212.0,151.0344251082089,538.0,151.0244251082089,1505.0,151.0644251082089,323.0,151.0744251082089,1792.0,151.0844251082089,164.0
2026-03-01 09:33:06.200,AAPL,151.1118961930515,471.0,151.1018961930515,514.0,151.0918961930515,173.0,151.1318961930515,398.0,151.1418961930515,1939.0,151.1518961930515,1669.0
2026-03-01 09:33:06.300,AAPL,151.11269165729982,1973.0,151.1026916572998,1477.0,151.0926916572998,448.0,151.1326916572998,177.0,151.14269165729982,1267.0,151.1526916572998,940.0
2026-03-01 09:33:06.400,AAPL,151.0577239819753,951.0,151.04772398197528,1136.0,151.0377239819753,1967.0,151.07772398197528,688.0,151.0877239819753,1018.0,151.0977239819753,469.0
2026-03-01 09:33:06.500,AAPL,150.93473853955592,289.0,150.9247385395559,414.0,150.9147385395559,1213.0,150.9547385395559,1215.0,150.96473853955592,1348.0,150.97473853955591,649.0
2026-03-01 09:33:06.600,AAPL,150.9861952866076,307.0,150.97619528660758,804.0,150.9661952866076,513.0,151.00619528660758,1961.0,151.0161952866076,1772.0,151.0261952866076,704.0
2026-03-01 09:33:06.700,AAPL,151.01409986424378,1056.0,151.00409986424376,489.0,150.99409986424376,1577.0,151.03409986424376,1111.0,151.04409986424378,1740.0,151.05409986424377,1955.0
2026-03-01 09:33:06.800,AAPL,151.02463414991723,261.0,151.0146341499172,1619.0,151.00463414991722,1727.0,151.04463414991721,1715.0,151.05463414991723,351.0,151.06463414991723,1644.0
2026-03-01 09:33:06.900,AAPL,151.06781654998045,462.0,151.05781654998043,1269.0,151.04781654998044,609.0,151.08781654998043,1917.0,151.09781654998045,1373.0,151.10781654998044,1159.0
2026-03-01 09:33:07.000,AAPL,151.11086146979528,1339.0,151.10086146979526,1776.0,151.09086146979527,1187.0,151.13086146979526,1160.0,151.14086146979528,1186.0,151.15086146979527,1396.0
2026-03-01 09:33:07.100,AAPL,151.12058337329796,782.0,151.11058337329794,899.0,151.10058337329795,654.0,151.14058337329794,1724.0,151.15058337329796,160.0,151.16058337329795,1364.0
2026-03-01 09:33:07.200,AAPL,151.10787266243508,1720.0,151.09787266243507,703.0,151.08787266243507,291.0,151.12787266243507,778.0,151.1378726624351,1718.0,151.14787266243508,772.0
2026-03-01 09:33:07.300,AAPL,151.0870155825043,1559.0,151.0770155825043,1344.0,151.0670155825043,463.0,151.1070155825043,1283.0,151.1170155825043,1262.0,151.1270155825043,568.0
2026-03-01 09:33:07.400,AAPL,151.1080626836996,764.0,151.09806268369957,1731.0,151.08806268369958,1471.0,151.12806268369957,1447.0,151.1380626836996,1502.0,151.14806268369958,416.0
2026-03-01 09:33:07.500,AAPL,151.17791425244354,1492.0,151.16791425244352,1694.0,151.15791425244353,1430.0,151.19791425244352,716.0,151.20791425244354,212.0,151.21791425244353,427.0
2026-03-01 09:33:07.600,AAPL,151.17276909387775,852.0,151.16276909387773,342.0,151.15276909387774,315.0,151.19276909387773,965.0,151.20276909387775,1177.0,151.21276909387774,654.0
2026-03-01 09:33:07.700,AAPL,151.24659296417357,1090.0,151.23659296417355,1607.0,151.22659296417356,1021.0,151.26659296417355,1812.0,151.27659296417357,534.0,151.28659296417356,979.0
2026-03-01 09:33:07.800,AAPL,151.2652505878462,1522.0,151.25525058784618,1809.0,151.2452505878462,548.0,151.28525058784618,1992.0,151.2952505878462,1731.0,151.3052505878462,1265.0
2026-03-01 09:33:07.900,AAPL,151.28428513627205,477.0,151.27428513627203,439.0,151.26428513627204,1462.0,151.30428513627203,1759.0,151.31428513627205,1630.0,151.32428513627204,1690.0
2026-03-01 09:33:08.000,AAPL,151.40454060963825,1839.0,151.39454060963823,632.0,151.38454060963824,907.0,151.42454060963823,840.0,151.43454060963825,594.0,151.44454060963824,709.0
2026-03-01 09:33:08.100,AAPL,151.48717452044914,584.0,151.47717452044913,1458.0,151.46717452044913,1354.0,151.50717452044913,537.0,151.51717452044915,446.0,151.52717452044914,1634.0
2026-03-01 09:33:08.200,AAPL,151.57110498266857,1884.0,151.56110498266855,789.0,151.55110498266856,978.0,151.59110498266855,1741.0,151.60110498266857,418.0,151.61110498266856,594.0
2026-03-01 09:33:08.300,AAPL,151.53122429975022,772.0,151.5212242997502,1882.0,151.5112242997502,1587.0,151.5512242997502,157.0,151.56122429975022,1663.0,151.5712242997502,1248.0
2026-03-01 09:33:08.400,AAPL,151.64083342485804,300.0,151.63083342485803,1274.0,151.62083342485803,1181.0,151.66083342485803,328.0,151.67083342485805,1898.0,151.68083342485804,1623.0
2026-03-01 09:33:08.500,AAPL,151.63672258515203,724.0,151.626722585152,1920.0,151.61672258515202,682.0,151.656722585152,1661.0,151.66672258515203,327.0,151.67672258515202,167.0
2026-03-01 09:33:08.600,AAPL,151.62534802616437,1721.0,151.61534802616436,1732.0,151.60534802616436,369.0,151.64534802616436,687.0,151.65534802616438,1578.0,151.66534802616437,1828.0
2026-03-01 09:33:08.700,AAPL,151.5173856054937,1614.0,151.50738560549368,1236.0,151.4973856054937,248.0,151.53738560549368,1832.0,151.5473856054937,553.0,151.5573856054937,1519.0
2026-03-01 09:33:08.800,AAPL,151.5337001467214,1333.0,151.52370014672138,1043.0,151.5137001467214,1248.0,151.55370014672138,1640.0,151.5637001467214,1276.0,151.5737001467214,1699.0
2026-03-01 09:33:08.900,AAPL,151.47953244881626,602.0,151.46953244881624,688.0,151.45953244881625,1187.0,151.49953244881624,429.0,151.50953244881626,832.0,151.51953244881625,1900.0
2026-03-01 09:33:09.000,AAPL,151.49994514024363,917.0,151.4899451402436,923.0,151.47994514024361,1351.0,151.5199451402436,364.0,151.52994514024363,478.0,151.53994514024362,1448.0
2026-03-01 09:33:09.100,AAPL,151.44186688358172,1188.0,151.4318668835817,760.0,151.4218668835817,332.0,151.4618668835817,1204.0,151.47186688358173,1097.0,151.48186688358172,1635.0
2026-03-01 09:33:09.200,AAPL,151.53175187547146,285.0,151.52175187547144,727.0,151.51175187547145,678.0,151.55175187547144,1639.0,151.56175187547146,1367.0,151.57175187547145,1474.0
2026-03-01 09:33:09.300,AAPL,151.5593305736153,1575.0,151.5493305736153,610.0,151.5393305736153,593.0,151.5793305736153,196.0,151.5893305736153,1052.0,151.5993305736153,484.0
2026-03-01 09:33:09.400,AAPL,151.67332415240278,180.0,151.66332415240277,103.0,151.65332415240277,1315.0,151.69332415240277,389.0,151.70332415240279,393.0,151.71332415240278,756.0
2026-03-01 09:33:09.500,AAPL,151.62217295082814,1111.0,151.61217295082812,1900.0,151.60217295082813,1603.0,151.64217295082813,539.0,151.65217295082815,1930.0,151.66217295082814,1709.0
2026-03-01 09:33:09.600,AAPL,151.69963191306357,938.0,151.68963191306355,1508.0,151.67963191306356,1149.0,151.71963191306355,1331.0,151.72963191306357,1866.0,151.73963191306356,604.0
2026-03-01 09:33:09.700,AAPL,151.6094962922119,1435.0,151.59949629221188,1086.0,151.5894962922119,1414.0,151.62949629221188,864.0,151.6394962922119,1798.0,151.6494962922119,1077.0
2026-03-01 09:33:09.800,AAPL,151.61990006603563,675.0,151.6099000660356,1012.0,151.59990006603562,1402.0,151.6399000660356,1154.0,151.64990006603563,677.0,151.65990006603562,518.0
2026-03-01 09:33:09.900,AAPL,151.58831891003854,890.0,151.57831891003852,1684.0,151.56831891003853,1385.0,151.60831891003852,1217.0,151.61831891003854,1180.0,151.62831891003853,1423.0
2026-03-01 09:33:10.000,AAPL,151.565921083276,1610.0,151.555921083276,1290.0,151.545921083276,839.0,151.585921083276,1015.0,151.595921083276,969.0,151.605921083276,1147.0
2026-03-01 09:33:10.100,AAPL,151.5400962623806,1414.0,151.53009626238057,1448.0,151.52009626238058,1278.0,151.56009626238057,1473.0,151.5700962623806,689.0,151.58009626238058,1023.0
2026-03-01 09:33:10.200,AAPL,151.49436045311302,1042.0,151.484360453113,599.0,151.474360453113,1829.0,151.514360453113,989.0,151.52436045311302,1544.0,151.534360453113,674.0
2026-03-01 09:33:10.300,AAPL,151.43137603778047,123.0,151.42137603778045,1069.0,151.41137603778046,1732.0,151.45137603778045,840.0,151.46137603778047,141.0,151.47137603778046,804.0
2026-03-01 09:33:10.400,AAPL,151.4092546974339,1712.0,151.3992546974339,1976.0,151.3892546974339,203.0,151.4292546974339,1952.0,151.4392546974339,1570.0,151.4492546974339,1906.0
2026-03-01 09:33:10.500,AAPL,151.41505611729823,1972.0,151.40505611729822,635.0,151.39505611729822,824.0,151.43505611729822,234.0,151.44505611729824,357.0,151.45505611729823,1708.0
2026-03-01 09:33:10.600,AAPL,151.47324083512953,518.0,151.4632408351295,1249.0,151.45324083512952,589.0,151.4932408351295,1457.0,151.50324083512953,1875.0,151.51324083512952,937.0
2026-03-01 09:33:10.700,AAPL,151.48800835496058,1769.0,151.47800835496056,1921.0,151.46800835496057,1043.0,151.50800835496057,772.0,151.51800835496059,107.0,151.52800835496058,344.0
2026-03-01 09:33:10.800,AAPL,151.54633536502533,280.0,151.5363353650253,1623.0,151.52633536502532,1778.0,151.5663353650253,1999.0,151.57633536502533,1756.0,151.58633536502532,834.0
2026-03-01 09:33:10.900,AAPL,151.47242652142745,1850.0,151.46242652142743,1297.0,151.45242652142744,1332.0,151.49242652142743,1842.0,151.50242652142745,658.0,151.51242652142744,1679.0
2026-03-01 09:33:11.000,AAPL,151.450778051142,1634.0,151.440778051142,1747.0,151.430778051142,1043.0,151.470778051142,185.0,151.480778051142,1127.0,151.490778051142,1380.0
2026-03-01 09:33:11.100,AAPL,151.48632829709885,1052.0,151.47632829709883,1119.0,151.46632829709884,1865.0,151.50632829709883,221.0,151.51632829709885,1754.0,151.52632829709884,442.0
2026-03-01 09:33:11.200,AAPL,151.5034878348884,439.0,151.49348783488838,545.0,151.4834878348884,1307.0,151.52348783488839,1129.0,151.5334878348884,1437.0,151.5434878348884,520.0
2026-03-01 09:33:11.300,AAPL,151.46042907915546,1886.0,151.45042907915544,828.0,151.44042907915545,1726.0,151.48042907915544,1888.0,151.49042907915546,193.0,151.50042907915545,834.0
2026-03-01 09:33:11.400,AAPL,151.50713252376374,1148.0,151.49713252376372,1241.0,151.48713252376373,1205.0,151.52713252376373,1035.0,151.53713252376374,1116.0,151.54713252376374,939.0
2026-03-01 09:33:11.500,AAPL,151.4805688646661,1675.0,151.4705688646661,678.0,151.4605688646661,980.0,151.5005688646661,900.0,151.5105688646661,612.0,151.5205688646661,749.0
2026-03-01 09:33:11.600,AAPL,151.44170068659645,123.0,151.43170068659643,780.0,151.42170068659644,1745.0,151.46170068659643,395.0,151.47170068659645,1162.0,151.48170068659644,1457.0
2026-03-01 09:33:11.700,AAPL,151.46604807462128,1511.0,151.45604807462126,1115.0,151.44604807462127,1264.0,151.48604807462127,411.0,151.49604807462129,1125.0,151.50604807462128,852.0
2026-03-01 09:33:11.800,AAPL,151.46635654288798,1979.0,151.45635654288796,815.0,151.44635654288797,943.0,151.48635654288796,1493.0,151.49635654288798,1960.0,151.50635654288797,1307.0
2026-03-01 09:33:11.900,AAPL,151.44021092613656,1122.0,151.43021092613654,1159.0,151.42021092613655,1012.0,151.46021092613654,1248.0,151.47021092613656,1251.0,151.48021092613655,401.0
2026-03-01 09:33:12.000,AAPL,151.4123674998742,1097.0,151.40236749987417,959.0,151.39236749987418,1159.0,151.43236749987418,1739.0,151.4423674998742,400.0,151.45236749987419,808.0
2026-03-01 09:33:12.100,AAPL,151.35887765988386,269.0,151.34887765988384,1793.0,151.33887765988385,1571.0,151.37887765988384,872.0,151.38887765988386,1439.0,151.39887765988385,662.0
2026-03-01 09:33:12.200,AAPL,151.3390902475809,1237.0,151.3290902475809,1089.0,151.3190902475809,427.0,151.3590902475809,1468.0,151.3690902475809,1919.0,151.3790902475809,1075.0
2026-03-01 09:33:12.300,AAPL,151.3940907193553,1570.0,151.38409071935527,1710.0,151.37409071935528,1438.0,151.41409071935527,1225.0,151.4240907193553,945.0,151.43409071935528,182.0
2026-03-01 09:33:12.400,AAPL,151.4063182425047,168.0,151.3963182425047,1548.0,151.3863182425047,818.0,151.4263182425047,1779.0,151.4363182425047,1825.0,151.4463182425047,1046.0
2026-03-01 09:33:12.500,AAPL,151.45424794654357,1285.0,151.44424794654356,340.0,151.43424794654356,558.0,151.47424794654356,807.0,151.48424794654358,729.0,151.49424794654357,1100.0
2026-03-01 09:33:12.600,AAPL,151.4800513734273,1384.0,151.47005137342728,408.0,151.4600513734273,316.0,151.50005137342728,428.0,151.5100513734273,1969.0,151.5200513734273,1534.0
2026-03-01 09:33:12.700,AAPL,151.44943906307873,396.0,151.4394390630787,416.0,151.42943906307872,1729.0,151.4694390630787,570.0,151.47943906307873,776.0,151.48943906307872,801.0
2026-03-01 09:33:12.800,AAPL,151.36698199933952,987.0,151.3569819993395,734.0,151.3469819993395,958.0,151.3869819993395,541.0,151.39698199933952,146.0,151.4069819993395,165.0
2026-03-01 09:33:12.900,AAPL,151.32063928110432,451.0,151.3106392811043,1424.0,151.3006392811043,379.0,151.3406392811043,1165.0,151.35063928110432,1619.0,151.3606392811043,582.0
2026-03-01 09:33:13.000,AAPL,151.28707749054945,946.0,151.27707749054943,707.0,151.26707749054944,1994.0,151.30707749054943,1512.0,151.31707749054945,1839.0,151.32707749054944,639.0
2026-03-01 09:33:13.100,AAPL,151.24964834703485,639.0,151.23964834703483,278.0,151.22964834703484,1230.0,151.26964834703483,302.0,151.27964834703485,1009.0,151.28964834703484,552.0
2026-03-01 09:33:13.200,AAPL,151.29869934337785,577.0,151.28869934337783,1811.0,151.27869934337784,1965.0,151.31869934337783,774.0,151.32869934337785,423.0,151.33869934337784,289.0
2026-03-01 09:33:13.300,AAPL,151.34722876672032,1034.0,151.3372287667203,516.0,151.3272287667203,1544.0,151.3672287667203,754.0,151.37722876672032,1089.0,151.3872287667203,453.0
2026-03-01 09:33:13.400,AAPL,151.45782274873417,1195.0,151.44782274873415,1330.0,151.43782274873416,1818.0,151.47782274873416,123.0,151.48782274873417,1436.0,151.49782274873417,1440.0
2026-03-01 09:33:13.500,AAPL,151.41963669017454,1406.0,151.40963669017452,1211.0,151.39963669017453,1277.0,151.43963669017452,1066.0,151.44963669017454,342.0,151.45963669017453,1861.0
2026-03-01 09:33:13.600,AAPL,151.49950910547776,1793.0,151.48950910547774,999.0,151.47950910547775,1377.0,151.51950910547774,1826.0,151.52950910547776,1317.0,151.53950910547775,1026.0
2026-03-01 09:33:13.700,AAPL,151.57907246576096,1330.0,151.56907246576094,1347.0,151.55907246576095,1765.0,151.59907246576094,1654.0,151.60907246576096,1809.0,151.61907246576095,1494.0
2026-03-01 09:33:13.800,AAPL,151.56745927785903,202.0,151.557459277859,1567.0,151.54745927785902,1918.0,151.587459277859,1872.0,151.59745927785903,1619.0,151.60745927785902,1663.0
2026-03-01 09:33:13.900,AAPL,151.59113704770604,1674.0,151.58113704770602,230.0,151.57113704770603,639.0,151.61113704770602,581.0,151.62113704770604,749.0,151.63113704770603,588.0
2026-03-01 09:33:14.000,AAPL,151.6531737101631,1313.0,151.64317371016307,1764.0,151.63317371016308,1194.0,151.67317371016307,838.0,151.6831737101631,883.0,151.69317371016308,1941.0
2026-03-01 09:33:14.100,AAPL,151.65022747902998,709.0,151.64022747902996,1402.0,151.63022747902997,620.0,151.67022747902996,1399.0,151.68022747902998,1023.0,151.69022747902997,875.0
2026-03-01 09:33:14.200,AAPL,151.64340789016924,1712.0,151.63340789016922,1275.0,151.62340789016923,725.0,151.66340789016922,763.0,151.67340789016924,847.0,151.68340789016924,1865.0
2026-03-01 09:33:14.300,AAPL,151.61204101911338,1809.0,151.60204101911336,1207.0,151.59204101911337,256.0,151.63204101911336,132.0,151.64204101911338,1549.0,151.65204101911337,1315.0
2026-03-01 09:33:14.400,AAPL,151.49403909318022,353.0,151.4840390931802,1050.0,151.4740390931802,743.0,151.5140390931802,375.0,151.52403909318022,187.0,151.5340390931802,501.0
2026-03-01 09:33:14.500,AAPL,151.49756267400466,1606.0,151.48756267400464,1023.0,151.47756267400464,1318.0,151.51756267400464,1053.0,151.52756267400466,914.0,151.53756267400465,1752.0
2026-03-01 09:33:14.600,AAPL,151.46206920763197,1859.0,151.45206920763195,384.0,151.44206920763196,1091.0,151.48206920763195,1865.0,151.49206920763197,753.0,151.50206920763196,320.0
2026-03-01 09:33:14.700,AAPL,151.40830177645114,1483.0,151.39830177645112,1177.0,151.38830177645113,1539.0,151.42830177645112,1801.0,151.43830177645114,1839.0,151.44830177645113,1454.0
2026-03-01 09:33:14.800,AAPL,151.42941135895836,1918.0,151.41941135895834,1754.0,151.40941135895835,1773.0,151.44941135895834,1037.0,151.45941135895836,408.0,151.46941135895835,587.0
2026-03-01 09:33:14.900,AAPL,151.3568457469173,1995.0,151.34684574691727,1807.0,151.33684574691728,1542.0,151.37684574691727,812.0,151.3868457469173,167.0,151.39684574691728,1877.0
2026-03-01 09:33:15.000,AAPL,151.39714974148134,1381.0,151.38714974148132,168.0,151.37714974148133,1309.0,151.41714974148132,1412.0,151.42714974148134,737.0,151.43714974148133,1430.0
2026-03-01 09:33:15.100,AAPL,151.42132970724435,118.0,151.41132970724433,516.0,151.40132970724434,1444.0,151.44132970724434,1404.0,151.45132970724435,837.0,151.46132970724435,397.0
2026-03-01 09:33:15.200,AAPL,151.4013200466595,1362.0,151.39132004665947,1167.0,151.38132004665948,292.0,151.42132004665947,525.0,151.4313200466595,525.0,151.44132004665948,1845.0
2026-03-01 09:33:15.300,AAPL,151.39815453401727,1001.0,151.38815453401725,712.0,151.37815453401726,865.0,151.41815453401725,1301.0,151.42815453401727,374.0,151.43815453401726,1965.0
2026-03-01 09:33:15.400,AAPL,151.33864347930955,659.0,151.32864347930953,1272.0,151.31864347930954,620.0,151.35864347930953,370.0,151.36864347930955,940.0,151.37864347930955,1107.0
2026-03-01 09:33:15.500,AAPL,151.37616040947782,277.0,151.3661604094778,1326.0,151.3561604094778,694.0,151.3961604094778,1686.0,151.40616040947782,1983.0,151.4161604094778,1937.0
2026-03-01 09:33:15.600,AAPL,151.3855286215304,1796.0,151.37552862153038,1302.0,151.3655286215304,1132.0,151.40552862153038,1153.0,151.4155286215304,1187.0,151.4255286215304,1877.0
2026-03-01 09:33:15.700,AAPL,151.39862111925987,1621.0,151.38862111925985,614.0,151.37862111925986,232.0,151.41862111925985,1026.0,151.42862111925987,1442.0,151.43862111925986,582.0
2026-03-01 09:33:15.800,AAPL,151.42371563824352,1716.0,151.4137156382435,1273.0,151.4037156382435,696.0,151.4437156382435,901.0,151.45371563824352,525.0,151.4637156382435,806.0
2026-03-01 09:33:15.900,AAPL,151.39159486754895,813.0,151.38159486754893,1103.0,151.37159486754894,1632.0,151.41159486754893,1654.0,151.42159486754895,453.0,151.43159486754894,1863.0
2026-03-01 09:33:16.000,AAPL,151.3156419538029,876.0,151.30564195380288,1451.0,151.29564195380289,1340.0,151.33564195380288,464.0,151.3456419538029,627.0,151.3556419538029,460.0
2026-03-01 09:33:16.100,AAPL,151.36350787254852,330.0,151.3535078725485,939.0,151.3435078725485,602.0,151.3835078725485,1165.0,151.39350787254853,1742.0,151.40350787254852,957.0
2026-03-01 09:33:16.200,AAPL,151.39794379322913,469.0,151.3879437932291,843.0,151.37794379322912,322.0,151.4179437932291,1121.0,151.42794379322913,627.0,151.43794379322912,615.0
2026-03-01 09:33:16.300,AAPL,151.3711758530656,1778.0,151.3611758530656,225.0,151.3511758530656,1434.0,151.3911758530656,569.0,151.4011758530656,798.0,151.4111758530656,1351.0
2026-03-01 09:33:16.400,AAPL,151.3916313630221,747.0,151.38163136302208,1049.0,151.3716313630221,1828.0,151.41163136302208,1267.0,151.4216313630221,910.0,151.4316313630221,236.0
2026-03-01 09:33:16.500,AAPL,151.454530034958,863.0,151.44453003495798,1546.0,151.434530034958,1683.0,151.47453003495798,611.0,151.484530034958,1309.0,151.494530034958,1448.0
2026-03-01 09:33:16.600,AAPL,151.5114650751122,1125.0,151.50146507511218,375.0,151.4914650751122,1098.0,151.53146507511218,734.0,151.5414650751122,553.0,151.5514650751122,1798.0
2026-03-01 09:33:16.700,AAPL,151.4832371332906,737.0,151.47323713329058,624.0,151.4632371332906,1287.0,151.50323713329058,855.0,151.5132371332906,721.0,151.5232371332906,1628.0
2026-03-01 09:33:16.800,AAPL,151.40879908101888,1610.0,151.39879908101886,700.0,151.38879908101887,1345.0,151.42879908101887,163.0,151.43879908101889,1658.0,151.44879908101888,206.0
2026-03-01 09:33:16.900,AAPL,151.34293832403904,437.0,151.33293832403902,1092.0,151.32293832403903,319.0,151.36293832403902,572.0,151.37293832403904,635.0,151.38293832403903,1110.0
2026-03-01 09:33:17.000,AAPL,151.32735202339128,1432.0,151.31735202339127,886.0,151.30735202339127,344.0,151.34735202339127,193.0,151.3573520233913,624.0,151.36735202339128,888.0
2026-03-01 09:33:17.100,AAPL,151.40046788005566,428.0,151.39046788005564,491.0,151.38046788005565,701.0,151.42046788005564,908.0,151.43046788005566,1396.0,151.44046788005565,397.0
2026-03-01 09:33:17.200,AAPL,151.36404560944857,448.0,151.35404560944855,721.0,151.34404560944856,1887.0,151.38404560944855,1884.0,151.39404560944857,154.0,151.40404560944856,1170.0
2026-03-01 09:33:17.300,AAPL,151.33422921679812,1150.0,151.3242292167981,967.0,151.3142292167981,1550.0,151.3542292167981,539.0,151.36422921679812,997.0,151.3742292167981,244.0
2026-03-01 09:33:17.400,AAPL,151.30338366189218,619.0,151.29338366189216,806.0,151.28338366189217,1794.0,151.32338366189217,849.0,151.33338366189219,847.0,151.34338366189218,124.0
2026-03-01 09:33:17.500,AAPL,151.27679712207777,1947.0,151.26679712207775,1406.0,151.25679712207776,984.0,151.29679712207775,404.0,151.30679712207777,1517.0,151.31679712207776,1745.0
2026-03-01 09:33:17.600,AAPL,151.27623577987342,1061.0,151.2662357798734,392.0,151.2562357798734,1963.0,151.2962357798734,1949.0,151.30623577987342,207.0,151.3162357798734,874.0
2026-03-01 09:33:17.700,AAPL,151.21223327114583,1373.0,151.20223327114581,1095.0,151.19223327114582,597.0,151.23223327114582,1604.0,151.24223327114584,1089.0,151.25223327114583,1609.0
2026-03-01 09:33:17.800,AAPL,151.2664512689622,1724.0,151.25645126896217,1272.0,151.24645126896218,784.0,151.28645126896217,710.0,151.2964512689622,1026.0,151.30645126896218,1769.0
2026-03-01 09:33:17.900,AAPL,151.2592102150617,766.0,151.24921021506168,583.0,151.2392102150617,1007.0,151.27921021506168,1924.0,151.2892102150617,1508.0,151.2992102150617,1064.0
2026-03-01 09:33:18.000,AAPL,151.38316694379796,177.0,151.37316694379794,321.0,151.36316694379795,1154.0,151.40316694379794,158.0,151.41316694379796,232.0,151.42316694379795,697.0
2026-03-01 09:33:18.100,AAPL,151.32448839387047,1949.0,151.31448839387045,1798.0,151.30448839387046,1730.0,151.34448839387045,1950.0,151.35448839387047,1855.0,151.36448839387046,1617.0
2026-03-01 09:33:18.200,AAPL,151.40398170246172,1339.0,151.3939817024617,186.0,151.3839817024617,1661.0,151.4239817024617,665.0,151.43398170246172,850.0,151.4439817024617,1344.0
2026-03-01 09:33:18.300,AAPL,151.47354897236104,1276.0,151.46354897236102,1792.0,151.45354897236103,765.0,151.49354897236103,818.0,151.50354897236105,639.0,151.51354897236104,1542.0
2026-03-01 09:33:18.400,AAPL,151.45296477191877,1567.0,151.44296477191875,585.0,151.43296477191876,228.0,151.47296477191875,1169.0,151.48296477191877,1771.0,151.49296477191876,297.0
2026-03-01 09:33:18.500,AAPL,151.43321174124316,1167.0,151.42321174124314,1845.0,151.41321174124315,1275.0,151.45321174124314,887.0,151.46321174124316,1749.0,151.47321174124315,624.0
2026-03-01 09:33:18.600,AAPL,151.38714685043666,1155.0,151.37714685043665,1952.0,151.36714685043665,392.0,151.40714685043665,1682.0,151.41714685043667,1715.0,151.42714685043666,1692.0
2026-03-01 09:33:18.700,AAPL,151.3416557791747,864.0,151.33165577917467,1567.0,151.32165577917468,1527.0,151.36165577917467,1912.0,151.3716557791747,605.0,151.38165577917468,1250.0
2026-03-01 09:33:18.800,AAPL,151.34162548168595,1899.0,151.33162548168593,326.0,151.32162548168594,1724.0,151.36162548168593,1242.0,151.37162548168595,988.0,151.38162548168594,833.0
2026-03-01 09:33:18.900,AAPL,151.34266028089826,1256.0,151.33266028089824,1596.0,151.32266028089825,1626.0,151.36266028089824,1820.0,151.37266028089826,1647.0,151.38266028089825,215.0
2026-03-01 09:33:19.000,AAPL,151.26254251755122,1075.0,151.2525425175512,1648.0,151.24254251755121,1017.0,151.2825425175512,518.0,151.29254251755123,1388.0,151.30254251755122,1953.0
2026-03-01 09:33:19.100,AAPL,151.3772177837175,1134.0,151.36721778371748,1644.0,151.3572177837175,1886.0,151.39721778371748,584.0,151.4072177837175,260.0,151.4172177837175,546.0
2026-03-01 09:33:19.200,AAPL,151.36424194085936,112.0,151.35424194085934,1943.0,151.34424194085935,936.0,151.38424194085934,1518.0,151.39424194085936,1300.0,151.40424194085935,196.0
2026-03-01 09:33:19.300,AAPL,151.3675225547202,1942.0,151.3575225547202,234.0,151.3475225547202,1738.0,151.3875225547202,537.0,151.3975225547202,904.0,151.4075225547202,1858.0
2026-03-01 09:33:19.400,AAPL,151.33621068304953,733.0,151.3262106830495,1337.0,151.31621068304952,204.0,151.3562106830495,1474.0,151.36621068304953,1879.0,151.37621068304952,1394.0
2026-03-01 09:33:19.500,AAPL,151.32286020609496,1768.0,151.31286020609494,1396.0,151.30286020609495,1088.0,151.34286020609494,1924.0,151.35286020609496,339.0,151.36286020609495,1993.0
2026-03-01 09:33:19.600,AAPL,151.30496630053273,1004.0,151.2949663005327,162.0,151.28496630053272,702.0,151.3249663005327,474.0,151.33496630053273,1631.0,151.34496630053272,671.0
2026-03-01 09:33:19.700,AAPL,151.30481977924148,1529.0,151.29481977924146,1370.0,151.28481977924147,1980.0,151.32481977924147,1334.0,151.33481977924149,156.0,151.34481977924148,1946.0
2026-03-01 09:33:19.800,AAPL,151.30409028372006,427.0,151.29409028372004,127.0,151.28409028372005,1367.0,151.32409028372004,1137.0,151.33409028372006,1030.0,151.34409028372005,1017.0
2026-03-01 09:33:19.900,AAPL,151.34433360114713,1837.0,151.3343336011471,401.0,151.32433360114712,1893.0,151.3643336011471,1870.0,151.37433360114713,802.0,151.38433360114712,947.0
2026-03-01 09:33:20.000,AAPL,151.35569459800206,371.0,151.34569459800204,232.0,151.33569459800205,1658.0,151.37569459800204,178.0,151.38569459800206,1896.0,151.39569459800205,1187.0
2026-03-01 09:33:20.100,AAPL,151.39090874902203,895.0,151.380908749022,1906.0,151.37090874902202,1243.0,151.410908749022,105.0,151.42090874902203,706.0,151.43090874902202,1683.0
2026-03-01 09:33:20.200,AAPL,151.39041820793176,410.0,151.38041820793174,1457.0,151.37041820793175,1703.0,151.41041820793174,1544.0,151.42041820793176,1820.0,151.43041820793175,1862.0
2026-03-01 09:33:20.300,AAPL,151.40198083568706,1514.0,151.39198083568704,1134.0,151.38198083568705,972.0,151.42198083568704,644.0,151.43198083568706,723.0,151.44198083568705,749.0
2026-03-01 09:33:20.400,AAPL,151.3899155515529,179.0,151.37991555155287,655.0,151.36991555155288,1483.0,151.40991555155287,1561.0,151.4199155515529,706.0,151.42991555155288,1287.0
2026-03-01 09:33:20.500,AAPL,151.4400711382698,383.0,151.43007113826977,1926.0,151.42007113826978,1732.0,151.46007113826977,1932.0,151.4700711382698,1289.0,151.48007113826978,1073.0
2026-03-01 09:33:20.600,AAPL,151.45620225974557,718.0,151.44620225974555,430.0,151.43620225974556,1601.0,151.47620225974555,1792.0,151.48620225974557,351.0,151.49620225974556,1507.0
2026-03-01 09:33:20.700,AAPL,151.44829851701994,1160.0,151.43829851701992,830.0,151.42829851701993,1662.0,151.46829851701992,118.0,151.47829851701994,1924.0,151.48829851701993,1096.0
2026-03-01 09:33:20.800,AAPL,151.43890301029236,1089.0,151.42890301029234,1532.0,151.41890301029235,568.0,151.45890301029235,1515.0,151.46890301029237,715.0,151.47890301029236,282.0
2026-03-01 09:33:20.900,AAPL,151.43344104323,525.0,151.42344104322999,374.0,151.41344104323,1246.0,151.45344104323,753.0,151.46344104323,1531.0,151.47344104323,810.0
2026-03-01 09:33:21.000,AAPL,151.43496323941386,128.0,151.42496323941384,929.0,151.41496323941385,565.0,151.45496323941384,1529.0,151.46496323941386,1286.0,151.47496323941385,369.0
2026-03-01 09:33:21.100,AAPL,151.43214518435292,498.0,151.4221451843529,100.0,151.4121451843529,568.0,151.4521451843529,1252.0,151.46214518435292,803.0,151.4721451843529,1764.0
2026-03-01 09:33:21.200,AAPL,151.40420310159234,1311.0,151.39420310159232,863.0,151.38420310159233,620.0,151.42420310159233,371.0,151.43420310159235,1377.0,151.44420310159234,1779.0
2026-03-01 09:33:21.300,AAPL,151.44244812935577,1954.0,151.43244812935575,1439.0,151.42244812935576,867.0,151.46244812935575,1217.0,151.47244812935577,579.0,151.48244812935576,442.0
2026-03-01 09:33:21.400,AAPL,151.48385192898317,1502.0,151.47385192898315,1520.0,151.46385192898316,648.0,151.50385192898315,1271.0,151.51385192898317,1627.0,151.52385192898316,1020.0
2026-03-01 09:33:21.500,AAPL,151.5730447708782,1335.0,151.56304477087818,1377.0,151.5530447708782,1004.0,151.59304477087818,722.0,151.6030447708782,286.0,151.6130447708782,870.0
2026-03-01 09:33:21.600,AAPL,151.54286328534596,353.0,151.53286328534594,1719.0,151.52286328534595,505.0,151.56286328534594,1479.0,151.57286328534596,1555.0,151.58286328534595,656.0
2026-03-01 09:33:21.700,AAPL,151.57618522160357,764.0,151.56618522160355,297.0,151.55618522160356,1180.0,151.59618522160355,1410.0,151.60618522160357,1446.0,151.61618522160356,441.0
2026-03-01 09:33:21.800,AAPL,151.48072835578944,1228.0,151.47072835578942,892.0,151.46072835578943,1947.0,151.50072835578942,992.0,151.51072835578944,410.0,151.52072835578943,1491.0
2026-03-01 09:33:21.900,AAPL,151.52218050904054,922.0,151.51218050904052,332.0,151.50218050904053,566.0,151.54218050904052,1354.0,151.55218050904054,1360.0,151.56218050904053,996.0
2026-03-01 09:33:22.000,AAPL,151.44935140329017,1936.0,151.43935140329015,595.0,151.42935140329016,1507.0,151.46935140329015,881.0,151.47935140329017,731.0,151.48935140329016,1629.0
2026-03-01 09:33:22.100,AAPL,151.40013484811155,678.0,151.39013484811153,1601.0,151.38013484811154,1182.0,151.42013484811153,1963.0,151.43013484811155,722.0,151.44013484811154,1575.0
2026-03-01 09:33:22.200,AAPL,151.41674611456236,893.0,151.40674611456234,1087.0,151.39674611456235,1634.0,151.43674611456234,1163.0,151.44674611456236,886.0,151.45674611456235,1170.0
2026-03-01 09:33:22.300,AAPL,151.38567116279123,1879.0,151.3756711627912,1412.0,151.36567116279122,1259.0,151.4056711627912,1233.0,151.41567116279123,200.0,151.42567116279122,998.0
2026-03-01 09:33:22.400,AAPL,151.3477534872911,1078.0,151.33775348729108,541.0,151.3277534872911,240.0,151.36775348729108,1147.0,151.3777534872911,1478.0,151.3877534872911,974.0
2026-03-01 09:33:22.500,AAPL,151.32351268616617,904.0,151.31351268616615,1266.0,151.30351268616616,202.0,151.34351268616615,1506.0,151.35351268616617,1435.0,151.36351268616616,498.0
2026-03-01 09:33:22.600,AAPL,151.3599939857621,356.0,151.34999398576207,1159.0,151.33999398576208,1918.0,151.37999398576207,1960.0,151.3899939857621,1358.0,151.39999398576208,299.0
2026-03-01 09:33:22.700,AAPL,151.3133494659412,1139.0,151.30334946594118,1976.0,151.2933494659412,1399.0,151.33334946594118,1947.0,151.3433494659412,551.0,151.3533494659412,978.0
2026-03-01 09:33:22.800,AAPL,151.31064172273008,371.0,151.30064172273006,908.0,151.29064172273007,1336.0,151.33064172273006,1826.0,151.34064172273008,146.0,151.35064172273007,416.0
2026-03-01 09:33:22.900,AAPL,151.29170890850313,787.0,151.2817089085031,139.0,151.27170890850311,1597.0,151.3117089085031,1149.0,151.32170890850313,311.0,151.33170890850312,1246.0
2026-03-01 09:33:23.000,AAPL,151.33270344706958,1683.0,151.32270344706956,613.0,151.31270344706957,637.0,151.35270344706956,555.0,151.36270344706958,1334.0,151.37270344706957,347.0
2026-03-01 09:33:23.100,AAPL,151.3750995347737,378.0,151.3650995347737,1660.0,151.3550995347737,1125.0,151.3950995347737,1824.0,151.4050995347737,637.0,151.4150995347737,565.0
2026-03-01 09:33:23.200,AAPL,151.2833354449019,1379.0,151.27333544490187,418.0,151.26333544490188,1872.0,151.30333544490188,1288.0,151.3133354449019,1088.0,151.3233354449019,741.0
2026-03-01 09:33:23.300,AAPL,151.33559091584013,1388.0,151.3255909158401,874.0,151.31559091584012,936.0,151.3555909158401,859.0,151.36559091584013,1585.0,151.37559091584012,264.0
2026-03-01 09:33:23.400,AAPL,151.3050531205172,1016.0,151.29505312051717,1194.0,151.28505312051718,915.0,151.32505312051717,371.0,151.3350531205172,1322.0,151.34505312051718,714.0
2026-03-01 09:33:23.500,AAPL,151.31686773044703,1911.0,151.306867730447,1894.0,151.29686773044702,207.0,151.336867730447,1608.0,151.34686773044703,534.0,151.35686773044702,1473.0
2026-03-01 09:33:23.600,AAPL,151.26992229342784,1247.0,151.25992229342782,1570.0,151.24992229342783,1176.0,151.28992229342782,425.0,151.29992229342784,1224.0,151.30992229342783,642.0
2026-03-01 09:33:23.700,AAPL,151.28847902356335,465.0,151.27847902356334,713.0,151.26847902356334,144.0,151.30847902356334,1354.0,151.31847902356336,1523.0,151.32847902356335,1657.0
2026-03-01 09:33:23.800,AAPL,151.41604647124439,891.0,151.40604647124437,766.0,151.39604647124438,1632.0,151.43604647124437,1609.0,151.4460464712444,849.0,151.45604647124438,242.0
2026-03-01 09:33:23.900,AAPL,151.42240474930864,571.0,151.41240474930862,1370.0,151.40240474930863,425.0,151.44240474930862,230.0,151.45240474930864,121.0,151.46240474930863,1254.0
2026-03-01 09:33:24.000,AAPL,151.39941236342634,687.0,151.38941236342632,1538.0,151.37941236342633,1748.0,151.41941236342632,1521.0,151.42941236342634,664.0,151.43941236342633,221.0
2026-03-01 09:33:24.100,AAPL,151.38780430169254,1626.0,151.37780430169252,557.0,151.36780430169253,1789.0,151.40780430169252,1979.0,151.41780430169254,1132.0,151.42780430169253,271.0
2026-03-01 09:33:24.200,AAPL,151.31435280383064,537.0,151.30435280383062,413.0,151.29435280383063,663.0,151.33435280383063,1089.0,151.34435280383065,1481.0,151.35435280383064,966.0
2026-03-01 09:33:24.300,AAPL,151.38680096813889,1042.0,151.37680096813887,1950.0,151.36680096813888,1262.0,151.40680096813887,1921.0,151.4168009681389,919.0,151.42680096813888,459.0
2026-03-01 09:33:24.400,AAPL,151.4024451235187,1617.0,151.39244512351868,679.0,151.3824451235187,950.0,151.42244512351868,928.0,151.4324451235187,830.0,151.4424451235187,567.0
2026-03-01 09:33:24.500,AAPL,151.3500002282038,523.0,151.3400002282038,265.0,151.3300002282038,1959.0,151.3700002282038,649.0,151.3800002282038,1151.0,151.3900002282038,492.0
2026-03-01 09:33:24.600,AAPL,151.29918431369737,1782.0,151.28918431369735,1079.0,151.27918431369736,1977.0,151.31918431369735,1517.0,151.32918431369737,1059.0,151.33918431369736,1721.0
2026-03-01 09:33:24.700,AAPL,151.29994843265482,1676.0,151.2899484326548,446.0,151.2799484326548,831.0,151.3199484326548,782.0,151.32994843265482,789.0,151.3399484326548,490.0
2026-03-01 09:33:24.800,AAPL,151.34654820232174,495.0,151.33654820232172,335.0,151.32654820232173,1532.0,151.36654820232172,1898.0,151.37654820232174,1841.0,151.38654820232173,1065.0
2026-03-01 09:33:24.900,AAPL,151.28899870688488,1096.0,151.27899870688486,1682.0,151.26899870688487,660.0,151.30899870688486,1367.0,151.31899870688488,1327.0,151.32899870688487,1937.0
2026-03-01 09:33:25.000,AAPL,151.34466917397825,1954.0,151.33466917397823,363.0,151.32466917397824,1147.0,151.36466917397823,1436.0,151.37466917397825,908.0,151.38466917397824,453.0
2026-03-01 09:33:25.100,AAPL,151.3400874963804,1946.0,151.33008749638037,1401.0,151.32008749638038,873.0,151.36008749638037,1797.0,151.3700874963804,961.0,151.38008749638038,1690.0
2026-03-01 09:33:25.200,AAPL,151.29357532713004,1245.0,151.28357532713002,1367.0,151.27357532713003,145.0,151.31357532713002,274.0,151.32357532713004,728.0,151.33357532713003,908.0
2026-03-01 09:33:25.300,AAPL,151.2701908058014,1796.0,151.2601908058014,1804.0,151.2501908058014,1242.0,151.2901908058014,209.0,151.3001908058014,835.0,151.3101908058014,1705.0
2026-03-01 09:33:25.400,AAPL,151.3576184996579,882.0,151.34761849965787,130.0,151.33761849965788,1173.0,151.37761849965787,1787.0,151.3876184996579,298.0,151.39761849965788,780.0
2026-03-01 09:33:25.500,AAPL,151.2882078328306,852.0,151.2782078328306,1174.0,151.2682078328306,1825.0,151.3082078328306,1013.0,151.3182078328306,1784.0,151.3282078328306,1016.0
2026-03-01 09:33:25.600,AAPL,151.2516131850333,601.0,151.2416131850333,886.0,151.2316131850333,451.0,151.2716131850333,897.0,151.2816131850333,765.0,151.2916131850333,1492.0
2026-03-01 09:33:25.700,AAPL,151.29924236426507,1788.0,151.28924236426505,1490.0,151.27924236426506,488.0,151.31924236426505,1207.0,151.32924236426507,1771.0,151.33924236426506,1742.0
2026-03-01 09:33:25.800,AAPL,151.31006521643775,799.0,151.30006521643773,1309.0,151.29006521643774,1334.0,151.33006521643773,1505.0,151.34006521643775,293.0,151.35006521643774,765.0
2026-03-01 09:33:25.900,AAPL,151.27050317552485,1742.0,151.26050317552483,890.0,151.25050317552484,1661.0,151.29050317552483,1002.0,151.30050317552485,383.0,151.31050317552484,874.0
2026-03-01 09:33:26.000,AAPL,151.31874283734308,1360.0,151.30874283734306,1509.0,151.29874283734307,350.0,151.33874283734306,361.0,151.34874283734308,1255.0,151.35874283734307,596.0
2026-03-01 09:33:26.100,AAPL,151.36935762400154,311.0,151.35935762400152,1084.0,151.34935762400153,321.0,151.38935762400152,1029.0,151.39935762400154,1422.0,151.40935762400153,1704.0
2026-03-01 09:33:26.200,AAPL,151.38592715742743,591.0,151.3759271574274,1265.0,151.36592715742742,179.0,151.4059271574274,683.0,151.41592715742743,1912.0,151.42592715742742,1892.0
2026-03-01 09:33:26.300,AAPL,151.35530732804827,1797.0,151.34530732804825,449.0,151.33530732804826,847.0,151.37530732804825,1747.0,151.38530732804827,155.0,151.39530732804826,421.0
2026-03-01 09:33:26.400,AAPL,151.33239209705656,1601.0,151.32239209705654,626.0,151.31239209705655,186.0,151.35239209705654,185.0,151.36239209705656,990.0,151.37239209705655,1121.0
2026-03-01 09:33:26.500,AAPL,151.34662590032147,448.0,151.33662590032145,919.0,151.32662590032146,707.0,151.36662590032145,579.0,151.37662590032147,736.0,151.38662590032146,1306.0
2026-03-01 09:33:26.600,AAPL,151.2810294472608,662.0,151.2710294472608,1258.0,151.2610294472608,1733.0,151.3010294472608,1394.0,151.3110294472608,908.0,151.3210294472608,1564.0
2026-03-01 09:33:26.700,AAPL,151.34741869131744,1254.0,151.33741869131742,1845.0,151.32741869131743,1733.0,151.36741869131743,345.0,151.37741869131744,637.0,151.38741869131744,192.0
2026-03-01 09:33:26.800,AAPL,151.43242914575126,311.0,151.42242914575124,455.0,151.41242914575125,875.0,151.45242914575124,1933.0,151.46242914575126,204.0,151.47242914575125,381.0
2026-03-01 09:33:26.900,AAPL,151.42063140325922,284.0,151.4106314032592,1095.0,151.4006314032592,990.0,151.4406314032592,909.0,151.45063140325922,970.0,151.4606314032592,512.0
2026-03-01 09:33:27.000,AAPL,151.43843662788078,1864.0,151.42843662788076,1395.0,151.41843662788077,1384.0,151.45843662788076,108.0,151.46843662788078,1162.0,151.47843662788077,1549.0
2026-03-01 09:33:27.100,AAPL,151.49772673002323,1157.0,151.4877267300232,1772.0,151.47772673002322,293.0,151.5177267300232,1867.0,151.52772673002323,1146.0,151.53772673002322,1566.0
2026-03-01 09:33:27.200,AAPL,151.59550477195162,646.0,151.5855047719516,1513.0,151.5755047719516,915.0,151.6155047719516,428.0,151.62550477195163,1749.0,151.63550477195162,1482.0
2026-03-01 09:33:27.300,AAPL,151.67335383872617,1360.0,151.66335383872615,963.0,151.65335383872616,1306.0,151.69335383872615,541.0,151.70335383872617,107.0,151.71335383872616,868.0
2026-03-01 09:33:27.400,AAPL,151.5865769630582,1736.0,151.5765769630582,878.0,151.5665769630582,496.0,151.6065769630582,1729.0,151.6165769630582,1264.0,151.6265769630582,1101.0
2026-03-01 09:33:27.500,AAPL,151.57079927864186,1611.0,151.56079927864184,1939.0,151.55079927864185,1679.0,151.59079927864184,1234.0,151.60079927864186,1918.0,151.61079927864185,668.0
2026-03-01 09:33:27.600,AAPL,151.595833691216,367.0,151.58583369121598,1038.0,151.575833691216,520.0,151.61583369121598,508.0,151.625833691216,1163.0,151.635833691216,1380.0
2026-03-01 09:33:27.700,AAPL,151.5711228263709,231.0,151.56112282637088,820.0,151.5511228263709,181.0,151.59112282637088,155.0,151.6011228263709,366.0,151.6111228263709,1422.0
2026-03-01 09:33:27.800,AAPL,151.66026116362292,759.0,151.6502611636229,709.0,151.6402611636229,1376.0,151.6802611636229,294.0,151.69026116362292,905.0,151.7002611636229,1941.0
2026-03-01 09:33:27.900,AAPL,151.74172992226306,1348.0,151.73172992226304,814.0,151.72172992226305,1440.0,151.76172992226304,296.0,151.77172992226306,1419.0,151.78172992226305,341.0
2026-03-01 09:33:28.000,AAPL,151.70093341520013,195.0,151.6909334152001,1550.0,151.68093341520012,1325.0,151.7209334152001,1320.0,151.73093341520013,1109.0,151.74093341520012,541.0
2026-03-01 09:33:28.100,AAPL,151.69281341420483,1149.0,151.68281341420482,1623.0,151.67281341420482,1065.0,151.71281341420482,497.0,151.72281341420484,1290.0,151.73281341420483,1297.0
2026-03-01 09:33:28.200,AAPL,151.65533570739535,258.0,151.64533570739533,381.0,151.63533570739534,281.0,151.67533570739533,1074.0,151.68533570739535,311.0,151.69533570739534,1588.0
2026-03-01 09:33:28.300,AAPL,151.64557928519005,1497.0,151.63557928519003,528.0,151.62557928519004,1307.0,151.66557928519003,1432.0,151.67557928519005,1900.0,151.68557928519004,885.0
2026-03-01 09:33:28.400,AAPL,151.63430766772336,1179.0,151.62430766772334,334.0,151.61430766772335,1923.0,151.65430766772334,1926.0,151.66430766772336,221.0,151.67430766772335,316.0
2026-03-01 09:33:28.500,AAPL,151.68202056346072,772.0,151.6720205634607,134.0,151.66202056346071,1172.0,151.7020205634607,1546.0,151.71202056346073,1704.0,151.72202056346072,1177.0
2026-03-01 09:33:28.600,AAPL,151.63759733027402,1543.0,151.627597330274,958.0,151.617597330274,108.0,151.657597330274,809.0,151.66759733027402,496.0,151.677597330274,1561.0
2026-03-01 09:33:28.700,AAPL,151.50675985002624,1380.0,151.49675985002622,961.0,151.48675985002623,1579.0,151.52675985002622,1721.0,151.53675985002624,250.0,151.54675985002623,330.0
2026-03-01 09:33:28.800,AAPL,151.4265326959145,557.0,151.41653269591447,158.0,151.40653269591448,1915.0,151.44653269591447,519.0,151.4565326959145,851.0,151.46653269591448,1467.0
2026-03-01 09:33:28.900,AAPL,151.37511761527915,265.0,151.36511761527913,1895.0,151.35511761527914,578.0,151.39511761527913,1693.0,151.40511761527915,639.0,151.41511761527914,521.0
2026-03-01 09:33:29.000,AAPL,151.3423330358293,1431.0,151.3323330358293,1481.0,151.3223330358293,594.0,151.3623330358293,1064.0,151.3723330358293,1147.0,151.3823330358293,1637.0
2026-03-01 09:33:29.100,AAPL,151.35169175586006,1015.0,151.34169175586004,1688.0,151.33169175586005,143.0,151.37169175586004,1255.0,151.38169175586006,631.0,151.39169175586005,1242.0
2026-03-01 09:33:29.200,AAPL,151.29770206058362,786.0,151.2877020605836,1218.0,151.2777020605836,747.0,151.3177020605836,1703.0,151.32770206058362,1039.0,151.3377020605836,536.0
2026-03-01 09:33:29.300,AAPL,151.23714703107063,1120.0,151.22714703107061,240.0,151.21714703107062,1809.0,151.25714703107062,1346.0,151.26714703107064,1781.0,151.27714703107063,891.0
2026-03-01 09:33:29.400,AAPL,151.19067466018802,1843.0,151.180674660188,1828.0,151.170674660188,332.0,151.210674660188,1123.0,151.22067466018802,585.0,151.23067466018801,971.0
2026-03-01 09:33:29.500,AAPL,151.13489196013003,753.0,151.12489196013001,973.0,151.11489196013002,227.0,151.15489196013002,113.0,151.16489196013003,835.0,151.17489196013003,1541.0
2026-03-01 09:33:29.600,AAPL,151.10716727291526,1532.0,151.09716727291524,523.0,151.08716727291525,1309.0,151.12716727291524,950.0,151.13716727291526,1373.0,151.14716727291525,696.0
2026-03-01 09:33:29.700,AAPL,151.0773029031205,1117.0,151.0673029031205,212.0,151.0573029031205,948.0,151.0973029031205,813.0,151.1073029031205,111.0,151.1173029031205,176.0
2026-03-01 09:33:29.800,AAPL,151.11175574396918,1791.0,151.10175574396916,1635.0,151.09175574396917,745.0,151.13175574396917,1693.0,151.14175574396918,962.0,151.15175574396918,1013.0
2026-03-01 09:33:29.900,AAPL,151.0622792747157,1105.0,151.0522792747157,1083.0,151.0422792747157,1192.0,151.0822792747157,959.0,151.0922792747157,1769.0,151.1022792747157,1944.0
2026-03-01 09:33:30.000,AAPL,151.04439944329923,1090.0,151.0343994432992,510.0,151.02439944329922,771.0,151.0643994432992,1779.0,151.07439944329923,1864.0,151.08439944329922,128.0
2026-03-01 09:33:30.100,AAPL,151.0171483093034,1559.0,151.00714830930337,217.0,150.99714830930338,840.0,151.03714830930338,657.0,151.0471483093034,637.0,151.0571483093034,574.0
2026-03-01 09:33:30.200,AAPL,151.05759255810526,795.0,151.04759255810524,355.0,151.03759255810525,1885.0,151.07759255810524,394.0,151.08759255810526,873.0,151.09759255810525,1218.0
2026-03-01 09:33:30.300,AAPL,151.04987859430437,912.0,151.03987859430435,634.0,151.02987859430436,1625.0,151.06987859430436,1562.0,151.07987859430438,518.0,151.08987859430437,1962.0
2026-03-01 09:33:30.400,AAPL,151.10241343047434,487.0,151.09241343047432,811.0,151.08241343047433,838.0,151.12241343047432,1890.0,151.13241343047434,539.0,151.14241343047433,1861.0
2026-03-01 09:33:30.500,AAPL,151.04479492167408,304.0,151.03479492167406,1273.0,151.02479492167407,1831.0,151.06479492167406,1011.0,151.07479492167408,829.0,151.08479492167407,505.0
2026-03-01 09:33:30.600,AAPL,151.04232659125236,607.0,151.03232659125234,1699.0,151.02232659125235,282.0,151.06232659125234,313.0,151.07232659125236,886.0,151.08232659125235,1776.0
2026-03-01 09:33:30.700,AAPL,151.01353204040086,177.0,151.00353204040084,1423.0,150.99353204040085,708.0,151.03353204040084,424.0,151.04353204040086,1712.0,151.05353204040085,1519.0
2026-03-01 09:33:30.800,AAPL,150.95222973550656,1690.0,150.94222973550654,1054.0,150.93222973550655,423.0,150.97222973550655,545.0,150.98222973550656,1777.0,150.99222973550656,504.0
2026-03-01 09:33:30.900,AAPL,150.9488541834573,927.0,150.9388541834573,896.0,150.9288541834573,673.0,150.9688541834573,1733.0,150.97885418345732,1985.0,150.9888541834573,956.0
2026-03-01 09:33:31.000,AAPL,151.03550057136908,1585.0,151.02550057136907,1948.0,151.01550057136907,470.0,151.05550057136907,1726.0,151.06550057136909,563.0,151.07550057136908,885.0
2026-03-01 09:33:31.100,AAPL,150.99285513122277,414.0,150.98285513122275,875.0,150.97285513122276,1856.0,151.01285513122275,1409.0,151.02285513122277,1614.0,151.03285513122276,1188.0
2026-03-01 09:33:31.200,AAPL,150.9864823821309,632.0,150.97648238213088,1102.0,150.9664823821309,867.0,151.00648238213088,1849.0,151.0164823821309,1322.0,151.0264823821309,1795.0
2026-03-01 09:33:31.300,AAPL,150.92087080115127,274.0,150.91087080115125,1934.0,150.90087080115126,1008.0,150.94087080115125,267.0,150.95087080115127,1362.0,150.96087080115126,190.0
2026-03-01 09:33:31.400,AAPL,150.84790941255605,902.0,150.83790941255603,828.0,150.82790941255604,1379.0,150.86790941255603,971.0,150.87790941255605,713.0,150.88790941255604,121.0
2026-03-01 09:33:31.500,AAPL,150.8085467960889,1551.0,150.79854679608889,1229.0,150.7885467960889,572.0,150.8285467960889,1692.0,150.8385467960889,327.0,150.8485467960889,1323.0
2026-03-01 09:33:31.600,AAPL,150.78604764550747,792.0,150.77604764550745,1466.0,150.76604764550746,1876.0,150.80604764550745,1693.0,150.81604764550747,199.0,150.82604764550746,632.0
2026-03-01 09:33:31.700,AAPL,150.7657684934609,530.0,150.7557684934609,888.0,150.7457684934609,276.0,150.7857684934609,1296.0,150.7957684934609,959.0,150.8057684934609,827.0
2026-03-01 09:33:31.800,AAPL,150.75446724270694,1456.0,150.74446724270692,1125.0,150.73446724270693,274.0,150.77446724270692,489.0,150.78446724270694,1120.0,150.79446724270693,1430.0
2026-03-01 09:33:31.900,AAPL,150.67205061067176,515.0,150.66205061067174,986.0,150.65205061067175,818.0,150.69205061067174,675.0,150.70205061067176,1520.0,150.71205061067175,1371.0
2026-03-01 09:33:32.000,AAPL,150.64075330009643,142.0,150.63075330009642,1190.0,150.62075330009642,1624.0,150.66075330009642,993.0,150.67075330009644,214.0,150.68075330009643,1389.0
2026-03-01 09:33:32.100,AAPL,150.6658412237666,211.0,150.65584122376657,519.0,150.64584122376658,1682.0,150.68584122376657,563.0,150.6958412237666,978.0,150.70584122376658,160.0
2026-03-01 09:33:32.200,AAPL,150.59792897012187,1667.0,150.58792897012185,188.0,150.57792897012186,1149.0,150.61792897012185,341.0,150.62792897012187,1829.0,150.63792897012186,261.0
2026-03-01 09:33:32.300,AAPL,150.5801716853796,156.0,150.5701716853796,172.0,150.5601716853796,1583.0,150.6001716853796,1663.0,150.6101716853796,597.0,150.6201716853796,1152.0
2026-03-01 09:33:32.400,AAPL,150.59481387337652,1987.0,150.5848138733765,812.0,150.5748138733765,1709.0,150.6148138733765,427.0,150.62481387337652,1126.0,150.63481387337652,808.0
2026-03-01 09:33:32.500,AAPL,150.55570052727535,1565.0,150.54570052727533,1038.0,150.53570052727534,861.0,150.57570052727533,1009.0,150.58570052727535,205.0,150.59570052727534,240.0
2026-03-01 09:33:32.600,AAPL,150.5727767470834,1250.0,150.56277674708338,1787.0,150.55277674708339,1599.0,150.59277674708338,1348.0,150.6027767470834,448.0,150.6127767470834,1835.0
2026-03-01 09:33:32.700,AAPL,150.49672043311415,1024.0,150.48672043311413,240.0,150.47672043311414,454.0,150.51672043311413,408.0,150.52672043311415,367.0,150.53672043311414,1365.0
2026-03-01 09:33:32.800,AAPL,150.54114291176074,138.0,150.53114291176072,153.0,150.52114291176073,386.0,150.56114291176073,846.0,150.57114291176075,512.0,150.58114291176074,1229.0
2026-03-01 09:33:32.900,AAPL,150.55943294841543,1287.0,150.54943294841542,302.0,150.53943294841542,1239.0,150.57943294841542,1627.0,150.58943294841544,447.0,150.59943294841543,1589.0
2026-03-01 09:33:33.000,AAPL,150.5622162185909,1443.0,150.55221621859087,908.0,150.54221621859088,1367.0,150.58221621859087,529.0,150.5922162185909,908.0,150.60221621859088,360.0
2026-03-01 09:33:33.100,AAPL,150.6184571199062,878.0,150.60845711990618,1734.0,150.5984571199062,786.0,150.63845711990618,105.0,150.6484571199062,1374.0,150.6584571199062,1105.0
2026-03-01 09:33:33.200,AAPL,150.60198966694438,1226.0,150.59198966694436,911.0,150.58198966694437,851.0,150.62198966694436,1638.0,150.63198966694438,641.0,150.64198966694437,1430.0
2026-03-01 09:33:33.300,AAPL,150.57109686132128,860.0,150.56109686132126,546.0,150.55109686132127,857.0,150.59109686132126,1790.0,150.60109686132128,396.0,150.61109686132127,686.0
2026-03-01 09:33:33.400,AAPL,150.63972407552612,246.0,150.6297240755261,1886.0,150.6197240755261,909.0,150.6597240755261,412.0,150.66972407552612,1427.0,150.6797240755261,595.0
2026-03-01 09:33:33.500,AAPL,150.73176236563788,512.0,150.72176236563786,1745.0,150.71176236563787,439.0,150.75176236563786,720.0,150.76176236563788,1313.0,150.77176236563787,543.0
2026-03-01 09:33:33.600,AAPL,150.69709048033198,1447.0,150.68709048033196,1560.0,150.67709048033197,1779.0,150.71709048033196,1084.0,150.72709048033198,908.0,150.73709048033197,1257.0
2026-03-01 09:33:33.700,AAPL,150.6914033184766,1919.0,150.68140331847658,1407.0,150.6714033184766,1919.0,150.71140331847658,143.0,150.7214033184766,485.0,150.7314033184766,1670.0
2026-03-01 09:33:33.800,AAPL,150.74365544563966,232.0,150.73365544563964,667.0,150.72365544563965,334.0,150.76365544563964,1335.0,150.77365544563966,1871.0,150.78365544563965,331.0
2026-03-01 09:33:33.900,AAPL,150.73974819554914,263.0,150.72974819554912,310.0,150.71974819554913,689.0,150.75974819554912,1168.0,150.76974819554914,1146.0,150.77974819554913,1640.0
2026-03-01 09:33:34.000,AAPL,150.76947762098604,687.0,150.75947762098602,1648.0,150.74947762098603,161.0,150.78947762098602,364.0,150.79947762098604,1120.0,150.80947762098603,1794.0
2026-03-01 09:33:34.100,AAPL,150.80849780086044,1728.0,150.79849780086042,1778.0,150.78849780086043,111.0,150.82849780086042,1232.0,150.83849780086044,679.0,150.84849780086043,1073.0
2026-03-01 09:33:34.200,AAPL,150.78038257208263,748.0,150.7703825720826,309.0,150.76038257208262,1214.0,150.8003825720826,1643.0,150.81038257208263,1626.0,150.82038257208262,1196.0
2026-03-01 09:33:34.300,AAPL,150.80134630525262,353.0,150.7913463052526,1346.0,150.7813463052526,1258.0,150.8213463052526,400.0,150.83134630525262,1390.0,150.8413463052526,691.0
2026-03-01 09:33:34.400,AAPL,150.80103667052714,452.0,150.79103667052712,1683.0,150.78103667052713,691.0,150.82103667052712,1222.0,150.83103667052714,677.0,150.84103667052713,262.0
2026-03-01 09:33:34.500,AAPL,150.74019324085745,1956.0,150.73019324085743,1791.0,150.72019324085744,241.0,150.76019324085743,823.0,150.77019324085745,1474.0,150.78019324085744,779.0
2026-03-01 09:33:34.600,AAPL,150.69071060853602,1595.0,150.680710608536,869.0,150.670710608536,642.0,150.710710608536,964.0,150.72071060853602,295.0,150.73071060853601,1253.0
2026-03-01 09:33:34.700,AAPL,150.6580897623162,1965.0,150.64808976231618,1760.0,150.63808976231618,1482.0,150.67808976231618,333.0,150.6880897623162,761.0,150.6980897623162,874.0
2026-03-01 09:33:34.800,AAPL,150.70451575485635,1511.0,150.69451575485633,1429.0,150.68451575485633,1337.0,150.72451575485633,841.0,150.73451575485635,366.0,150.74451575485634,660.0
2026-03-01 09:33:34.900,AAPL,150.752583662972,1177.0,150.74258366297198,911.0,150.732583662972,148.0,150.77258366297198,1639.0,150.782583662972,349.0,150.792583662972,1349.0
2026-03-01 09:33:35.000,AAPL,150.7900793088881,525.0,150.78007930888808,647.0,150.77007930888809,1492.0,150.81007930888808,1941.0,150.8200793088881,1938.0,150.8300793088881,1685.0
2026-03-01 09:33:35.100,AAPL,150.81208484405136,340.0,150.80208484405134,1795.0,150.79208484405135,1563.0,150.83208484405134,179.0,150.84208484405136,1558.0,150.85208484405135,357.0
2026-03-01 09:33:35.200,AAPL,150.8327261594092,1905.0,150.82272615940917,404.0,150.81272615940918,412.0,150.85272615940917,452.0,150.8627261594092,842.0,150.87272615940918,888.0
2026-03-01 09:33:35.300,AAPL,150.84660418188693,762.0,150.8366041818869,548.0,150.82660418188692,836.0,150.8666041818869,1923.0,150.87660418188693,878.0,150.88660418188692,652.0
2026-03-01 09:33:35.400,AAPL,150.866984034658,1637.0,150.85698403465798,1654.0,150.846984034658,518.0,150.88698403465798,213.0,150.896984034658,911.0,150.906984034658,1684.0
2026-03-01 09:33:35.500,AAPL,150.89075216384123,811.0,150.8807521638412,172.0,150.87075216384122,1782.0,150.9107521638412,559.0,150.92075216384123,1084.0,150.93075216384122,1614.0
2026-03-01 09:33:35.600,AAPL,150.82053105555485,1709.0,150.81053105555483,1035.0,150.80053105555484,200.0,150.84053105555483,1790.0,150.85053105555485,970.0,150.86053105555484,380.0
2026-03-01 09:33:35.700,AAPL,150.78101869825764,379.0,150.77101869825762,1407.0,150.76101869825763,728.0,150.80101869825762,1130.0,150.81101869825764,1702.0,150.82101869825763,1927.0
2026-03-01 09:33:35.800,AAPL,150.72957261703354,547.0,150.71957261703352,377.0,150.70957261703353,310.0,150.74957261703352,391.0,150.75957261703354,921.0,150.76957261703353,1536.0
2026-03-01 09:33:35.900,AAPL,150.78492986741622,454.0,150.7749298674162,222.0,150.7649298674162,313.0,150.8049298674162,1937.0,150.81492986741623,944.0,150.82492986741622,685.0
2026-03-01 09:33:36.000,AAPL,150.86763487259543,741.0,150.8576348725954,373.0,150.84763487259542,899.0,150.8876348725954,1204.0,150.89763487259543,716.0,150.90763487259542,1817.0
2026-03-01 09:33:36.100,AAPL,150.7591824765748,1691.0,150.7491824765748,329.0,150.7391824765748,1341.0,150.7791824765748,101.0,150.7891824765748,456.0,150.7991824765748,557.0
2026-03-01 09:33:36.200,AAPL,150.8374232071684,1802.0,150.82742320716838,965.0,150.8174232071684,102.0,150.85742320716838,145.0,150.8674232071684,1325.0,150.8774232071684,1772.0
2026-03-01 09:33:36.300,AAPL,150.84175927584496,1953.0,150.83175927584495,1341.0,150.82175927584495,1263.0,150.86175927584495,1764.0,150.87175927584497,1644.0,150.88175927584496,1809.0
2026-03-01 09:33:36.400,AAPL,150.8923952668029,1730.0,150.8823952668029,1886.0,150.8723952668029,1099.0,150.9123952668029,489.0,150.9223952668029,1062.0,150.9323952668029,848.0
2026-03-01 09:33:36.500,AAPL,150.91771862453214,433.0,150.90771862453212,1046.0,150.89771862453213,1039.0,150.93771862453212,1761.0,150.94771862453214,501.0,150.95771862453213,433.0
2026-03-01 09:33:36.600,AAPL,150.98973837721215,1866.0,150.97973837721213,1114.0,150.96973837721214,376.0,151.00973837721213,1457.0,151.01973837721215,513.0,151.02973837721214,1327.0
2026-03-01 09:33:36.700,AAPL,151.00022549888,1103.0,150.99022549888,761.0,150.98022549888,443.0,151.02022549888,718.0,151.03022549888001,292.0,151.04022549888,943.0
2026-03-01 09:33:36.800,AAPL,150.93205277593938,1573.0,150.92205277593936,1728.0,150.91205277593937,1975.0,150.95205277593936,677.0,150.96205277593938,1458.0,150.97205277593937,1294.0
2026-03-01 09:33:36.900,AAPL,150.92676903175072,1469.0,150.9167690317507,881.0,150.9067690317507,1700.0,150.9467690317507,796.0,150.95676903175072,1677.0,150.96676903175072,1065.0
2026-03-01 09:33:37.000,AAPL,150.95255183405607,971.0,150.94255183405605,1482.0,150.93255183405606,567.0,150.97255183405605,672.0,150.98255183405607,1488.0,150.99255183405606,1091.0
2026-03-01 09:33:37.100,AAPL,150.94175377897935,863.0,150.93175377897933,109.0,150.92175377897934,1135.0,150.96175377897933,1817.0,150.97175377897935,1798.0,150.98175377897934,1855.0
2026-03-01 09:33:37.200,AAPL,150.97464036508697,1135.0,150.96464036508695,1683.0,150.95464036508696,808.0,150.99464036508695,1072.0,151.00464036508697,558.0,151.01464036508696,246.0
2026-03-01 09:33:37.300,AAPL,150.97135549565496,1323.0,150.96135549565494,552.0,150.95135549565495,1765.0,150.99135549565494,1364.0,151.00135549565496,319.0,151.01135549565495,1967.0
2026-03-01 09:33:37.400,AAPL,150.9415800296992,1628.0,150.93158002969918,260.0,150.9215800296992,1044.0,150.96158002969918,312.0,150.9715800296992,1828.0,150.9815800296992,1812.0
2026-03-01 09:33:37.500,AAPL,150.88728111053362,845.0,150.8772811105336,474.0,150.8672811105336,226.0,150.9072811105336,1633.0,150.91728111053362,663.0,150.9272811105336,1069.0
2026-03-01 09:33:37.600,AAPL,150.86769034140696,1482.0,150.85769034140694,1511.0,150.84769034140695,1361.0,150.88769034140694,1248.0,150.89769034140696,937.0,150.90769034140695,1272.0
2026-03-01 09:33:37.700,AAPL,150.87791892389197,345.0,150.86791892389195,948.0,150.85791892389196,1800.0,150.89791892389195,638.0,150.90791892389197,1881.0,150.91791892389196,1276.0
2026-03-01 09:33:37.800,AAPL,150.77994933367918,1203.0,150.76994933367916,190.0,150.75994933367917,227.0,150.79994933367917,1510.0,150.80994933367919,426.0,150.81994933367918,1739.0
2026-03-01 09:33:37.900,AAPL,150.74094551314343,662.0,150.7309455131434,1043.0,150.72094551314342,1918.0,150.7609455131434,1213.0,150.77094551314343,242.0,150.78094551314342,1606.0
2026-03-01 09:33:38.000,AAPL,150.6411109109047,678.0,150.63111091090468,1990.0,150.6211109109047,1146.0,150.66111091090468,685.0,150.6711109109047,1213.0,150.6811109109047,1608.0
2026-03-01 09:33:38.100,AAPL,150.6102571682058,412.0,150.6002571682058,1877.0,150.5902571682058,1195.0,150.6302571682058,1401.0,150.6402571682058,1097.0,150.6502571682058,1288.0
2026-03-01 09:33:38.200,AAPL,150.67012290492016,1390.0,150.66012290492014,1471.0,150.65012290492015,626.0,150.69012290492014,824.0,150.70012290492016,1868.0,150.71012290492015,283.0
2026-03-01 09:33:38.300,AAPL,150.61081708583373,1393.0,150.6008170858337,1734.0,150.59081708583372,145.0,150.6308170858337,1643.0,150.64081708583373,1669.0,150.65081708583372,1806.0
2026-03-01 09:33:38.400,AAPL,150.64597507312678,663.0,150.63597507312676,1995.0,150.62597507312677,1081.0,150.66597507312676,1700.0,150.67597507312678,332.0,150.68597507312677,1160.0
2026-03-01 09:33:38.500,AAPL,150.7884163294924,1253.0,150.7784163294924,742.0,150.7684163294924,1829.0,150.8084163294924,1696.0,150.8184163294924,1107.0,150.8284163294924,1450.0
2026-03-01 09:33:38.600,AAPL,150.86109323605527,898.0,150.85109323605525,1324.0,150.84109323605526,862.0,150.88109323605525,190.0,150.89109323605527,1002.0,150.90109323605526,323.0
2026-03-01 09:33:38.700,AAPL,150.86776890507483,1049.0,150.8577689050748,435.0,150.84776890507482,1851.0,150.8877689050748,849.0,150.89776890507483,1890.0,150.90776890507482,1029.0
2026-03-01 09:33:38.800,AAPL,150.91069062786465,915.0,150.90069062786463,1754.0,150.89069062786464,470.0,150.93069062786464,258.0,150.94069062786465,671.0,150.95069062786465,1643.0
2026-03-01 09:33:38.900,AAPL,150.84220648774283,1044.0,150.8322064877428,1607.0,150.82220648774282,843.0,150.8622064877428,1574.0,150.87220648774283,176.0,150.88220648774282,195.0
2026-03-01 09:33:39.000,AAPL,150.7635357550723,628.0,150.75353575507228,1014.0,150.7435357550723,671.0,150.78353575507228,1688.0,150.7935357550723,688.0,150.8035357550723,564.0
2026-03-01 09:33:39.100,AAPL,150.76497066052627,191.0,150.75497066052625,388.0,150.74497066052626,192.0,150.78497066052626,1873.0,150.79497066052627,723.0,150.80497066052627,189.0
2026-03-01 09:33:39.200,AAPL,150.78490118869968,374.0,150.77490118869966,1596.0,150.76490118869967,819.0,150.80490118869966,1331.0,150.81490118869968,1684.0,150.82490118869967,976.0
2026-03-01 09:33:39.300,AAPL,150.83962140291214,1678.0,150.82962140291212,669.0,150.81962140291213,1663.0,150.85962140291213,1711.0,150.86962140291214,265.0,150.87962140291214,1785.0
2026-03-01 09:33:39.400,AAPL,150.81118329584208,762.0,150.80118329584207,1872.0,150.79118329584207,1152.0,150.83118329584207,1826.0,150.8411832958421,676.0,150.85118329584208,572.0
2026-03-01 09:33:39.500,AAPL,150.82085307006017,1314.0,150.81085307006015,804.0,150.80085307006016,513.0,150.84085307006015,933.0,150.85085307006017,129.0,150.86085307006016,1060.0
2026-03-01 09:33:39.600,AAPL,150.8288086478878,563.0,150.81880864788778,783.0,150.8088086478878,1861.0,150.84880864788778,1381.0,150.8588086478878,1984.0,150.8688086478878,1203.0
2026-03-01 09:33:39.700,AAPL,150.82223894260898,271.0,150.81223894260896,1589.0,150.80223894260897,544.0,150.84223894260896,558.0,150.85223894260898,1014.0,150.86223894260897,1054.0
2026-03-01 09:33:39.800,AAPL,150.8186151988023,210.0,150.80861519880227,240.0,150.79861519880228,1362.0,150.83861519880227,273.0,150.8486151988023,424.0,150.85861519880228,1955.0
2026-03-01 09:33:39.900,AAPL,150.7758799736703,592.0,150.76587997367028,1486.0,150.7558799736703,1300.0,150.79587997367028,1818.0,150.8058799736703,1810.0,150.8158799736703,1665.0
2026-03-01 09:33:40.000,AAPL,150.78986534408955,842.0,150.77986534408953,141.0,150.76986534408954,1183.0,150.80986534408953,384.0,150.81986534408955,1096.0,150.82986534408954,126.0
2026-03-01 09:33:40.100,AAPL,150.7996178430993,1836.0,150.78961784309928,1302.0,150.7796178430993,810.0,150.81961784309928,1031.0,150.8296178430993,1455.0,150.8396178430993,399.0
2026-03-01 09:33:40.200,AAPL,150.7776172548015,913.0,150.76761725480148,154.0,150.7576172548015,986.0,150.79761725480148,552.0,150.8076172548015,134.0,150.8176172548015,1963.0
2026-03-01 09:33:40.300,AAPL,150.81090596810267,1728.0,150.80090596810265,1467.0,150.79090596810266,610.0,150.83090596810266,1651.0,150.84090596810267,808.0,150.85090596810267,507.0
2026-03-01 09:33:40.400,AAPL,150.8622975475243,1647.0,150.85229754752427,1905.0,150.84229754752428,1520.0,150.88229754752427,561.0,150.8922975475243,970.0,150.90229754752428,1930.0
2026-03-01 09:33:40.500,AAPL,150.89616636232307,1501.0,150.88616636232305,1686.0,150.87616636232306,866.0,150.91616636232305,690.0,150.92616636232307,422.0,150.93616636232306,439.0
2026-03-01 09:33:40.600,AAPL,150.84404419632003,1477.0,150.83404419632,1224.0,150.82404419632002,938.0,150.86404419632,1499.0,150.87404419632003,1534.0,150.88404419632002,1142.0
2026-03-01 09:33:40.700,AAPL,150.84902648466314,1628.0,150.83902648466312,297.0,150.82902648466313,263.0,150.86902648466312,130.0,150.87902648466314,348.0,150.88902648466313,329.0
2026-03-01 09:33:40.800,AAPL,150.80345490651996,1657.0,150.79345490651994,1812.0,150.78345490651995,423.0,150.82345490651994,619.0,150.83345490651996,728.0,150.84345490651995,1374.0
2026-03-01 09:33:40.900,AAPL,150.80828264383496,242.0,150.79828264383494,1014.0,150.78828264383495,690.0,150.82828264383494,673.0,150.83828264383496,1540.0,150.84828264383495,452.0
2026-03-01 09:33:41.000,AAPL,150.76290580898396,1101.0,150.75290580898394,419.0,150.74290580898395,1846.0,150.78290580898394,1799.0,150.79290580898396,1991.0,150.80290580898395,583.0
2026-03-01 09:33:41.100,AAPL,150.8267639758517,1052.0,150.81676397585167,1806.0,150.80676397585168,1502.0,150.84676397585167,1486.0,150.8567639758517,987.0,150.86676397585168,1789.0
2026-03-01 09:33:41.200,AAPL,150.8659305493027,1390.0,150.85593054930268,1510.0,150.8459305493027,1008.0,150.88593054930269,1882.0,150.8959305493027,308.0,150.9059305493027,1437.0
2026-03-01 09:33:41.300,AAPL,150.9235800145698,1273.0,150.9135800145698,1230.0,150.9035800145698,735.0,150.9435800145698,1092.0,150.9535800145698,1528.0,150.9635800145698,268.0
2026-03-01 09:33:41.400,AAPL,150.97616611907958,940.0,150.96616611907956,967.0,150.95616611907957,1908.0,150.99616611907956,1333.0,151.00616611907958,693.0,151.01616611907957,575.0
2026-03-01 09:33:41.500,AAPL,150.9626361335009,165.0,150.95263613350087,1015.0,150.94263613350088,119.0,150.98263613350088,1854.0,150.9926361335009,1253.0,151.00263613350089,768.0
2026-03-01 09:33:41.600,AAPL,150.94135564632452,1508.0,150.9313556463245,1852.0,150.9213556463245,284.0,150.9613556463245,723.0,150.97135564632453,866.0,150.98135564632452,887.0
2026-03-01 09:33:41.700,AAPL,151.02844183775954,719.0,151.01844183775953,931.0,151.00844183775953,1211.0,151.04844183775953,1093.0,151.05844183775955,423.0,151.06844183775954,453.0
2026-03-01 09:33:41.800,AAPL,151.02018585525093,1621.0,151.0101858552509,1983.0,151.00018585525092,1353.0,151.0401858552509,1266.0,151.05018585525093,812.0,151.06018585525092,1783.0
2026-03-01 09:33:41.900,AAPL,150.9524568231273,529.0,150.9424568231273,1906.0,150.9324568231273,915.0,150.9724568231273,1809.0,150.9824568231273,1378.0,150.9924568231273,536.0
2026-03-01 09:33:42.000,AAPL,151.0028301598106,811.0,150.99283015981058,183.0,150.9828301598106,1142.0,151.02283015981058,1873.0,151.0328301598106,1620.0,151.0428301598106,1988.0
2026-03-01 09:33:42.100,AAPL,151.0100189432238,1571.0,151.00001894322378,1678.0,150.9900189432238,880.0,151.03001894322378,958.0,151.0400189432238,1252.0,151.0500189432238,1316.0
2026-03-01 09:33:42.200,AAPL,151.08531614942274,1420.0,151.07531614942272,1609.0,151.06531614942273,1206.0,151.10531614942272,423.0,151.11531614942274,1501.0,151.12531614942273,1307.0
2026-03-01 09:33:42.300,AAPL,151.09746463332178,166.0,151.08746463332176,1597.0,151.07746463332177,150.0,151.11746463332176,581.0,151.12746463332178,1859.0,151.13746463332177,1647.0
2026-03-01 09:33:42.400,AAPL,151.09646455895447,308.0,151.08646455895445,849.0,151.07646455895446,1203.0,151.11646455895445,1629.0,151.12646455895447,594.0,151.13646455895446,1812.0
2026-03-01 09:33:42.500,AAPL,151.17277059939317,1717.0,151.16277059939316,1500.0,151.15277059939316,775.0,151.19277059939316,1913.0,151.20277059939318,1833.0,151.21277059939317,608.0
2026-03-01 09:33:42.600,AAPL,151.09584728214134,1395.0,151.08584728214132,1047.0,151.07584728214132,1770.0,151.11584728214132,699.0,151.12584728214134,160.0,151.13584728214133,1059.0
2026-03-01 09:33:42.700,AAPL,151.0665791669112,1653.0,151.05657916691118,966.0,151.0465791669112,1178.0,151.08657916691118,1991.0,151.0965791669112,894.0,151.1065791669112,797.0
2026-03-01 09:33:42.800,AAPL,151.02221101831842,366.0,151.0122110183184,637.0,151.0022110183184,700.0,151.0422110183184,409.0,151.05221101831842,185.0,151.0622110183184,412.0
2026-03-01 09:33:42.900,AAPL,150.91245702938977,1103.0,150.90245702938975,1127.0,150.89245702938976,628.0,150.93245702938975,1105.0,150.94245702938977,885.0,150.95245702938976,1587.0
2026-03-01 09:33:43.000,AAPL,150.95611585079058,1605.0,150.94611585079056,1506.0,150.93611585079057,1039.0,150.97611585079056,115.0,150.98611585079058,1516.0,150.99611585079057,951.0
2026-03-01 09:33:43.100,AAPL,150.92824493009144,1278.0,150.91824493009142,1073.0,150.90824493009143,1382.0,150.94824493009142,708.0,150.95824493009144,559.0,150.96824493009143,405.0
2026-03-01 09:33:43.200,AAPL,150.97351333217378,581.0,150.96351333217376,1982.0,150.95351333217377,915.0,150.99351333217376,362.0,151.00351333217378,1074.0,151.01351333217377,1146.0
2026-03-01 09:33:43.300,AAPL,150.99296765673552,1334.0,150.9829676567355,1303.0,150.9729676567355,387.0,151.0129676567355,1633.0,151.02296765673552,1045.0,151.0329676567355,556.0
2026-03-01 09:33:43.400,AAPL,151.0233247800669,1465.0,151.01332478006688,507.0,151.0033247800669,1053.0,151.04332478006688,1674.0,151.0533247800669,1626.0,151.0633247800669,980.0
2026-03-01 09:33:43.500,AAPL,151.00055480602487,1069.0,150.99055480602485,705.0,150.98055480602486,817.0,151.02055480602485,467.0,151.03055480602487,1697.0,151.04055480602486,1547.0
2026-03-01 09:33:43.600,AAPL,150.9623423988256,1369.0,150.95234239882558,1986.0,150.9423423988256,1298.0,150.98234239882558,1712.0,150.9923423988256,408.0,151.0023423988256,1759.0
2026-03-01 09:33:43.700,AAPL,150.9668304425866,533.0,150.95683044258658,985.0,150.9468304425866,1817.0,150.98683044258658,910.0,150.9968304425866,1251.0,151.0068304425866,282.0
2026-03-01 09:33:43.800,AAPL,151.012788851752,1346.0,151.00278885175197,300.0,150.99278885175198,904.0,151.03278885175197,1995.0,151.042788851752,690.0,151.05278885175198,1382.0
2026-03-01 09:33:43.900,AAPL,151.0102697514778,1064.0,151.0002697514778,361.0,150.9902697514778,328.0,151.0302697514778,376.0,151.0402697514778,198.0,151.0502697514778,1182.0
2026-03-01 09:33:44.000,AAPL,150.9751729353462,238.0,150.96517293534617,1350.0,150.95517293534618,382.0,150.99517293534618,927.0,151.0051729353462,1353.0,151.0151729353462,428.0
2026-03-01 09:33:44.100,AAPL,150.91522203077628,1317.0,150.90522203077626,896.0,150.89522203077627,332.0,150.93522203077626,1352.0,150.94522203077628,671.0,150.95522203077627,819.0
2026-03-01 09:33:44.200,AAPL,150.92543018154248,1642.0,150.91543018154246,1018.0,150.90543018154247,1185.0,150.94543018154246,1493.0,150.95543018154248,1471.0,150.96543018154247,189.0
2026-03-01 09:33:44.300,AAPL,150.89772680479604,1712.0,150.88772680479602,976.0,150.87772680479603,1418.0,150.91772680479602,353.0,150.92772680479604,1827.0,150.93772680479603,1896.0
2026-03-01 09:33:44.400,AAPL,150.89413977542657,1225.0,150.88413977542655,1560.0,150.87413977542656,1028.0,150.91413977542655,708.0,150.92413977542657,1485.0,150.93413977542656,1139.0
2026-03-01 09:33:44.500,AAPL,150.88220083631413,630.0,150.8722008363141,1699.0,150.86220083631412,1689.0,150.9022008363141,1908.0,150.91220083631413,1485.0,150.92220083631412,1253.0
2026-03-01 09:33:44.600,AAPL,150.8599792875799,1008.0,150.84997928757988,258.0,150.8399792875799,1241.0,150.87997928757989,440.0,150.8899792875799,1461.0,150.8999792875799,1832.0
2026-03-01 09:33:44.700,AAPL,150.87466946561787,102.0,150.86466946561785,1454.0,150.85466946561786,399.0,150.89466946561785,481.0,150.90466946561787,744.0,150.91466946561786,707.0
2026-03-01 09:33:44.800,AAPL,150.90239466982507,1669.0,150.89239466982505,577.0,150.88239466982506,799.0,150.92239466982505,1598.0,150.93239466982507,1151.0,150.94239466982506,1985.0
2026-03-01 09:33:44.900,AAPL,151.0006586170576,156.0,150.9906586170576,1311.0,150.9806586170576,647.0,151.0206586170576,308.0,151.0306586170576,976.0,151.0406586170576,1075.0
2026-03-01 09:33:45.000,AAPL,151.03855700279183,1881.0,151.0285570027918,139.0,151.01855700279182,328.0,151.05855700279182,1241.0,151.06855700279183,558.0,151.07855700279183,1709.0
2026-03-01 09:33:45.100,AAPL,151.11824111926555,1217.0,151.10824111926553,1755.0,151.09824111926554,573.0,151.13824111926553,984.0,151.14824111926555,914.0,151.15824111926554,1910.0
2026-03-01 09:33:45.200,AAPL,151.07731110069545,582.0,151.06731110069543,1239.0,151.05731110069544,1584.0,151.09731110069544,602.0,151.10731110069545,1931.0,151.11731110069545,274.0
2026-03-01 09:33:45.300,AAPL,150.99726386215912,1784.0,150.9872638621591,1163.0,150.9772638621591,724.0,151.0172638621591,1746.0,151.02726386215912,1566.0,151.0372638621591,1229.0
2026-03-01 09:33:45.400,AAPL,150.9965423493731,1130.0,150.98654234937308,1012.0,150.9765423493731,1736.0,151.01654234937308,961.0,151.0265423493731,493.0,151.0365423493731,1661.0
2026-03-01 09:33:45.500,AAPL,151.03944371158056,833.0,151.02944371158054,1924.0,151.01944371158055,292.0,151.05944371158054,136.0,151.06944371158056,1668.0,151.07944371158055,1079.0
2026-03-01 09:33:45.600,AAPL,151.07450179748852,889.0,151.0645017974885,1269.0,151.0545017974885,373.0,151.0945017974885,1765.0,151.10450179748852,184.0,151.11450179748851,1746.0
2026-03-01 09:33:45.700,AAPL,151.13507087610486,1182.0,151.12507087610484,1052.0,151.11507087610485,1669.0,151.15507087610484,1152.0,151.16507087610486,100.0,151.17507087610485,676.0
2026-03-01 09:33:45.800,AAPL,151.0082436081556,877.0,150.99824360815558,982.0,150.98824360815559,765.0,151.02824360815558,1758.0,151.0382436081556,1980.0,151.0482436081556,669.0
2026-03-01 09:33:45.900,AAPL,151.0708924528998,674.0,151.0608924528998,1707.0,151.0508924528998,1847.0,151.0908924528998,409.0,151.1008924528998,379.0,151.1108924528998,1394.0
2026-03-01 09:33:46.000,AAPL,151.0876655842213,410.0,151.07766558422128,642.0,151.0676655842213,343.0,151.10766558422128,1212.0,151.1176655842213,1075.0,151.1276655842213,734.0
2026-03-01 09:33:46.100,AAPL,151.01046491696505,285.0,151.00046491696503,633.0,150.99046491696504,482.0,151.03046491696503,1557.0,151.04046491696505,1763.0,151.05046491696504,406.0
2026-03-01 09:33:46.200,AAPL,151.04664135930147,365.0,151.03664135930146,547.0,151.02664135930146,1846.0,151.06664135930146,1022.0,151.07664135930148,927.0,151.08664135930147,1643.0
2026-03-01 09:33:46.300,AAPL,151.05511548814312,1714.0,151.0451154881431,377.0,151.0351154881431,1811.0,151.0751154881431,1709.0,151.08511548814312,1017.0,151.0951154881431,574.0
2026-03-01 09:33:46.400,AAPL,151.07417695307203,1666.0,151.064176953072,106.0,151.05417695307202,1848.0,151.094176953072,1503.0,151.10417695307203,1085.0,151.11417695307202,760.0
2026-03-01 09:33:46.500,AAPL,151.1241324105878,1772.0,151.11413241058779,1592.0,151.1041324105878,441.0,151.1441324105878,974.0,151.1541324105878,1567.0,151.1641324105878,1696.0
2026-03-01 09:33:46.600,AAPL,151.14564617900933,1213.0,151.1356461790093,821.0,151.12564617900932,1982.0,151.16564617900931,1379.0,151.17564617900933,917.0,151.18564617900932,979.0
2026-03-01 09:33:46.700,AAPL,151.07200492408586,1423.0,151.06200492408584,897.0,151.05200492408585,1229.0,151.09200492408584,758.0,151.10200492408586,327.0,151.11200492408585,587.0
2026-03-01 09:33:46.800,AAPL,151.0648536105967,900.0,151.0548536105967,1007.0,151.0448536105967,578.0,151.0848536105967,1212.0,151.09485361059672,1004.0,151.1048536105967,1299.0
2026-03-01 09:33:46.900,AAPL,150.98397135205417,1021.0,150.97397135205415,1268.0,150.96397135205416,939.0,151.00397135205415,286.0,151.01397135205417,1485.0,151.02397135205416,1544.0
2026-03-01 09:33:47.000,AAPL,151.0164244460821,120.0,151.0064244460821,1746.0,150.9964244460821,1579.0,151.0364244460821,537.0,151.0464244460821,650.0,151.0564244460821,1864.0
2026-03-01 09:33:47.100,AAPL,151.0863229581613,229.0,151.07632295816128,1504.0,151.0663229581613,1204.0,151.1063229581613,774.0,151.1163229581613,1189.0,151.1263229581613,1620.0
2026-03-01 09:33:47.200,AAPL,151.0242503600337,1988.0,151.01425036003369,1127.0,151.0042503600337,916.0,151.0442503600337,583.0,151.0542503600337,1854.0,151.0642503600337,1477.0
2026-03-01 09:33:47.300,AAPL,150.99067717200708,844.0,150.98067717200706,1789.0,150.97067717200707,721.0,151.01067717200706,1382.0,151.02067717200708,454.0,151.03067717200707,1895.0
2026-03-01 09:33:47.400,AAPL,150.94655870595096,1405.0,150.93655870595094,1342.0,150.92655870595095,1153.0,150.96655870595094,1551.0,150.97655870595096,450.0,150.98655870595096,1562.0
2026-03-01 09:33:47.500,AAPL,150.92386344235405,1888.0,150.91386344235403,1102.0,150.90386344235404,1716.0,150.94386344235403,1431.0,150.95386344235405,1040.0,150.96386344235404,1137.0
2026-03-01 09:33:47.600,AAPL,150.944484600264,1513.0,150.93448460026397,571.0,150.92448460026398,277.0,150.96448460026397,487.0,150.974484600264,787.0,150.98448460026398,904.0
2026-03-01 09:33:47.700,AAPL,150.92233114415893,1844.0,150.9123311441589,377.0,150.90233114415892,1198.0,150.9423311441589,1130.0,150.95233114415893,1036.0,150.96233114415892,1582.0
2026-03-01 09:33:47.800,AAPL,150.9549576527939,597.0,150.94495765279387,642.0,150.93495765279388,1683.0,150.97495765279388,106.0,150.9849576527939,1910.0,150.9949576527939,160.0
2026-03-01 09:33:47.900,AAPL,151.00822664129768,762.0,150.99822664129766,272.0,150.98822664129767,884.0,151.02822664129766,1080.0,151.03822664129768,992.0,151.04822664129767,566.0
2026-03-01 09:33:48.000,AAPL,151.06331460436414,1988.0,151.05331460436412,1068.0,151.04331460436413,1677.0,151.08331460436412,1179.0,151.09331460436414,1620.0,151.10331460436413,1377.0
2026-03-01 09:33:48.100,AAPL,151.00740554959566,1709.0,150.99740554959564,1872.0,150.98740554959565,1544.0,151.02740554959564,878.0,151.03740554959566,1415.0,151.04740554959565,1731.0
2026-03-01 09:33:48.200,AAPL,151.0767019968193,1119.0,151.0667019968193,1935.0,151.0567019968193,563.0,151.0967019968193,1074.0,151.1067019968193,858.0,151.1167019968193,1305.0
2026-03-01 09:33:48.300,AAPL,151.1500056110631,314.0,151.1400056110631,342.0,151.1300056110631,436.0,151.1700056110631,634.0,151.1800056110631,1420.0,151.1900056110631,1388.0
2026-03-01 09:33:48.400,AAPL,151.22763960762498,244.0,151.21763960762496,1880.0,151.20763960762497,665.0,151.24763960762496,988.0,151.25763960762498,758.0,151.26763960762497,857.0
2026-03-01 09:33:48.500,AAPL,151.2197488666391,126.0,151.20974886663907,327.0,151.19974886663908,1900.0,151.23974886663908,1348.0,151.2497488666391,1501.0,151.2597488666391,696.0
2026-03-01 09:33:48.600,AAPL,151.18215674297358,1528.0,151.17215674297356,604.0,151.16215674297356,1214.0,151.20215674297356,1823.0,151.21215674297358,770.0,151.22215674297357,147.0
2026-03-01 09:33:48.700,AAPL,151.13294468339956,136.0,151.12294468339954,1877.0,151.11294468339955,985.0,151.15294468339954,855.0,151.16294468339956,431.0,151.17294468339955,962.0
2026-03-01 09:33:48.800,AAPL,151.07785568907082,527.0,151.0678556890708,1262.0,151.0578556890708,1605.0,151.0978556890708,1886.0,151.10785568907082,1040.0,151.1178556890708,846.0
2026-03-01 09:33:48.900,AAPL,151.07844020940408,429.0,151.06844020940406,1931.0,151.05844020940407,1179.0,151.09844020940406,1901.0,151.10844020940408,1166.0,151.11844020940407,1901.0
2026-03-01 09:33:49.000,AAPL,151.1208328022286,1931.0,151.11083280222857,227.0,151.10083280222858,158.0,151.14083280222857,1692.0,151.1508328022286,1319.0,151.16083280222858,696.0
2026-03-01 09:33:49.100,AAPL,151.18616072427795,1394.0,151.17616072427793,587.0,151.16616072427794,1541.0,151.20616072427794,1719.0,151.21616072427796,1397.0,151.22616072427795,1964.0
2026-03-01 09:33:49.200,AAPL,151.16188286845983,519.0,151.1518828684598,330.0,151.14188286845982,709.0,151.1818828684598,263.0,151.19188286845983,1324.0,151.20188286845982,1299.0
2026-03-01 09:33:49.300,AAPL,151.15994845510582,1224.0,151.1499484551058,887.0,151.1399484551058,229.0,151.1799484551058,315.0,151.18994845510582,457.0,151.1999484551058,672.0
2026-03-01 09:33:49.400,AAPL,151.15473907743575,1873.0,151.14473907743573,267.0,151.13473907743574,554.0,151.17473907743573,1280.0,151.18473907743575,1912.0,151.19473907743574,570.0
2026-03-01 09:33:49.500,AAPL,151.1229750649425,1652.0,151.11297506494248,1690.0,151.10297506494248,997.0,151.14297506494248,928.0,151.1529750649425,1118.0,151.1629750649425,134.0
2026-03-01 09:33:49.600,AAPL,151.15976254143052,721.0,151.1497625414305,774.0,151.1397625414305,778.0,151.1797625414305,268.0,151.18976254143053,681.0,151.19976254143052,1586.0
2026-03-01 09:33:49.700,AAPL,151.1779049537617,1064.0,151.16790495376168,1574.0,151.1579049537617,1102.0,151.19790495376168,551.0,151.2079049537617,1776.0,151.2179049537617,891.0
2026-03-01 09:33:49.800,AAPL,151.18499611251767,880.0,151.17499611251765,557.0,151.16499611251766,1767.0,151.20499611251765,1425.0,151.21499611251767,1315.0,151.22499611251766,1009.0
2026-03-01 09:33:49.900,AAPL,151.20291138447746,1004.0,151.19291138447744,1446.0,151.18291138447745,198.0,151.22291138447744,867.0,151.23291138447746,1697.0,151.24291138447745,1208.0
2026-03-01 09:33:50.000,AAPL,151.23368394687535,1275.0,151.22368394687533,521.0,151.21368394687534,567.0,151.25368394687533,1378.0,151.26368394687535,1812.0,151.27368394687534,781.0
2026-03-01 09:33:50.100,AAPL,151.26395579783187,1607.0,151.25395579783185,513.0,151.24395579783186,1091.0,151.28395579783185,564.0,151.29395579783187,482.0,151.30395579783186,1549.0
2026-03-01 09:33:50.200,AAPL,151.22203130002578,1608.0,151.21203130002576,645.0,151.20203130002577,558.0,151.24203130002576,1326.0,151.25203130002578,838.0,151.26203130002577,370.0
2026-03-01 09:33:50.300,AAPL,151.2668477274629,521.0,151.25684772746288,1532.0,151.2468477274629,1558.0,151.28684772746288,543.0,151.2968477274629,238.0,151.3068477274629,1640.0
2026-03-01 09:33:50.400,AAPL,151.27961603334694,1940.0,151.26961603334692,894.0,151.25961603334693,1744.0,151.29961603334692,1622.0,151.30961603334694,992.0,151.31961603334693,1296.0
2026-03-01 09:33:50.500,AAPL,151.25788522359792,461.0,151.2478852235979,732.0,151.2378852235979,1139.0,151.2778852235979,1470.0,151.28788522359793,1523.0,151.29788522359792,1640.0
2026-03-01 09:33:50.600,AAPL,151.26959670817024,513.0,151.25959670817022,1887.0,151.24959670817023,1301.0,151.28959670817022,731.0,151.29959670817024,648.0,151.30959670817023,1697.0
2026-03-01 09:33:50.700,AAPL,151.2868205820065,1326.0,151.27682058200648,1321.0,151.2668205820065,529.0,151.30682058200648,1745.0,151.3168205820065,1673.0,151.3268205820065,396.0
2026-03-01 09:33:50.800,AAPL,151.3409097653647,266.0,151.33090976536468,1301.0,151.3209097653647,1614.0,151.36090976536468,1853.0,151.3709097653647,1125.0,151.3809097653647,859.0
2026-03-01 09:33:50.900,AAPL,151.28860198394042,804.0,151.2786019839404,842.0,151.2686019839404,836.0,151.3086019839404,146.0,151.31860198394043,1761.0,151.32860198394042,575.0
2026-03-01 09:33:51.000,AAPL,151.35485120162315,1119.0,151.34485120162313,610.0,151.33485120162314,422.0,151.37485120162313,1731.0,151.38485120162315,1600.0,151.39485120162314,486.0
2026-03-01 09:33:51.100,AAPL,151.35600951943863,1334.0,151.3460095194386,1732.0,151.33600951943862,482.0,151.3760095194386,1476.0,151.38600951943863,342.0,151.39600951943862,705.0
2026-03-01 09:33:51.200,AAPL,151.33070185690121,585.0,151.3207018569012,1448.0,151.3107018569012,554.0,151.3507018569012,976.0,151.36070185690122,780.0,151.3707018569012,1807.0
2026-03-01 09:33:51.300,AAPL,151.30386395190834,1603.0,151.29386395190832,908.0,151.28386395190833,296.0,151.32386395190832,1764.0,151.33386395190834,1017.0,151.34386395190833,1970.0
2026-03-01 09:33:51.400,AAPL,151.25379556399122,247.0,151.2437955639912,1559.0,151.2337955639912,1789.0,151.2737955639912,549.0,151.28379556399122,1029.0,151.2937955639912,1832.0
2026-03-01 09:33:51.500,AAPL,151.16674981980339,866.0,151.15674981980337,1142.0,151.14674981980338,805.0,151.18674981980337,1072.0,151.1967498198034,1866.0,151.20674981980338,210.0
2026-03-01 09:33:51.600,AAPL,151.20061981382133,260.0,151.1906198138213,109.0,151.18061981382132,413.0,151.22061981382132,396.0,151.23061981382133,1316.0,151.24061981382133,746.0
2026-03-01 09:33:51.700,AAPL,151.29966413384244,1730.0,151.28966413384242,251.0,151.27966413384243,269.0,151.31966413384242,1543.0,151.32966413384244,1274.0,151.33966413384243,1739.0
2026-03-01 09:33:51.800,AAPL,151.21878336640066,1941.0,151.20878336640064,1933.0,151.19878336640065,1451.0,151.23878336640064,1515.0,151.24878336640066,569.0,151.25878336640065,901.0
2026-03-01 09:33:51.900,AAPL,151.17126197060412,244.0,151.1612619706041,977.0,151.1512619706041,237.0,151.1912619706041,1335.0,151.20126197060412,1436.0,151.2112619706041,1566.0
2026-03-01 09:33:52.000,AAPL,151.2088411300614,446.0,151.19884113006137,1492.0,151.18884113006138,1025.0,151.22884113006137,714.0,151.2388411300614,478.0,151.24884113006138,1166.0
2026-03-01 09:33:52.100,AAPL,151.20655928462782,356.0,151.1965592846278,1833.0,151.1865592846278,1412.0,151.2265592846278,268.0,151.23655928462782,1702.0,151.2465592846278,1362.0
2026-03-01 09:33:52.200,AAPL,151.2482802467416,1413.0,151.23828024674157,1167.0,151.22828024674158,1523.0,151.26828024674157,415.0,151.2782802467416,438.0,151.28828024674158,1496.0
2026-03-01 09:33:52.300,AAPL,151.24319422058414,1499.0,151.23319422058412,1191.0,151.22319422058413,865.0,151.26319422058413,1149.0,151.27319422058414,1799.0,151.28319422058414,900.0
2026-03-01 09:33:52.400,AAPL,151.21416284562082,614.0,151.2041628456208,1480.0,151.1941628456208,645.0,151.2341628456208,1861.0,151.24416284562082,1813.0,151.2541628456208,1635.0
2026-03-01 09:33:52.500,AAPL,151.20287074008718,115.0,151.19287074008716,181.0,151.18287074008717,942.0,151.22287074008716,1143.0,151.23287074008718,1913.0,151.24287074008717,1686.0
2026-03-01 09:33:52.600,AAPL,151.08376626897436,218.0,151.07376626897434,103.0,151.06376626897435,700.0,151.10376626897434,1618.0,151.11376626897436,589.0,151.12376626897435,288.0
2026-03-01 09:33:52.700,AAPL,151.02659205169195,185.0,151.01659205169193,1099.0,151.00659205169194,1876.0,151.04659205169193,1789.0,151.05659205169195,238.0,151.06659205169194,574.0
2026-03-01 09:33:52.800,AAPL,151.0740060204029,1913.0,151.06400602040287,496.0,151.05400602040288,239.0,151.09400602040287,501.0,151.1040060204029,863.0,151.11400602040288,1381.0
2026-03-01 09:33:52.900,AAPL,151.13360101261182,572.0,151.1236010126118,1645.0,151.1136010126118,1161.0,151.1536010126118,117.0,151.16360101261182,1707.0,151.1736010126118,1979.0
2026-03-01 09:33:53.000,AAPL,151.20390931536645,739.0,151.19390931536643,221.0,151.18390931536644,1387.0,151.22390931536643,1640.0,151.23390931536645,636.0,151.24390931536644,1819.0
2026-03-01 09:33:53.100,AAPL,151.22595278268884,877.0,151.21595278268882,806.0,151.20595278268883,527.0,151.24595278268882,142.0,151.25595278268884,714.0,151.26595278268883,1807.0
2026-03-01 09:33:53.200,AAPL,151.11314933897452,536.0,151.1031493389745,462.0,151.0931493389745,1736.0,151.1331493389745,221.0,151.14314933897452,1790.0,151.15314933897452,840.0
2026-03-01 09:33:53.300,AAPL,151.08139901251516,765.0,151.07139901251514,1046.0,151.06139901251515,292.0,151.10139901251515,506.0,151.11139901251516,471.0,151.12139901251516,855.0
2026-03-01 09:33:53.400,AAPL,151.1476317963426,217.0,151.1376317963426,1187.0,151.1276317963426,1443.0,151.1676317963426,1634.0,151.1776317963426,716.0,151.1876317963426,271.0
2026-03-01 09:33:53.500,AAPL,151.2287845082768,216.0,151.21878450827677,574.0,151.20878450827678,1527.0,151.24878450827677,246.0,151.2587845082768,1913.0,151.26878450827678,114.0
2026-03-01 09:33:53.600,AAPL,151.29691689542713,469.0,151.2869168954271,758.0,151.27691689542712,689.0,151.3169168954271,1346.0,151.32691689542713,997.0,151.33691689542712,1318.0
2026-03-01 09:33:53.700,AAPL,151.28510427218865,1503.0,151.27510427218863,536.0,151.26510427218864,136.0,151.30510427218863,1981.0,151.31510427218865,754.0,151.32510427218864,1560.0
2026-03-01 09:33:53.800,AAPL,151.21977547885993,440.0,151.2097754788599,1934.0,151.19977547885992,970.0,151.2397754788599,822.0,151.24977547885993,1128.0,151.25977547885992,1894.0
2026-03-01 09:33:53.900,AAPL,151.217743899362,853.0,151.207743899362,1140.0,151.197743899362,1829.0,151.237743899362,1948.0,151.247743899362,1250.0,151.257743899362,390.0
2026-03-01 09:33:54.000,AAPL,151.21848425027352,1464.0,151.2084842502735,899.0,151.1984842502735,420.0,151.2384842502735,259.0,151.24848425027352,824.0,151.2584842502735,312.0
2026-03-01 09:33:54.100,AAPL,151.2967624912781,1860.0,151.28676249127807,421.0,151.27676249127808,610.0,151.31676249127807,785.0,151.3267624912781,1851.0,151.33676249127808,1707.0
2026-03-01 09:33:54.200,AAPL,151.3081520562842,1117.0,151.29815205628418,994.0,151.2881520562842,1136.0,151.32815205628418,291.0,151.3381520562842,1001.0,151.3481520562842,1204.0
2026-03-01 09:33:54.300,AAPL,151.30898611522824,146.0,151.29898611522822,567.0,151.28898611522823,973.0,151.32898611522822,1116.0,151.33898611522824,1174.0,151.34898611522823,1075.0
2026-03-01 09:33:54.400,AAPL,151.3126608726354,1354.0,151.30266087263539,504.0,151.2926608726354,1405.0,151.3326608726354,1958.0,151.3426608726354,439.0,151.3526608726354,316.0
2026-03-01 09:33:54.500,AAPL,151.33265381412355,1742.0,151.32265381412353,1467.0,151.31265381412354,457.0,151.35265381412353,745.0,151.36265381412355,592.0,151.37265381412354,1748.0
2026-03-01 09:33:54.600,AAPL,151.3639758184266,1010.0,151.3539758184266,1471.0,151.3439758184266,806.0,151.3839758184266,1036.0,151.3939758184266,503.0,151.4039758184266,247.0
2026-03-01 09:33:54.700,AAPL,151.32774894672573,1337.0,151.31774894672571,129.0,151.30774894672572,1781.0,151.34774894672572,797.0,151.35774894672574,1889.0,151.36774894672573,1574.0
2026-03-01 09:33:54.800,AAPL,151.27486792699443,1710.0,151.2648679269944,1293.0,151.25486792699442,696.0,151.2948679269944,550.0,151.30486792699443,1560.0,151.31486792699442,278.0
2026-03-01 09:33:54.900,AAPL,151.3433958530647,860.0,151.33339585306467,342.0,151.32339585306468,1757.0,151.36339585306467,314.0,151.3733958530647,1292.0,151.38339585306468,1738.0
2026-03-01 09:33:55.000,AAPL,151.26134378834288,1894.0,151.25134378834287,1680.0,151.24134378834287,406.0,151.28134378834287,1560.0,151.29134378834289,1109.0,151.30134378834288,1488.0
2026-03-01 09:33:55.100,AAPL,151.34323116130312,1019.0,151.3332311613031,1876.0,151.3232311613031,1701.0,151.3632311613031,483.0,151.37323116130312,642.0,151.38323116130312,681.0
2026-03-01 09:33:55.200,AAPL,151.24769722644044,842.0,151.23769722644042,1775.0,151.22769722644043,801.0,151.26769722644042,673.0,151.27769722644044,1925.0,151.28769722644043,1408.0
2026-03-01 09:33:55.300,AAPL,151.2184701697989,633.0,151.2084701697989,732.0,151.1984701697989,1381.0,151.2384701697989,387.0,151.2484701697989,1382.0,151.2584701697989,771.0
2026-03-01 09:33:55.400,AAPL,151.26706286832808,1094.0,151.25706286832806,143.0,151.24706286832807,1907.0,151.28706286832806,293.0,151.29706286832808,518.0,151.30706286832807,1030.0
2026-03-01 09:33:55.500,AAPL,151.267079962782,1767.0,151.25707996278197,260.0,151.24707996278198,912.0,151.28707996278197,1369.0,151.297079962782,910.0,151.30707996278198,420.0
2026-03-01 09:33:55.600,AAPL,151.2012561225939,101.0,151.19125612259387,468.0,151.18125612259388,1142.0,151.22125612259387,1477.0,151.2312561225939,240.0,151.24125612259388,678.0
2026-03-01 09:33:55.700,AAPL,151.22257753030019,1209.0,151.21257753030017,420.0,151.20257753030018,896.0,151.24257753030017,271.0,151.2525775303002,1145.0,151.26257753030018,1119.0
2026-03-01 09:33:55.800,AAPL,151.22592774739022,243.0,151.2159277473902,1406.0,151.2059277473902,494.0,151.2459277473902,973.0,151.25592774739022,548.0,151.2659277473902,980.0
2026-03-01 09:33:55.900,AAPL,151.2151253329681,1525.0,151.2051253329681,990.0,151.1951253329681,313.0,151.2351253329681,334.0,151.24512533296812,673.0,151.2551253329681,1419.0
2026-03-01 09:33:56.000,AAPL,151.18392921842897,589.0,151.17392921842895,1462.0,151.16392921842896,1993.0,151.20392921842895,1763.0,151.21392921842897,1459.0,151.22392921842896,1766.0
2026-03-01 09:33:56.100,AAPL,151.18219891845243,431.0,151.1721989184524,446.0,151.16219891845242,1150.0,151.2021989184524,1454.0,151.21219891845243,247.0,151.22219891845242,1944.0
2026-03-01 09:33:56.200,AAPL,151.15310283785482,783.0,151.1431028378548,1928.0,151.1331028378548,897.0,151.1731028378548,1221.0,151.18310283785482,1517.0,151.1931028378548,1043.0
2026-03-01 09:33:56.300,AAPL,151.27482947129727,1974.0,151.26482947129725,466.0,151.25482947129726,766.0,151.29482947129725,215.0,151.30482947129727,746.0,151.31482947129726,1901.0
2026-03-01 09:33:56.400,AAPL,151.26282861370643,1304.0,151.2528286137064,1794.0,151.24282861370642,1278.0,151.2828286137064,1678.0,151.29282861370643,170.0,151.30282861370642,1871.0
2026-03-01 09:33:56.500,AAPL,151.24414076601548,1503.0,151.23414076601546,588.0,151.22414076601547,179.0,151.26414076601546,1010.0,151.27414076601548,700.0,151.28414076601547,1462.0
2026-03-01 09:33:56.600,AAPL,151.2170589587411,347.0,151.20705895874107,680.0,151.19705895874108,153.0,151.23705895874107,1521.0,151.2470589587411,1662.0,151.25705895874108,1110.0
2026-03-01 09:33:56.700,AAPL,151.305906500883,1038.0,151.29590650088298,1272.0,151.285906500883,436.0,151.32590650088298,1002.0,151.335906500883,1869.0,151.345906500883,1388.0
2026-03-01 09:33:56.800,AAPL,151.22395315698822,795.0,151.2139531569882,1904.0,151.2039531569882,738.0,151.2439531569882,1927.0,151.25395315698822,1137.0,151.2639531569882,1710.0
2026-03-01 09:33:56.900,AAPL,151.2419247780832,494.0,151.23192477808317,1550.0,151.22192477808318,1114.0,151.26192477808317,1112.0,151.2719247780832,264.0,151.28192477808318,1148.0
2026-03-01 09:33:57.000,AAPL,151.22996027948938,1033.0,151.21996027948936,507.0,151.20996027948937,257.0,151.24996027948936,1516.0,151.25996027948938,1195.0,151.26996027948937,337.0
2026-03-01 09:33:57.100,AAPL,151.15879027425729,544.0,151.14879027425727,362.0,151.13879027425727,572.0,151.17879027425727,1113.0,151.1887902742573,1622.0,151.19879027425728,1758.0
2026-03-01 09:33:57.200,AAPL,151.11783645786412,1874.0,151.1078364578641,1846.0,151.0978364578641,779.0,151.1378364578641,984.0,151.14783645786412,1386.0,151.1578364578641,378.0
2026-03-01 09:33:57.300,AAPL,151.1336841575594,1041.0,151.12368415755938,145.0,151.1136841575594,1103.0,151.15368415755938,1454.0,151.1636841575594,1849.0,151.1736841575594,1343.0
2026-03-01 09:33:57.400,AAPL,151.0904644965766,111.0,151.08046449657658,1812.0,151.0704644965766,1353.0,151.11046449657658,738.0,151.1204644965766,1390.0,151.1304644965766,874.0
2026-03-01 09:33:57.500,AAPL,151.1034426929876,830.0,151.0934426929876,1678.0,151.0834426929876,753.0,151.1234426929876,357.0,151.13344269298761,1205.0,151.1434426929876,483.0
2026-03-01 09:33:57.600,AAPL,151.18990035442192,678.0,151.1799003544219,865.0,151.1699003544219,784.0,151.2099003544219,1931.0,151.21990035442192,1787.0,151.22990035442191,597.0
2026-03-01 09:33:57.700,AAPL,151.1984303882828,1630.0,151.18843038828277,145.0,151.17843038828278,1990.0,151.21843038828277,1382.0,151.2284303882828,797.0,151.23843038828278,1929.0
2026-03-01 09:33:57.800,AAPL,151.12575476435657,1864.0,151.11575476435655,324.0,151.10575476435656,1842.0,151.14575476435655,1693.0,151.15575476435657,112.0,151.16575476435656,459.0
2026-03-01 09:33:57.900,AAPL,151.08341495126422,339.0,151.0734149512642,1456.0,151.0634149512642,295.0,151.1034149512642,972.0,151.11341495126422,291.0,151.1234149512642,481.0
2026-03-01 09:33:58.000,AAPL,151.06914466432696,1087.0,151.05914466432694,1007.0,151.04914466432695,1240.0,151.08914466432694,391.0,151.09914466432696,473.0,151.10914466432695,775.0
2026-03-01 09:33:58.100,AAPL,151.05153290837723,1985.0,151.0415329083772,1187.0,151.03153290837722,1791.0,151.0715329083772,1433.0,151.08153290837723,658.0,151.09153290837722,1493.0
2026-03-01 09:33:58.200,AAPL,151.05913360063303,579.0,151.049133600633,706.0,151.03913360063302,1730.0,151.079133600633,1135.0,151.08913360063303,1275.0,151.09913360063302,1615.0
2026-03-01 09:33:58.300,AAPL,151.07475574773693,123.0,151.0647557477369,1043.0,151.05475574773692,492.0,151.0947557477369,417.0,151.10475574773693,566.0,151.11475574773692,739.0
2026-03-01 09:33:58.400,AAPL,151.16128214549286,689.0,151.15128214549284,1605.0,151.14128214549285,399.0,151.18128214549284,1239.0,151.19128214549286,192.0,151.20128214549285,1484.0
2026-03-01 09:33:58.500,AAPL,151.16109616223847,632.0,151.15109616223845,917.0,151.14109616223845,888.0,151.18109616223845,861.0,151.19109616223847,1825.0,151.20109616223846,961.0
2026-03-01 09:33:58.600,AAPL,151.10348643989468,1895.0,151.09348643989466,1171.0,151.08348643989467,603.0,151.12348643989466,1095.0,151.13348643989468,1176.0,151.14348643989467,1911.0
2026-03-01 09:33:58.700,AAPL,151.1611767464071,1379.0,151.1511767464071,1945.0,151.1411767464071,422.0,151.1811767464071,1165.0,151.1911767464071,1923.0,151.2011767464071,731.0
2026-03-01 09:33:58.800,AAPL,151.22432797524615,1375.0,151.21432797524614,129.0,151.20432797524614,107.0,151.24432797524614,1587.0,151.25432797524616,1793.0,151.26432797524615,1890.0
2026-03-01 09:33:58.900,AAPL,151.23595012994647,1374.0,151.22595012994645,1026.0,151.21595012994646,1105.0,151.25595012994646,822.0,151.26595012994648,1932.0,151.27595012994647,1125.0
2026-03-01 09:33:59.000,AAPL,151.22363041018602,1647.0,151.213630410186,933.0,151.203630410186,488.0,151.243630410186,1364.0,151.25363041018602,1617.0,151.263630410186,159.0
2026-03-01 09:33:59.100,AAPL,151.25475773031346,1661.0,151.24475773031344,1885.0,151.23475773031345,1918.0,151.27475773031344,1146.0,151.28475773031346,1006.0,151.29475773031345,1615.0
2026-03-01 09:33:59.200,AAPL,151.24420373962948,1332.0,151.23420373962946,1009.0,151.22420373962947,1307.0,151.26420373962947,537.0,151.27420373962948,1747.0,151.28420373962948,1099.0
2026-03-01 09:33:59.300,AAPL,151.1414182931906,945.0,151.1314182931906,674.0,151.1214182931906,266.0,151.1614182931906,1461.0,151.1714182931906,1515.0,151.1814182931906,1262.0
2026-03-01 09:33:59.400,AAPL,151.16959200733925,130.0,151.15959200733923,1716.0,151.14959200733924,448.0,151.18959200733923,1116.0,151.19959200733925,481.0,151.20959200733924,543.0
2026-03-01 09:33:59.500,AAPL,151.21420458118797,1852.0,151.20420458118795,1168.0,151.19420458118796,1360.0,151.23420458118795,1061.0,151.24420458118797,1487.0,151.25420458118796,871.0
2026-03-01 09:33:59.600,AAPL,151.28625894270692,1062.0,151.2762589427069,1133.0,151.2662589427069,531.0,151.3062589427069,194.0,151.31625894270692,1589.0,151.32625894270691,150.0
2026-03-01 09:33:59.700,AAPL,151.2497210205593,1394.0,151.23972102055927,325.0,151.22972102055928,602.0,151.26972102055927,480.0,151.2797210205593,218.0,151.28972102055928,130.0
2026-03-01 09:33:59.800,AAPL,151.26102928635237,327.0,151.25102928635235,1067.0,151.24102928635236,1782.0,151.28102928635235,932.0,151.29102928635237,1561.0,151.30102928635236,1929.0
2026-03-01 09:33:59.900,AAPL,151.273419264245,1748.0,151.263419264245,1076.0,151.253419264245,156.0,151.293419264245,1632.0,151.303419264245,1718.0,151.313419264245,456.0
2026-03-01 09:34:00.000,AAPL,151.2776883922302,1617.0,151.26768839223018,1461.0,151.2576883922302,1612.0,151.29768839223019,1111.0,151.3076883922302,1915.0,151.3176883922302,788.0
2026-03-01 09:34:00.100,AAPL,151.28343119414453,895.0,151.2734311941445,1838.0,151.26343119414452,562.0,151.3034311941445,356.0,151.31343119414453,302.0,151.32343119414452,331.0
2026-03-01 09:34:00.200,AAPL,151.28528799491338,1799.0,151.27528799491336,1549.0,151.26528799491336,371.0,151.30528799491336,1342.0,151.31528799491338,117.0,151.32528799491337,111.0
2026-03-01 09:34:00.300,AAPL,151.29587546499252,195.0,151.2858754649925,414.0,151.2758754649925,458.0,151.3158754649925,1899.0,151.32587546499252,682.0,151.3358754649925,1492.0
2026-03-01 09:34:00.400,AAPL,151.33290951669227,1292.0,151.32290951669225,1739.0,151.31290951669226,1661.0,151.35290951669225,244.0,151.36290951669227,118.0,151.37290951669226,394.0
2026-03-01 09:34:00.500,AAPL,151.3939238929215,1505.0,151.38392389292147,1447.0,151.37392389292148,1748.0,151.41392389292147,909.0,151.4239238929215,1596.0,151.43392389292148,1586.0
2026-03-01 09:34:00.600,AAPL,151.3561072718868,401.0,151.34610727188678,262.0,151.3361072718868,1048.0,151.37610727188678,1556.0,151.3861072718868,408.0,151.3961072718868,1000.0
2026-03-01 09:34:00.700,AAPL,151.34749220414741,298.0,151.3374922041474,1726.0,151.3274922041474,1400.0,151.3674922041474,1569.0,151.37749220414742,926.0,151.3874922041474,1204.0
2026-03-01 09:34:00.800,AAPL,151.32636179815302,528.0,151.316361798153,1220.0,151.306361798153,500.0,151.346361798153,472.0,151.35636179815302,1783.0,151.366361798153,1644.0
2026-03-01 09:34:00.900,AAPL,151.298078180293,110.0,151.28807818029298,1602.0,151.278078180293,1365.0,151.31807818029299,857.0,151.328078180293,1404.0,151.338078180293,747.0
2026-03-01 09:34:01.000,AAPL,151.21727660952772,1977.0,151.2072766095277,1003.0,151.1972766095277,1562.0,151.2372766095277,694.0,151.24727660952772,699.0,151.2572766095277,1022.0
2026-03-01 09:34:01.100,AAPL,151.21848773232037,272.0,151.20848773232035,622.0,151.19848773232036,1302.0,151.23848773232035,509.0,151.24848773232037,1536.0,151.25848773232036,1625.0
2026-03-01 09:34:01.200,AAPL,151.24245375079764,207.0,151.23245375079762,126.0,151.22245375079763,1889.0,151.26245375079762,1396.0,151.27245375079764,954.0,151.28245375079763,1529.0
2026-03-01 09:34:01.300,AAPL,151.2346987632027,819.0,151.22469876320267,1186.0,151.21469876320268,499.0,151.25469876320267,1789.0,151.2646987632027,1798.0,151.27469876320268,1315.0
2026-03-01 09:34:01.400,AAPL,151.23425086838282,1911.0,151.2242508683828,287.0,151.2142508683828,476.0,151.2542508683828,1789.0,151.26425086838282,279.0,151.2742508683828,405.0
2026-03-01 09:34:01.500,AAPL,151.2551727147783,131.0,151.24517271477828,1388.0,151.2351727147783,1767.0,151.27517271477828,212.0,151.2851727147783,356.0,151.2951727147783,1753.0
2026-03-01 09:34:01.600,AAPL,151.32572869953646,836.0,151.31572869953644,1735.0,151.30572869953644,1864.0,151.34572869953644,1573.0,151.35572869953646,185.0,151.36572869953645,1855.0
2026-03-01 09:34:01.700,AAPL,151.30474047306032,131.0,151.2947404730603,1857.0,151.2847404730603,1100.0,151.3247404730603,980.0,151.33474047306032,1906.0,151.3447404730603,299.0
2026-03-01 09:34:01.800,AAPL,151.2461598673436,170.0,151.2361598673436,1339.0,151.2261598673436,1387.0,151.2661598673436,1890.0,151.2761598673436,1421.0,151.2861598673436,531.0
2026-03-01 09:34:01.900,AAPL,151.24163785999394,1275.0,151.23163785999392,546.0,151.22163785999393,805.0,151.26163785999393,415.0,151.27163785999394,912.0,151.28163785999394,1216.0
2026-03-01 09:34:02.000,AAPL,151.33581592316244,709.0,151.32581592316242,1622.0,151.31581592316243,1910.0,151.35581592316242,1456.0,151.36581592316244,1528.0,151.37581592316243,1445.0
2026-03-01 09:34:02.100,AAPL,151.27777089524102,598.0,151.267770895241,207.0,151.257770895241,840.0,151.297770895241,1431.0,151.30777089524102,899.0,151.317770895241,432.0
2026-03-01 09:34:02.200,AAPL,151.31027768002002,1602.0,151.30027768002,725.0,151.29027768002,1843.0,151.33027768002,534.0,151.34027768002002,1794.0,151.35027768002,1536.0
2026-03-01 09:34:02.300,AAPL,151.3681733414843,1517.0,151.35817334148427,1135.0,151.34817334148428,1030.0,151.38817334148428,276.0,151.3981733414843,705.0,151.4081733414843,554.0
2026-03-01 09:34:02.400,AAPL,151.24989663051457,908.0,151.23989663051455,1709.0,151.22989663051456,840.0,151.26989663051455,404.0,151.27989663051457,1514.0,151.28989663051456,235.0
2026-03-01 09:34:02.500,AAPL,151.270407756695,586.0,151.26040775669497,1719.0,151.25040775669498,454.0,151.29040775669498,1633.0,151.300407756695,488.0,151.31040775669499,802.0
2026-03-01 09:34:02.600,AAPL,151.30057828854865,410.0,151.29057828854863,1229.0,151.28057828854864,102.0,151.32057828854863,993.0,151.33057828854865,566.0,151.34057828854864,554.0
2026-03-01 09:34:02.700,AAPL,151.28721152847967,1864.0,151.27721152847965,1952.0,151.26721152847966,925.0,151.30721152847966,1477.0,151.31721152847967,412.0,151.32721152847967,1894.0
2026-03-01 09:34:02.800,AAPL,151.25488960042517,454.0,151.24488960042515,1029.0,151.23488960042516,1286.0,151.27488960042515,1531.0,151.28488960042517,1916.0,151.29488960042517,1831.0
2026-03-01 09:34:02.900,AAPL,151.225356482799,413.0,151.21535648279897,483.0,151.20535648279898,870.0,151.24535648279897,803.0,151.255356482799,130.0,151.26535648279898,1276.0
2026-03-01 09:34:03.000,AAPL,151.2089280580052,506.0,151.19892805800518,571.0,151.1889280580052,706.0,151.22892805800518,1021.0,151.2389280580052,1850.0,151.2489280580052,1932.0
2026-03-01 09:34:03.100,AAPL,151.1938232564208,377.0,151.1838232564208,1768.0,151.1738232564208,867.0,151.2138232564208,355.0,151.22382325642081,1470.0,151.2338232564208,554.0
2026-03-01 09:34:03.200,AAPL,151.16928440428296,1454.0,151.15928440428294,1670.0,151.14928440428295,1441.0,151.18928440428294,879.0,151.19928440428296,710.0,151.20928440428295,1038.0
2026-03-01 09:34:03.300,AAPL,151.15206064164886,1923.0,151.14206064164884,1336.0,151.13206064164885,1872.0,151.17206064164884,619.0,151.18206064164886,1198.0,151.19206064164885,312.0
2026-03-01 09:34:03.400,AAPL,151.21160023284116,553.0,151.20160023284114,1880.0,151.19160023284115,331.0,151.23160023284115,516.0,151.24160023284117,840.0,151.25160023284116,1593.0
2026-03-01 09:34:03.500,AAPL,151.15087879389543,1133.0,151.1408787938954,797.0,151.13087879389542,1284.0,151.1708787938954,1587.0,151.18087879389543,431.0,151.19087879389542,1463.0
2026-03-01 09:34:03.600,AAPL,151.06342587273184,1882.0,151.05342587273182,604.0,151.04342587273183,1967.0,151.08342587273182,1373.0,151.09342587273184,1304.0,151.10342587273183,658.0
2026-03-01 09:34:03.700,AAPL,151.12376512809357,1647.0,151.11376512809355,815.0,151.10376512809356,1690.0,151.14376512809355,974.0,151.15376512809357,903.0,151.16376512809356,817.0
2026-03-01 09:34:03.800,AAPL,151.1141642401265,1022.0,151.1041642401265,1466.0,151.0941642401265,1790.0,151.1341642401265,1982.0,151.1441642401265,1797.0,151.1541642401265,1023.0
2026-03-01 09:34:03.900,AAPL,151.0947526255024,144.0,151.08475262550238,727.0,151.07475262550238,827.0,151.11475262550238,1345.0,151.1247526255024,712.0,151.1347526255024,790.0
2026-03-01 09:34:04.000,AAPL,151.08919176931576,284.0,151.07919176931574,491.0,151.06919176931575,1053.0,151.10919176931574,579.0,151.11919176931576,1804.0,151.12919176931575,764.0
2026-03-01 09:34:04.100,AAPL,151.09965560435472,768.0,151.0896556043547,517.0,151.0796556043547,772.0,151.1196556043547,1497.0,151.12965560435472,1001.0,151.13965560435472,1419.0
2026-03-01 09:34:04.200,AAPL,151.0734530429988,986.0,151.0634530429988,835.0,151.0534530429988,597.0,151.0934530429988,1779.0,151.1034530429988,1559.0,151.1134530429988,1245.0
2026-03-01 09:34:04.300,AAPL,151.09874959938116,1649.0,151.08874959938115,1613.0,151.07874959938115,1327.0,151.11874959938115,527.0,151.12874959938117,1765.0,151.13874959938116,1056.0
2026-03-01 09:34:04.400,AAPL,151.05063647069073,1525.0,151.0406364706907,1637.0,151.03063647069072,1342.0,151.07063647069072,1960.0,151.08063647069073,1680.0,151.09063647069073,359.0
2026-03-01 09:34:04.500,AAPL,151.03554516179827,1617.0,151.02554516179825,1475.0,151.01554516179826,1387.0,151.05554516179825,1721.0,151.06554516179827,760.0,151.07554516179826,483.0
2026-03-01 09:34:04.600,AAPL,150.92481034903403,266.0,150.914810349034,1964.0,150.90481034903402,750.0,150.94481034903401,1265.0,150.95481034903403,1115.0,150.96481034903402,1680.0
2026-03-01 09:34:04.700,AAPL,150.98342220577723,449.0,150.9734222057772,585.0,150.96342220577722,1755.0,151.0034222057772,1060.0,151.01342220577723,1174.0,151.02342220577722,1932.0
2026-03-01 09:34:04.800,AAPL,150.97461782094925,1666.0,150.96461782094923,976.0,150.95461782094924,1868.0,150.99461782094923,1145.0,151.00461782094925,1321.0,151.01461782094924,969.0
2026-03-01 09:34:04.900,AAPL,151.0081230255361,401.0,150.99812302553607,1072.0,150.98812302553608,353.0,151.02812302553608,1625.0,151.0381230255361,391.0,151.04812302553609,978.0
2026-03-01 09:34:05.000,AAPL,151.0319517547494,1885.0,151.02195175474938,1161.0,151.0119517547494,942.0,151.05195175474938,903.0,151.0619517547494,1126.0,151.0719517547494,1710.0
2026-03-01 09:34:05.100,AAPL,151.05944244376798,439.0,151.04944244376796,123.0,151.03944244376797,227.0,151.07944244376796,500.0,151.08944244376798,1891.0,151.09944244376797,385.0
2026-03-01 09:34:05.200,AAPL,151.05905366733924,212.0,151.04905366733922,1453.0,151.03905366733923,1084.0,151.07905366733922,1120.0,151.08905366733924,1698.0,151.09905366733923,1041.0
2026-03-01 09:34:05.300,AAPL,151.0784650369762,755.0,151.0684650369762,1784.0,151.0584650369762,1071.0,151.0984650369762,1552.0,151.1084650369762,319.0,151.1184650369762,647.0
2026-03-01 09:34:05.400,AAPL,151.0304008163456,666.0,151.02040081634559,1656.0,151.0104008163456,908.0,151.0504008163456,749.0,151.0604008163456,1066.0,151.0704008163456,722.0
2026-03-01 09:34:05.500,AAPL,150.97184188853413,395.0,150.9618418885341,1095.0,150.95184188853412,1199.0,150.9918418885341,538.0,151.00184188853413,1755.0,151.01184188853412,969.0
2026-03-01 09:34:05.600,AAPL,150.96678659185886,1277.0,150.95678659185884,1066.0,150.94678659185885,1404.0,150.98678659185884,1277.0,150.99678659185886,504.0,151.00678659185886,1997.0
2026-03-01 09:34:05.700,AAPL,150.93279777283908,1590.0,150.92279777283906,1103.0,150.91279777283907,1562.0,150.95279777283906,514.0,150.96279777283908,225.0,150.97279777283907,1763.0
2026-03-01 09:34:05.800,AAPL,151.00407098150154,529.0,150.99407098150152,765.0,150.98407098150153,1770.0,151.02407098150152,274.0,151.03407098150154,1912.0,151.04407098150153,1273.0
2026-03-01 09:34:05.900,AAPL,151.0228282029669,1932.0,151.0128282029669,1042.0,151.0028282029669,502.0,151.0428282029669,1377.0,151.0528282029669,504.0,151.0628282029669,1864.0
2026-03-01 09:34:06.000,AAPL,150.98700413346089,1720.0,150.97700413346087,1577.0,150.96700413346088,1085.0,151.00700413346087,434.0,151.0170041334609,889.0,151.02700413346088,1853.0
2026-03-01 09:34:06.100,AAPL,150.97342711153559,436.0,150.96342711153557,1116.0,150.95342711153558,415.0,150.99342711153557,647.0,151.0034271115356,1189.0,151.01342711153558,148.0
2026-03-01 09:34:06.200,AAPL,150.980077440635,1073.0,150.97007744063498,1512.0,150.960077440635,1563.0,151.00007744063498,917.0,151.010077440635,281.0,151.020077440635,600.0
2026-03-01 09:34:06.300,AAPL,150.97667729282756,946.0,150.96667729282754,1877.0,150.95667729282755,234.0,150.99667729282754,1831.0,151.00667729282756,1495.0,151.01667729282755,449.0
2026-03-01 09:34:06.400,AAPL,150.99026459447427,1616.0,150.98026459447425,526.0,150.97026459447426,1452.0,151.01026459447425,762.0,151.02026459447427,1108.0,151.03026459447426,1824.0
2026-03-01 09:34:06.500,AAPL,150.9936973216974,1852.0,150.98369732169738,323.0,150.9736973216974,1430.0,151.01369732169738,838.0,151.0236973216974,870.0,151.0336973216974,1389.0
2026-03-01 09:34:06.600,AAPL,150.9241644842739,1348.0,150.91416448427387,1972.0,150.90416448427388,1676.0,150.94416448427387,796.0,150.9541644842739,342.0,150.96416448427388,923.0
2026-03-01 09:34:06.700,AAPL,150.8166192558987,1652.0,150.80661925589868,956.0,150.7966192558987,1195.0,150.83661925589868,569.0,150.8466192558987,974.0,150.8566192558987,1976.0
2026-03-01 09:34:06.800,AAPL,150.7979388036541,1674.0,150.78793880365407,191.0,150.77793880365408,801.0,150.81793880365407,1604.0,150.8279388036541,1845.0,150.83793880365408,105.0
2026-03-01 09:34:06.900,AAPL,150.825963438909,1197.0,150.815963438909,1924.0,150.805963438909,1428.0,150.845963438909,1597.0,150.85596343890901,1725.0,150.865963438909,731.0
2026-03-01 09:34:07.000,AAPL,150.80784498718083,1883.0,150.7978449871808,1489.0,150.78784498718082,1639.0,150.8278449871808,678.0,150.83784498718083,1634.0,150.84784498718082,1333.0
2026-03-01 09:34:07.100,AAPL,150.86967319285108,1960.0,150.85967319285106,1688.0,150.84967319285107,948.0,150.88967319285106,946.0,150.89967319285108,1876.0,150.90967319285107,173.0
2026-03-01 09:34:07.200,AAPL,150.86732885788615,233.0,150.85732885788613,560.0,150.84732885788614,218.0,150.88732885788613,1274.0,150.89732885788615,1088.0,150.90732885788614,861.0
2026-03-01 09:34:07.300,AAPL,150.93518866109875,350.0,150.92518866109873,494.0,150.91518866109874,1956.0,150.95518866109873,266.0,150.96518866109875,1024.0,150.97518866109874,1207.0
2026-03-01 09:34:07.400,AAPL,150.99278383306196,1918.0,150.98278383306194,523.0,150.97278383306195,521.0,151.01278383306195,171.0,151.02278383306196,1525.0,151.03278383306196,771.0
2026-03-01 09:34:07.500,AAPL,151.0453481763207,1196.0,151.03534817632067,1669.0,151.02534817632068,1616.0,151.06534817632067,1301.0,151.0753481763207,1157.0,151.08534817632068,979.0
2026-03-01 09:34:07.600,AAPL,150.98517259461033,864.0,150.9751725946103,623.0,150.96517259461032,1157.0,151.00517259461031,1207.0,151.01517259461033,865.0,151.02517259461032,751.0
2026-03-01 09:34:07.700,AAPL,150.986029628009,1770.0,150.97602962800897,315.0,150.96602962800898,522.0,151.00602962800897,883.0,151.016029628009,817.0,151.02602962800898,1879.0
2026-03-01 09:34:07.800,AAPL,151.0471683023831,973.0,151.0371683023831,1654.0,151.0271683023831,1127.0,151.0671683023831,386.0,151.07716830238311,1420.0,151.0871683023831,619.0
2026-03-01 09:34:07.900,AAPL,151.06078553862102,1893.0,151.050785538621,1955.0,151.040785538621,1240.0,151.080785538621,761.0,151.09078553862102,1539.0,151.100785538621,1087.0
2026-03-01 09:34:08.000,AAPL,151.08850353387095,187.0,151.07850353387093,1253.0,151.06850353387094,594.0,151.10850353387093,763.0,151.11850353387095,949.0,151.12850353387094,263.0
2026-03-01 09:34:08.100,AAPL,151.0191091686152,1239.0,151.00910916861517,866.0,150.99910916861518,1365.0,151.03910916861517,1849.0,151.0491091686152,1345.0,151.05910916861518,687.0
2026-03-01 09:34:08.200,AAPL,151.11504866514557,587.0,151.10504866514555,738.0,151.09504866514555,504.0,151.13504866514555,1049.0,151.14504866514557,1161.0,151.15504866514556,242.0
2026-03-01 09:34:08.300,AAPL,151.07547994501732,1412.0,151.0654799450173,1429.0,151.0554799450173,345.0,151.0954799450173,308.0,151.10547994501732,322.0,151.1154799450173,1609.0
2026-03-01 09:34:08.400,AAPL,150.9757586879298,1217.0,150.9657586879298,229.0,150.9557586879298,931.0,150.9957586879298,1487.0,151.0057586879298,644.0,151.0157586879298,1345.0
2026-03-01 09:34:08.500,AAPL,150.95820240103853,1496.0,150.94820240103851,631.0,150.93820240103852,1198.0,150.97820240103852,825.0,150.98820240103854,1877.0,150.99820240103853,841.0
2026-03-01 09:34:08.600,AAPL,150.8358282084625,553.0,150.82582820846247,965.0,150.81582820846248,1849.0,150.85582820846247,651.0,150.8658282084625,928.0,150.87582820846248,345.0
2026-03-01 09:34:08.700,AAPL,150.78157195122293,1433.0,150.7715719512229,903.0,150.76157195122292,1868.0,150.8015719512229,266.0,150.81157195122293,1367.0,150.82157195122292,755.0
2026-03-01 09:34:08.800,AAPL,150.90949754287814,473.0,150.89949754287812,274.0,150.88949754287813,963.0,150.92949754287812,348.0,150.93949754287814,1443.0,150.94949754287813,432.0
2026-03-01 09:34:08.900,AAPL,150.89049550400298,102.0,150.88049550400297,656.0,150.87049550400297,1681.0,150.91049550400297,1978.0,150.920495504003,540.0,150.93049550400298,902.0
2026-03-01 09:34:09.000,AAPL,150.819106145604,827.0,150.80910614560398,1046.0,150.799106145604,1429.0,150.83910614560398,985.0,150.849106145604,1712.0,150.859106145604,138.0
2026-03-01 09:34:09.100,AAPL,150.8203710399323,117.0,150.81037103993228,367.0,150.8003710399323,575.0,150.84037103993228,1203.0,150.8503710399323,1313.0,150.8603710399323,1767.0
2026-03-01 09:34:09.200,AAPL,150.77548085268072,1939.0,150.7654808526807,1565.0,150.7554808526807,212.0,150.7954808526807,161.0,150.80548085268072,1207.0,150.8154808526807,1334.0
2026-03-01 09:34:09.300,AAPL,150.8187068126644,908.0,150.80870681266438,1847.0,150.7987068126644,1465.0,150.83870681266438,299.0,150.8487068126644,213.0,150.8587068126644,469.0
2026-03-01 09:34:09.400,AAPL,150.7742295736951,702.0,150.76422957369508,1831.0,150.75422957369508,182.0,150.79422957369508,1527.0,150.8042295736951,1665.0,150.8142295736951,646.0
2026-03-01 09:34:09.500,AAPL,150.78776625920187,1745.0,150.77776625920185,436.0,150.76776625920186,1795.0,150.80776625920186,1374.0,150.81776625920187,1294.0,150.82776625920187,140.0
2026-03-01 09:34:09.600,AAPL,150.73041330735825,229.0,150.72041330735823,986.0,150.71041330735824,1435.0,150.75041330735823,1671.0,150.76041330735825,233.0,150.77041330735824,835.0
2026-03-01 09:34:09.700,AAPL,150.86036471459778,1532.0,150.85036471459776,468.0,150.84036471459777,912.0,150.88036471459776,1818.0,150.89036471459778,1113.0,150.90036471459777,1290.0
2026-03-01 09:34:09.800,AAPL,150.88554590059914,1406.0,150.87554590059912,880.0,150.86554590059913,1221.0,150.90554590059912,119.0,150.91554590059914,1813.0,150.92554590059913,621.0
2026-03-01 09:34:09.900,AAPL,150.87827061072502,328.0,150.868270610725,1764.0,150.85827061072501,258.0,150.898270610725,1200.0,150.90827061072503,1913.0,150.91827061072502,1726.0
2026-03-01 09:34:10.000,AAPL,150.86362269819344,1865.0,150.85362269819342,1569.0,150.84362269819343,1772.0,150.88362269819342,1009.0,150.89362269819344,1828.0,150.90362269819343,1023.0
2026-03-01 09:34:10.100,AAPL,150.83594269903097,1335.0,150.82594269903095,1213.0,150.81594269903096,1836.0,150.85594269903095,1917.0,150.86594269903097,191.0,150.87594269903096,1153.0
2026-03-01 09:34:10.200,AAPL,150.7978970250406,341.0,150.7878970250406,1165.0,150.7778970250406,1586.0,150.8178970250406,1004.0,150.8278970250406,1581.0,150.8378970250406,1923.0
2026-03-01 09:34:10.300,AAPL,150.75847718873155,683.0,150.74847718873153,1528.0,150.73847718873154,417.0,150.77847718873153,1022.0,150.78847718873155,1763.0,150.79847718873154,1739.0
2026-03-01 09:34:10.400,AAPL,150.84239363125465,153.0,150.83239363125463,1995.0,150.82239363125464,1767.0,150.86239363125463,1488.0,150.87239363125465,1383.0,150.88239363125464,278.0
2026-03-01 09:34:10.500,AAPL,150.81476293336857,417.0,150.80476293336855,758.0,150.79476293336856,1255.0,150.83476293336855,121.0,150.84476293336857,1717.0,150.85476293336856,1875.0
2026-03-01 09:34:10.600,AAPL,150.70829198803665,1468.0,150.69829198803663,343.0,150.68829198803664,1310.0,150.72829198803663,1414.0,150.73829198803665,1789.0,150.74829198803664,1581.0
2026-03-01 09:34:10.700,AAPL,150.64999360199266,1486.0,150.63999360199264,1151.0,150.62999360199265,1285.0,150.66999360199264,1739.0,150.67999360199266,104.0,150.68999360199265,1968.0
2026-03-01 09:34:10.800,AAPL,150.69637983299262,517.0,150.6863798329926,166.0,150.6763798329926,1248.0,150.7163798329926,612.0,150.72637983299262,678.0,150.7363798329926,1927.0
2026-03-01 09:34:10.900,AAPL,150.68376363016304,1971.0,150.67376363016302,275.0,150.66376363016303,1025.0,150.70376363016302,1531.0,150.71376363016304,358.0,150.72376363016303,1337.0
2026-03-01 09:34:11.000,AAPL,150.67705955015623,404.0,150.6670595501562,772.0,150.65705955015622,106.0,150.6970595501562,947.0,150.70705955015623,1106.0,150.71705955015622,354.0
2026-03-01 09:34:11.100,AAPL,150.73555027272718,318.0,150.72555027272716,1106.0,150.71555027272717,426.0,150.75555027272716,831.0,150.76555027272718,939.0,150.77555027272717,1450.0
2026-03-01 09:34:11.200,AAPL,150.69669194326858,891.0,150.68669194326856,1033.0,150.67669194326857,643.0,150.71669194326856,1518.0,150.72669194326858,1556.0,150.73669194326857,605.0
2026-03-01 09:34:11.300,AAPL,150.7283128293751,850.0,150.7183128293751,707.0,150.7083128293751,1944.0,150.7483128293751,498.0,150.75831282937511,1861.0,150.7683128293751,1399.0
2026-03-01 09:34:11.400,AAPL,150.69491867188574,1061.0,150.68491867188573,900.0,150.67491867188573,1621.0,150.71491867188573,816.0,150.72491867188575,1704.0,150.73491867188574,1432.0
2026-03-01 09:34:11.500,AAPL,150.72371250372336,1363.0,150.71371250372334,1537.0,150.70371250372335,544.0,150.74371250372334,798.0,150.75371250372336,653.0,150.76371250372335,482.0
2026-03-01 09:34:11.600,AAPL,150.70415574118488,962.0,150.69415574118486,1758.0,150.68415574118487,787.0,150.72415574118486,509.0,150.73415574118488,1949.0,150.74415574118487,1363.0
2026-03-01 09:34:11.700,AAPL,150.69207828244208,1871.0,150.68207828244206,1840.0,150.67207828244207,854.0,150.71207828244206,1769.0,150.72207828244208,1356.0,150.73207828244207,1478.0
2026-03-01 09:34:11.800,AAPL,150.73308496531766,1066.0,150.72308496531764,819.0,150.71308496531765,546.0,150.75308496531764,127.0,150.76308496531766,376.0,150.77308496531765,1596.0
2026-03-01 09:34:11.900,AAPL,150.7704862057018,169.0,150.76048620570177,529.0,150.75048620570178,325.0,150.79048620570177,1752.0,150.8004862057018,644.0,150.81048620570178,647.0
2026-03-01 09:34:12.000,AAPL,150.76221480643156,505.0,150.75221480643154,1519.0,150.74221480643155,1032.0,150.78221480643154,1603.0,150.79221480643156,1947.0,150.80221480643155,1117.0
2026-03-01 09:34:12.100,AAPL,150.73863362293181,419.0,150.7286336229318,399.0,150.7186336229318,1850.0,150.7586336229318,886.0,150.76863362293182,1553.0,150.7786336229318,788.0
2026-03-01 09:34:12.200,AAPL,150.8185910021559,563.0,150.80859100215588,882.0,150.7985910021559,793.0,150.83859100215588,199.0,150.8485910021559,1589.0,150.8585910021559,1989.0
2026-03-01 09:34:12.300,AAPL,150.8480575427308,174.0,150.83805754273078,736.0,150.8280575427308,122.0,150.86805754273078,1931.0,150.8780575427308,1697.0,150.8880575427308,1878.0
2026-03-01 09:34:12.400,AAPL,150.8285004522979,1822.0,150.81850045229788,213.0,150.8085004522979,1648.0,150.84850045229788,1342.0,150.8585004522979,1764.0,150.8685004522979,1416.0
2026-03-01 09:34:12.500,AAPL,150.79584623413342,1313.0,150.7858462341334,1655.0,150.7758462341334,232.0,150.8158462341334,993.0,150.82584623413342,1650.0,150.8358462341334,1508.0
2026-03-01 09:34:12.600,AAPL,150.84709110948052,1032.0,150.8370911094805,915.0,150.8270911094805,1231.0,150.8670911094805,1315.0,150.87709110948052,1352.0,150.8870911094805,1945.0
2026-03-01 09:34:12.700,AAPL,150.85286111378318,436.0,150.84286111378316,709.0,150.83286111378317,729.0,150.87286111378316,1114.0,150.88286111378318,1979.0,150.89286111378317,327.0
2026-03-01 09:34:12.800,AAPL,150.84468346402687,1549.0,150.83468346402685,841.0,150.82468346402686,1086.0,150.86468346402685,465.0,150.87468346402687,1354.0,150.88468346402686,1041.0
2026-03-01 09:34:12.900,AAPL,150.850432222805,446.0,150.840432222805,1253.0,150.830432222805,810.0,150.870432222805,1819.0,150.880432222805,274.0,150.890432222805,1100.0
2026-03-01 09:34:13.000,AAPL,150.86732206653684,484.0,150.85732206653682,1717.0,150.84732206653683,1345.0,150.88732206653683,1754.0,150.89732206653684,156.0,150.90732206653684,528.0
2026-03-01 09:34:13.100,AAPL,150.8644876091653,476.0,150.8544876091653,1445.0,150.8444876091653,1986.0,150.8844876091653,1257.0,150.8944876091653,892.0,150.9044876091653,1387.0
2026-03-01 09:34:13.200,AAPL,150.92467195250745,623.0,150.91467195250743,419.0,150.90467195250744,1605.0,150.94467195250743,1288.0,150.95467195250745,1111.0,150.96467195250744,1653.0
2026-03-01 09:34:13.300,AAPL,150.98763887631807,1685.0,150.97763887631805,494.0,150.96763887631806,1448.0,151.00763887631805,842.0,151.01763887631807,1999.0,151.02763887631806,805.0
2026-03-01 09:34:13.400,AAPL,151.01423328227816,1616.0,151.00423328227814,1375.0,150.99423328227815,157.0,151.03423328227814,1058.0,151.04423328227816,1490.0,151.05423328227815,648.0
2026-03-01 09:34:13.500,AAPL,151.08296923180293,396.0,151.07296923180292,509.0,151.06296923180292,1549.0,151.10296923180292,1049.0,151.11296923180294,829.0,151.12296923180293,885.0
2026-03-01 09:34:13.600,AAPL,151.08339407020983,1964.0,151.07339407020982,1470.0,151.06339407020982,1843.0,151.10339407020982,240.0,151.11339407020984,1464.0,151.12339407020983,1449.0
2026-03-01 09:34:13.700,AAPL,151.11791062046007,1065.0,151.10791062046005,1083.0,151.09791062046006,279.0,151.13791062046005,1048.0,151.14791062046007,1396.0,151.15791062046006,1520.0
2026-03-01 09:34:13.800,AAPL,151.16813343640368,1930.0,151.15813343640366,504.0,151.14813343640367,745.0,151.18813343640366,750.0,151.19813343640368,1861.0,151.20813343640367,387.0
2026-03-01 09:34:13.900,AAPL,151.2190853504045,265.0,151.20908535040448,482.0,151.1990853504045,617.0,151.23908535040448,1225.0,151.2490853504045,815.0,151.2590853504045,1586.0
2026-03-01 09:34:14.000,AAPL,151.26488530779142,1999.0,151.2548853077914,1369.0,151.2448853077914,293.0,151.2848853077914,1159.0,151.29488530779142,745.0,151.3048853077914,1449.0
2026-03-01 09:34:14.100,AAPL,151.2964447674955,1326.0,151.28644476749548,1667.0,151.2764447674955,1937.0,151.31644476749548,1814.0,151.3264447674955,1670.0,151.3364447674955,998.0
2026-03-01 09:34:14.200,AAPL,151.3943011732774,1126.0,151.38430117327738,860.0,151.3743011732774,1253.0,151.41430117327738,446.0,151.4243011732774,589.0,151.4343011732774,1160.0
2026-03-01 09:34:14.300,AAPL,151.36731638401415,1203.0,151.35731638401413,399.0,151.34731638401414,1912.0,151.38731638401413,1286.0,151.39731638401415,397.0,151.40731638401414,414.0
2026-03-01 09:34:14.400,AAPL,151.35955534463614,530.0,151.34955534463612,1359.0,151.33955534463612,1796.0,151.37955534463612,1354.0,151.38955534463614,1801.0,151.39955534463613,575.0
2026-03-01 09:34:14.500,AAPL,151.34882982080362,755.0,151.3388298208036,1787.0,151.3288298208036,142.0,151.3688298208036,155.0,151.37882982080362,1245.0,151.3888298208036,1104.0
2026-03-01 09:34:14.600,AAPL,151.33042646356543,571.0,151.3204264635654,1661.0,151.31042646356542,1308.0,151.3504264635654,1942.0,151.36042646356543,104.0,151.37042646356542,1454.0
2026-03-01 09:34:14.700,AAPL,151.23098786139468,166.0,151.22098786139466,169.0,151.21098786139467,346.0,151.25098786139466,482.0,151.26098786139468,1630.0,151.27098786139467,216.0
2026-03-01 09:34:14.800,AAPL,151.2997311016801,1126.0,151.28973110168008,1589.0,151.27973110168008,498.0,151.31973110168008,1626.0,151.3297311016801,1223.0,151.3397311016801,1858.0
2026-03-01 09:34:14.900,AAPL,151.24842907872778,209.0,151.23842907872776,140.0,151.22842907872777,459.0,151.26842907872776,1750.0,151.27842907872778,1009.0,151.28842907872777,1499.0
2026-03-01 09:34:15.000,AAPL,151.25691982416507,924.0,151.24691982416505,1379.0,151.23691982416506,1993.0,151.27691982416505,614.0,151.28691982416507,1618.0,151.29691982416506,1341.0
2026-03-01 09:34:15.100,AAPL,151.18582676528135,1864.0,151.17582676528133,490.0,151.16582676528134,726.0,151.20582676528133,523.0,151.21582676528135,645.0,151.22582676528134,1696.0
2026-03-01 09:34:15.200,AAPL,151.21686255181731,1041.0,151.2068625518173,519.0,151.1968625518173,799.0,151.2368625518173,149.0,151.24686255181732,1820.0,151.2568625518173,548.0
2026-03-01 09:34:15.300,AAPL,151.17759275002032,608.0,151.1675927500203,1789.0,151.1575927500203,1431.0,151.1975927500203,614.0,151.20759275002032,192.0,151.21759275002032,1001.0
2026-03-01 09:34:15.400,AAPL,151.12079465381487,538.0,151.11079465381485,1365.0,151.10079465381486,1989.0,151.14079465381485,843.0,151.15079465381487,149.0,151.16079465381486,900.0
2026-03-01 09:34:15.500,AAPL,151.13051182703896,504.0,151.12051182703894,1087.0,151.11051182703895,857.0,151.15051182703894,1413.0,151.16051182703896,1102.0,151.17051182703895,767.0
2026-03-01 09:34:15.600,AAPL,151.09547509801482,1099.0,151.0854750980148,1114.0,151.0754750980148,1551.0,151.1154750980148,316.0,151.12547509801482,537.0,151.1354750980148,869.0
2026-03-01 09:34:15.700,AAPL,151.06676714321048,1674.0,151.05676714321046,768.0,151.04676714321047,1133.0,151.08676714321047,1158.0,151.09676714321049,1480.0,151.10676714321048,833.0
2026-03-01 09:34:15.800,AAPL,151.07535662397046,1594.0,151.06535662397044,1438.0,151.05535662397045,1647.0,151.09535662397045,1545.0,151.10535662397047,986.0,151.11535662397046,1717.0
2026-03-01 09:34:15.900,AAPL,151.1153560966522,492.0,151.10535609665217,442.0,151.09535609665218,1173.0,151.13535609665217,730.0,151.1453560966522,1726.0,151.15535609665218,1365.0
2026-03-01 09:34:16.000,AAPL,151.0744360722586,1580.0,151.0644360722586,659.0,151.0544360722586,223.0,151.0944360722586,446.0,151.1044360722586,1093.0,151.1144360722586,1969.0
2026-03-01 09:34:16.100,AAPL,151.02487644855904,571.0,151.01487644855902,1589.0,151.00487644855903,1142.0,151.04487644855902,442.0,151.05487644855904,1046.0,151.06487644855903,220.0
2026-03-01 09:34:16.200,AAPL,151.02605063189316,421.0,151.01605063189314,302.0,151.00605063189315,519.0,151.04605063189314,1361.0,151.05605063189316,1582.0,151.06605063189315,1828.0
2026-03-01 09:34:16.300,AAPL,151.05301326090606,152.0,151.04301326090604,1098.0,151.03301326090605,1859.0,151.07301326090604,985.0,151.08301326090606,1933.0,151.09301326090605,1222.0
2026-03-01 09:34:16.400,AAPL,151.1261510204991,1165.0,151.11615102049907,1964.0,151.10615102049908,124.0,151.14615102049908,608.0,151.1561510204991,1254.0,151.1661510204991,1269.0
2026-03-01 09:34:16.500,AAPL,151.0725845405844,1407.0,151.06258454058437,554.0,151.05258454058438,441.0,151.09258454058437,458.0,151.1025845405844,1485.0,151.11258454058438,1179.0
2026-03-01 09:34:16.600,AAPL,151.05668618552087,797.0,151.04668618552085,206.0,151.03668618552086,1151.0,151.07668618552086,1628.0,151.08668618552088,992.0,151.09668618552087,1109.0
2026-03-01 09:34:16.700,AAPL,151.11547548677464,1241.0,151.10547548677462,131.0,151.09547548677463,1883.0,151.13547548677462,502.0,151.14547548677464,1597.0,151.15547548677463,1191.0
2026-03-01 09:34:16.800,AAPL,151.21413021358157,854.0,151.20413021358155,284.0,151.19413021358156,1897.0,151.23413021358155,313.0,151.24413021358157,1933.0,151.25413021358156,1108.0
2026-03-01 09:34:16.900,AAPL,151.16447566361614,908.0,151.15447566361613,1622.0,151.14447566361613,517.0,151.18447566361613,919.0,151.19447566361615,335.0,151.20447566361614,913.0
2026-03-01 09:34:17.000,AAPL,151.12753506762581,481.0,151.1175350676258,282.0,151.1075350676258,1696.0,151.1475350676258,135.0,151.15753506762582,1627.0,151.1675350676258,857.0
2026-03-01 09:34:17.100,AAPL,151.1465900723563,730.0,151.13659007235628,849.0,151.1265900723563,230.0,151.16659007235629,946.0,151.1765900723563,1113.0,151.1865900723563,464.0
2026-03-01 09:34:17.200,AAPL,151.11770291524664,1323.0,151.10770291524662,845.0,151.09770291524663,968.0,151.13770291524662,186.0,151.14770291524664,785.0,151.15770291524663,202.0
2026-03-01 09:34:17.300,AAPL,151.07974132752116,984.0,151.06974132752114,605.0,151.05974132752115,1466.0,151.09974132752114,1761.0,151.10974132752116,441.0,151.11974132752115,1112.0
2026-03-01 09:34:17.400,AAPL,151.0919648578396,1382.0,151.08196485783958,115.0,151.0719648578396,1895.0,151.11196485783958,592.0,151.1219648578396,1819.0,151.1319648578396,1545.0
2026-03-01 09:34:17.500,AAPL,151.1694358555266,1168.0,151.15943585552657,1197.0,151.14943585552658,537.0,151.18943585552657,1970.0,151.1994358555266,968.0,151.20943585552658,341.0
2026-03-01 09:34:17.600,AAPL,151.1039617407716,1655.0,151.0939617407716,1428.0,151.0839617407716,1491.0,151.1239617407716,1848.0,151.1339617407716,789.0,151.1439617407716,1483.0
2026-03-01 09:34:17.700,AAPL,151.17887844616058,205.0,151.16887844616056,202.0,151.15887844616057,479.0,151.19887844616056,1237.0,151.20887844616058,1166.0,151.21887844616057,1423.0
2026-03-01 09:34:17.800,AAPL,151.15013998523145,1501.0,151.14013998523143,877.0,151.13013998523144,1990.0,151.17013998523143,1937.0,151.18013998523145,1777.0,151.19013998523144,725.0
2026-03-01 09:34:17.900,AAPL,151.16742958129436,1864.0,151.15742958129434,1254.0,151.14742958129435,1576.0,151.18742958129434,887.0,151.19742958129436,1281.0,151.20742958129435,1120.0
2026-03-01 09:34:18.000,AAPL,151.24697211734946,1694.0,151.23697211734944,332.0,151.22697211734945,566.0,151.26697211734944,1570.0,151.27697211734946,1305.0,151.28697211734945,763.0
2026-03-01 09:34:18.100,AAPL,151.26323829696454,1795.0,151.25323829696453,299.0,151.24323829696453,1515.0,151.28323829696453,296.0,151.29323829696455,1310.0,151.30323829696454,295.0
2026-03-01 09:34:18.200,AAPL,151.2483637445546,1509.0,151.2383637445546,1351.0,151.2283637445546,1821.0,151.2683637445546,1169.0,151.2783637445546,841.0,151.2883637445546,1277.0
2026-03-01 09:34:18.300,AAPL,151.28427252568935,1781.0,151.27427252568933,597.0,151.26427252568934,1538.0,151.30427252568933,1808.0,151.31427252568935,1512.0,151.32427252568934,1878.0
2026-03-01 09:34:18.400,AAPL,151.27561421557272,383.0,151.2656142155727,1727.0,151.2556142155727,627.0,151.2956142155727,589.0,151.30561421557272,1382.0,151.3156142155727,576.0
2026-03-01 09:34:18.500,AAPL,151.30168176805245,1268.0,151.29168176805243,589.0,151.28168176805244,1021.0,151.32168176805243,300.0,151.33168176805245,1483.0,151.34168176805244,1713.0
2026-03-01 09:34:18.600,AAPL,151.29144771813355,845.0,151.28144771813353,1758.0,151.27144771813354,1087.0,151.31144771813354,1876.0,151.32144771813356,1442.0,151.33144771813355,1048.0
2026-03-01 09:34:18.700,AAPL,151.334505362983,1765.0,151.324505362983,1001.0,151.314505362983,1638.0,151.354505362983,1265.0,151.364505362983,1102.0,151.374505362983,953.0
2026-03-01 09:34:18.800,AAPL,151.26479377835548,510.0,151.25479377835546,426.0,151.24479377835547,1641.0,151.28479377835546,767.0,151.29479377835548,1468.0,151.30479377835547,509.0
2026-03-01 09:34:18.900,AAPL,151.2141176971508,1058.0,151.2041176971508,1161.0,151.1941176971508,1264.0,151.2341176971508,1321.0,151.2441176971508,146.0,151.2541176971508,960.0
2026-03-01 09:34:19.000,AAPL,151.14367127590742,994.0,151.1336712759074,849.0,151.1236712759074,1152.0,151.1636712759074,1311.0,151.17367127590742,1290.0,151.18367127590741,1651.0
2026-03-01 09:34:19.100,AAPL,151.14084980444758,443.0,151.13084980444756,1280.0,151.12084980444757,750.0,151.16084980444757,803.0,151.17084980444758,728.0,151.18084980444758,1026.0
2026-03-01 09:34:19.200,AAPL,151.0643728935071,757.0,151.0543728935071,808.0,151.0443728935071,1026.0,151.0843728935071,661.0,151.0943728935071,1304.0,151.1043728935071,1027.0
2026-03-01 09:34:19.300,AAPL,151.02978131475376,1773.0,151.01978131475374,849.0,151.00978131475375,1092.0,151.04978131475374,514.0,151.05978131475376,757.0,151.06978131475375,954.0
2026-03-01 09:34:19.400,AAPL,150.9744058845253,625.0,150.9644058845253,1132.0,150.9544058845253,304.0,150.9944058845253,716.0,151.0044058845253,406.0,151.0144058845253,817.0
2026-03-01 09:34:19.500,AAPL,151.04838969600226,1367.0,151.03838969600224,1233.0,151.02838969600225,734.0,151.06838969600224,1609.0,151.07838969600226,1973.0,151.08838969600225,120.0
2026-03-01 09:34:19.600,AAPL,150.99885567839348,330.0,150.98885567839346,1463.0,150.97885567839347,567.0,151.01885567839346,702.0,151.02885567839348,1729.0,151.03885567839347,1823.0
2026-03-01 09:34:19.700,AAPL,150.93452839324732,1378.0,150.9245283932473,588.0,150.9145283932473,1650.0,150.9545283932473,1449.0,150.96452839324732,326.0,150.9745283932473,1843.0
2026-03-01 09:34:19.800,AAPL,150.9469453199356,1390.0,150.93694531993557,1770.0,150.92694531993558,1563.0,150.96694531993558,850.0,150.9769453199356,1081.0,150.9869453199356,1403.0
2026-03-01 09:34:19.900,AAPL,151.0312863776637,184.0,151.02128637766367,363.0,151.01128637766368,259.0,151.05128637766367,559.0,151.0612863776637,697.0,151.07128637766368,432.0
2026-03-01 09:34:20.000,AAPL,151.02548302370138,464.0,151.01548302370136,527.0,151.00548302370137,260.0,151.04548302370137,748.0,151.05548302370138,391.0,151.06548302370138,1882.0
2026-03-01 09:34:20.100,AAPL,151.02354705837755,1226.0,151.01354705837753,1417.0,151.00354705837753,1888.0,151.04354705837753,466.0,151.05354705837755,959.0,151.06354705837754,1807.0
2026-03-01 09:34:20.200,AAPL,151.08808493143147,282.0,151.07808493143145,1638.0,151.06808493143146,1458.0,151.10808493143145,1196.0,151.11808493143147,1541.0,151.12808493143146,1054.0
2026-03-01 09:34:20.300,AAPL,151.1319963983423,1411.0,151.12199639834228,1667.0,151.11199639834228,1443.0,151.15199639834228,987.0,151.1619963983423,686.0,151.1719963983423,352.0
2026-03-01 09:34:20.400,AAPL,151.15326714757288,527.0,151.14326714757286,1603.0,151.13326714757287,1605.0,151.17326714757286,1958.0,151.18326714757288,124.0,151.19326714757287,589.0
2026-03-01 09:34:20.500,AAPL,151.12415011115286,972.0,151.11415011115284,1470.0,151.10415011115285,513.0,151.14415011115284,1507.0,151.15415011115286,435.0,151.16415011115285,1040.0
2026-03-01 09:34:20.600,AAPL,151.1469480064672,1924.0,151.13694800646718,1675.0,151.1269480064672,345.0,151.16694800646718,1218.0,151.1769480064672,876.0,151.1869480064672,1434.0
2026-03-01 09:34:20.700,AAPL,151.07890880169955,1207.0,151.06890880169954,514.0,151.05890880169954,910.0,151.09890880169954,1342.0,151.10890880169956,628.0,151.11890880169955,1371.0
2026-03-01 09:34:20.800,AAPL,151.04772502422995,899.0,151.03772502422993,1168.0,151.02772502422994,1587.0,151.06772502422993,559.0,151.07772502422995,481.0,151.08772502422994,224.0
2026-03-01 09:34:20.900,AAPL,151.1192981567777,1560.0,151.10929815677767,1293.0,151.09929815677768,267.0,151.13929815677767,1824.0,151.1492981567777,1940.0,151.15929815677768,259.0
2026-03-01 09:34:21.000,AAPL,151.18439779101476,554.0,151.17439779101474,1235.0,151.16439779101475,272.0,151.20439779101474,1479.0,151.21439779101476,596.0,151.22439779101475,1979.0
2026-03-01 09:34:21.100,AAPL,151.20627202598152,944.0,151.1962720259815,1292.0,151.1862720259815,598.0,151.2262720259815,489.0,151.23627202598152,370.0,151.2462720259815,383.0
2026-03-01 09:34:21.200,AAPL,151.1098043399127,166.0,151.09980433991268,1475.0,151.0898043399127,1128.0,151.12980433991268,1384.0,151.1398043399127,1623.0,151.1498043399127,1752.0
2026-03-01 09:34:21.300,AAPL,151.04939326351354,910.0,151.03939326351352,668.0,151.02939326351353,1196.0,151.06939326351352,941.0,151.07939326351354,1232.0,151.08939326351353,444.0
2026-03-01 09:34:21.400,AAPL,151.01541964208283,1968.0,151.0054196420828,1180.0,150.99541964208282,1140.0,151.03541964208281,514.0,151.04541964208283,1971.0,151.05541964208282,531.0
2026-03-01 09:34:21.500,AAPL,151.0068346905159,1350.0,150.99683469051587,1895.0,150.98683469051588,438.0,151.02683469051587,1157.0,151.0368346905159,448.0,151.04683469051588,1350.0
2026-03-01 09:34:21.600,AAPL,150.9443141329906,1745.0,150.93431413299058,1804.0,150.9243141329906,424.0,150.96431413299058,1372.0,150.9743141329906,1797.0,150.9843141329906,521.0
2026-03-01 09:34:21.700,AAPL,150.9319984468115,940.0,150.92199844681147,1531.0,150.91199844681148,1532.0,150.95199844681147,914.0,150.9619984468115,847.0,150.97199844681148,1253.0
2026-03-01 09:34:21.800,AAPL,151.02036320871926,161.0,151.01036320871924,1468.0,151.00036320871925,1250.0,151.04036320871924,1063.0,151.05036320871926,1307.0,151.06036320871925,1400.0
2026-03-01 09:34:21.900,AAPL,151.04040500256218,183.0,151.03040500256216,1339.0,151.02040500256217,409.0,151.06040500256216,1477.0,151.07040500256218,218.0,151.08040500256217,838.0
2026-03-01 09:34:22.000,AAPL,151.05134633401025,1548.0,151.04134633401023,267.0,151.03134633401024,620.0,151.07134633401023,417.0,151.08134633401025,986.0,151.09134633401024,1750.0
2026-03-01 09:34:22.100,AAPL,151.00046856305931,832.0,150.9904685630593,1021.0,150.9804685630593,641.0,151.0204685630593,1615.0,151.03046856305932,350.0,151.0404685630593,635.0
2026-03-01 09:34:22.200,AAPL,150.9185193237237,147.0,150.90851932372368,423.0,150.8985193237237,995.0,150.93851932372368,316.0,150.9485193237237,150.0,150.9585193237237,1146.0
2026-03-01 09:34:22.300,AAPL,150.85710950244655,1674.0,150.84710950244653,1986.0,150.83710950244654,890.0,150.87710950244653,1295.0,150.88710950244655,1138.0,150.89710950244654,644.0
2026-03-01 09:34:22.400,AAPL,150.7731400450445,846.0,150.76314004504448,1707.0,150.7531400450445,1070.0,150.79314004504448,1322.0,150.8031400450445,409.0,150.8131400450445,1529.0
2026-03-01 09:34:22.500,AAPL,150.77689180815656,310.0,150.76689180815654,1874.0,150.75689180815655,301.0,150.79689180815654,1750.0,150.80689180815656,1694.0,150.81689180815656,1498.0
2026-03-01 09:34:22.600,AAPL,150.79608609837692,1804.0,150.7860860983769,1181.0,150.7760860983769,852.0,150.8160860983769,170.0,150.82608609837692,1241.0,150.8360860983769,910.0
2026-03-01 09:34:22.700,AAPL,150.74782160073596,1296.0,150.73782160073594,745.0,150.72782160073595,578.0,150.76782160073594,1522.0,150.77782160073596,845.0,150.78782160073595,1841.0
2026-03-01 09:34:22.800,AAPL,150.75521756773142,1620.0,150.7452175677314,1901.0,150.7352175677314,1179.0,150.7752175677314,532.0,150.78521756773142,1428.0,150.7952175677314,266.0
2026-03-01 09:34:22.900,AAPL,150.82866725854302,833.0,150.818667258543,1290.0,150.808667258543,1136.0,150.848667258543,952.0,150.85866725854302,398.0,150.868667258543,1400.0
2026-03-01 09:34:23.000,AAPL,150.9265521256604,1534.0,150.9165521256604,1295.0,150.9065521256604,1888.0,150.9465521256604,1974.0,150.9565521256604,1078.0,150.9665521256604,1456.0
2026-03-01 09:34:23.100,AAPL,150.96507264319786,1885.0,150.95507264319784,1908.0,150.94507264319785,837.0,150.98507264319784,280.0,150.99507264319786,1842.0,151.00507264319785,1105.0
2026-03-01 09:34:23.200,AAPL,150.95633061799995,1720.0,150.94633061799993,284.0,150.93633061799994,830.0,150.97633061799993,504.0,150.98633061799995,1270.0,150.99633061799994,1205.0
2026-03-01 09:34:23.300,AAPL,150.99323583019375,134.0,150.98323583019373,848.0,150.97323583019374,1709.0,151.01323583019374,1556.0,151.02323583019376,541.0,151.03323583019375,1628.0
2026-03-01 09:34:23.400,AAPL,151.06082632937765,487.0,151.05082632937763,1889.0,151.04082632937764,1558.0,151.08082632937763,1703.0,151.09082632937765,1136.0,151.10082632937764,156.0
2026-03-01 09:34:23.500,AAPL,150.96046492248811,794.0,150.9504649224881,699.0,150.9404649224881,1454.0,150.9804649224881,1808.0,150.99046492248812,1373.0,151.0004649224881,1366.0
2026-03-01 09:34:23.600,AAPL,151.03456837437795,1598.0,151.02456837437794,650.0,151.01456837437794,1404.0,151.05456837437794,874.0,151.06456837437796,1301.0,151.07456837437795,1834.0
2026-03-01 09:34:23.700,AAPL,151.0073390333483,1790.0,150.99733903334828,797.0,150.9873390333483,737.0,151.02733903334828,1391.0,151.0373390333483,1023.0,151.0473390333483,1886.0
2026-03-01 09:34:23.800,AAPL,150.98059088560143,1905.0,150.9705908856014,1729.0,150.96059088560142,161.0,151.0005908856014,727.0,151.01059088560143,547.0,151.02059088560142,1123.0
2026-03-01 09:34:23.900,AAPL,150.96284448697213,1199.0,150.9528444869721,512.0,150.94284448697212,1805.0,150.9828444869721,597.0,150.99284448697213,1774.0,151.00284448697212,1443.0
2026-03-01 09:34:24.000,AAPL,150.97884869391092,339.0,150.9688486939109,1689.0,150.9588486939109,1299.0,150.9988486939109,1214.0,151.00884869391092,924.0,151.0188486939109,444.0
2026-03-01 09:34:24.100,AAPL,150.92328598122597,201.0,150.91328598122595,864.0,150.90328598122596,1659.0,150.94328598122596,1707.0,150.95328598122597,201.0,150.96328598122597,1010.0
2026-03-01 09:34:24.200,AAPL,150.9090452794914,847.0,150.8990452794914,604.0,150.8890452794914,1763.0,150.9290452794914,653.0,150.9390452794914,1045.0,150.9490452794914,743.0
2026-03-01 09:34:24.300,AAPL,150.93530913981633,1410.0,150.9253091398163,947.0,150.91530913981632,601.0,150.9553091398163,1099.0,150.96530913981633,1462.0,150.97530913981632,1226.0
2026-03-01 09:34:24.400,AAPL,150.94623770228003,148.0,150.93623770228,797.0,150.92623770228002,1306.0,150.96623770228,1072.0,150.97623770228003,505.0,150.98623770228002,1681.0
2026-03-01 09:34:24.500,AAPL,150.9652784279981,476.0,150.95527842799808,804.0,150.9452784279981,1011.0,150.98527842799808,436.0,150.9952784279981,1162.0,151.0052784279981,1942.0
2026-03-01 09:34:24.600,AAPL,150.94907999237904,1558.0,150.93907999237902,297.0,150.92907999237903,1369.0,150.96907999237902,1453.0,150.97907999237904,374.0,150.98907999237903,229.0
2026-03-01 09:34:24.700,AAPL,150.98376549000216,648.0,150.97376549000214,1856.0,150.96376549000215,1406.0,151.00376549000214,402.0,151.01376549000216,447.0,151.02376549000215,286.0
2026-03-01 09:34:24.800,AAPL,151.0365862961023,1066.0,151.0265862961023,1160.0,151.0165862961023,409.0,151.0565862961023,1920.0,151.06658629610232,569.0,151.0765862961023,214.0
2026-03-01 09:34:24.900,AAPL,151.08640826171043,432.0,151.0764082617104,544.0,151.06640826171042,1391.0,151.1064082617104,329.0,151.11640826171043,1870.0,151.12640826171042,878.0
2026-03-01 09:34:25.000,AAPL,151.1077887733526,1034.0,151.0977887733526,410.0,151.0877887733526,557.0,151.1277887733526,1831.0,151.1377887733526,1382.0,151.1477887733526,1074.0
2026-03-01 09:34:25.100,AAPL,151.15473340378878,161.0,151.14473340378876,1451.0,151.13473340378877,498.0,151.17473340378876,1167.0,151.18473340378878,380.0,151.19473340378877,321.0
2026-03-01 09:34:25.200,AAPL,151.1982864329945,1895.0,151.1882864329945,1676.0,151.1782864329945,860.0,151.2182864329945,825.0,151.2282864329945,1559.0,151.2382864329945,1360.0
2026-03-01 09:34:25.300,AAPL,151.33211182832872,815.0,151.3221118283287,228.0,151.3121118283287,1119.0,151.3521118283287,396.0,151.36211182832872,1113.0,151.3721118283287,1918.0
2026-03-01 09:34:25.400,AAPL,151.39301518183115,436.0,151.38301518183113,346.0,151.37301518183114,1586.0,151.41301518183113,1050.0,151.42301518183115,1202.0,151.43301518183114,212.0
2026-03-01 09:34:25.500,AAPL,151.3885779749994,789.0,151.3785779749994,1447.0,151.3685779749994,1250.0,151.4085779749994,1923.0,151.4185779749994,1369.0,151.4285779749994,402.0
2026-03-01 09:34:25.600,AAPL,151.34299401063205,1068.0,151.33299401063204,911.0,151.32299401063204,1425.0,151.36299401063204,1183.0,151.37299401063206,594.0,151.38299401063205,691.0
2026-03-01 09:34:25.700,AAPL,151.3299369978941,663.0,151.31993699789408,1972.0,151.30993699789408,1771.0,151.34993699789408,887.0,151.3599369978941,481.0,151.3699369978941,659.0
2026-03-01 09:34:25.800,AAPL,151.3133477551141,567.0,151.3033477551141,473.0,151.2933477551141,1312.0,151.3333477551141,1774.0,151.3433477551141,884.0,151.3533477551141,448.0
2026-03-01 09:34:25.900,AAPL,151.33891888350038,937.0,151.32891888350036,1198.0,151.31891888350037,335.0,151.35891888350037,233.0,151.36891888350038,244.0,151.37891888350038,1930.0
2026-03-01 09:34:26.000,AAPL,151.30390607124093,124.0,151.2939060712409,211.0,151.28390607124092,1644.0,151.3239060712409,439.0,151.33390607124093,572.0,151.34390607124092,767.0
2026-03-01 09:34:26.100,AAPL,151.36351492981694,943.0,151.35351492981692,230.0,151.34351492981693,319.0,151.38351492981693,1029.0,151.39351492981694,1739.0,151.40351492981694,901.0
2026-03-01 09:34:26.200,AAPL,151.29403677952217,244.0,151.28403677952215,1484.0,151.27403677952216,205.0,151.31403677952216,868.0,151.32403677952217,1520.0,151.33403677952217,617.0
2026-03-01 09:34:26.300,AAPL,151.21241052270636,531.0,151.20241052270634,196.0,151.19241052270635,682.0,151.23241052270635,428.0,151.24241052270636,759.0,151.25241052270636,1460.0
2026-03-01 09:34:26.400,AAPL,151.2056547223101,169.0,151.19565472231008,213.0,151.1856547223101,728.0,151.22565472231008,932.0,151.2356547223101,1223.0,151.2456547223101,1417.0
2026-03-01 09:34:26.500,AAPL,151.1635267698503,1973.0,151.1535267698503,1949.0,151.1435267698503,1709.0,151.1835267698503,212.0,151.1935267698503,1754.0,151.2035267698503,1736.0
2026-03-01 09:34:26.600,AAPL,151.1006150771511,963.0,151.09061507715109,229.0,151.0806150771511,1342.0,151.1206150771511,1005.0,151.1306150771511,233.0,151.1406150771511,749.0
2026-03-01 09:34:26.700,AAPL,151.06876157940087,205.0,151.05876157940085,516.0,151.04876157940086,1987.0,151.08876157940085,1073.0,151.09876157940087,917.0,151.10876157940086,1526.0
2026-03-01 09:34:26.800,AAPL,151.0306872879469,1801.0,151.02068728794688,1272.0,151.0106872879469,367.0,151.0506872879469,143.0,151.0606872879469,798.0,151.0706872879469,1125.0
2026-03-01 09:34:26.900,AAPL,151.03119400450862,1348.0,151.0211940045086,1008.0,151.0111940045086,327.0,151.0511940045086,1411.0,151.06119400450862,766.0,151.0711940045086,1533.0
2026-03-01 09:34:27.000,AAPL,151.0001704650929,240.0,150.9901704650929,1681.0,150.9801704650929,1470.0,151.0201704650929,231.0,151.0301704650929,882.0,151.0401704650929,1739.0
2026-03-01 09:34:27.100,AAPL,150.9732137471804,1694.0,150.9632137471804,154.0,150.9532137471804,1408.0,150.9932137471804,124.0,151.0032137471804,1802.0,151.0132137471804,268.0
2026-03-01 09:34:27.200,AAPL,150.97297046126934,1032.0,150.96297046126932,1772.0,150.95297046126933,599.0,150.99297046126932,808.0,151.00297046126934,784.0,151.01297046126933,512.0
2026-03-01 09:34:27.300,AAPL,151.02368253980612,1221.0,151.0136825398061,652.0,151.0036825398061,697.0,151.0436825398061,1560.0,151.05368253980612,821.0,151.0636825398061,1781.0
2026-03-01 09:34:27.400,AAPL,151.09721981308056,1527.0,151.08721981308054,727.0,151.07721981308055,1269.0,151.11721981308054,1106.0,151.12721981308056,1365.0,151.13721981308055,777.0
2026-03-01 09:34:27.500,AAPL,151.10460819120476,1741.0,151.09460819120474,173.0,151.08460819120475,1075.0,151.12460819120474,669.0,151.13460819120476,1205.0,151.14460819120475,978.0
2026-03-01 09:34:27.600,AAPL,151.1158853471433,903.0,151.10588534714327,509.0,151.09588534714328,131.0,151.13588534714327,498.0,151.1458853471433,308.0,151.15588534714328,767.0
2026-03-01 09:34:27.700,AAPL,151.1067259962785,206.0,151.09672599627848,1962.0,151.0867259962785,1831.0,151.12672599627848,1458.0,151.1367259962785,125.0,151.1467259962785,1469.0
2026-03-01 09:34:27.800,AAPL,151.13078842728146,981.0,151.12078842728144,1863.0,151.11078842728145,476.0,151.15078842728144,408.0,151.16078842728146,1395.0,151.17078842728145,1905.0
2026-03-01 09:34:27.900,AAPL,151.15029939531064,1114.0,151.14029939531062,395.0,151.13029939531063,482.0,151.17029939531062,544.0,151.18029939531064,136.0,151.19029939531063,456.0
2026-03-01 09:34:28.000,AAPL,151.21659177946506,1488.0,151.20659177946504,1198.0,151.19659177946505,380.0,151.23659177946504,177.0,151.24659177946506,1529.0,151.25659177946505,836.0
2026-03-01 09:34:28.100,AAPL,151.1221565480073,710.0,151.11215654800728,1071.0,151.1021565480073,633.0,151.14215654800728,248.0,151.1521565480073,1735.0,151.1621565480073,566.0
2026-03-01 09:34:28.200,AAPL,151.1104316608217,897.0,151.10043166082167,1020.0,151.09043166082168,1555.0,151.13043166082167,515.0,151.1404316608217,335.0,151.15043166082168,400.0
2026-03-01 09:34:28.300,AAPL,151.1273911542781,894.0,151.11739115427807,1252.0,151.10739115427808,1656.0,151.14739115427807,1373.0,151.1573911542781,1309.0,151.16739115427808,1411.0
2026-03-01 09:34:28.400,AAPL,151.12607695640096,1135.0,151.11607695640095,894.0,151.10607695640095,590.0,151.14607695640095,622.0,151.15607695640097,1524.0,151.16607695640096,1106.0
2026-03-01 09:34:28.500,AAPL,151.07911830479617,896.0,151.06911830479615,595.0,151.05911830479616,1375.0,151.09911830479615,106.0,151.10911830479617,1816.0,151.11911830479616,530.0
2026-03-01 09:34:28.600,AAPL,151.01414997083413,712.0,151.0041499708341,1842.0,150.99414997083412,1924.0,151.0341499708341,1241.0,151.04414997083413,738.0,151.05414997083412,106.0
2026-03-01 09:34:28.700,AAPL,151.05446609213558,1980.0,151.04446609213556,882.0,151.03446609213557,1599.0,151.07446609213557,1938.0,151.08446609213559,1643.0,151.09446609213558,1396.0
2026-03-01 09:34:28.800,AAPL,151.01661979961577,1612.0,151.00661979961575,1994.0,150.99661979961576,1948.0,151.03661979961575,1403.0,151.04661979961577,239.0,151.05661979961576,1392.0
2026-03-01 09:34:28.900,AAPL,150.92887477504047,1266.0,150.91887477504045,857.0,150.90887477504046,195.0,150.94887477504045,1289.0,150.95887477504047,133.0,150.96887477504046,929.0
2026-03-01 09:34:29.000,AAPL,150.971703418041,767.0,150.96170341804097,578.0,150.95170341804098,1441.0,150.99170341804097,1297.0,151.001703418041,1858.0,151.01170341804098,461.0
2026-03-01 09:34:29.100,AAPL,150.99465256306328,648.0,150.98465256306326,745.0,150.97465256306327,609.0,151.01465256306327,1396.0,151.02465256306328,237.0,151.03465256306328,1781.0
2026-03-01 09:34:29.200,AAPL,150.98885885819035,794.0,150.97885885819034,278.0,150.96885885819034,897.0,151.00885885819034,1525.0,151.01885885819036,1737.0,151.02885885819035,1824.0
2026-03-01 09:34:29.300,AAPL,150.94313127855233,1110.0,150.9331312785523,1232.0,150.92313127855232,1616.0,150.9631312785523,1008.0,150.97313127855233,1364.0,150.98313127855232,921.0
2026-03-01 09:34:29.400,AAPL,150.93745920638378,1188.0,150.92745920638376,141.0,150.91745920638377,994.0,150.95745920638376,1068.0,150.96745920638378,627.0,150.97745920638377,565.0
2026-03-01 09:34:29.500,AAPL,150.99823858640974,404.0,150.98823858640972,492.0,150.97823858640973,778.0,151.01823858640972,1597.0,151.02823858640974,113.0,151.03823858640973,1696.0
2026-03-01 09:34:29.600,AAPL,150.9175036221083,1893.0,150.9075036221083,1608.0,150.8975036221083,1969.0,150.9375036221083,1285.0,150.94750362210831,122.0,150.9575036221083,1729.0
2026-03-01 09:34:29.700,AAPL,150.83930474127132,507.0,150.8293047412713,1374.0,150.8193047412713,1964.0,150.8593047412713,1172.0,150.86930474127132,1598.0,150.8793047412713,367.0
2026-03-01 09:34:29.800,AAPL,150.80791647512572,638.0,150.7979164751257,815.0,150.7879164751257,1282.0,150.8279164751257,785.0,150.83791647512572,770.0,150.84791647512571,1432.0
2026-03-01 09:34:29.900,AAPL,150.80658429078605,1460.0,150.79658429078603,121.0,150.78658429078604,1173.0,150.82658429078603,1440.0,150.83658429078605,573.0,150.84658429078604,1180.0
2026-03-01 09:34:30.000,AAPL,150.78176969589185,1374.0,150.77176969589183,1338.0,150.76176969589184,140.0,150.80176969589183,590.0,150.81176969589185,314.0,150.82176969589185,1022.0
2026-03-01 09:34:30.100,AAPL,150.81391052465023,650.0,150.8039105246502,1897.0,150.79391052465022,290.0,150.8339105246502,1059.0,150.84391052465023,1550.0,150.85391052465022,1984.0
2026-03-01 09:34:30.200,AAPL,150.86835222187264,255.0,150.85835222187262,1513.0,150.84835222187263,1199.0,150.88835222187262,1678.0,150.89835222187264,1053.0,150.90835222187263,1401.0
2026-03-01 09:34:30.300,AAPL,150.882290660603,686.0,150.87229066060297,273.0,150.86229066060298,800.0,150.90229066060297,1730.0,150.912290660603,1482.0,150.92229066060298,863.0
2026-03-01 09:34:30.400,AAPL,150.9103122777908,147.0,150.9003122777908,148.0,150.8903122777908,394.0,150.9303122777908,877.0,150.9403122777908,1572.0,150.9503122777908,1115.0
2026-03-01 09:34:30.500,AAPL,150.92391725539198,670.0,150.91391725539196,243.0,150.90391725539197,516.0,150.94391725539197,1904.0,150.95391725539199,1134.0,150.96391725539198,1247.0
2026-03-01 09:34:30.600,AAPL,150.92439265993775,1168.0,150.91439265993773,1839.0,150.90439265993774,1611.0,150.94439265993773,1269.0,150.95439265993775,1990.0,150.96439265993774,1093.0
2026-03-01 09:34:30.700,AAPL,150.85971472494703,419.0,150.849714724947,691.0,150.83971472494702,1664.0,150.879714724947,943.0,150.88971472494703,1029.0,150.89971472494702,487.0
2026-03-01 09:34:30.800,AAPL,150.8083151395669,1527.0,150.79831513956688,265.0,150.7883151395669,771.0,150.82831513956688,1430.0,150.8383151395669,1519.0,150.8483151395669,677.0
2026-03-01 09:34:30.900,AAPL,150.7407692157183,1462.0,150.73076921571828,951.0,150.7207692157183,762.0,150.76076921571828,1784.0,150.7707692157183,356.0,150.7807692157183,1649.0
2026-03-01 09:34:31.000,AAPL,150.73334397597023,836.0,150.7233439759702,523.0,150.71334397597022,590.0,150.7533439759702,1448.0,150.76334397597023,1631.0,150.77334397597022,116.0
2026-03-01 09:34:31.100,AAPL,150.74495787753295,111.0,150.73495787753293,278.0,150.72495787753294,196.0,150.76495787753294,1393.0,150.77495787753296,940.0,150.78495787753295,1892.0
2026-03-01 09:34:31.200,AAPL,150.67249475829388,137.0,150.66249475829386,1061.0,150.65249475829387,527.0,150.69249475829386,856.0,150.70249475829388,1928.0,150.71249475829387,229.0
2026-03-01 09:34:31.300,AAPL,150.676124510649,1511.0,150.66612451064898,579.0,150.656124510649,573.0,150.69612451064899,1319.0,150.706124510649,1352.0,150.716124510649,1308.0
2026-03-01 09:34:31.400,AAPL,150.63236369423598,1557.0,150.62236369423596,749.0,150.61236369423597,711.0,150.65236369423596,121.0,150.66236369423598,497.0,150.67236369423597,381.0
2026-03-01 09:34:31.500,AAPL,150.57890372705913,1060.0,150.5689037270591,1953.0,150.55890372705912,911.0,150.5989037270591,1558.0,150.60890372705913,362.0,150.61890372705912,1259.0
2026-03-01 09:34:31.600,AAPL,150.5476362562311,1881.0,150.53763625623108,1241.0,150.5276362562311,1214.0,150.56763625623108,516.0,150.5776362562311,1820.0,150.5876362562311,1955.0
2026-03-01 09:34:31.700,AAPL,150.49161243131385,524.0,150.48161243131383,545.0,150.47161243131384,688.0,150.51161243131384,1599.0,150.52161243131386,260.0,150.53161243131385,1831.0
2026-03-01 09:34:31.800,AAPL,150.52194538721182,955.0,150.5119453872118,1019.0,150.5019453872118,1147.0,150.5419453872118,815.0,150.55194538721182,396.0,150.5619453872118,532.0
2026-03-01 09:34:31.900,AAPL,150.51354516630937,897.0,150.50354516630935,891.0,150.49354516630936,104.0,150.53354516630935,1581.0,150.54354516630937,835.0,150.55354516630936,1092.0
2026-03-01 09:34:32.000,AAPL,150.55430586915875,1360.0,150.54430586915873,980.0,150.53430586915874,1912.0,150.57430586915874,1013.0,150.58430586915875,245.0,150.59430586915875,1154.0
2026-03-01 09:34:32.100,AAPL,150.53213105155345,1924.0,150.52213105155343,114.0,150.51213105155344,1266.0,150.55213105155343,609.0,150.56213105155345,1633.0,150.57213105155344,760.0
2026-03-01 09:34:32.200,AAPL,150.51184674845925,1376.0,150.50184674845923,1074.0,150.49184674845924,1051.0,150.53184674845923,1403.0,150.54184674845925,909.0,150.55184674845924,1725.0
2026-03-01 09:34:32.300,AAPL,150.60551588049992,1769.0,150.5955158804999,697.0,150.5855158804999,1890.0,150.6255158804999,967.0,150.63551588049992,604.0,150.64551588049991,1685.0
2026-03-01 09:34:32.400,AAPL,150.5243628569159,1627.0,150.51436285691588,443.0,150.5043628569159,428.0,150.54436285691588,716.0,150.5543628569159,541.0,150.5643628569159,1319.0
2026-03-01 09:34:32.500,AAPL,150.58858691908688,509.0,150.57858691908686,1193.0,150.56858691908687,622.0,150.60858691908686,595.0,150.61858691908688,1186.0,150.62858691908687,1978.0
2026-03-01 09:34:32.600,AAPL,150.6713131209692,1496.0,150.66131312096917,941.0,150.65131312096918,1461.0,150.69131312096917,1397.0,150.7013131209692,107.0,150.71131312096918,977.0
2026-03-01 09:34:32.700,AAPL,150.70960399578226,1271.0,150.69960399578224,1427.0,150.68960399578225,1835.0,150.72960399578224,1935.0,150.73960399578226,1008.0,150.74960399578225,1741.0
2026-03-01 09:34:32.800,AAPL,150.6930804723137,1473.0,150.6830804723137,1481.0,150.6730804723137,329.0,150.7130804723137,358.0,150.7230804723137,972.0,150.7330804723137,973.0
2026-03-01 09:34:32.900,AAPL,150.7644255759007,1906.0,150.75442557590068,1060.0,150.7444255759007,1748.0,150.78442557590068,1318.0,150.7944255759007,544.0,150.8044255759007,1913.0
2026-03-01 09:34:33.000,AAPL,150.7483375079062,378.0,150.73833750790618,779.0,150.7283375079062,461.0,150.76833750790618,479.0,150.7783375079062,800.0,150.7883375079062,1975.0
2026-03-01 09:34:33.100,AAPL,150.71304822862066,562.0,150.70304822862064,505.0,150.69304822862065,1156.0,150.73304822862065,656.0,150.74304822862067,989.0,150.75304822862066,1135.0
2026-03-01 09:34:33.200,AAPL,150.69363481141107,1033.0,150.68363481141105,1437.0,150.67363481141106,1186.0,150.71363481141105,1397.0,150.72363481141107,1732.0,150.73363481141106,1757.0
2026-03-01 09:34:33.300,AAPL,150.66512512445516,958.0,150.65512512445514,1462.0,150.64512512445515,1490.0,150.68512512445514,1494.0,150.69512512445516,1174.0,150.70512512445515,259.0
2026-03-01 09:34:33.400,AAPL,150.61779396820916,1877.0,150.60779396820914,1597.0,150.59779396820915,597.0,150.63779396820914,474.0,150.64779396820916,1676.0,150.65779396820915,406.0
2026-03-01 09:34:33.500,AAPL,150.67329435991462,1926.0,150.6632943599146,1330.0,150.6532943599146,236.0,150.6932943599146,964.0,150.70329435991462,1748.0,150.7132943599146,535.0
2026-03-01 09:34:33.600,AAPL,150.63462194228353,1106.0,150.6246219422835,1522.0,150.61462194228352,1455.0,150.6546219422835,1517.0,150.66462194228353,1600.0,150.67462194228352,690.0
2026-03-01 09:34:33.700,AAPL,150.63313959283747,424.0,150.62313959283745,339.0,150.61313959283746,1149.0,150.65313959283745,1343.0,150.66313959283747,910.0,150.67313959283746,591.0
2026-03-01 09:34:33.800,AAPL,150.56095099836753,759.0,150.5509509983675,574.0,150.54095099836752,1627.0,150.5809509983675,1102.0,150.59095099836753,1477.0,150.60095099836752,501.0
2026-03-01 09:34:33.900,AAPL,150.56249153245497,341.0,150.55249153245495,1913.0,150.54249153245496,1993.0,150.58249153245495,654.0,150.59249153245497,1108.0,150.60249153245496,1119.0
2026-03-01 09:34:34.000,AAPL,150.50469523024384,690.0,150.49469523024382,991.0,150.48469523024383,1104.0,150.52469523024382,1866.0,150.53469523024384,986.0,150.54469523024383,1302.0
2026-03-01 09:34:34.100,AAPL,150.44567093909757,238.0,150.43567093909755,1985.0,150.42567093909756,673.0,150.46567093909755,355.0,150.47567093909757,416.0,150.48567093909756,1619.0
2026-03-01 09:34:34.200,AAPL,150.44020654359278,754.0,150.43020654359276,860.0,150.42020654359277,1602.0,150.46020654359276,628.0,150.47020654359278,460.0,150.48020654359277,417.0
2026-03-01 09:34:34.300,AAPL,150.49305515685182,1414.0,150.4830551568518,618.0,150.4730551568518,905.0,150.5130551568518,1939.0,150.52305515685183,1904.0,150.53305515685182,1989.0
2026-03-01 09:34:34.400,AAPL,150.51507584123883,1497.0,150.5050758412388,1617.0,150.49507584123882,406.0,150.5350758412388,1613.0,150.54507584123883,1188.0,150.55507584123882,956.0
2026-03-01 09:34:34.500,AAPL,150.54053186054546,1926.0,150.53053186054544,495.0,150.52053186054545,748.0,150.56053186054544,604.0,150.57053186054546,509.0,150.58053186054545,725.0
2026-03-01 09:34:34.600,AAPL,150.5340360015465,843.0,150.52403600154648,1149.0,150.5140360015465,949.0,150.55403600154648,591.0,150.5640360015465,1702.0,150.5740360015465,1259.0
2026-03-01 09:34:34.700,AAPL,150.51725398828899,1935.0,150.50725398828897,1004.0,150.49725398828897,1063.0,150.53725398828897,1392.0,150.547253988289,1880.0,150.55725398828898,1722.0
2026-03-01 09:34:34.800,AAPL,150.55681102021367,1909.0,150.54681102021365,1657.0,150.53681102021366,387.0,150.57681102021365,1933.0,150.58681102021367,405.0,150.59681102021366,1672.0
2026-03-01 09:34:34.900,AAPL,150.52865216209764,591.0,150.51865216209762,233.0,150.50865216209763,1423.0,150.54865216209762,473.0,150.55865216209764,1847.0,150.56865216209764,949.0
2026-03-01 09:34:35.000,AAPL,150.57037386982003,1407.0,150.56037386982,433.0,150.55037386982002,773.0,150.59037386982,1996.0,150.60037386982003,1697.0,150.61037386982002,126.0
2026-03-01 09:34:35.100,AAPL,150.63217121676672,674.0,150.6221712167667,612.0,150.6121712167667,605.0,150.6521712167667,1047.0,150.66217121676672,1913.0,150.6721712167667,898.0
2026-03-01 09:34:35.200,AAPL,150.59010187761794,671.0,150.58010187761792,379.0,150.57010187761793,1373.0,150.61010187761792,507.0,150.62010187761794,1031.0,150.63010187761793,958.0
2026-03-01 09:34:35.300,AAPL,150.5553796028363,440.0,150.54537960283628,1615.0,150.5353796028363,1901.0,150.57537960283628,496.0,150.5853796028363,1703.0,150.5953796028363,1243.0
2026-03-01 09:34:35.400,AAPL,150.52809482751556,382.0,150.51809482751554,1669.0,150.50809482751555,192.0,150.54809482751554,336.0,150.55809482751556,237.0,150.56809482751555,1031.0
2026-03-01 09:34:35.500,AAPL,150.4547466962279,1618.0,150.44474669622787,1524.0,150.43474669622788,751.0,150.47474669622787,1134.0,150.4847466962279,986.0,150.49474669622788,1728.0
2026-03-01 09:34:35.600,AAPL,150.4312765596462,1288.0,150.42127655964617,1692.0,150.41127655964618,1652.0,150.45127655964617,1844.0,150.4612765596462,1635.0,150.47127655964618,1603.0
2026-03-01 09:34:35.700,AAPL,150.49634904650716,1680.0,150.48634904650714,348.0,150.47634904650715,1463.0,150.51634904650714,1373.0,150.52634904650716,280.0,150.53634904650715,344.0
2026-03-01 09:34:35.800,AAPL,150.4440702693904,1880.0,150.4340702693904,1549.0,150.4240702693904,555.0,150.4640702693904,668.0,150.4740702693904,1451.0,150.4840702693904,923.0
2026-03-01 09:34:35.900,AAPL,150.5103300748231,1322.0,150.50033007482307,620.0,150.49033007482308,1853.0,150.53033007482307,337.0,150.5403300748231,557.0,150.55033007482308,1374.0
2026-03-01 09:34:36.000,AAPL,150.48865785192544,523.0,150.47865785192542,353.0,150.46865785192543,1635.0,150.50865785192542,1437.0,150.51865785192544,260.0,150.52865785192543,1578.0
2026-03-01 09:34:36.100,AAPL,150.59435963378058,159.0,150.58435963378056,482.0,150.57435963378057,1287.0,150.61435963378057,1289.0,150.62435963378059,1689.0,150.63435963378058,590.0
2026-03-01 09:34:36.200,AAPL,150.56026898051482,1958.0,150.5502689805148,1858.0,150.5402689805148,913.0,150.5802689805148,626.0,150.59026898051482,1200.0,150.6002689805148,539.0
2026-03-01 09:34:36.300,AAPL,150.5530698830237,1745.0,150.5430698830237,1053.0,150.5330698830237,1717.0,150.5730698830237,1673.0,150.5830698830237,183.0,150.5930698830237,1534.0
2026-03-01 09:34:36.400,AAPL,150.50756072976407,226.0,150.49756072976405,754.0,150.48756072976406,1664.0,150.52756072976405,1968.0,150.53756072976407,410.0,150.54756072976406,1768.0
2026-03-01 09:34:36.500,AAPL,150.47317569108478,654.0,150.46317569108476,1319.0,150.45317569108477,624.0,150.49317569108476,1077.0,150.50317569108478,1560.0,150.51317569108477,971.0
2026-03-01 09:34:36.600,AAPL,150.5400846494277,1377.0,150.5300846494277,680.0,150.5200846494277,692.0,150.5600846494277,268.0,150.5700846494277,1121.0,150.5800846494277,692.0
2026-03-01 09:34:36.700,AAPL,150.56381148368465,229.0,150.55381148368463,1266.0,150.54381148368464,414.0,150.58381148368463,1522.0,150.59381148368465,999.0,150.60381148368464,903.0
2026-03-01 09:34:36.800,AAPL,150.61525237264354,546.0,150.60525237264352,1084.0,150.59525237264353,1638.0,150.63525237264352,1205.0,150.64525237264354,558.0,150.65525237264353,1525.0
2026-03-01 09:34:36.900,AAPL,150.54947290759404,1217.0,150.53947290759402,1724.0,150.52947290759403,771.0,150.56947290759402,1075.0,150.57947290759404,484.0,150.58947290759403,1761.0
2026-03-01 09:34:37.000,AAPL,150.58221433025193,1821.0,150.5722143302519,1194.0,150.56221433025192,1838.0,150.6022143302519,306.0,150.61221433025193,439.0,150.62221433025192,1428.0
2026-03-01 09:34:37.100,AAPL,150.5336421644159,497.0,150.5236421644159,260.0,150.5136421644159,262.0,150.5536421644159,1944.0,150.5636421644159,1581.0,150.5736421644159,438.0
2026-03-01 09:34:37.200,AAPL,150.46677623876425,954.0,150.45677623876423,624.0,150.44677623876424,723.0,150.48677623876424,1155.0,150.49677623876426,1111.0,150.50677623876425,1289.0
2026-03-01 09:34:37.300,AAPL,150.47871454570694,1675.0,150.46871454570692,762.0,150.45871454570693,1966.0,150.49871454570692,1431.0,150.50871454570694,843.0,150.51871454570693,853.0
2026-03-01 09:34:37.400,AAPL,150.4901414623775,179.0,150.48014146237747,820.0,150.47014146237748,1559.0,150.51014146237748,667.0,150.5201414623775,1888.0,150.5301414623775,525.0
2026-03-01 09:34:37.500,AAPL,150.49280875169245,871.0,150.48280875169243,1969.0,150.47280875169244,1974.0,150.51280875169243,472.0,150.52280875169245,1997.0,150.53280875169244,1932.0
2026-03-01 09:34:37.600,AAPL,150.52868667232386,1655.0,150.51868667232384,839.0,150.50868667232385,1488.0,150.54868667232384,770.0,150.55868667232386,1872.0,150.56868667232385,1036.0
2026-03-01 09:34:37.700,AAPL,150.57236498820552,1187.0,150.5623649882055,1173.0,150.5523649882055,838.0,150.5923649882055,512.0,150.60236498820552,1658.0,150.6123649882055,596.0
2026-03-01 09:34:37.800,AAPL,150.64585145516523,825.0,150.6358514551652,1843.0,150.62585145516522,1458.0,150.6658514551652,331.0,150.67585145516523,1138.0,150.68585145516522,1655.0
2026-03-01 09:34:37.900,AAPL,150.58633430524992,1659.0,150.5763343052499,1233.0,150.5663343052499,1091.0,150.6063343052499,910.0,150.61633430524992,1260.0,150.6263343052499,1010.0
2026-03-01 09:34:38.000,AAPL,150.66143511752244,814.0,150.65143511752242,1800.0,150.64143511752243,854.0,150.68143511752243,363.0,150.69143511752245,1975.0,150.70143511752244,1296.0
2026-03-01 09:34:38.100,AAPL,150.7555506920072,483.0,150.74555069200719,469.0,150.7355506920072,1682.0,150.7755506920072,473.0,150.7855506920072,1259.0,150.7955506920072,1006.0
2026-03-01 09:34:38.200,AAPL,150.7372391911846,752.0,150.7272391911846,1673.0,150.7172391911846,335.0,150.7572391911846,254.0,150.76723919118461,1391.0,150.7772391911846,1378.0
2026-03-01 09:34:38.300,AAPL,150.65381460703097,614.0,150.64381460703095,1578.0,150.63381460703096,459.0,150.67381460703095,1369.0,150.68381460703097,1705.0,150.69381460703096,480.0
2026-03-01 09:34:38.400,AAPL,150.5846396613775,1169.0,150.5746396613775,1580.0,150.5646396613775,1700.0,150.6046396613775,1930.0,150.6146396613775,679.0,150.6246396613775,404.0
2026-03-01 09:34:38.500,AAPL,150.5615470923308,213.0,150.5515470923308,1549.0,150.5415470923308,267.0,150.5815470923308,310.0,150.5915470923308,1891.0,150.6015470923308,403.0
2026-03-01 09:34:38.600,AAPL,150.66225417184617,1221.0,150.65225417184615,417.0,150.64225417184616,1787.0,150.68225417184615,196.0,150.69225417184617,1131.0,150.70225417184616,1086.0
2026-03-01 09:34:38.700,AAPL,150.66310817185635,1614.0,150.65310817185633,1481.0,150.64310817185634,1523.0,150.68310817185633,256.0,150.69310817185635,330.0,150.70310817185634,166.0
2026-03-01 09:34:38.800,AAPL,150.63224896601875,1850.0,150.62224896601873,740.0,150.61224896601874,514.0,150.65224896601873,108.0,150.66224896601875,1923.0,150.67224896601874,1415.0
2026-03-01 09:34:38.900,AAPL,150.5979788531009,1782.0,150.58797885310088,574.0,150.5779788531009,1550.0,150.61797885310088,1531.0,150.6279788531009,1429.0,150.6379788531009,1563.0
2026-03-01 09:34:39.000,AAPL,150.5318427368506,1208.0,150.52184273685057,1272.0,150.51184273685058,395.0,150.55184273685057,1302.0,150.5618427368506,1715.0,150.57184273685058,1480.0
2026-03-01 09:34:39.100,AAPL,150.57557153833463,845.0,150.5655715383346,595.0,150.55557153833462,1792.0,150.5955715383346,1206.0,150.60557153833463,720.0,150.61557153833462,1783.0
2026-03-01 09:34:39.200,AAPL,150.57096810109866,1438.0,150.56096810109864,1619.0,150.55096810109865,851.0,150.59096810109864,1364.0,150.60096810109866,321.0,150.61096810109865,464.0
2026-03-01 09:34:39.300,AAPL,150.6759595765868,412.0,150.66595957658677,1176.0,150.65595957658678,1827.0,150.69595957658677,185.0,150.7059595765868,258.0,150.71595957658678,194.0
2026-03-01 09:34:39.400,AAPL,150.7073700464081,1476.0,150.69737004640808,1408.0,150.6873700464081,397.0,150.72737004640808,1930.0,150.7373700464081,842.0,150.7473700464081,1431.0
2026-03-01 09:34:39.500,AAPL,150.74886686221097,301.0,150.73886686221095,1010.0,150.72886686221096,417.0,150.76886686221096,1749.0,150.77886686221098,975.0,150.78886686221097,1676.0
2026-03-01 09:34:39.600,AAPL,150.73676162067383,1899.0,150.7267616206738,1569.0,150.71676162067382,651.0,150.7567616206738,830.0,150.76676162067383,785.0,150.77676162067382,665.0
2026-03-01 09:34:39.700,AAPL,150.68221010376516,961.0,150.67221010376514,482.0,150.66221010376515,535.0,150.70221010376514,426.0,150.71221010376516,1166.0,150.72221010376515,1812.0
2026-03-01 09:34:39.800,AAPL,150.6385310547487,1572.0,150.6285310547487,197.0,150.6185310547487,1272.0,150.6585310547487,523.0,150.6685310547487,1784.0,150.6785310547487,295.0
2026-03-01 09:34:39.900,AAPL,150.57006870755424,676.0,150.56006870755422,1101.0,150.55006870755423,1080.0,150.59006870755422,1155.0,150.60006870755424,141.0,150.61006870755423,381.0
2026-03-01 09:34:40.000,AAPL,150.61558844354516,264.0,150.60558844354514,151.0,150.59558844354515,1653.0,150.63558844354515,1612.0,150.64558844354517,922.0,150.65558844354516,952.0
2026-03-01 09:34:40.100,AAPL,150.59634268418287,885.0,150.58634268418285,1762.0,150.57634268418286,532.0,150.61634268418285,1755.0,150.62634268418287,1804.0,150.63634268418286,1516.0
2026-03-01 09:34:40.200,AAPL,150.64396771116247,411.0,150.63396771116246,1754.0,150.62396771116246,315.0,150.66396771116246,1126.0,150.67396771116248,745.0,150.68396771116247,1018.0
2026-03-01 09:34:40.300,AAPL,150.65076343127785,1453.0,150.64076343127783,552.0,150.63076343127784,1162.0,150.67076343127783,1949.0,150.68076343127785,181.0,150.69076343127784,984.0
2026-03-01 09:34:40.400,AAPL,150.6361225134893,195.0,150.6261225134893,344.0,150.6161225134893,1488.0,150.6561225134893,380.0,150.6661225134893,1134.0,150.6761225134893,447.0
2026-03-01 09:34:40.500,AAPL,150.5776423717409,950.0,150.56764237174087,155.0,150.55764237174088,1229.0,150.59764237174087,1375.0,150.6076423717409,1303.0,150.61764237174089,512.0
2026-03-01 09:34:40.600,AAPL,150.592724008389,1053.0,150.582724008389,1157.0,150.572724008389,313.0,150.612724008389,918.0,150.622724008389,1501.0,150.632724008389,1584.0
2026-03-01 09:34:40.700,AAPL,150.58179235756668,200.0,150.57179235756666,1283.0,150.56179235756667,629.0,150.60179235756667,1650.0,150.61179235756669,1160.0,150.62179235756668,128.0
2026-03-01 09:34:40.800,AAPL,150.62690155396444,332.0,150.61690155396442,344.0,150.60690155396443,160.0,150.64690155396443,1903.0,150.65690155396445,1644.0,150.66690155396444,107.0
2026-03-01 09:34:40.900,AAPL,150.59113102017068,955.0,150.58113102017066,393.0,150.57113102017067,609.0,150.61113102017066,1704.0,150.62113102017068,1857.0,150.63113102017067,842.0
2026-03-01 09:34:41.000,AAPL,150.62193640884553,757.0,150.6119364088455,936.0,150.60193640884552,1291.0,150.6419364088455,1709.0,150.65193640884553,1607.0,150.66193640884552,439.0
2026-03-01 09:34:41.100,AAPL,150.70397882965665,952.0,150.69397882965663,465.0,150.68397882965664,666.0,150.72397882965663,472.0,150.73397882965665,578.0,150.74397882965664,834.0
2026-03-01 09:34:41.200,AAPL,150.71760662538964,138.0,150.70760662538962,1553.0,150.69760662538962,656.0,150.73760662538962,1877.0,150.74760662538964,1948.0,150.75760662538963,783.0
2026-03-01 09:34:41.300,AAPL,150.75687119802674,1460.0,150.74687119802672,1675.0,150.73687119802673,176.0,150.77687119802673,1628.0,150.78687119802674,1556.0,150.79687119802674,141.0
2026-03-01 09:34:41.400,AAPL,150.78546571033561,535.0,150.7754657103356,775.0,150.7654657103356,1536.0,150.8054657103356,562.0,150.81546571033562,323.0,150.8254657103356,305.0
2026-03-01 09:34:41.500,AAPL,150.88037028456148,1162.0,150.87037028456146,1571.0,150.86037028456147,1169.0,150.90037028456146,407.0,150.91037028456148,320.0,150.92037028456147,256.0
2026-03-01 09:34:41.600,AAPL,150.89894830564617,1357.0,150.88894830564615,773.0,150.87894830564616,711.0,150.91894830564615,292.0,150.92894830564617,148.0,150.93894830564616,1961.0
2026-03-01 09:34:41.700,AAPL,150.93394624823296,870.0,150.92394624823294,938.0,150.91394624823295,1524.0,150.95394624823294,689.0,150.96394624823296,1910.0,150.97394624823295,256.0
2026-03-01 09:34:41.800,AAPL,150.93213244680715,764.0,150.92213244680713,1150.0,150.91213244680714,197.0,150.95213244680713,799.0,150.96213244680715,1203.0,150.97213244680714,1790.0
2026-03-01 09:34:41.900,AAPL,150.89341302002302,569.0,150.883413020023,1463.0,150.873413020023,1164.0,150.913413020023,1801.0,150.92341302002302,1730.0,150.933413020023,505.0
2026-03-01 09:34:42.000,AAPL,150.83300423573897,1546.0,150.82300423573895,1094.0,150.81300423573896,709.0,150.85300423573895,756.0,150.86300423573897,1872.0,150.87300423573896,518.0
2026-03-01 09:34:42.100,AAPL,150.8963504390208,1018.0,150.8863504390208,1636.0,150.8763504390208,268.0,150.9163504390208,878.0,150.9263504390208,485.0,150.9363504390208,898.0
2026-03-01 09:34:42.200,AAPL,150.84593247045368,1358.0,150.83593247045366,231.0,150.82593247045367,1025.0,150.86593247045366,1242.0,150.87593247045368,1074.0,150.88593247045367,1940.0
2026-03-01 09:34:42.300,AAPL,150.88322569544283,1890.0,150.8732256954428,633.0,150.86322569544282,1533.0,150.9032256954428,1972.0,150.91322569544283,661.0,150.92322569544282,1824.0
2026-03-01 09:34:42.400,AAPL,150.90402652696204,680.0,150.89402652696202,758.0,150.88402652696203,929.0,150.92402652696202,1236.0,150.93402652696204,317.0,150.94402652696203,122.0
2026-03-01 09:34:42.500,AAPL,150.94991579420682,307.0,150.9399157942068,262.0,150.9299157942068,618.0,150.9699157942068,679.0,150.97991579420682,583.0,150.9899157942068,1937.0
2026-03-01 09:34:42.600,AAPL,150.92418019307766,1403.0,150.91418019307764,204.0,150.90418019307765,1038.0,150.94418019307764,929.0,150.95418019307766,620.0,150.96418019307765,1532.0
2026-03-01 09:34:42.700,AAPL,150.88464369735348,777.0,150.87464369735346,223.0,150.86464369735347,769.0,150.90464369735346,210.0,150.91464369735348,808.0,150.92464369735347,1491.0
2026-03-01 09:34:42.800,AAPL,150.90356228925847,1530.0,150.89356228925845,1528.0,150.88356228925846,1530.0,150.92356228925846,495.0,150.93356228925848,392.0,150.94356228925847,178.0
2026-03-01 09:34:42.900,AAPL,150.8889452055981,1779.0,150.8789452055981,215.0,150.8689452055981,1329.0,150.9089452055981,1168.0,150.9189452055981,1077.0,150.9289452055981,245.0
2026-03-01 09:34:43.000,AAPL,150.82739378876778,366.0,150.81739378876776,1448.0,150.80739378876777,1893.0,150.84739378876776,1313.0,150.85739378876778,218.0,150.86739378876777,1538.0
2026-03-01 09:34:43.100,AAPL,150.9243200658848,723.0,150.9143200658848,1003.0,150.9043200658848,256.0,150.9443200658848,1106.0,150.95432006588481,1588.0,150.9643200658848,1067.0
2026-03-01 09:34:43.200,AAPL,150.8847496575867,1876.0,150.87474965758668,1691.0,150.86474965758669,1071.0,150.90474965758668,889.0,150.9147496575867,1680.0,150.9247496575867,1621.0
2026-03-01 09:34:43.300,AAPL,150.83506802198744,1371.0,150.82506802198742,1404.0,150.81506802198743,1763.0,150.85506802198742,281.0,150.86506802198744,1477.0,150.87506802198743,1110.0
2026-03-01 09:34:43.400,AAPL,150.82296123357847,1707.0,150.81296123357845,701.0,150.80296123357846,1649.0,150.84296123357845,1544.0,150.85296123357847,319.0,150.86296123357846,1585.0
2026-03-01 09:34:43.500,AAPL,150.88560416203634,1190.0,150.87560416203632,583.0,150.86560416203633,1421.0,150.90560416203633,325.0,150.91560416203635,1753.0,150.92560416203634,822.0
2026-03-01 09:34:43.600,AAPL,150.77726740988018,178.0,150.76726740988016,1527.0,150.75726740988017,347.0,150.79726740988016,505.0,150.80726740988018,1811.0,150.81726740988017,1030.0
2026-03-01 09:34:43.700,AAPL,150.83576159060894,1349.0,150.82576159060892,1510.0,150.81576159060893,1267.0,150.85576159060892,481.0,150.86576159060894,341.0,150.87576159060893,568.0
2026-03-01 09:34:43.800,AAPL,150.79018791553614,654.0,150.78018791553612,284.0,150.77018791553613,1468.0,150.81018791553612,353.0,150.82018791553614,737.0,150.83018791553613,982.0
2026-03-01 09:34:43.900,AAPL,150.80341417754155,1043.0,150.79341417754154,1558.0,150.78341417754154,1910.0,150.82341417754154,1665.0,150.83341417754156,117.0,150.84341417754155,1716.0
2026-03-01 09:34:44.000,AAPL,150.76961382945535,1242.0,150.75961382945533,1880.0,150.74961382945534,385.0,150.78961382945533,1559.0,150.79961382945535,1568.0,150.80961382945534,1200.0
2026-03-01 09:34:44.100,AAPL,150.86920967215545,1061.0,150.85920967215543,1953.0,150.84920967215544,1366.0,150.88920967215543,560.0,150.89920967215545,1522.0,150.90920967215544,570.0
2026-03-01 09:34:44.200,AAPL,150.87544067648759,957.0,150.86544067648757,1979.0,150.85544067648758,410.0,150.89544067648757,1943.0,150.9054406764876,1114.0,150.91544067648758,609.0
2026-03-01 09:34:44.300,AAPL,150.8400360989705,606.0,150.83003609897048,1825.0,150.8200360989705,393.0,150.86003609897048,1177.0,150.8700360989705,1206.0,150.8800360989705,1905.0
2026-03-01 09:34:44.400,AAPL,150.82498153287864,1840.0,150.81498153287862,1746.0,150.80498153287863,1074.0,150.84498153287862,833.0,150.85498153287864,1772.0,150.86498153287863,158.0
2026-03-01 09:34:44.500,AAPL,150.8294633866237,1116.0,150.81946338662368,241.0,150.8094633866237,527.0,150.84946338662368,205.0,150.8594633866237,526.0,150.8694633866237,626.0
2026-03-01 09:34:44.600,AAPL,150.83834721701183,697.0,150.8283472170118,368.0,150.81834721701182,1075.0,150.8583472170118,525.0,150.86834721701183,1994.0,150.87834721701182,280.0
2026-03-01 09:34:44.700,AAPL,150.86028534118788,1378.0,150.85028534118786,1796.0,150.84028534118787,957.0,150.88028534118786,1400.0,150.89028534118788,1150.0,150.90028534118787,1967.0
2026-03-01 09:34:44.800,AAPL,150.86021511080378,415.0,150.85021511080376,189.0,150.84021511080377,1436.0,150.88021511080376,1311.0,150.89021511080378,1262.0,150.90021511080377,1314.0
2026-03-01 09:34:44.900,AAPL,150.79135698997334,124.0,150.78135698997332,401.0,150.77135698997333,815.0,150.81135698997332,1080.0,150.82135698997334,1903.0,150.83135698997333,1848.0
2026-03-01 09:34:45.000,AAPL,150.77434360642826,1907.0,150.76434360642824,455.0,150.75434360642825,400.0,150.79434360642824,520.0,150.80434360642826,1307.0,150.81434360642825,602.0
2026-03-01 09:34:45.100,AAPL,150.8046765251703,177.0,150.79467652517027,817.0,150.78467652517028,1199.0,150.82467652517028,792.0,150.8346765251703,166.0,150.84467652517029,1272.0
2026-03-01 09:34:45.200,AAPL,150.77118238485136,411.0,150.76118238485134,196.0,150.75118238485135,881.0,150.79118238485134,554.0,150.80118238485136,1633.0,150.81118238485135,1879.0
2026-03-01 09:34:45.300,AAPL,150.80482144883626,1545.0,150.79482144883625,1336.0,150.78482144883625,1995.0,150.82482144883625,396.0,150.83482144883627,413.0,150.84482144883626,1363.0
2026-03-01 09:34:45.400,AAPL,150.80640735548417,918.0,150.79640735548415,825.0,150.78640735548416,191.0,150.82640735548415,1909.0,150.83640735548417,1058.0,150.84640735548416,423.0
2026-03-01 09:34:45.500,AAPL,150.79552034764583,429.0,150.78552034764581,393.0,150.77552034764582,1985.0,150.81552034764582,384.0,150.82552034764583,141.0,150.83552034764583,1305.0
2026-03-01 09:34:45.600,AAPL,150.85522754227281,1666.0,150.8452275422728,1063.0,150.8352275422728,417.0,150.8752275422728,1551.0,150.88522754227282,466.0,150.8952275422728,407.0
2026-03-01 09:34:45.700,AAPL,150.7683209700536,1112.0,150.75832097005357,1232.0,150.74832097005358,332.0,150.78832097005358,101.0,150.7983209700536,1903.0,150.8083209700536,146.0
2026-03-01 09:34:45.800,AAPL,150.73455492514037,626.0,150.72455492514035,1094.0,150.71455492514036,1840.0,150.75455492514035,1549.0,150.76455492514037,1550.0,150.77455492514036,1940.0
2026-03-01 09:34:45.900,AAPL,150.79617636062432,803.0,150.7861763606243,776.0,150.7761763606243,1303.0,150.8161763606243,510.0,150.82617636062432,1335.0,150.8361763606243,1940.0
2026-03-01 09:34:46.000,AAPL,150.88767881878198,682.0,150.87767881878196,574.0,150.86767881878197,1610.0,150.90767881878196,1026.0,150.91767881878198,908.0,150.92767881878197,1993.0
2026-03-01 09:34:46.100,AAPL,151.00197844301556,1650.0,150.99197844301554,737.0,150.98197844301555,1340.0,151.02197844301554,976.0,151.03197844301556,1289.0,151.04197844301555,692.0
2026-03-01 09:34:46.200,AAPL,151.00449621953248,494.0,150.99449621953246,1362.0,150.98449621953247,574.0,151.02449621953247,592.0,151.03449621953249,294.0,151.04449621953248,687.0
2026-03-01 09:34:46.300,AAPL,151.02739108851327,1114.0,151.01739108851325,827.0,151.00739108851326,252.0,151.04739108851325,1489.0,151.05739108851327,941.0,151.06739108851326,1237.0
2026-03-01 09:34:46.400,AAPL,151.06826247987505,1637.0,151.05826247987503,480.0,151.04826247987504,1969.0,151.08826247987503,442.0,151.09826247987505,977.0,151.10826247987504,1909.0
2026-03-01 09:34:46.500,AAPL,151.13201624348295,837.0,151.12201624348293,1731.0,151.11201624348294,1970.0,151.15201624348293,1640.0,151.16201624348295,906.0,151.17201624348294,1788.0
2026-03-01 09:34:46.600,AAPL,151.1476708402167,1204.0,151.13767084021669,1219.0,151.1276708402167,1876.0,151.1676708402167,1354.0,151.1776708402167,1509.0,151.1876708402167,109.0
2026-03-01 09:34:46.700,AAPL,151.19397828638898,1657.0,151.18397828638896,1730.0,151.17397828638897,363.0,151.21397828638896,595.0,151.22397828638898,1874.0,151.23397828638898,1795.0
2026-03-01 09:34:46.800,AAPL,151.21696697641121,1198.0,151.2069669764112,1777.0,151.1969669764112,1396.0,151.2369669764112,378.0,151.24696697641122,227.0,151.2569669764112,219.0
2026-03-01 09:34:46.900,AAPL,151.24307817350663,1684.0,151.2330781735066,227.0,151.22307817350662,1788.0,151.2630781735066,899.0,151.27307817350663,276.0,151.28307817350662,771.0
2026-03-01 09:34:47.000,AAPL,151.19715971166164,1777.0,151.18715971166162,1042.0,151.17715971166163,191.0,151.21715971166162,1316.0,151.22715971166164,177.0,151.23715971166163,765.0
2026-03-01 09:34:47.100,AAPL,151.18069902569283,764.0,151.1706990256928,1666.0,151.16069902569282,347.0,151.2006990256928,1404.0,151.21069902569283,726.0,151.22069902569282,1192.0
2026-03-01 09:34:47.200,AAPL,151.15456056578893,1692.0,151.1445605657889,515.0,151.13456056578892,304.0,151.1745605657889,950.0,151.18456056578893,1184.0,151.19456056578892,1848.0
2026-03-01 09:34:47.300,AAPL,151.09511579311,1222.0,151.08511579311,1468.0,151.07511579311,1202.0,151.11511579311,143.0,151.12511579311,1670.0,151.13511579311,698.0
2026-03-01 09:34:47.400,AAPL,151.01253553189946,722.0,151.00253553189944,728.0,150.99253553189945,436.0,151.03253553189944,1083.0,151.04253553189946,1390.0,151.05253553189945,393.0
2026-03-01 09:34:47.500,AAPL,150.99135415696986,974.0,150.98135415696984,1053.0,150.97135415696985,1513.0,151.01135415696984,313.0,151.02135415696986,1310.0,151.03135415696985,499.0
2026-03-01 09:34:47.600,AAPL,150.97816004064805,1895.0,150.96816004064803,1873.0,150.95816004064804,608.0,150.99816004064803,1467.0,151.00816004064805,146.0,151.01816004064804,459.0
2026-03-01 09:34:47.700,AAPL,150.98341189444943,956.0,150.9734118944494,361.0,150.96341189444942,1705.0,151.0034118944494,1510.0,151.01341189444943,725.0,151.02341189444942,1393.0
2026-03-01 09:34:47.800,AAPL,151.01119878649143,1532.0,151.00119878649141,1689.0,150.99119878649142,1399.0,151.03119878649142,1113.0,151.04119878649144,1607.0,151.05119878649143,1575.0
2026-03-01 09:34:47.900,AAPL,151.02060489867173,1885.0,151.01060489867172,1656.0,151.00060489867172,480.0,151.04060489867172,1536.0,151.05060489867174,520.0,151.06060489867173,667.0
2026-03-01 09:34:48.000,AAPL,151.0077593397952,1330.0,150.99775933979518,1052.0,150.9877593397952,1308.0,151.02775933979518,1414.0,151.0377593397952,1921.0,151.0477593397952,1155.0
2026-03-01 09:34:48.100,AAPL,150.96200302400635,260.0,150.95200302400633,386.0,150.94200302400634,1160.0,150.98200302400633,1835.0,150.99200302400635,1586.0,151.00200302400634,512.0
2026-03-01 09:34:48.200,AAPL,151.0058564788814,285.0,150.9958564788814,1515.0,150.9858564788814,1414.0,151.0258564788814,969.0,151.0358564788814,1764.0,151.0458564788814,1452.0
2026-03-01 09:34:48.300,AAPL,151.00076536801694,543.0,150.99076536801692,1812.0,150.98076536801693,1077.0,151.02076536801692,1055.0,151.03076536801694,451.0,151.04076536801693,1925.0
2026-03-01 09:34:48.400,AAPL,150.9790758782666,1695.0,150.96907587826658,544.0,150.9590758782666,284.0,150.99907587826658,1188.0,151.0090758782666,1455.0,151.0190758782666,577.0
2026-03-01 09:34:48.500,AAPL,150.96975316414594,494.0,150.95975316414592,542.0,150.94975316414593,190.0,150.98975316414592,798.0,150.99975316414594,915.0,151.00975316414593,1856.0
2026-03-01 09:34:48.600,AAPL,150.9331159467782,162.0,150.92311594677818,1073.0,150.9131159467782,347.0,150.95311594677818,159.0,150.9631159467782,1062.0,150.9731159467782,978.0
2026-03-01 09:34:48.700,AAPL,150.90658225060764,719.0,150.89658225060762,1579.0,150.88658225060763,552.0,150.92658225060762,1846.0,150.93658225060764,1113.0,150.94658225060763,1696.0
2026-03-01 09:34:48.800,AAPL,150.87845933494313,1053.0,150.8684593349431,1815.0,150.85845933494312,544.0,150.8984593349431,1854.0,150.90845933494313,274.0,150.91845933494312,1298.0
2026-03-01 09:34:48.900,AAPL,150.86409246404313,1450.0,150.8540924640431,929.0,150.84409246404311,143.0,150.8840924640431,1703.0,150.89409246404313,1896.0,150.90409246404312,1690.0
2026-03-01 09:34:49.000,AAPL,150.89688021188402,1211.0,150.886880211884,1713.0,150.87688021188401,1531.0,150.916880211884,893.0,150.92688021188403,1562.0,150.93688021188402,562.0
2026-03-01 09:34:49.100,AAPL,150.91723581531105,568.0,150.90723581531103,1278.0,150.89723581531103,632.0,150.93723581531103,1358.0,150.94723581531105,1535.0,150.95723581531104,1735.0
2026-03-01 09:34:49.200,AAPL,150.99457268567508,1868.0,150.98457268567506,845.0,150.97457268567507,1339.0,151.01457268567506,244.0,151.02457268567508,175.0,151.03457268567507,734.0
2026-03-01 09:34:49.300,AAPL,151.0551591402807,993.0,151.04515914028067,581.0,151.03515914028068,244.0,151.07515914028068,1914.0,151.0851591402807,728.0,151.09515914028069,525.0
2026-03-01 09:34:49.400,AAPL,151.15298022894243,368.0,151.1429802289424,349.0,151.13298022894242,1606.0,151.1729802289424,1016.0,151.18298022894243,1044.0,151.19298022894242,1218.0
2026-03-01 09:34:49.500,AAPL,151.18093815292596,115.0,151.17093815292594,1574.0,151.16093815292595,1606.0,151.20093815292594,1776.0,151.21093815292596,1655.0,151.22093815292595,1870.0
2026-03-01 09:34:49.600,AAPL,151.20809341404464,113.0,151.19809341404462,172.0,151.18809341404463,218.0,151.22809341404462,1794.0,151.23809341404464,1306.0,151.24809341404463,1157.0
2026-03-01 09:34:49.700,AAPL,151.18372262516277,1830.0,151.17372262516275,776.0,151.16372262516276,1423.0,151.20372262516275,1616.0,151.21372262516277,653.0,151.22372262516276,1764.0
2026-03-01 09:34:49.800,AAPL,151.22502337003755,1071.0,151.21502337003753,132.0,151.20502337003754,742.0,151.24502337003753,842.0,151.25502337003755,788.0,151.26502337003754,1569.0
2026-03-01 09:34:49.900,AAPL,151.19221752353542,740.0,151.1822175235354,1551.0,151.1722175235354,295.0,151.2122175235354,1425.0,151.22221752353542,1384.0,151.2322175235354,1067.0
2026-03-01 09:34:50.000,AAPL,151.11869474731634,825.0,151.10869474731632,930.0,151.09869474731633,897.0,151.13869474731632,1309.0,151.14869474731634,1808.0,151.15869474731633,944.0
2026-03-01 09:34:50.100,AAPL,151.1950109169287,1929.0,151.1850109169287,1835.0,151.1750109169287,1223.0,151.2150109169287,474.0,151.2250109169287,1887.0,151.2350109169287,1506.0
2026-03-01 09:34:50.200,AAPL,151.13255183719707,1370.0,151.12255183719705,919.0,151.11255183719706,1673.0,151.15255183719705,315.0,151.16255183719707,1455.0,151.17255183719706,858.0
2026-03-01 09:34:50.300,AAPL,151.15449442667685,1185.0,151.14449442667683,674.0,151.13449442667684,1885.0,151.17449442667683,574.0,151.18449442667685,1858.0,151.19449442667684,566.0
2026-03-01 09:34:50.400,AAPL,151.11047785803518,595.0,151.10047785803516,636.0,151.09047785803517,565.0,151.13047785803516,993.0,151.14047785803518,1790.0,151.15047785803517,606.0
2026-03-01 09:34:50.500,AAPL,151.1668112391748,239.0,151.15681123917477,1368.0,151.14681123917478,1986.0,151.18681123917477,923.0,151.1968112391748,1751.0,151.20681123917478,701.0
2026-03-01 09:34:50.600,AAPL,151.22995873846332,1672.0,151.2199587384633,1922.0,151.2099587384633,1439.0,151.2499587384633,1364.0,151.25995873846333,240.0,151.26995873846332,940.0
2026-03-01 09:34:50.700,AAPL,151.25641762883447,1725.0,151.24641762883445,602.0,151.23641762883446,1344.0,151.27641762883445,1037.0,151.28641762883447,1318.0,151.29641762883446,1484.0
2026-03-01 09:34:50.800,AAPL,151.31873586430828,663.0,151.30873586430826,1504.0,151.29873586430827,701.0,151.33873586430826,992.0,151.34873586430828,1795.0,151.35873586430827,395.0
2026-03-01 09:34:50.900,AAPL,151.31910271809986,1487.0,151.30910271809984,717.0,151.29910271809985,1051.0,151.33910271809984,344.0,151.34910271809986,1171.0,151.35910271809985,1040.0
2026-03-01 09:34:51.000,AAPL,151.43081145214114,262.0,151.42081145214112,1360.0,151.41081145214113,1800.0,151.45081145214112,304.0,151.46081145214114,621.0,151.47081145214113,663.0
2026-03-01 09:34:51.100,AAPL,151.46811971381578,1500.0,151.45811971381576,1556.0,151.44811971381577,1930.0,151.48811971381576,141.0,151.49811971381578,1486.0,151.50811971381577,1832.0
2026-03-01 09:34:51.200,AAPL,151.4230921358346,1256.0,151.41309213583457,959.0,151.40309213583458,347.0,151.44309213583458,616.0,151.4530921358346,1764.0,151.4630921358346,1351.0
2026-03-01 09:34:51.300,AAPL,151.4265724712718,1492.0,151.4165724712718,1018.0,151.4065724712718,1957.0,151.4465724712718,891.0,151.4565724712718,332.0,151.4665724712718,1477.0
2026-03-01 09:34:51.400,AAPL,151.41894736996107,1533.0,151.40894736996106,1023.0,151.39894736996106,564.0,151.43894736996106,322.0,151.44894736996108,1499.0,151.45894736996107,400.0
2026-03-01 09:34:51.500,AAPL,151.40642616703917,1306.0,151.39642616703915,1626.0,151.38642616703916,1589.0,151.42642616703915,1568.0,151.43642616703917,1814.0,151.44642616703916,1771.0
2026-03-01 09:34:51.600,AAPL,151.32356920564422,657.0,151.3135692056442,705.0,151.3035692056442,1264.0,151.3435692056442,878.0,151.35356920564422,1477.0,151.3635692056442,1095.0
2026-03-01 09:34:51.700,AAPL,151.3429124328664,729.0,151.33291243286638,853.0,151.3229124328664,1491.0,151.36291243286638,266.0,151.3729124328664,216.0,151.3829124328664,1989.0
2026-03-01 09:34:51.800,AAPL,151.27362478391936,962.0,151.26362478391934,1847.0,151.25362478391935,1452.0,151.29362478391934,1732.0,151.30362478391936,668.0,151.31362478391935,1141.0
2026-03-01 09:34:51.900,AAPL,151.14735441989325,1733.0,151.13735441989323,539.0,151.12735441989324,1207.0,151.16735441989323,1608.0,151.17735441989325,1149.0,151.18735441989324,379.0
2026-03-01 09:34:52.000,AAPL,151.13015373783708,1408.0,151.12015373783706,1416.0,151.11015373783707,372.0,151.15015373783706,899.0,151.16015373783708,1730.0,151.17015373783707,215.0
2026-03-01 09:34:52.100,AAPL,151.09235905516746,591.0,151.08235905516744,535.0,151.07235905516745,410.0,151.11235905516745,621.0,151.12235905516746,824.0,151.13235905516746,1962.0
2026-03-01 09:34:52.200,AAPL,151.0492822045357,327.0,151.03928220453568,1185.0,151.0292822045357,847.0,151.06928220453568,1987.0,151.0792822045357,1888.0,151.0892822045357,1580.0
2026-03-01 09:34:52.300,AAPL,150.8941274070174,1821.0,150.8841274070174,1740.0,150.8741274070174,1637.0,150.9141274070174,1552.0,150.9241274070174,336.0,150.9341274070174,1391.0
2026-03-01 09:34:52.400,AAPL,150.85158526321976,1844.0,150.84158526321974,1746.0,150.83158526321975,798.0,150.87158526321974,1461.0,150.88158526321976,361.0,150.89158526321975,1828.0
2026-03-01 09:34:52.500,AAPL,150.84290316996112,1366.0,150.8329031699611,585.0,150.8229031699611,1692.0,150.8629031699611,1075.0,150.87290316996112,986.0,150.8829031699611,546.0
2026-03-01 09:34:52.600,AAPL,150.8111954729563,1491.0,150.8011954729563,1701.0,150.7911954729563,1932.0,150.8311954729563,1835.0,150.84119547295631,1177.0,150.8511954729563,1519.0
2026-03-01 09:34:52.700,AAPL,150.830562656769,746.0,150.82056265676897,477.0,150.81056265676898,1839.0,150.85056265676897,1316.0,150.860562656769,1718.0,150.87056265676898,1549.0
2026-03-01 09:34:52.800,AAPL,150.90019568919277,176.0,150.89019568919275,1793.0,150.88019568919276,448.0,150.92019568919275,902.0,150.93019568919277,190.0,150.94019568919276,1464.0
2026-03-01 09:34:52.900,AAPL,150.92601406120554,109.0,150.91601406120552,1922.0,150.90601406120552,191.0,150.94601406120552,1674.0,150.95601406120554,955.0,150.96601406120553,1824.0
2026-03-01 09:34:53.000,AAPL,150.97733377591064,1814.0,150.96733377591062,902.0,150.95733377591063,111.0,150.99733377591062,1662.0,151.00733377591064,391.0,151.01733377591063,1502.0
2026-03-01 09:34:53.100,AAPL,151.03279011039305,1211.0,151.02279011039303,1326.0,151.01279011039304,1851.0,151.05279011039303,872.0,151.06279011039305,810.0,151.07279011039304,1989.0
2026-03-01 09:34:53.200,AAPL,150.9818470720397,1742.0,150.97184707203968,298.0,150.9618470720397,1765.0,151.00184707203968,1741.0,151.0118470720397,1755.0,151.0218470720397,408.0
2026-03-01 09:34:53.300,AAPL,151.00380280667403,1322.0,150.993802806674,895.0,150.98380280667402,1997.0,151.023802806674,393.0,151.03380280667403,646.0,151.04380280667402,1628.0
2026-03-01 09:34:53.400,AAPL,151.0535606743423,1244.0,151.04356067434227,1092.0,151.03356067434228,1005.0,151.07356067434227,1080.0,151.0835606743423,1021.0,151.09356067434229,506.0
2026-03-01 09:34:53.500,AAPL,151.03176265043987,836.0,151.02176265043985,1543.0,151.01176265043986,382.0,151.05176265043985,100.0,151.06176265043987,805.0,151.07176265043987,353.0
2026-03-01 09:34:53.600,AAPL,150.99223131793835,492.0,150.98223131793833,594.0,150.97223131793834,1233.0,151.01223131793833,1581.0,151.02223131793835,831.0,151.03223131793834,157.0
2026-03-01 09:34:53.700,AAPL,151.01875164089918,1121.0,151.00875164089916,1865.0,150.99875164089917,1338.0,151.03875164089916,1670.0,151.04875164089918,469.0,151.05875164089917,1018.0
2026-03-01 09:34:53.800,AAPL,150.9446701973098,626.0,150.93467019730977,455.0,150.92467019730978,271.0,150.96467019730977,1741.0,150.9746701973098,157.0,150.98467019730978,988.0
2026-03-01 09:34:53.900,AAPL,150.89026996815647,148.0,150.88026996815645,955.0,150.87026996815646,336.0,150.91026996815646,281.0,150.92026996815648,667.0,150.93026996815647,1984.0
2026-03-01 09:34:54.000,AAPL,150.8569321507773,862.0,150.8469321507773,763.0,150.8369321507773,1281.0,150.8769321507773,907.0,150.8869321507773,631.0,150.8969321507773,1967.0
2026-03-01 09:34:54.100,AAPL,150.87945786143385,1285.0,150.86945786143383,1761.0,150.85945786143384,1661.0,150.89945786143383,489.0,150.90945786143385,374.0,150.91945786143384,1103.0
2026-03-01 09:34:54.200,AAPL,150.89040348751163,1275.0,150.88040348751161,886.0,150.87040348751162,1213.0,150.91040348751162,863.0,150.92040348751163,421.0,150.93040348751163,279.0
2026-03-01 09:34:54.300,AAPL,150.94202203148924,1523.0,150.93202203148923,1838.0,150.92202203148923,1021.0,150.96202203148923,944.0,150.97202203148925,290.0,150.98202203148924,1266.0
2026-03-01 09:34:54.400,AAPL,150.89592852877107,1723.0,150.88592852877105,197.0,150.87592852877106,945.0,150.91592852877105,1347.0,150.92592852877107,1468.0,150.93592852877106,1710.0
2026-03-01 09:34:54.500,AAPL,150.84715488020768,758.0,150.83715488020766,1656.0,150.82715488020767,982.0,150.86715488020766,1865.0,150.87715488020768,1019.0,150.88715488020767,1979.0
2026-03-01 09:34:54.600,AAPL,150.87335047864516,599.0,150.86335047864515,931.0,150.85335047864515,352.0,150.89335047864515,1664.0,150.90335047864517,1932.0,150.91335047864516,257.0
2026-03-01 09:34:54.700,AAPL,150.8334171334398,1744.0,150.8234171334398,1807.0,150.8134171334398,469.0,150.8534171334398,759.0,150.8634171334398,1262.0,150.8734171334398,850.0
2026-03-01 09:34:54.800,AAPL,150.8032419376651,1220.0,150.79324193766507,1167.0,150.78324193766508,581.0,150.82324193766507,1580.0,150.8332419376651,1519.0,150.84324193766508,333.0
2026-03-01 09:34:54.900,AAPL,150.7104036957025,1633.0,150.70040369570248,132.0,150.69040369570249,1593.0,150.73040369570248,775.0,150.7404036957025,201.0,150.7504036957025,1346.0
2026-03-01 09:34:55.000,AAPL,150.7249459957732,768.0,150.71494599577318,1120.0,150.7049459957732,236.0,150.74494599577318,107.0,150.7549459957732,1369.0,150.7649459957732,1477.0
2026-03-01 09:34:55.100,AAPL,150.802010519364,234.0,150.79201051936397,1885.0,150.78201051936398,1182.0,150.82201051936397,103.0,150.832010519364,1863.0,150.84201051936398,1895.0
2026-03-01 09:34:55.200,AAPL,150.75054607354897,156.0,150.74054607354896,1684.0,150.73054607354896,1104.0,150.77054607354896,1179.0,150.78054607354898,1768.0,150.79054607354897,1687.0
2026-03-01 09:34:55.300,AAPL,150.80163125413497,1537.0,150.79163125413496,1392.0,150.78163125413496,1694.0,150.82163125413496,1461.0,150.83163125413498,1553.0,150.84163125413497,405.0
2026-03-01 09:34:55.400,AAPL,150.79866132508548,522.0,150.78866132508546,395.0,150.77866132508547,540.0,150.81866132508546,1972.0,150.82866132508548,306.0,150.83866132508547,1943.0
2026-03-01 09:34:55.500,AAPL,150.710390593165,449.0,150.70039059316497,1666.0,150.69039059316498,763.0,150.73039059316497,1103.0,150.740390593165,937.0,150.75039059316498,534.0
2026-03-01 09:34:55.600,AAPL,150.66565425038357,366.0,150.65565425038355,369.0,150.64565425038356,911.0,150.68565425038355,882.0,150.69565425038357,1922.0,150.70565425038356,606.0
2026-03-01 09:34:55.700,AAPL,150.61783088374338,1084.0,150.60783088374336,311.0,150.59783088374337,508.0,150.63783088374336,1905.0,150.64783088374338,1012.0,150.65783088374337,1256.0
2026-03-01 09:34:55.800,AAPL,150.60200449448635,1182.0,150.59200449448633,170.0,150.58200449448634,1709.0,150.62200449448633,1780.0,150.63200449448635,898.0,150.64200449448634,121.0
2026-03-01 09:34:55.900,AAPL,150.6229802089087,665.0,150.61298020890868,772.0,150.6029802089087,1914.0,150.64298020890868,1439.0,150.6529802089087,207.0,150.6629802089087,223.0
2026-03-01 09:34:56.000,AAPL,150.71542635077077,931.0,150.70542635077075,1668.0,150.69542635077076,838.0,150.73542635077075,644.0,150.74542635077077,1351.0,150.75542635077076,408.0
2026-03-01 09:34:56.100,AAPL,150.64386906102484,1805.0,150.63386906102482,151.0,150.62386906102483,1952.0,150.66386906102483,1111.0,150.67386906102485,1554.0,150.68386906102484,111.0
2026-03-01 09:34:56.200,AAPL,150.61963019117883,413.0,150.6096301911788,1751.0,150.59963019117882,324.0,150.6396301911788,934.0,150.64963019117883,1450.0,150.65963019117882,395.0
2026-03-01 09:34:56.300,AAPL,150.5748311485333,784.0,150.56483114853327,554.0,150.55483114853328,183.0,150.59483114853327,376.0,150.6048311485333,551.0,150.61483114853328,1462.0
2026-03-01 09:34:56.400,AAPL,150.51143217545885,240.0,150.50143217545883,1053.0,150.49143217545884,443.0,150.53143217545883,586.0,150.54143217545885,192.0,150.55143217545884,955.0
2026-03-01 09:34:56.500,AAPL,150.51620455978932,939.0,150.5062045597893,1999.0,150.4962045597893,622.0,150.5362045597893,260.0,150.54620455978932,1978.0,150.5562045597893,1096.0
2026-03-01 09:34:56.600,AAPL,150.51627855934865,1414.0,150.50627855934863,1767.0,150.49627855934864,1199.0,150.53627855934863,1725.0,150.54627855934865,1417.0,150.55627855934864,1360.0
2026-03-01 09:34:56.700,AAPL,150.4255884419945,1465.0,150.4155884419945,869.0,150.4055884419945,538.0,150.4455884419945,1091.0,150.4555884419945,1139.0,150.4655884419945,854.0
2026-03-01 09:34:56.800,AAPL,150.42649596839178,795.0,150.41649596839176,1461.0,150.40649596839177,321.0,150.44649596839176,1244.0,150.45649596839178,133.0,150.46649596839177,1733.0
2026-03-01 09:34:56.900,AAPL,150.36622616874624,1366.0,150.35622616874622,890.0,150.34622616874623,509.0,150.38622616874622,349.0,150.39622616874624,1450.0,150.40622616874623,655.0
2026-03-01 09:34:57.000,AAPL,150.36681755470298,279.0,150.35681755470296,1552.0,150.34681755470297,1561.0,150.38681755470296,1434.0,150.39681755470298,1384.0,150.40681755470297,250.0
2026-03-01 09:34:57.100,AAPL,150.4302923793633,1654.0,150.42029237936327,720.0,150.41029237936328,1106.0,150.45029237936328,443.0,150.4602923793633,1578.0,150.4702923793633,312.0
2026-03-01 09:34:57.200,AAPL,150.45344577741707,600.0,150.44344577741705,882.0,150.43344577741706,1483.0,150.47344577741706,685.0,150.48344577741707,1839.0,150.49344577741707,805.0
2026-03-01 09:34:57.300,AAPL,150.46232163213745,151.0,150.45232163213743,614.0,150.44232163213744,1749.0,150.48232163213743,1092.0,150.49232163213745,1643.0,150.50232163213744,1821.0
2026-03-01 09:34:57.400,AAPL,150.43588334426727,1622.0,150.42588334426725,113.0,150.41588334426726,1798.0,150.45588334426725,1786.0,150.46588334426727,1189.0,150.47588334426726,698.0
2026-03-01 09:34:57.500,AAPL,150.4392267268095,1559.0,150.42922672680947,1382.0,150.41922672680948,709.0,150.45922672680948,109.0,150.4692267268095,1410.0,150.4792267268095,492.0
2026-03-01 09:34:57.600,AAPL,150.4673894379219,1343.0,150.45738943792188,418.0,150.44738943792188,572.0,150.48738943792188,1283.0,150.4973894379219,1364.0,150.5073894379219,872.0
2026-03-01 09:34:57.700,AAPL,150.4905977550623,885.0,150.4805977550623,256.0,150.4705977550623,1424.0,150.5105977550623,394.0,150.5205977550623,1597.0,150.5305977550623,582.0
2026-03-01 09:34:57.800,AAPL,150.48563681687162,961.0,150.4756368168716,455.0,150.4656368168716,1106.0,150.5056368168716,237.0,150.51563681687162,1639.0,150.5256368168716,1963.0
2026-03-01 09:34:57.900,AAPL,150.49650563306858,937.0,150.48650563306856,1106.0,150.47650563306857,1073.0,150.51650563306856,1229.0,150.52650563306858,1144.0,150.53650563306857,599.0
2026-03-01 09:34:58.000,AAPL,150.43067754206646,166.0,150.42067754206644,1007.0,150.41067754206645,424.0,150.45067754206644,1531.0,150.46067754206646,1924.0,150.47067754206645,308.0
2026-03-01 09:34:58.100,AAPL,150.3939607033276,1018.0,150.38396070332757,807.0,150.37396070332758,964.0,150.41396070332758,1976.0,150.4239607033276,1832.0,150.43396070332759,1042.0
2026-03-01 09:34:58.200,AAPL,150.4293386909549,1260.0,150.41933869095487,1255.0,150.40933869095488,1496.0,150.44933869095487,874.0,150.4593386909549,1022.0,150.46933869095488,1013.0
2026-03-01 09:34:58.300,AAPL,150.4714403385236,1215.0,150.46144033852357,544.0,150.45144033852358,1361.0,150.49144033852357,1298.0,150.5014403385236,1090.0,150.51144033852358,1628.0
2026-03-01 09:34:58.400,AAPL,150.47612026806556,1119.0,150.46612026806554,1887.0,150.45612026806555,293.0,150.49612026806554,1650.0,150.50612026806556,1062.0,150.51612026806555,1383.0
2026-03-01 09:34:58.500,AAPL,150.55006855478382,771.0,150.5400685547838,1853.0,150.5300685547838,299.0,150.5700685547838,1571.0,150.58006855478382,652.0,150.5900685547838,209.0
2026-03-01 09:34:58.600,AAPL,150.57546952560688,381.0,150.56546952560686,1844.0,150.55546952560687,530.0,150.59546952560686,626.0,150.60546952560688,963.0,150.61546952560687,627.0
2026-03-01 09:34:58.700,AAPL,150.56381314971372,1511.0,150.5538131497137,244.0,150.5438131497137,554.0,150.5838131497137,1940.0,150.59381314971372,1473.0,150.60381314971372,664.0
2026-03-01 09:34:58.800,AAPL,150.5028255120617,878.0,150.49282551206167,1097.0,150.48282551206168,1618.0,150.52282551206167,883.0,150.5328255120617,516.0,150.54282551206168,1147.0
2026-03-01 09:34:58.900,AAPL,150.57476217456315,1485.0,150.56476217456313,1127.0,150.55476217456314,1787.0,150.59476217456313,322.0,150.60476217456315,665.0,150.61476217456314,1919.0
2026-03-01 09:34:59.000,AAPL,150.6132780474209,1314.0,150.60327804742087,844.0,150.59327804742088,1437.0,150.63327804742087,662.0,150.6432780474209,424.0,150.65327804742088,932.0
2026-03-01 09:34:59.100,AAPL,150.7031936185674,1022.0,150.6931936185674,1537.0,150.6831936185674,267.0,150.7231936185674,722.0,150.7331936185674,1854.0,150.7431936185674,1033.0
2026-03-01 09:34:59.200,AAPL,150.8115359913426,1744.0,150.80153599134258,1575.0,150.79153599134258,932.0,150.83153599134258,195.0,150.8415359913426,1649.0,150.8515359913426,351.0
2026-03-01 09:34:59.300,AAPL,150.74718897600346,1156.0,150.73718897600344,270.0,150.72718897600345,1094.0,150.76718897600344,1660.0,150.77718897600346,974.0,150.78718897600345,863.0
2026-03-01 09:34:59.400,AAPL,150.6829722887971,1227.0,150.67297228879707,1536.0,150.66297228879708,923.0,150.70297228879707,114.0,150.7129722887971,1788.0,150.72297228879708,1101.0
2026-03-01 09:34:59.500,AAPL,150.53981229316864,346.0,150.52981229316862,992.0,150.51981229316863,929.0,150.55981229316862,1559.0,150.56981229316864,593.0,150.57981229316863,1088.0
2026-03-01 09:34:59.600,AAPL,150.58573040002014,1338.0,150.57573040002012,742.0,150.56573040002013,1509.0,150.60573040002012,575.0,150.61573040002014,1776.0,150.62573040002013,1691.0
2026-03-01 09:34:59.700,AAPL,150.61855453439452,388.0,150.6085545343945,487.0,150.5985545343945,857.0,150.6385545343945,1255.0,150.64855453439452,1882.0,150.6585545343945,474.0
2026-03-01 09:34:59.800,AAPL,150.6234434844008,366.0,150.6134434844008,1419.0,150.6034434844008,1816.0,150.6434434844008,674.0,150.6534434844008,1242.0,150.6634434844008,1410.0
2026-03-01 09:34:59.900,AAPL,150.56213682284863,1519.0,150.5521368228486,132.0,150.54213682284862,829.0,150.5821368228486,1328.0,150.59213682284863,1113.0,150.60213682284862,525.0
2026-03-01 09:35:00.000,AAPL,150.5576851383924,1990.0,150.54768513839238,409.0,150.5376851383924,1020.0,150.57768513839238,1996.0,150.5876851383924,986.0,150.5976851383924,758.0
2026-03-01 09:35:00.100,AAPL,150.56692041314278,218.0,150.55692041314276,300.0,150.54692041314277,1962.0,150.58692041314276,1976.0,150.59692041314278,1514.0,150.60692041314277,1948.0
2026-03-01 09:35:00.200,AAPL,150.60605669648675,1313.0,150.59605669648673,1659.0,150.58605669648674,1900.0,150.62605669648673,721.0,150.63605669648675,914.0,150.64605669648674,1663.0
2026-03-01 09:35:00.300,AAPL,150.61970604221,1597.0,150.60970604220998,1959.0,150.59970604221,894.0,150.63970604220998,1070.0,150.64970604221,1950.0,150.65970604221,832.0
2026-03-01 09:35:00.400,AAPL,150.65289610695956,1502.0,150.64289610695954,235.0,150.63289610695955,1925.0,150.67289610695954,1025.0,150.68289610695956,936.0,150.69289610695955,824.0
2026-03-01 09:35:00.500,AAPL,150.64668956346387,1302.0,150.63668956346385,577.0,150.62668956346386,1604.0,150.66668956346385,1635.0,150.67668956346387,709.0,150.68668956346386,1692.0
2026-03-01 09:35:00.600,AAPL,150.70576365816012,293.0,150.6957636581601,1357.0,150.6857636581601,1602.0,150.7257636581601,1386.0,150.73576365816012,1288.0,150.74576365816012,1740.0
2026-03-01 09:35:00.700,AAPL,150.7373501620323,655.0,150.72735016203228,1906.0,150.7173501620323,324.0,150.75735016203228,896.0,150.7673501620323,362.0,150.7773501620323,1955.0
2026-03-01 09:35:00.800,AAPL,150.67800350849726,159.0,150.66800350849724,176.0,150.65800350849725,1111.0,150.69800350849724,1443.0,150.70800350849726,1028.0,150.71800350849725,1588.0
2026-03-01 09:35:00.900,AAPL,150.74746452688007,404.0,150.73746452688005,1047.0,150.72746452688006,852.0,150.76746452688005,946.0,150.77746452688007,1553.0,150.78746452688006,231.0
2026-03-01 09:35:01.000,AAPL,150.80874310301581,1750.0,150.7987431030158,1647.0,150.7887431030158,949.0,150.8287431030158,1282.0,150.83874310301582,744.0,150.8487431030158,1304.0
2026-03-01 09:35:01.100,AAPL,150.8320168398685,856.0,150.82201683986847,1976.0,150.81201683986848,572.0,150.85201683986847,1128.0,150.8620168398685,1378.0,150.87201683986848,179.0
2026-03-01 09:35:01.200,AAPL,150.84605272511786,1649.0,150.83605272511784,1003.0,150.82605272511785,297.0,150.86605272511784,170.0,150.87605272511786,1021.0,150.88605272511785,715.0
2026-03-01 09:35:01.300,AAPL,150.92898330356175,930.0,150.91898330356173,1203.0,150.90898330356174,1046.0,150.94898330356173,843.0,150.95898330356175,882.0,150.96898330356174,191.0
2026-03-01 09:35:01.400,AAPL,150.84731766024817,857.0,150.83731766024815,780.0,150.82731766024816,1085.0,150.86731766024815,919.0,150.87731766024817,353.0,150.88731766024816,711.0
2026-03-01 09:35:01.500,AAPL,150.90937888645115,1630.0,150.89937888645113,1037.0,150.88937888645114,1810.0,150.92937888645113,388.0,150.93937888645115,1042.0,150.94937888645114,812.0
2026-03-01 09:35:01.600,AAPL,150.88556855152243,1275.0,150.8755685515224,1534.0,150.86556855152241,518.0,150.9055685515224,328.0,150.91556855152243,1691.0,150.92556855152242,1220.0
2026-03-01 09:35:01.700,AAPL,150.94032742384294,409.0,150.93032742384293,700.0,150.92032742384293,1110.0,150.96032742384293,1307.0,150.97032742384295,737.0,150.98032742384294,1860.0
2026-03-01 09:35:01.800,AAPL,150.9463462162014,916.0,150.93634621620137,1148.0,150.92634621620138,1380.0,150.96634621620137,885.0,150.9763462162014,1296.0,150.98634621620138,190.0
2026-03-01 09:35:01.900,AAPL,150.884199915031,102.0,150.87419991503097,1751.0,150.86419991503098,1287.0,150.90419991503097,299.0,150.914199915031,723.0,150.92419991503098,134.0
2026-03-01 09:35:02.000,AAPL,150.8593739245292,506.0,150.84937392452917,1313.0,150.83937392452918,1928.0,150.87937392452918,1548.0,150.8893739245292,328.0,150.8993739245292,111.0
2026-03-01 09:35:02.100,AAPL,150.9104603781875,1374.0,150.9004603781875,1784.0,150.8904603781875,1098.0,150.9304603781875,1748.0,150.9404603781875,1461.0,150.9504603781875,1843.0
2026-03-01 09:35:02.200,AAPL,150.8999499841215,1111.0,150.88994998412147,640.0,150.87994998412148,1992.0,150.91994998412147,690.0,150.9299499841215,1041.0,150.93994998412148,1873.0
2026-03-01 09:35:02.300,AAPL,150.8688757133856,1613.0,150.85887571338557,1617.0,150.84887571338558,1527.0,150.88887571338557,647.0,150.8988757133856,1610.0,150.90887571338558,1050.0
2026-03-01 09:35:02.400,AAPL,150.83746711049585,751.0,150.82746711049583,827.0,150.81746711049584,868.0,150.85746711049583,1917.0,150.86746711049585,1994.0,150.87746711049584,734.0
2026-03-01 09:35:02.500,AAPL,150.86957948160753,1193.0,150.8595794816075,438.0,150.84957948160752,1143.0,150.8895794816075,1269.0,150.89957948160753,1572.0,150.90957948160752,328.0
2026-03-01 09:35:02.600,AAPL,150.95711123311455,316.0,150.94711123311453,666.0,150.93711123311454,137.0,150.97711123311453,784.0,150.98711123311455,1976.0,150.99711123311454,615.0
2026-03-01 09:35:02.700,AAPL,150.85006706458273,1416.0,150.8400670645827,1909.0,150.83006706458272,582.0,150.8700670645827,1324.0,150.88006706458273,474.0,150.89006706458272,1833.0
2026-03-01 09:35:02.800,AAPL,150.99010128694988,351.0,150.98010128694986,1931.0,150.97010128694987,1097.0,151.01010128694986,1377.0,151.02010128694988,1686.0,151.03010128694987,1603.0
2026-03-01 09:35:02.900,AAPL,151.0002885983987,942.0,150.99028859839868,1164.0,150.9802885983987,611.0,151.02028859839868,328.0,151.0302885983987,568.0,151.0402885983987,965.0
2026-03-01 09:35:03.000,AAPL,151.02929980516365,215.0,151.01929980516363,177.0,151.00929980516364,770.0,151.04929980516363,376.0,151.05929980516365,1589.0,151.06929980516364,433.0
2026-03-01 09:35:03.100,AAPL,151.00748671780627,1556.0,150.99748671780625,156.0,150.98748671780626,1462.0,151.02748671780626,148.0,151.03748671780627,1279.0,151.04748671780627,1858.0
2026-03-01 09:35:03.200,AAPL,151.00731096156343,1463.0,150.99731096156341,502.0,150.98731096156342,801.0,151.02731096156342,576.0,151.03731096156343,1367.0,151.04731096156343,153.0
2026-03-01 09:35:03.300,AAPL,151.01693661216999,1377.0,151.00693661216997,1190.0,150.99693661216997,581.0,151.03693661216997,1718.0,151.04693661217,1397.0,151.05693661216998,1637.0
2026-03-01 09:35:03.400,AAPL,150.96448181255312,1583.0,150.9544818125531,1259.0,150.9444818125531,848.0,150.9844818125531,1285.0,150.99448181255312,785.0,151.0044818125531,387.0
2026-03-01 09:35:03.500,AAPL,150.92419774064024,407.0,150.91419774064022,578.0,150.90419774064023,1750.0,150.94419774064022,886.0,150.95419774064024,1254.0,150.96419774064023,1480.0
2026-03-01 09:35:03.600,AAPL,150.98342611768481,1602.0,150.9734261176848,1967.0,150.9634261176848,1720.0,151.0034261176848,1901.0,151.01342611768482,1404.0,151.0234261176848,467.0
2026-03-01 09:35:03.700,AAPL,150.90580877541686,397.0,150.89580877541684,411.0,150.88580877541685,818.0,150.92580877541684,398.0,150.93580877541686,455.0,150.94580877541685,1287.0
2026-03-01 09:35:03.800,AAPL,150.92786073058252,231.0,150.9178607305825,261.0,150.9078607305825,653.0,150.9478607305825,1388.0,150.95786073058252,414.0,150.96786073058252,914.0
2026-03-01 09:35:03.900,AAPL,150.90933488511408,1028.0,150.89933488511406,220.0,150.88933488511407,692.0,150.92933488511406,1437.0,150.93933488511408,302.0,150.94933488511407,976.0
2026-03-01 09:35:04.000,AAPL,150.86129952764028,1651.0,150.85129952764026,556.0,150.84129952764027,452.0,150.88129952764027,1484.0,150.89129952764029,768.0,150.90129952764028,1565.0
2026-03-01 09:35:04.100,AAPL,150.95989612023877,561.0,150.94989612023875,1389.0,150.93989612023876,491.0,150.97989612023875,1504.0,150.98989612023877,802.0,150.99989612023876,1412.0
2026-03-01 09:35:04.200,AAPL,150.91217099217567,1313.0,150.90217099217566,413.0,150.89217099217566,306.0,150.93217099217566,603.0,150.94217099217568,1001.0,150.95217099217567,949.0
2026-03-01 09:35:04.300,AAPL,150.85566589218897,433.0,150.84566589218895,1367.0,150.83566589218896,403.0,150.87566589218895,1201.0,150.88566589218897,1141.0,150.89566589218896,1302.0
2026-03-01 09:35:04.400,AAPL,150.84631725701294,1217.0,150.83631725701292,529.0,150.82631725701293,837.0,150.86631725701292,1580.0,150.87631725701294,1249.0,150.88631725701293,284.0
2026-03-01 09:35:04.500,AAPL,150.80788932530783,1218.0,150.7978893253078,632.0,150.78788932530782,1990.0,150.8278893253078,1855.0,150.83788932530783,282.0,150.84788932530782,1769.0
2026-03-01 09:35:04.600,AAPL,150.80820835815757,1126.0,150.79820835815755,1126.0,150.78820835815756,1332.0,150.82820835815755,1605.0,150.83820835815757,1223.0,150.84820835815756,811.0
2026-03-01 09:35:04.700,AAPL,150.81597832299013,683.0,150.80597832299011,1019.0,150.79597832299012,1646.0,150.83597832299012,1891.0,150.84597832299013,276.0,150.85597832299013,163.0
2026-03-01 09:35:04.800,AAPL,150.82771122627187,866.0,150.81771122627185,545.0,150.80771122627186,333.0,150.84771122627185,1509.0,150.85771122627187,1704.0,150.86771122627187,1092.0
2026-03-01 09:35:04.900,AAPL,150.8215166839097,779.0,150.81151668390967,1131.0,150.80151668390968,647.0,150.84151668390967,491.0,150.8515166839097,778.0,150.86151668390968,1904.0
2026-03-01 09:35:05.000,AAPL,150.7864085987551,1185.0,150.77640859875507,1242.0,150.76640859875508,347.0,150.80640859875507,292.0,150.8164085987551,848.0,150.82640859875508,1746.0
2026-03-01 09:35:05.100,AAPL,150.81857875088906,1672.0,150.80857875088904,1624.0,150.79857875088905,835.0,150.83857875088904,957.0,150.84857875088906,1950.0,150.85857875088905,1562.0
2026-03-01 09:35:05.200,AAPL,150.81299411256384,456.0,150.80299411256382,107.0,150.79299411256383,1672.0,150.83299411256382,1066.0,150.84299411256384,832.0,150.85299411256383,1694.0
2026-03-01 09:35:05.300,AAPL,150.7882132469611,1671.0,150.7782132469611,424.0,150.7682132469611,1750.0,150.8082132469611,473.0,150.8182132469611,178.0,150.8282132469611,1508.0
2026-03-01 09:35:05.400,AAPL,150.86221293191596,637.0,150.85221293191594,1431.0,150.84221293191595,1322.0,150.88221293191594,1215.0,150.89221293191596,757.0,150.90221293191595,1062.0
2026-03-01 09:35:05.500,AAPL,150.8561473338964,427.0,150.84614733389637,253.0,150.83614733389638,982.0,150.87614733389637,628.0,150.8861473338964,381.0,150.89614733389638,331.0
2026-03-01 09:35:05.600,AAPL,150.91074666397122,1954.0,150.9007466639712,600.0,150.8907466639712,254.0,150.9307466639712,359.0,150.94074666397123,1776.0,150.95074666397122,840.0
2026-03-01 09:35:05.700,AAPL,150.9720885863267,797.0,150.96208858632667,1804.0,150.95208858632668,1312.0,150.99208858632667,1619.0,151.0020885863267,468.0,151.01208858632668,1022.0
2026-03-01 09:35:05.800,AAPL,151.03647222809798,1146.0,151.02647222809796,1419.0,151.01647222809797,1365.0,151.05647222809796,850.0,151.06647222809798,395.0,151.07647222809797,1139.0
2026-03-01 09:35:05.900,AAPL,151.07103011850356,1550.0,151.06103011850354,1807.0,151.05103011850355,906.0,151.09103011850354,1360.0,151.10103011850356,733.0,151.11103011850355,993.0
2026-03-01 09:35:06.000,AAPL,151.07099844365976,1258.0,151.06099844365974,1885.0,151.05099844365975,127.0,151.09099844365974,644.0,151.10099844365976,1589.0,151.11099844365975,1617.0
2026-03-01 09:35:06.100,AAPL,151.06779635912721,1239.0,151.0577963591272,1776.0,151.0477963591272,141.0,151.0877963591272,1880.0,151.09779635912722,553.0,151.1077963591272,133.0
2026-03-01 09:35:06.200,AAPL,151.05559035320303,1812.0,151.045590353203,758.0,151.03559035320302,625.0,151.075590353203,1890.0,151.08559035320303,859.0,151.09559035320302,1342.0
2026-03-01 09:35:06.300,AAPL,150.94724556970237,1241.0,150.93724556970236,400.0,150.92724556970236,1300.0,150.96724556970236,1189.0,150.97724556970238,149.0,150.98724556970237,918.0
2026-03-01 09:35:06.400,AAPL,150.98318590998977,1330.0,150.97318590998975,1483.0,150.96318590998976,1797.0,151.00318590998975,273.0,151.01318590998977,1662.0,151.02318590998976,192.0
2026-03-01 09:35:06.500,AAPL,150.99540918830903,445.0,150.985409188309,1302.0,150.97540918830902,1563.0,151.015409188309,925.0,151.02540918830903,486.0,151.03540918830902,259.0
2026-03-01 09:35:06.600,AAPL,151.03668540161945,1963.0,151.02668540161943,337.0,151.01668540161944,900.0,151.05668540161943,885.0,151.06668540161945,363.0,151.07668540161944,1828.0
2026-03-01 09:35:06.700,AAPL,151.03083532404585,795.0,151.02083532404583,100.0,151.01083532404584,1099.0,151.05083532404583,442.0,151.06083532404585,1378.0,151.07083532404585,638.0
2026-03-01 09:35:06.800,AAPL,151.06407658214354,456.0,151.05407658214352,1128.0,151.04407658214353,1111.0,151.08407658214352,264.0,151.09407658214354,171.0,151.10407658214353,938.0
2026-03-01 09:35:06.900,AAPL,150.99520122900046,1635.0,150.98520122900044,921.0,150.97520122900045,1925.0,151.01520122900044,1579.0,151.02520122900046,1147.0,151.03520122900045,1454.0
2026-03-01 09:35:07.000,AAPL,150.9367379485374,1639.0,150.92673794853738,1937.0,150.9167379485374,465.0,150.95673794853738,203.0,150.9667379485374,1396.0,150.9767379485374,911.0
2026-03-01 09:35:07.100,AAPL,150.81292736855133,187.0,150.8029273685513,511.0,150.79292736855132,220.0,150.8329273685513,1415.0,150.84292736855133,1281.0,150.85292736855132,900.0
2026-03-01 09:35:07.200,AAPL,150.80620990875974,1765.0,150.79620990875972,575.0,150.78620990875973,1803.0,150.82620990875972,505.0,150.83620990875974,1222.0,150.84620990875973,127.0
2026-03-01 09:35:07.300,AAPL,150.76758362937082,1043.0,150.7575836293708,376.0,150.7475836293708,402.0,150.7875836293708,1412.0,150.79758362937082,398.0,150.8075836293708,1369.0
2026-03-01 09:35:07.400,AAPL,150.7224145356123,1221.0,150.71241453561228,1781.0,150.7024145356123,1667.0,150.74241453561228,1870.0,150.7524145356123,680.0,150.7624145356123,225.0
2026-03-01 09:35:07.500,AAPL,150.73914715451056,1788.0,150.72914715451054,1854.0,150.71914715451055,1347.0,150.75914715451054,1692.0,150.76914715451056,880.0,150.77914715451055,1227.0
2026-03-01 09:35:07.600,AAPL,150.71787179480066,1263.0,150.70787179480064,192.0,150.69787179480065,1755.0,150.73787179480064,458.0,150.74787179480066,1427.0,150.75787179480065,134.0
2026-03-01 09:35:07.700,AAPL,150.6462172444605,617.0,150.63621724446048,1524.0,150.6262172444605,598.0,150.66621724446048,1481.0,150.6762172444605,1493.0,150.6862172444605,1619.0
2026-03-01 09:35:07.800,AAPL,150.7734555830981,233.0,150.76345558309808,760.0,150.7534555830981,973.0,150.79345558309808,1366.0,150.8034555830981,343.0,150.8134555830981,480.0
2026-03-01 09:35:07.900,AAPL,150.77160505207368,1868.0,150.76160505207366,446.0,150.75160505207367,1184.0,150.79160505207366,569.0,150.80160505207368,347.0,150.81160505207367,1283.0
2026-03-01 09:35:08.000,AAPL,150.7174468994269,1691.0,150.70744689942688,1984.0,150.6974468994269,456.0,150.73744689942689,1757.0,150.7474468994269,324.0,150.7574468994269,1362.0
2026-03-01 09:35:08.100,AAPL,150.68395512638025,1235.0,150.67395512638024,843.0,150.66395512638024,1412.0,150.70395512638024,327.0,150.71395512638026,443.0,150.72395512638025,930.0
2026-03-01 09:35:08.200,AAPL,150.6752979779298,702.0,150.66529797792978,1687.0,150.6552979779298,1695.0,150.69529797792978,447.0,150.7052979779298,882.0,150.7152979779298,1243.0
2026-03-01 09:35:08.300,AAPL,150.66653567981695,1818.0,150.65653567981693,1876.0,150.64653567981694,501.0,150.68653567981693,1775.0,150.69653567981695,357.0,150.70653567981694,761.0
2026-03-01 09:35:08.400,AAPL,150.73164389346923,511.0,150.7216438934692,805.0,150.71164389346922,727.0,150.7516438934692,276.0,150.76164389346923,414.0,150.77164389346922,1153.0
2026-03-01 09:35:08.500,AAPL,150.7276723955876,1247.0,150.71767239558758,1715.0,150.7076723955876,283.0,150.74767239558759,1741.0,150.7576723955876,1594.0,150.7676723955876,1863.0
2026-03-01 09:35:08.600,AAPL,150.82043280418102,1883.0,150.810432804181,1533.0,150.800432804181,1355.0,150.840432804181,866.0,150.85043280418103,715.0,150.86043280418102,621.0
2026-03-01 09:35:08.700,AAPL,150.79881165698043,531.0,150.7888116569804,752.0,150.77881165698042,531.0,150.81881165698042,1579.0,150.82881165698043,540.0,150.83881165698043,850.0
2026-03-01 09:35:08.800,AAPL,150.8201334589934,154.0,150.8101334589934,225.0,150.8001334589934,1862.0,150.8401334589934,1912.0,150.8501334589934,1025.0,150.8601334589934,848.0
2026-03-01 09:35:08.900,AAPL,150.87123246870982,291.0,150.8612324687098,1878.0,150.8512324687098,333.0,150.8912324687098,1166.0,150.90123246870982,1179.0,150.9112324687098,1719.0
2026-03-01 09:35:09.000,AAPL,150.9309900839454,1136.0,150.92099008394538,313.0,150.9109900839454,678.0,150.95099008394538,1817.0,150.9609900839454,1922.0,150.9709900839454,1560.0
2026-03-01 09:35:09.100,AAPL,150.99658369481682,1964.0,150.9865836948168,1535.0,150.9765836948168,1311.0,151.0165836948168,570.0,151.02658369481682,1007.0,151.0365836948168,1830.0
2026-03-01 09:35:09.200,AAPL,150.98298310777284,1762.0,150.97298310777282,1671.0,150.96298310777283,1069.0,151.00298310777282,1380.0,151.01298310777284,1124.0,151.02298310777283,1629.0
2026-03-01 09:35:09.300,AAPL,150.98270864475907,1913.0,150.97270864475905,406.0,150.96270864475906,1553.0,151.00270864475905,507.0,151.01270864475907,394.0,151.02270864475906,312.0
2026-03-01 09:35:09.400,AAPL,150.8587375164309,1122.0,150.84873751643087,1976.0,150.83873751643088,1508.0,150.87873751643087,1189.0,150.8887375164309,1651.0,150.89873751643088,1567.0
2026-03-01 09:35:09.500,AAPL,150.84893701450088,1475.0,150.83893701450086,526.0,150.82893701450087,703.0,150.86893701450086,1593.0,150.87893701450088,1469.0,150.88893701450087,1509.0
2026-03-01 09:35:09.600,AAPL,150.90349972339737,571.0,150.89349972339735,776.0,150.88349972339736,1657.0,150.92349972339736,1593.0,150.93349972339738,790.0,150.94349972339737,692.0
2026-03-01 09:35:09.700,AAPL,150.94834154739016,1270.0,150.93834154739014,1199.0,150.92834154739015,1715.0,150.96834154739014,772.0,150.97834154739016,843.0,150.98834154739015,1481.0
2026-03-01 09:35:09.800,AAPL,150.94401719133967,203.0,150.93401719133965,1183.0,150.92401719133966,1931.0,150.96401719133965,324.0,150.97401719133967,1184.0,150.98401719133966,609.0
2026-03-01 09:35:09.900,AAPL,151.02897416348617,684.0,151.01897416348615,1236.0,151.00897416348616,173.0,151.04897416348615,165.0,151.05897416348617,893.0,151.06897416348616,1768.0
2026-03-01 09:35:10.000,AAPL,151.0097738992689,626.0,150.9997738992689,531.0,150.9897738992689,1340.0,151.0297738992689,883.0,151.0397738992689,671.0,151.0497738992689,440.0
2026-03-01 09:35:10.100,AAPL,150.97396690806792,1026.0,150.9639669080679,647.0,150.9539669080679,1611.0,150.9939669080679,257.0,151.00396690806792,331.0,151.0139669080679,268.0
2026-03-01 09:35:10.200,AAPL,150.9505588213066,193.0,150.94055882130658,1443.0,150.9305588213066,1104.0,150.97055882130658,122.0,150.9805588213066,1429.0,150.9905588213066,1947.0
2026-03-01 09:35:10.300,AAPL,150.8944355700648,364.0,150.88443557006477,1811.0,150.87443557006478,1661.0,150.91443557006477,979.0,150.9244355700648,1112.0,150.93443557006478,1591.0
2026-03-01 09:35:10.400,AAPL,150.92555532164997,1588.0,150.91555532164995,1804.0,150.90555532164996,1332.0,150.94555532164995,1107.0,150.95555532164997,1332.0,150.96555532164996,1190.0
2026-03-01 09:35:10.500,AAPL,150.9399794122304,355.0,150.92997941223038,1409.0,150.9199794122304,1617.0,150.95997941223038,1336.0,150.9699794122304,820.0,150.9799794122304,218.0
2026-03-01 09:35:10.600,AAPL,150.97047838454907,1580.0,150.96047838454905,737.0,150.95047838454906,1915.0,150.99047838454905,500.0,151.00047838454907,1448.0,151.01047838454906,231.0
2026-03-01 09:35:10.700,AAPL,150.9497598269525,1206.0,150.93975982695247,178.0,150.92975982695248,802.0,150.96975982695247,110.0,150.9797598269525,1819.0,150.98975982695248,431.0
2026-03-01 09:35:10.800,AAPL,150.94685617798552,878.0,150.9368561779855,1128.0,150.9268561779855,1923.0,150.9668561779855,1171.0,150.97685617798552,1474.0,150.98685617798552,1241.0
2026-03-01 09:35:10.900,AAPL,150.83793524181507,641.0,150.82793524181506,738.0,150.81793524181506,1904.0,150.85793524181506,370.0,150.86793524181508,834.0,150.87793524181507,517.0
2026-03-01 09:35:11.000,AAPL,150.85674651938064,736.0,150.84674651938062,889.0,150.83674651938063,1401.0,150.87674651938062,512.0,150.88674651938064,1102.0,150.89674651938063,1475.0
2026-03-01 09:35:11.100,AAPL,150.86168859213362,650.0,150.8516885921336,772.0,150.8416885921336,1478.0,150.8816885921336,533.0,150.89168859213362,755.0,150.9016885921336,1005.0
2026-03-01 09:35:11.200,AAPL,150.80666220905894,370.0,150.79666220905892,967.0,150.78666220905893,411.0,150.82666220905892,1943.0,150.83666220905894,1071.0,150.84666220905893,1249.0
2026-03-01 09:35:11.300,AAPL,150.80142933245463,251.0,150.7914293324546,462.0,150.78142933245462,311.0,150.8214293324546,1490.0,150.83142933245463,646.0,150.84142933245462,793.0
2026-03-01 09:35:11.400,AAPL,150.7885368673511,998.0,150.77853686735108,1118.0,150.7685368673511,488.0,150.80853686735108,283.0,150.8185368673511,1219.0,150.8285368673511,757.0
2026-03-01 09:35:11.500,AAPL,150.8767524641015,804.0,150.86675246410147,772.0,150.85675246410148,1103.0,150.89675246410147,328.0,150.9067524641015,639.0,150.91675246410148,1233.0
2026-03-01 09:35:11.600,AAPL,150.8236961156951,1414.0,150.81369611569508,1382.0,150.8036961156951,1108.0,150.84369611569508,1044.0,150.8536961156951,1610.0,150.8636961156951,1002.0
2026-03-01 09:35:11.700,AAPL,150.84026742463843,1842.0,150.8302674246384,1738.0,150.82026742463842,1659.0,150.8602674246384,1341.0,150.87026742463843,1792.0,150.88026742463842,138.0
2026-03-01 09:35:11.800,AAPL,150.7857290070045,1994.0,150.7757290070045,705.0,150.7657290070045,174.0,150.8057290070045,1858.0,150.8157290070045,1199.0,150.8257290070045,1397.0
2026-03-01 09:35:11.900,AAPL,150.757835334801,1082.0,150.74783533480098,161.0,150.737835334801,417.0,150.77783533480098,264.0,150.787835334801,1620.0,150.797835334801,1899.0
2026-03-01 09:35:12.000,AAPL,150.7716762824856,1218.0,150.76167628248558,163.0,150.7516762824856,784.0,150.79167628248558,315.0,150.8016762824856,1252.0,150.8116762824856,154.0
2026-03-01 09:35:12.100,AAPL,150.76110813294247,168.0,150.75110813294245,1502.0,150.74110813294246,1972.0,150.78110813294245,1113.0,150.79110813294247,1844.0,150.80110813294246,1213.0
2026-03-01 09:35:12.200,AAPL,150.76080859013177,585.0,150.75080859013175,936.0,150.74080859013176,1816.0,150.78080859013176,1782.0,150.79080859013177,1275.0,150.80080859013177,895.0
2026-03-01 09:35:12.300,AAPL,150.77744469554338,1774.0,150.76744469554336,1053.0,150.75744469554337,1703.0,150.79744469554336,1599.0,150.80744469554338,1164.0,150.81744469554337,1108.0
2026-03-01 09:35:12.400,AAPL,150.75276021698346,1824.0,150.74276021698344,1763.0,150.73276021698345,1997.0,150.77276021698344,1241.0,150.78276021698346,635.0,150.79276021698345,1067.0
2026-03-01 09:35:12.500,AAPL,150.7969675437242,964.0,150.7869675437242,1023.0,150.7769675437242,1866.0,150.8169675437242,829.0,150.8269675437242,676.0,150.8369675437242,383.0
2026-03-01 09:35:12.600,AAPL,150.78169355656235,477.0,150.77169355656233,967.0,150.76169355656234,1530.0,150.80169355656233,189.0,150.81169355656235,235.0,150.82169355656234,1058.0
2026-03-01 09:35:12.700,AAPL,150.77681578348472,1432.0,150.7668157834847,1493.0,150.7568157834847,1930.0,150.7968157834847,957.0,150.80681578348472,603.0,150.8168157834847,1948.0
2026-03-01 09:35:12.800,AAPL,150.7948813472141,1321.0,150.78488134721408,903.0,150.7748813472141,1520.0,150.81488134721408,1097.0,150.8248813472141,1723.0,150.8348813472141,1351.0
2026-03-01 09:35:12.900,AAPL,150.80623135727234,753.0,150.79623135727232,1421.0,150.78623135727233,156.0,150.82623135727232,497.0,150.83623135727234,1595.0,150.84623135727233,1752.0
2026-03-01 09:35:13.000,AAPL,150.8384427534995,718.0,150.82844275349947,1067.0,150.81844275349948,130.0,150.85844275349947,1574.0,150.8684427534995,627.0,150.87844275349948,319.0
2026-03-01 09:35:13.100,AAPL,150.8542909735737,1896.0,150.8442909735737,825.0,150.8342909735737,420.0,150.8742909735737,1188.0,150.8842909735737,995.0,150.8942909735737,1142.0
2026-03-01 09:35:13.200,AAPL,150.87774250665154,1281.0,150.86774250665152,574.0,150.85774250665153,322.0,150.89774250665153,1475.0,150.90774250665154,788.0,150.91774250665154,1088.0
2026-03-01 09:35:13.300,AAPL,150.86147388094327,295.0,150.85147388094325,165.0,150.84147388094325,1747.0,150.88147388094325,1235.0,150.89147388094327,1550.0,150.90147388094326,1351.0
2026-03-01 09:35:13.400,AAPL,150.808035326039,681.0,150.79803532603898,857.0,150.788035326039,1135.0,150.828035326039,1422.0,150.838035326039,268.0,150.848035326039,1817.0
2026-03-01 09:35:13.500,AAPL,150.73665338090134,995.0,150.72665338090133,1432.0,150.71665338090133,453.0,150.75665338090133,1566.0,150.76665338090135,797.0,150.77665338090134,1575.0
2026-03-01 09:35:13.600,AAPL,150.65311787351925,218.0,150.64311787351923,779.0,150.63311787351924,1139.0,150.67311787351923,1716.0,150.68311787351925,1486.0,150.69311787351924,1448.0
2026-03-01 09:35:13.700,AAPL,150.7412542094057,1372.0,150.73125420940568,1616.0,150.72125420940569,1939.0,150.76125420940568,525.0,150.7712542094057,1927.0,150.7812542094057,1117.0
2026-03-01 09:35:13.800,AAPL,150.630615538861,243.0,150.620615538861,767.0,150.610615538861,1257.0,150.650615538861,1447.0,150.660615538861,1196.0,150.670615538861,442.0
2026-03-01 09:35:13.900,AAPL,150.69030171380984,361.0,150.68030171380983,1429.0,150.67030171380983,1956.0,150.71030171380983,1780.0,150.72030171380985,1349.0,150.73030171380984,346.0
2026-03-01 09:35:14.000,AAPL,150.64925826324497,1145.0,150.63925826324495,1620.0,150.62925826324496,1973.0,150.66925826324496,1322.0,150.67925826324498,310.0,150.68925826324497,912.0
2026-03-01 09:35:14.100,AAPL,150.70858031185097,1881.0,150.69858031185095,161.0,150.68858031185096,1442.0,150.72858031185095,683.0,150.73858031185097,1873.0,150.74858031185096,895.0
2026-03-01 09:35:14.200,AAPL,150.5984533104552,1346.0,150.58845331045518,929.0,150.5784533104552,668.0,150.61845331045518,150.0,150.6284533104552,1342.0,150.6384533104552,671.0
2026-03-01 09:35:14.300,AAPL,150.58669861536103,643.0,150.576698615361,1947.0,150.56669861536102,569.0,150.606698615361,1292.0,150.61669861536103,1176.0,150.62669861536102,863.0
2026-03-01 09:35:14.400,AAPL,150.6593998355123,207.0,150.64939983551227,1722.0,150.63939983551228,593.0,150.67939983551227,1278.0,150.6893998355123,273.0,150.69939983551228,277.0
2026-03-01 09:35:14.500,AAPL,150.69506031368607,711.0,150.68506031368605,625.0,150.67506031368606,1418.0,150.71506031368605,1850.0,150.72506031368607,1306.0,150.73506031368606,866.0
2026-03-01 09:35:14.600,AAPL,150.67819704065153,846.0,150.6681970406515,234.0,150.65819704065152,1679.0,150.6981970406515,199.0,150.70819704065153,274.0,150.71819704065152,793.0
2026-03-01 09:35:14.700,AAPL,150.58104817557512,174.0,150.5710481755751,1156.0,150.5610481755751,766.0,150.6010481755751,668.0,150.61104817557512,197.0,150.6210481755751,1185.0
2026-03-01 09:35:14.800,AAPL,150.51492374946756,318.0,150.50492374946754,1809.0,150.49492374946755,555.0,150.53492374946754,1035.0,150.54492374946756,1722.0,150.55492374946755,1460.0
2026-03-01 09:35:14.900,AAPL,150.58438110429555,1714.0,150.57438110429553,141.0,150.56438110429553,1159.0,150.60438110429553,404.0,150.61438110429555,648.0,150.62438110429554,123.0
2026-03-01 09:35:15.000,AAPL,150.56696904423285,116.0,150.55696904423283,1597.0,150.54696904423284,1876.0,150.58696904423283,1803.0,150.59696904423285,1468.0,150.60696904423284,228.0
2026-03-01 09:35:15.100,AAPL,150.56337783906218,692.0,150.55337783906216,887.0,150.54337783906217,679.0,150.58337783906217,1369.0,150.59337783906219,1940.0,150.60337783906218,287.0
2026-03-01 09:35:15.200,AAPL,150.5775545942973,826.0,150.5675545942973,372.0,150.5575545942973,528.0,150.5975545942973,273.0,150.6075545942973,237.0,150.6175545942973,426.0
2026-03-01 09:35:15.300,AAPL,150.51241264864294,1933.0,150.50241264864292,855.0,150.49241264864293,1110.0,150.53241264864292,1287.0,150.54241264864294,215.0,150.55241264864293,1674.0
2026-03-01 09:35:15.400,AAPL,150.53277715763494,1746.0,150.52277715763492,1069.0,150.51277715763493,896.0,150.55277715763492,1337.0,150.56277715763494,1640.0,150.57277715763493,1826.0
2026-03-01 09:35:15.500,AAPL,150.51179638360148,1227.0,150.50179638360146,777.0,150.49179638360147,490.0,150.53179638360146,532.0,150.54179638360148,699.0,150.55179638360147,1176.0
2026-03-01 09:35:15.600,AAPL,150.52648152288026,1571.0,150.51648152288024,1686.0,150.50648152288025,695.0,150.54648152288024,430.0,150.55648152288026,1766.0,150.56648152288025,230.0
2026-03-01 09:35:15.700,AAPL,150.49757897685342,986.0,150.4875789768534,1539.0,150.4775789768534,597.0,150.5175789768534,925.0,150.52757897685342,832.0,150.5375789768534,546.0
2026-03-01 09:35:15.800,AAPL,150.41892317385035,954.0,150.40892317385033,1407.0,150.39892317385033,799.0,150.43892317385033,942.0,150.44892317385035,1365.0,150.45892317385034,1174.0
2026-03-01 09:35:15.900,AAPL,150.39755454725974,600.0,150.38755454725973,575.0,150.37755454725973,460.0,150.41755454725973,179.0,150.42755454725975,1816.0,150.43755454725974,673.0
2026-03-01 09:35:16.000,AAPL,150.42959342811517,260.0,150.41959342811515,347.0,150.40959342811516,833.0,150.44959342811515,339.0,150.45959342811517,704.0,150.46959342811516,1029.0
2026-03-01 09:35:16.100,AAPL,150.449296432569,186.0,150.439296432569,107.0,150.429296432569,1469.0,150.469296432569,749.0,150.47929643256901,837.0,150.489296432569,380.0
2026-03-01 09:35:16.200,AAPL,150.45084297593576,115.0,150.44084297593574,1223.0,150.43084297593575,388.0,150.47084297593574,1313.0,150.48084297593576,1528.0,150.49084297593575,1839.0
2026-03-01 09:35:16.300,AAPL,150.49574956858626,509.0,150.48574956858624,503.0,150.47574956858625,455.0,150.51574956858624,127.0,150.52574956858626,173.0,150.53574956858625,853.0
2026-03-01 09:35:16.400,AAPL,150.48556986795904,855.0,150.47556986795902,447.0,150.46556986795903,1392.0,150.50556986795903,366.0,150.51556986795904,1592.0,150.52556986795904,1394.0
2026-03-01 09:35:16.500,AAPL,150.4883836836598,1927.0,150.47838368365979,1495.0,150.4683836836598,181.0,150.5083836836598,816.0,150.5183836836598,1412.0,150.5283836836598,1290.0
2026-03-01 09:35:16.600,AAPL,150.46439533967512,166.0,150.4543953396751,1411.0,150.4443953396751,1573.0,150.4843953396751,1075.0,150.49439533967512,1777.0,150.5043953396751,1094.0
2026-03-01 09:35:16.700,AAPL,150.5122262385128,347.0,150.50222623851278,1434.0,150.49222623851279,1825.0,150.53222623851278,1029.0,150.5422262385128,1553.0,150.5522262385128,257.0
2026-03-01 09:35:16.800,AAPL,150.52680266589888,448.0,150.51680266589887,459.0,150.50680266589887,1099.0,150.54680266589887,1251.0,150.55680266589889,1629.0,150.56680266589888,1678.0
2026-03-01 09:35:16.900,AAPL,150.4989547603902,515.0,150.4889547603902,1514.0,150.4789547603902,1378.0,150.5189547603902,353.0,150.5289547603902,1182.0,150.5389547603902,1469.0
2026-03-01 09:35:17.000,AAPL,150.42450327306383,1734.0,150.41450327306381,628.0,150.40450327306382,816.0,150.44450327306382,492.0,150.45450327306384,1687.0,150.46450327306383,1837.0
2026-03-01 09:35:17.100,AAPL,150.47975133680873,1219.0,150.4697513368087,1769.0,150.45975133680872,1044.0,150.4997513368087,1210.0,150.50975133680873,894.0,150.51975133680872,864.0
2026-03-01 09:35:17.200,AAPL,150.44254808424952,419.0,150.4325480842495,1716.0,150.4225480842495,869.0,150.4625480842495,1024.0,150.47254808424952,1434.0,150.48254808424952,1993.0
2026-03-01 09:35:17.300,AAPL,150.44615130187398,1111.0,150.43615130187396,1662.0,150.42615130187397,1050.0,150.46615130187396,147.0,150.47615130187398,1773.0,150.48615130187397,1227.0
2026-03-01 09:35:17.400,AAPL,150.56378128603123,160.0,150.5537812860312,1594.0,150.54378128603122,1108.0,150.5837812860312,234.0,150.59378128603123,835.0,150.60378128603122,1733.0
2026-03-01 09:35:17.500,AAPL,150.60385676311788,1072.0,150.59385676311786,1062.0,150.58385676311786,284.0,150.62385676311786,1859.0,150.63385676311788,376.0,150.64385676311787,1837.0
2026-03-01 09:35:17.600,AAPL,150.68441424255923,1672.0,150.6744142425592,513.0,150.66441424255922,1902.0,150.7044142425592,1795.0,150.71441424255923,250.0,150.72441424255922,1090.0
2026-03-01 09:35:17.700,AAPL,150.65750800193217,576.0,150.64750800193215,935.0,150.63750800193216,1490.0,150.67750800193215,1394.0,150.68750800193217,576.0,150.69750800193216,1371.0
2026-03-01 09:35:17.800,AAPL,150.71105682177318,1259.0,150.70105682177316,1647.0,150.69105682177317,762.0,150.73105682177317,1735.0,150.74105682177318,1699.0,150.75105682177318,512.0
2026-03-01 09:35:17.900,AAPL,150.7123902714208,417.0,150.70239027142077,489.0,150.69239027142078,325.0,150.73239027142077,1246.0,150.7423902714208,1068.0,150.75239027142078,276.0
2026-03-01 09:35:18.000,AAPL,150.7306911174592,1122.0,150.72069111745918,1485.0,150.7106911174592,909.0,150.75069111745918,1620.0,150.7606911174592,1704.0,150.7706911174592,395.0
2026-03-01 09:35:18.100,AAPL,150.83173320311118,419.0,150.82173320311117,833.0,150.81173320311117,570.0,150.85173320311117,879.0,150.86173320311119,1471.0,150.87173320311118,834.0
2026-03-01 09:35:18.200,AAPL,150.8178009119037,260.0,150.80780091190368,128.0,150.7978009119037,448.0,150.83780091190368,999.0,150.8478009119037,352.0,150.8578009119037,809.0
2026-03-01 09:35:18.300,AAPL,150.81876363458753,1079.0,150.8087636345875,1793.0,150.79876363458752,1340.0,150.8387636345875,1849.0,150.84876363458753,1537.0,150.85876363458752,512.0
2026-03-01 09:35:18.400,AAPL,150.77360290201213,1788.0,150.7636029020121,897.0,150.75360290201212,968.0,150.7936029020121,667.0,150.80360290201213,1388.0,150.81360290201212,1884.0
2026-03-01 09:35:18.500,AAPL,150.81802632980754,355.0,150.80802632980752,1487.0,150.79802632980753,617.0,150.83802632980752,1161.0,150.84802632980754,133.0,150.85802632980753,1508.0
2026-03-01 09:35:18.600,AAPL,150.7899949848932,753.0,150.7799949848932,1322.0,150.7699949848932,1526.0,150.8099949848932,1050.0,150.8199949848932,582.0,150.8299949848932,514.0
2026-03-01 09:35:18.700,AAPL,150.84113050568413,619.0,150.83113050568411,1488.0,150.82113050568412,1423.0,150.86113050568412,1300.0,150.87113050568414,1844.0,150.88113050568413,381.0
2026-03-01 09:35:18.800,AAPL,150.7586348435969,1492.0,150.74863484359688,1245.0,150.73863484359688,738.0,150.77863484359688,1641.0,150.7886348435969,1052.0,150.7986348435969,1614.0
2026-03-01 09:35:18.900,AAPL,150.78606674718858,1738.0,150.77606674718857,683.0,150.76606674718857,722.0,150.80606674718857,747.0,150.8160667471886,1417.0,150.82606674718858,702.0
2026-03-01 09:35:19.000,AAPL,150.75388208188542,718.0,150.7438820818854,369.0,150.7338820818854,1741.0,150.7738820818854,594.0,150.78388208188542,1977.0,150.7938820818854,233.0
2026-03-01 09:35:19.100,AAPL,150.79040796385195,1974.0,150.78040796385193,390.0,150.77040796385194,1682.0,150.81040796385193,1690.0,150.82040796385195,815.0,150.83040796385194,1216.0
2026-03-01 09:35:19.200,AAPL,150.78973000520924,275.0,150.77973000520922,1968.0,150.76973000520923,544.0,150.80973000520922,1612.0,150.81973000520924,1438.0,150.82973000520923,403.0
2026-03-01 09:35:19.300,AAPL,150.76296305946582,1054.0,150.7529630594658,1144.0,150.7429630594658,796.0,150.7829630594658,298.0,150.79296305946582,1417.0,150.8029630594658,1878.0
2026-03-01 09:35:19.400,AAPL,150.74363507862202,1176.0,150.733635078622,1574.0,150.723635078622,1405.0,150.763635078622,1759.0,150.77363507862202,1087.0,150.783635078622,692.0
2026-03-01 09:35:19.500,AAPL,150.70111566361908,1349.0,150.69111566361906,1332.0,150.68111566361907,240.0,150.72111566361906,879.0,150.73111566361908,1348.0,150.74111566361907,1341.0
2026-03-01 09:35:19.600,AAPL,150.74300505138513,1502.0,150.7330050513851,688.0,150.72300505138512,954.0,150.7630050513851,1383.0,150.77300505138513,1776.0,150.78300505138512,1220.0
2026-03-01 09:35:19.700,AAPL,150.69057318391387,1134.0,150.68057318391385,1511.0,150.67057318391386,1446.0,150.71057318391385,1303.0,150.72057318391387,1794.0,150.73057318391386,1738.0
2026-03-01 09:35:19.800,AAPL,150.67721925197722,1820.0,150.6672192519772,126.0,150.6572192519772,701.0,150.6972192519772,149.0,150.70721925197722,431.0,150.7172192519772,1881.0
2026-03-01 09:35:19.900,AAPL,150.69448123096234,1276.0,150.68448123096232,811.0,150.67448123096233,847.0,150.71448123096232,251.0,150.72448123096234,1889.0,150.73448123096233,108.0
2026-03-01 09:35:20.000,AAPL,150.77515595723477,616.0,150.76515595723475,1973.0,150.75515595723476,420.0,150.79515595723475,830.0,150.80515595723477,1881.0,150.81515595723477,1511.0
2026-03-01 09:35:20.100,AAPL,150.7746910271902,1006.0,150.76469102719017,289.0,150.75469102719018,579.0,150.79469102719017,1789.0,150.8046910271902,1181.0,150.81469102719018,414.0
2026-03-01 09:35:20.200,AAPL,150.76256549786325,836.0,150.75256549786323,563.0,150.74256549786324,1454.0,150.78256549786323,473.0,150.79256549786325,329.0,150.80256549786324,509.0
2026-03-01 09:35:20.300,AAPL,150.77624724111905,236.0,150.76624724111903,1981.0,150.75624724111904,609.0,150.79624724111903,889.0,150.80624724111905,102.0,150.81624724111904,893.0
2026-03-01 09:35:20.400,AAPL,150.67257403033534,1895.0,150.66257403033532,1608.0,150.65257403033533,894.0,150.69257403033532,1288.0,150.70257403033534,1542.0,150.71257403033533,1131.0
2026-03-01 09:35:20.500,AAPL,150.6126417453008,737.0,150.6026417453008,1657.0,150.5926417453008,1640.0,150.6326417453008,1525.0,150.6426417453008,779.0,150.6526417453008,1605.0
2026-03-01 09:35:20.600,AAPL,150.59387342035689,1803.0,150.58387342035687,1930.0,150.57387342035688,518.0,150.61387342035687,954.0,150.6238734203569,419.0,150.63387342035688,656.0
2026-03-01 09:35:20.700,AAPL,150.55822496282025,1840.0,150.54822496282023,1839.0,150.53822496282024,1898.0,150.57822496282023,1153.0,150.58822496282025,289.0,150.59822496282024,345.0
2026-03-01 09:35:20.800,AAPL,150.47818329835806,311.0,150.46818329835804,828.0,150.45818329835805,1138.0,150.49818329835804,1460.0,150.50818329835806,859.0,150.51818329835805,250.0
2026-03-01 09:35:20.900,AAPL,150.52107223091645,845.0,150.51107223091643,1204.0,150.50107223091644,1701.0,150.54107223091643,283.0,150.55107223091645,1518.0,150.56107223091644,731.0
2026-03-01 09:35:21.000,AAPL,150.5340600673943,1681.0,150.5240600673943,1452.0,150.5140600673943,672.0,150.5540600673943,977.0,150.5640600673943,1537.0,150.5740600673943,1933.0
2026-03-01 09:35:21.100,AAPL,150.54107332975843,1778.0,150.5310733297584,385.0,150.52107332975842,842.0,150.56107332975841,1638.0,150.57107332975843,1788.0,150.58107332975842,550.0
2026-03-01 09:35:21.200,AAPL,150.50637377220073,1034.0,150.4963737722007,579.0,150.48637377220072,1007.0,150.5263737722007,1294.0,150.53637377220073,1075.0,150.54637377220072,1016.0
2026-03-01 09:35:21.300,AAPL,150.5103434204339,905.0,150.5003434204339,1637.0,150.4903434204339,1473.0,150.5303434204339,1440.0,150.5403434204339,1726.0,150.5503434204339,1600.0
2026-03-01 09:35:21.400,AAPL,150.53606589340595,216.0,150.52606589340593,624.0,150.51606589340594,377.0,150.55606589340593,1950.0,150.56606589340595,1549.0,150.57606589340594,929.0
2026-03-01 09:35:21.500,AAPL,150.5228210907108,880.0,150.5128210907108,1236.0,150.5028210907108,1889.0,150.5428210907108,254.0,150.5528210907108,1716.0,150.5628210907108,476.0
2026-03-01 09:35:21.600,AAPL,150.54504970267283,1006.0,150.5350497026728,1807.0,150.52504970267282,1909.0,150.5650497026728,530.0,150.57504970267283,1486.0,150.58504970267282,1120.0
2026-03-01 09:35:21.700,AAPL,150.50524667858156,772.0,150.49524667858154,193.0,150.48524667858155,702.0,150.52524667858154,1462.0,150.53524667858156,1814.0,150.54524667858155,1086.0
2026-03-01 09:35:21.800,AAPL,150.51012094423103,1806.0,150.500120944231,132.0,150.49012094423102,1100.0,150.53012094423102,1199.0,150.54012094423103,114.0,150.55012094423103,1685.0
2026-03-01 09:35:21.900,AAPL,150.56724585837736,669.0,150.55724585837734,1491.0,150.54724585837735,1561.0,150.58724585837734,1451.0,150.59724585837736,1266.0,150.60724585837735,1170.0
2026-03-01 09:35:22.000,AAPL,150.62884684355615,846.0,150.61884684355613,613.0,150.60884684355614,1706.0,150.64884684355613,1857.0,150.65884684355615,852.0,150.66884684355614,1611.0
2026-03-01 09:35:22.100,AAPL,150.69522628380363,1858.0,150.68522628380362,1550.0,150.67522628380362,659.0,150.71522628380362,1725.0,150.72522628380364,668.0,150.73522628380363,534.0
2026-03-01 09:35:22.200,AAPL,150.70950470457527,1468.0,150.69950470457525,1224.0,150.68950470457526,1011.0,150.72950470457525,1687.0,150.73950470457527,1170.0,150.74950470457526,1954.0
2026-03-01 09:35:22.300,AAPL,150.71108540231816,460.0,150.70108540231814,542.0,150.69108540231815,1156.0,150.73108540231814,946.0,150.74108540231816,600.0,150.75108540231815,1335.0
2026-03-01 09:35:22.400,AAPL,150.6886459565102,1679.0,150.67864595651017,228.0,150.66864595651018,1589.0,150.70864595651017,1652.0,150.7186459565102,673.0,150.72864595651018,556.0
2026-03-01 09:35:22.500,AAPL,150.59827171868432,453.0,150.5882717186843,612.0,150.5782717186843,1722.0,150.6182717186843,1431.0,150.62827171868432,491.0,150.6382717186843,493.0
2026-03-01 09:35:22.600,AAPL,150.5310267338643,1229.0,150.5210267338643,1385.0,150.5110267338643,887.0,150.5510267338643,1800.0,150.5610267338643,1822.0,150.5710267338643,1582.0
2026-03-01 09:35:22.700,AAPL,150.52262398526602,691.0,150.512623985266,257.0,150.502623985266,686.0,150.542623985266,726.0,150.55262398526602,1864.0,150.56262398526601,598.0
2026-03-01 09:35:22.800,AAPL,150.51720956280963,1781.0,150.5072095628096,1851.0,150.49720956280962,1643.0,150.5372095628096,1509.0,150.54720956280963,1782.0,150.55720956280962,1281.0
2026-03-01 09:35:22.900,AAPL,150.58782071424994,766.0,150.57782071424992,1705.0,150.56782071424993,1539.0,150.60782071424993,1201.0,150.61782071424994,288.0,150.62782071424994,625.0
2026-03-01 09:35:23.000,AAPL,150.65356067071872,1098.0,150.6435606707187,1075.0,150.6335606707187,1730.0,150.6735606707187,571.0,150.68356067071872,767.0,150.6935606707187,388.0
2026-03-01 09:35:23.100,AAPL,150.6192363636444,526.0,150.60923636364438,830.0,150.5992363636444,692.0,150.6392363636444,393.0,150.6492363636444,1399.0,150.6592363636444,1370.0
2026-03-01 09:35:23.200,AAPL,150.66015264939884,1825.0,150.65015264939882,1895.0,150.64015264939883,207.0,150.68015264939882,1760.0,150.69015264939884,487.0,150.70015264939883,1412.0
2026-03-01 09:35:23.300,AAPL,150.63629920617015,1501.0,150.62629920617013,438.0,150.61629920617014,1448.0,150.65629920617013,1923.0,150.66629920617015,1367.0,150.67629920617014,1058.0
2026-03-01 09:35:23.400,AAPL,150.67043002332034,1969.0,150.66043002332032,110.0,150.65043002332033,1745.0,150.69043002332032,1137.0,150.70043002332034,1807.0,150.71043002332033,445.0
2026-03-01 09:35:23.500,AAPL,150.71073090972567,1578.0,150.70073090972565,1610.0,150.69073090972566,1552.0,150.73073090972565,1737.0,150.74073090972567,424.0,150.75073090972566,547.0
2026-03-01 09:35:23.600,AAPL,150.77283555033307,599.0,150.76283555033305,1291.0,150.75283555033306,1150.0,150.79283555033305,1998.0,150.80283555033307,302.0,150.81283555033306,624.0
2026-03-01 09:35:23.700,AAPL,150.7482033825939,1655.0,150.7382033825939,836.0,150.7282033825939,416.0,150.7682033825939,835.0,150.77820338259392,1324.0,150.7882033825939,706.0
2026-03-01 09:35:23.800,AAPL,150.79891856695298,318.0,150.78891856695296,912.0,150.77891856695297,463.0,150.81891856695296,382.0,150.82891856695298,739.0,150.83891856695297,1744.0
2026-03-01 09:35:23.900,AAPL,150.7052778651469,1815.0,150.6952778651469,304.0,150.6852778651469,1490.0,150.7252778651469,197.0,150.7352778651469,749.0,150.7452778651469,271.0
2026-03-01 09:35:24.000,AAPL,150.77008864922385,1585.0,150.76008864922383,1887.0,150.75008864922384,1977.0,150.79008864922383,640.0,150.80008864922385,1780.0,150.81008864922384,1745.0
2026-03-01 09:35:24.100,AAPL,150.76883781308294,1525.0,150.75883781308292,911.0,150.74883781308293,248.0,150.78883781308292,292.0,150.79883781308294,354.0,150.80883781308293,517.0
2026-03-01 09:35:24.200,AAPL,150.76865141318365,1715.0,150.75865141318363,1322.0,150.74865141318364,1776.0,150.78865141318363,1899.0,150.79865141318365,382.0,150.80865141318364,855.0
2026-03-01 09:35:24.300,AAPL,150.66677958789913,428.0,150.6567795878991,1934.0,150.64677958789912,444.0,150.6867795878991,1530.0,150.69677958789913,961.0,150.70677958789912,142.0
2026-03-01 09:35:24.400,AAPL,150.64734629353674,1742.0,150.63734629353672,1896.0,150.62734629353673,541.0,150.66734629353672,1759.0,150.67734629353674,1968.0,150.68734629353673,1563.0
2026-03-01 09:35:24.500,AAPL,150.71512026351743,213.0,150.70512026351741,1784.0,150.69512026351742,1986.0,150.73512026351742,1747.0,150.74512026351744,104.0,150.75512026351743,874.0
2026-03-01 09:35:24.600,AAPL,150.6937851689323,104.0,150.68378516893227,681.0,150.67378516893228,896.0,150.71378516893228,1814.0,150.7237851689323,617.0,150.7337851689323,1964.0
2026-03-01 09:35:24.700,AAPL,150.72945830698106,296.0,150.71945830698104,1406.0,150.70945830698105,124.0,150.74945830698104,1255.0,150.75945830698106,943.0,150.76945830698105,189.0
2026-03-01 09:35:24.800,AAPL,150.73118606336675,1614.0,150.72118606336673,1057.0,150.71118606336674,674.0,150.75118606336673,629.0,150.76118606336675,1326.0,150.77118606336674,765.0
2026-03-01 09:35:24.900,AAPL,150.78431952034674,1835.0,150.77431952034672,1623.0,150.76431952034673,252.0,150.80431952034672,1693.0,150.81431952034674,643.0,150.82431952034673,1228.0
2026-03-01 09:35:25.000,AAPL,150.79389456860693,1343.0,150.7838945686069,1267.0,150.77389456860692,155.0,150.8138945686069,129.0,150.82389456860693,1895.0,150.83389456860692,965.0
2026-03-01 09:35:25.100,AAPL,150.74730399205203,565.0,150.737303992052,1807.0,150.72730399205201,1880.0,150.767303992052,683.0,150.77730399205203,510.0,150.78730399205202,1990.0
2026-03-01 09:35:25.200,AAPL,150.75012652604448,361.0,150.74012652604446,1539.0,150.73012652604447,796.0,150.77012652604446,197.0,150.78012652604448,1762.0,150.79012652604447,647.0
2026-03-01 09:35:25.300,AAPL,150.83018737122956,1766.0,150.82018737122954,1801.0,150.81018737122955,964.0,150.85018737122954,592.0,150.86018737122956,1321.0,150.87018737122955,548.0
2026-03-01 09:35:25.400,AAPL,150.85506962513136,1743.0,150.84506962513134,653.0,150.83506962513135,1479.0,150.87506962513135,842.0,150.88506962513137,242.0,150.89506962513136,1152.0
2026-03-01 09:35:25.500,AAPL,150.84924730976667,181.0,150.83924730976665,751.0,150.82924730976666,548.0,150.86924730976665,639.0,150.87924730976667,268.0,150.88924730976666,1284.0
2026-03-01 09:35:25.600,AAPL,150.96203450072335,1271.0,150.95203450072333,1842.0,150.94203450072334,1129.0,150.98203450072333,1602.0,150.99203450072335,288.0,151.00203450072334,707.0
2026-03-01 09:35:25.700,AAPL,151.0199952858514,1195.0,151.00999528585137,1428.0,150.99999528585138,1885.0,151.03999528585138,821.0,151.0499952858514,267.0,151.0599952858514,342.0
2026-03-01 09:35:25.800,AAPL,151.06083198162133,656.0,151.05083198162131,1827.0,151.04083198162132,690.0,151.08083198162132,1433.0,151.09083198162133,1483.0,151.10083198162133,637.0
2026-03-01 09:35:25.900,AAPL,151.07669910488355,672.0,151.06669910488353,1507.0,151.05669910488353,1107.0,151.09669910488353,331.0,151.10669910488355,402.0,151.11669910488354,526.0
2026-03-01 09:35:26.000,AAPL,151.1132127966211,1815.0,151.10321279662108,1928.0,151.0932127966211,1947.0,151.13321279662108,299.0,151.1432127966211,1447.0,151.1532127966211,361.0
2026-03-01 09:35:26.100,AAPL,151.15134940028025,1013.0,151.14134940028023,800.0,151.13134940028024,1127.0,151.17134940028023,266.0,151.18134940028025,178.0,151.19134940028025,359.0
2026-03-01 09:35:26.200,AAPL,151.04220863300264,728.0,151.03220863300263,1088.0,151.02220863300263,1388.0,151.06220863300263,435.0,151.07220863300265,1359.0,151.08220863300264,679.0
2026-03-01 09:35:26.300,AAPL,151.0619554436441,238.0,151.0519554436441,262.0,151.0419554436441,574.0,151.0819554436441,661.0,151.0919554436441,1811.0,151.1019554436441,113.0
2026-03-01 09:35:26.400,AAPL,151.0539151506773,1562.0,151.0439151506773,1145.0,151.0339151506773,357.0,151.0739151506773,997.0,151.0839151506773,1837.0,151.0939151506773,844.0
2026-03-01 09:35:26.500,AAPL,151.0289263370205,415.0,151.01892633702047,1711.0,151.00892633702048,1363.0,151.04892633702048,632.0,151.0589263370205,1000.0,151.06892633702049,555.0
2026-03-01 09:35:26.600,AAPL,151.0191544730183,1733.0,151.00915447301827,526.0,150.99915447301828,1291.0,151.03915447301827,1682.0,151.0491544730183,1793.0,151.05915447301828,579.0
2026-03-01 09:35:26.700,AAPL,150.94136203867717,1602.0,150.93136203867715,463.0,150.92136203867716,1816.0,150.96136203867715,1926.0,150.97136203867717,770.0,150.98136203867716,1546.0
2026-03-01 09:35:26.800,AAPL,150.8511315336753,1585.0,150.84113153367528,1702.0,150.8311315336753,928.0,150.87113153367528,1505.0,150.8811315336753,956.0,150.8911315336753,1917.0
2026-03-01 09:35:26.900,AAPL,150.91345665454773,1534.0,150.9034566545477,920.0,150.89345665454772,285.0,150.9334566545477,1795.0,150.94345665454773,968.0,150.95345665454772,653.0
2026-03-01 09:35:27.000,AAPL,150.93656454553317,370.0,150.92656454553315,707.0,150.91656454553316,1610.0,150.95656454553315,548.0,150.96656454553317,1024.0,150.97656454553317,1087.0
2026-03-01 09:35:27.100,AAPL,150.81591393917256,157.0,150.80591393917254,821.0,150.79591393917255,611.0,150.83591393917254,278.0,150.84591393917256,1534.0,150.85591393917255,1267.0
2026-03-01 09:35:27.200,AAPL,150.7870947121025,1501.0,150.77709471210247,1330.0,150.76709471210248,1189.0,150.80709471210247,1765.0,150.8170947121025,426.0,150.82709471210248,864.0
2026-03-01 09:35:27.300,AAPL,150.8311222987723,434.0,150.82112229877228,347.0,150.8111222987723,1481.0,150.85112229877228,317.0,150.8611222987723,1253.0,150.8711222987723,1207.0
2026-03-01 09:35:27.400,AAPL,150.81712158008628,615.0,150.80712158008626,1588.0,150.79712158008627,729.0,150.83712158008626,1298.0,150.84712158008628,173.0,150.85712158008627,212.0
2026-03-01 09:35:27.500,AAPL,150.8793718277762,995.0,150.86937182777618,1919.0,150.8593718277762,1716.0,150.89937182777618,118.0,150.9093718277762,163.0,150.9193718277762,1246.0
2026-03-01 09:35:27.600,AAPL,150.93185941774001,239.0,150.92185941774,989.0,150.91185941774,1211.0,150.95185941774,941.0,150.96185941774002,206.0,150.97185941774,1761.0
2026-03-01 09:35:27.700,AAPL,150.8640238572745,354.0,150.85402385727448,1046.0,150.8440238572745,1446.0,150.88402385727449,595.0,150.8940238572745,455.0,150.9040238572745,1322.0
2026-03-01 09:35:27.800,AAPL,150.85685765233205,1159.0,150.84685765233203,1759.0,150.83685765233204,1713.0,150.87685765233203,234.0,150.88685765233205,251.0,150.89685765233205,940.0
2026-03-01 09:35:27.900,AAPL,150.83445318109162,412.0,150.8244531810916,1505.0,150.8144531810916,1253.0,150.8544531810916,1740.0,150.86445318109162,788.0,150.8744531810916,159.0
2026-03-01 09:35:28.000,AAPL,150.764991266374,286.0,150.754991266374,1936.0,150.744991266374,1563.0,150.784991266374,695.0,150.794991266374,1342.0,150.804991266374,1554.0
2026-03-01 09:35:28.100,AAPL,150.69227755013125,175.0,150.68227755013123,108.0,150.67227755013124,1542.0,150.71227755013123,1199.0,150.72227755013125,853.0,150.73227755013124,1771.0
2026-03-01 09:35:28.200,AAPL,150.65197647281917,240.0,150.64197647281915,1898.0,150.63197647281916,1174.0,150.67197647281915,1616.0,150.68197647281917,641.0,150.69197647281916,291.0
2026-03-01 09:35:28.300,AAPL,150.61993020234354,645.0,150.60993020234352,1841.0,150.59993020234353,175.0,150.63993020234352,1345.0,150.64993020234354,172.0,150.65993020234353,383.0
2026-03-01 09:35:28.400,AAPL,150.6340916912057,184.0,150.62409169120568,1389.0,150.6140916912057,1546.0,150.65409169120568,725.0,150.6640916912057,509.0,150.6740916912057,1710.0
2026-03-01 09:35:28.500,AAPL,150.6863023648664,1428.0,150.6763023648664,845.0,150.6663023648664,238.0,150.7063023648664,151.0,150.7163023648664,1483.0,150.7263023648664,511.0
2026-03-01 09:35:28.600,AAPL,150.71198461265703,1457.0,150.70198461265701,1058.0,150.69198461265702,1645.0,150.73198461265702,996.0,150.74198461265703,1226.0,150.75198461265703,1768.0
2026-03-01 09:35:28.700,AAPL,150.7495032246711,1744.0,150.73950322467107,1314.0,150.72950322467108,1872.0,150.76950322467107,1082.0,150.7795032246711,1714.0,150.78950322467108,679.0
2026-03-01 09:35:28.800,AAPL,150.73617233359755,503.0,150.72617233359753,932.0,150.71617233359754,148.0,150.75617233359753,1162.0,150.76617233359755,548.0,150.77617233359754,1672.0
2026-03-01 09:35:28.900,AAPL,150.76632234342821,1259.0,150.7563223434282,968.0,150.7463223434282,666.0,150.7863223434282,1581.0,150.79632234342822,1411.0,150.8063223434282,726.0
2026-03-01 09:35:29.000,AAPL,150.75890359434868,893.0,150.74890359434866,1708.0,150.73890359434867,999.0,150.77890359434866,702.0,150.78890359434868,1206.0,150.79890359434867,1820.0
2026-03-01 09:35:29.100,AAPL,150.73682997518605,1343.0,150.72682997518604,703.0,150.71682997518604,927.0,150.75682997518604,203.0,150.76682997518606,1179.0,150.77682997518605,1009.0
2026-03-01 09:35:29.200,AAPL,150.83168502263084,483.0,150.82168502263082,1353.0,150.81168502263083,312.0,150.85168502263082,1094.0,150.86168502263084,441.0,150.87168502263083,727.0
2026-03-01 09:35:29.300,AAPL,150.71516122480347,1590.0,150.70516122480345,869.0,150.69516122480346,301.0,150.73516122480345,1674.0,150.74516122480347,1853.0,150.75516122480346,1430.0
2026-03-01 09:35:29.400,AAPL,150.62149600993808,1164.0,150.61149600993807,1223.0,150.60149600993807,1065.0,150.64149600993807,1609.0,150.65149600993809,724.0,150.66149600993808,1825.0
2026-03-01 09:35:29.500,AAPL,150.64063099764476,1326.0,150.63063099764474,1237.0,150.62063099764475,735.0,150.66063099764474,859.0,150.67063099764476,228.0,150.68063099764476,116.0
2026-03-01 09:35:29.600,AAPL,150.62738188021814,1845.0,150.61738188021812,1874.0,150.60738188021813,1097.0,150.64738188021812,1769.0,150.65738188021814,1931.0,150.66738188021813,864.0
2026-03-01 09:35:29.700,AAPL,150.5555326627098,125.0,150.54553266270977,1313.0,150.53553266270978,710.0,150.57553266270978,388.0,150.5855326627098,164.0,150.5955326627098,1193.0
2026-03-01 09:35:29.800,AAPL,150.5028021151516,412.0,150.4928021151516,1436.0,150.4828021151516,1409.0,150.5228021151516,1482.0,150.5328021151516,137.0,150.5428021151516,593.0
2026-03-01 09:35:29.900,AAPL,150.45658182530852,198.0,150.4465818253085,1173.0,150.4365818253085,1543.0,150.4765818253085,380.0,150.48658182530852,1913.0,150.4965818253085,1098.0
2026-03-01 09:35:30.000,AAPL,150.50119865216507,296.0,150.49119865216505,152.0,150.48119865216506,1487.0,150.52119865216505,1772.0,150.53119865216507,1697.0,150.54119865216506,1611.0
2026-03-01 09:35:30.100,AAPL,150.56181917371828,348.0,150.55181917371826,1587.0,150.54181917371827,1698.0,150.58181917371826,1006.0,150.59181917371828,190.0,150.60181917371827,160.0
2026-03-01 09:35:30.200,AAPL,150.64379730197982,1307.0,150.6337973019798,1314.0,150.6237973019798,1723.0,150.6637973019798,683.0,150.67379730197982,1130.0,150.6837973019798,1633.0
2026-03-01 09:35:30.300,AAPL,150.56434674086935,1648.0,150.55434674086933,639.0,150.54434674086934,512.0,150.58434674086934,158.0,150.59434674086936,1837.0,150.60434674086935,1087.0
2026-03-01 09:35:30.400,AAPL,150.49599056424378,1402.0,150.48599056424376,1547.0,150.47599056424377,1522.0,150.51599056424376,1256.0,150.52599056424378,559.0,150.53599056424378,520.0
2026-03-01 09:35:30.500,AAPL,150.42420924051876,142.0,150.41420924051874,673.0,150.40420924051875,922.0,150.44420924051875,274.0,150.45420924051876,1829.0,150.46420924051876,282.0
2026-03-01 09:35:30.600,AAPL,150.48865209080725,752.0,150.47865209080723,510.0,150.46865209080724,1647.0,150.50865209080723,324.0,150.51865209080725,1340.0,150.52865209080724,1770.0
2026-03-01 09:35:30.700,AAPL,150.50951331352823,807.0,150.4995133135282,1282.0,150.48951331352822,1334.0,150.5295133135282,205.0,150.53951331352823,1023.0,150.54951331352822,1939.0
2026-03-01 09:35:30.800,AAPL,150.5135232743517,208.0,150.5035232743517,1662.0,150.4935232743517,497.0,150.5335232743517,874.0,150.5435232743517,685.0,150.5535232743517,1518.0
2026-03-01 09:35:30.900,AAPL,150.52500470904408,542.0,150.51500470904406,1768.0,150.50500470904407,1431.0,150.54500470904406,506.0,150.55500470904408,1300.0,150.56500470904408,1187.0
2026-03-01 09:35:31.000,AAPL,150.52216579518716,1252.0,150.51216579518714,814.0,150.50216579518715,1000.0,150.54216579518715,578.0,150.55216579518716,1418.0,150.56216579518716,1743.0
2026-03-01 09:35:31.100,AAPL,150.46610869281682,108.0,150.4561086928168,244.0,150.4461086928168,1750.0,150.4861086928168,998.0,150.49610869281682,1345.0,150.5061086928168,172.0
2026-03-01 09:35:31.200,AAPL,150.49176733230607,803.0,150.48176733230605,1811.0,150.47176733230606,338.0,150.51176733230605,570.0,150.52176733230607,566.0,150.53176733230606,904.0
2026-03-01 09:35:31.300,AAPL,150.48246040702338,1858.0,150.47246040702336,1640.0,150.46246040702337,882.0,150.50246040702336,849.0,150.51246040702338,396.0,150.52246040702337,483.0
2026-03-01 09:35:31.400,AAPL,150.42244433134942,1429.0,150.4124443313494,1389.0,150.40244433134941,681.0,150.4424443313494,845.0,150.45244433134943,1481.0,150.46244433134942,1124.0
2026-03-01 09:35:31.500,AAPL,150.45115860361733,1344.0,150.4411586036173,954.0,150.43115860361732,195.0,150.4711586036173,881.0,150.48115860361733,1978.0,150.49115860361732,1401.0
2026-03-01 09:35:31.600,AAPL,150.4298692218037,654.0,150.41986922180368,1532.0,150.4098692218037,764.0,150.44986922180368,450.0,150.4598692218037,358.0,150.4698692218037,1431.0
2026-03-01 09:35:31.700,AAPL,150.44124339614575,923.0,150.43124339614573,279.0,150.42124339614574,1551.0,150.46124339614573,1888.0,150.47124339614575,887.0,150.48124339614574,1369.0
2026-03-01 09:35:31.800,AAPL,150.43499443808085,1975.0,150.42499443808083,1342.0,150.41499443808084,584.0,150.45499443808083,676.0,150.46499443808085,1407.0,150.47499443808084,169.0
2026-03-01 09:35:31.900,AAPL,150.4795633766921,739.0,150.4695633766921,1176.0,150.4595633766921,430.0,150.4995633766921,838.0,150.5095633766921,1645.0,150.5195633766921,882.0
2026-03-01 09:35:32.000,AAPL,150.49057152540354,198.0,150.48057152540352,1007.0,150.47057152540353,1390.0,150.51057152540352,822.0,150.52057152540354,1016.0,150.53057152540353,221.0
2026-03-01 09:35:32.100,AAPL,150.4463865166607,1184.0,150.4363865166607,1092.0,150.4263865166607,298.0,150.4663865166607,915.0,150.4763865166607,1267.0,150.4863865166607,390.0
2026-03-01 09:35:32.200,AAPL,150.46248667783763,178.0,150.4524866778376,544.0,150.44248667783762,794.0,150.4824866778376,1598.0,150.49248667783763,601.0,150.50248667783762,321.0
2026-03-01 09:35:32.300,AAPL,150.4802211140613,185.0,150.47022111406127,274.0,150.46022111406128,398.0,150.50022111406128,1206.0,150.5102211140613,255.0,150.5202211140613,231.0
2026-03-01 09:35:32.400,AAPL,150.50578776276322,1059.0,150.4957877627632,1487.0,150.4857877627632,925.0,150.5257877627632,767.0,150.53578776276322,1636.0,150.5457877627632,1404.0
2026-03-01 09:35:32.500,AAPL,150.55758147549983,923.0,150.5475814754998,1733.0,150.53758147549982,1377.0,150.5775814754998,840.0,150.58758147549983,1530.0,150.59758147549982,990.0
2026-03-01 09:35:32.600,AAPL,150.52678233624096,334.0,150.51678233624094,1591.0,150.50678233624095,1717.0,150.54678233624094,1375.0,150.55678233624096,385.0,150.56678233624095,674.0
2026-03-01 09:35:32.700,AAPL,150.5601791196,1766.0,150.5501791196,1969.0,150.5401791196,1394.0,150.5801791196,947.0,150.5901791196,1124.0,150.6001791196,1140.0
2026-03-01 09:35:32.800,AAPL,150.47393825770794,1576.0,150.46393825770792,397.0,150.45393825770793,938.0,150.49393825770792,1475.0,150.50393825770794,735.0,150.51393825770793,1893.0
2026-03-01 09:35:32.900,AAPL,150.46793901694355,422.0,150.45793901694353,1246.0,150.44793901694354,144.0,150.48793901694353,286.0,150.49793901694355,723.0,150.50793901694354,1305.0
2026-03-01 09:35:33.000,AAPL,150.45420602270315,988.0,150.44420602270313,1694.0,150.43420602270314,1311.0,150.47420602270313,426.0,150.48420602270315,1177.0,150.49420602270314,526.0
2026-03-01 09:35:33.100,AAPL,150.52659828371216,1237.0,150.51659828371214,692.0,150.50659828371215,1357.0,150.54659828371214,304.0,150.55659828371216,1013.0,150.56659828371215,883.0
2026-03-01 09:35:33.200,AAPL,150.51878151226336,1203.0,150.50878151226334,1934.0,150.49878151226335,1269.0,150.53878151226334,448.0,150.54878151226336,953.0,150.55878151226335,1531.0
2026-03-01 09:35:33.300,AAPL,150.54918095117193,1083.0,150.53918095117191,1859.0,150.52918095117192,1956.0,150.56918095117192,487.0,150.57918095117194,1237.0,150.58918095117193,472.0
2026-03-01 09:35:33.400,AAPL,150.4610920200283,455.0,150.45109202002828,1844.0,150.4410920200283,173.0,150.48109202002829,1171.0,150.4910920200283,1018.0,150.5010920200283,1139.0
2026-03-01 09:35:33.500,AAPL,150.44350412179386,1893.0,150.43350412179385,1001.0,150.42350412179385,1728.0,150.46350412179385,716.0,150.47350412179387,1372.0,150.48350412179386,1179.0
2026-03-01 09:35:33.600,AAPL,150.40118612842218,926.0,150.39118612842216,1645.0,150.38118612842217,308.0,150.42118612842216,559.0,150.43118612842218,370.0,150.44118612842217,1789.0
2026-03-01 09:35:33.700,AAPL,150.52496168458697,1407.0,150.51496168458695,1215.0,150.50496168458696,669.0,150.54496168458695,880.0,150.55496168458697,929.0,150.56496168458696,1991.0
2026-03-01 09:35:33.800,AAPL,150.4916218467309,396.0,150.4816218467309,1224.0,150.4716218467309,1384.0,150.5116218467309,709.0,150.5216218467309,1026.0,150.5316218467309,1027.0
2026-03-01 09:35:33.900,AAPL,150.49528580036397,481.0,150.48528580036395,1728.0,150.47528580036396,1698.0,150.51528580036396,621.0,150.52528580036397,490.0,150.53528580036397,634.0
2026-03-01 09:35:34.000,AAPL,150.50161459047774,678.0,150.49161459047772,376.0,150.48161459047773,944.0,150.52161459047772,1556.0,150.53161459047774,1781.0,150.54161459047774,885.0
2026-03-01 09:35:34.100,AAPL,150.4221406759309,1454.0,150.41214067593089,1903.0,150.4021406759309,1963.0,150.4421406759309,1450.0,150.4521406759309,286.0,150.4621406759309,262.0
2026-03-01 09:35:34.200,AAPL,150.39583890540374,1364.0,150.38583890540372,623.0,150.37583890540373,1890.0,150.41583890540372,1359.0,150.42583890540374,784.0,150.43583890540373,1460.0
2026-03-01 09:35:34.300,AAPL,150.4160772310362,1252.0,150.4060772310362,1193.0,150.3960772310362,1987.0,150.4360772310362,1567.0,150.4460772310362,413.0,150.4560772310362,1753.0
2026-03-01 09:35:34.400,AAPL,150.42036334479826,1503.0,150.41036334479824,776.0,150.40036334479825,1930.0,150.44036334479824,1032.0,150.45036334479826,684.0,150.46036334479825,304.0
2026-03-01 09:35:34.500,AAPL,150.30534279619786,1647.0,150.29534279619784,1834.0,150.28534279619785,1262.0,150.32534279619784,571.0,150.33534279619786,936.0,150.34534279619785,281.0
2026-03-01 09:35:34.600,AAPL,150.27699322397265,1549.0,150.26699322397263,1628.0,150.25699322397264,881.0,150.29699322397263,1536.0,150.30699322397265,937.0,150.31699322397264,1819.0
2026-03-01 09:35:34.700,AAPL,150.328034307045,722.0,150.31803430704497,791.0,150.30803430704498,1377.0,150.34803430704497,592.0,150.358034307045,1654.0,150.36803430704498,1061.0
2026-03-01 09:35:34.800,AAPL,150.35744545341063,1251.0,150.34744545341061,1231.0,150.33744545341062,1675.0,150.37744545341062,297.0,150.38744545341063,901.0,150.39744545341063,1020.0
2026-03-01 09:35:34.900,AAPL,150.4183471210019,949.0,150.40834712100187,760.0,150.39834712100188,1809.0,150.43834712100187,1865.0,150.4483471210019,675.0,150.45834712100188,557.0
2026-03-01 09:35:35.000,AAPL,150.36906475413073,1742.0,150.3590647541307,243.0,150.34906475413072,1553.0,150.38906475413071,765.0,150.39906475413073,508.0,150.40906475413072,339.0
2026-03-01 09:35:35.100,AAPL,150.4331112308947,903.0,150.42311123089468,1532.0,150.41311123089469,1836.0,150.45311123089468,1010.0,150.4631112308947,595.0,150.4731112308947,342.0
2026-03-01 09:35:35.200,AAPL,150.43089092848024,1390.0,150.42089092848022,703.0,150.41089092848023,1354.0,150.45089092848022,1913.0,150.46089092848024,534.0,150.47089092848023,1562.0
2026-03-01 09:35:35.300,AAPL,150.51050205352718,1262.0,150.50050205352716,1473.0,150.49050205352717,1912.0,150.53050205352716,666.0,150.54050205352718,1931.0,150.55050205352717,1049.0
2026-03-01 09:35:35.400,AAPL,150.51066727523136,1305.0,150.50066727523134,1931.0,150.49066727523135,1383.0,150.53066727523134,815.0,150.54066727523136,111.0,150.55066727523135,1464.0
2026-03-01 09:35:35.500,AAPL,150.40829350059565,1294.0,150.39829350059563,570.0,150.38829350059564,1999.0,150.42829350059563,354.0,150.43829350059565,1233.0,150.44829350059564,864.0
2026-03-01 09:35:35.600,AAPL,150.45075622916102,1875.0,150.440756229161,696.0,150.430756229161,1354.0,150.470756229161,722.0,150.48075622916102,1382.0,150.490756229161,379.0
2026-03-01 09:35:35.700,AAPL,150.42858054526226,1698.0,150.41858054526224,1219.0,150.40858054526225,1371.0,150.44858054526225,1390.0,150.45858054526227,1497.0,150.46858054526226,1652.0
2026-03-01 09:35:35.800,AAPL,150.40976906469385,195.0,150.39976906469383,1267.0,150.38976906469384,625.0,150.42976906469383,1518.0,150.43976906469385,773.0,150.44976906469384,1202.0
2026-03-01 09:35:35.900,AAPL,150.33711424314035,1413.0,150.32711424314033,1113.0,150.31711424314034,519.0,150.35711424314033,599.0,150.36711424314035,554.0,150.37711424314034,1343.0
2026-03-01 09:35:36.000,AAPL,150.41822421809067,362.0,150.40822421809065,223.0,150.39822421809066,1599.0,150.43822421809065,1786.0,150.44822421809067,438.0,150.45822421809066,340.0
2026-03-01 09:35:36.100,AAPL,150.3921691594005,541.0,150.3821691594005,1289.0,150.3721691594005,679.0,150.4121691594005,1607.0,150.4221691594005,1954.0,150.4321691594005,1295.0
2026-03-01 09:35:36.200,AAPL,150.47092094814613,1016.0,150.4609209481461,958.0,150.45092094814612,755.0,150.4909209481461,1223.0,150.50092094814613,234.0,150.51092094814612,397.0
2026-03-01 09:35:36.300,AAPL,150.4493587900665,417.0,150.43935879006648,249.0,150.4293587900665,764.0,150.46935879006648,1595.0,150.4793587900665,321.0,150.4893587900665,292.0
2026-03-01 09:35:36.400,AAPL,150.40297152995905,1417.0,150.39297152995903,1862.0,150.38297152995904,734.0,150.42297152995903,542.0,150.43297152995905,1944.0,150.44297152995904,576.0
2026-03-01 09:35:36.500,AAPL,150.46894798866052,1231.0,150.4589479886605,1024.0,150.4489479886605,265.0,150.4889479886605,401.0,150.49894798866052,624.0,150.5089479886605,1625.0
2026-03-01 09:35:36.600,AAPL,150.4652812512105,1840.0,150.4552812512105,1618.0,150.4452812512105,1445.0,150.4852812512105,1238.0,150.4952812512105,1693.0,150.5052812512105,1059.0
2026-03-01 09:35:36.700,AAPL,150.46210265084275,794.0,150.45210265084273,1256.0,150.44210265084274,1176.0,150.48210265084273,1727.0,150.49210265084275,1113.0,150.50210265084274,1512.0
2026-03-01 09:35:36.800,AAPL,150.3980213538286,546.0,150.38802135382858,1202.0,150.3780213538286,1011.0,150.41802135382858,902.0,150.4280213538286,192.0,150.4380213538286,790.0
2026-03-01 09:35:36.900,AAPL,150.3751401860938,1703.0,150.36514018609378,102.0,150.3551401860938,1757.0,150.39514018609378,510.0,150.4051401860938,1576.0,150.4151401860938,1419.0
2026-03-01 09:35:37.000,AAPL,150.39657497727535,1731.0,150.38657497727533,138.0,150.37657497727534,1071.0,150.41657497727533,1138.0,150.42657497727535,1161.0,150.43657497727534,695.0
2026-03-01 09:35:37.100,AAPL,150.3316159775874,639.0,150.32161597758738,1042.0,150.3116159775874,1119.0,150.3516159775874,1335.0,150.3616159775874,1029.0,150.3716159775874,1942.0
2026-03-01 09:35:37.200,AAPL,150.3046615928788,1994.0,150.29466159287878,1739.0,150.2846615928788,899.0,150.32466159287878,248.0,150.3346615928788,551.0,150.3446615928788,1486.0
2026-03-01 09:35:37.300,AAPL,150.28363927100844,1013.0,150.27363927100842,1608.0,150.26363927100843,1422.0,150.30363927100842,105.0,150.31363927100844,733.0,150.32363927100843,339.0
2026-03-01 09:35:37.400,AAPL,150.28696131124414,565.0,150.27696131124412,1015.0,150.26696131124413,1011.0,150.30696131124412,1661.0,150.31696131124414,510.0,150.32696131124413,1623.0
2026-03-01 09:35:37.500,AAPL,150.36093929352606,1439.0,150.35093929352604,276.0,150.34093929352605,1614.0,150.38093929352604,264.0,150.39093929352606,1474.0,150.40093929352605,273.0
2026-03-01 09:35:37.600,AAPL,150.3459416368769,1464.0,150.33594163687687,1852.0,150.32594163687688,1699.0,150.36594163687687,245.0,150.3759416368769,1904.0,150.38594163687688,1845.0
2026-03-01 09:35:37.700,AAPL,150.31141660375627,303.0,150.30141660375625,1246.0,150.29141660375626,574.0,150.33141660375625,708.0,150.34141660375627,763.0,150.35141660375626,671.0
2026-03-01 09:35:37.800,AAPL,150.4487351353575,981.0,150.4387351353575,1216.0,150.4287351353575,831.0,150.4687351353575,691.0,150.4787351353575,465.0,150.4887351353575,1085.0
2026-03-01 09:35:37.900,AAPL,150.42707586768134,660.0,150.41707586768132,339.0,150.40707586768133,1649.0,150.44707586768132,1991.0,150.45707586768134,1319.0,150.46707586768133,1524.0
2026-03-01 09:35:38.000,AAPL,150.41754295962286,763.0,150.40754295962284,1490.0,150.39754295962285,1648.0,150.43754295962285,1560.0,150.44754295962287,1398.0,150.45754295962286,124.0
2026-03-01 09:35:38.100,AAPL,150.3996506411633,344.0,150.38965064116329,303.0,150.3796506411633,1143.0,150.4196506411633,1457.0,150.4296506411633,1117.0,150.4396506411633,608.0
2026-03-01 09:35:38.200,AAPL,150.38581218610784,745.0,150.37581218610782,1365.0,150.36581218610783,1406.0,150.40581218610782,213.0,150.41581218610784,1514.0,150.42581218610783,680.0
2026-03-01 09:35:38.300,AAPL,150.38969992925863,1510.0,150.3796999292586,1829.0,150.36969992925862,1769.0,150.4096999292586,280.0,150.41969992925863,822.0,150.42969992925862,104.0
2026-03-01 09:35:38.400,AAPL,150.4357397531383,179.0,150.4257397531383,1279.0,150.4157397531383,1748.0,150.4557397531383,648.0,150.4657397531383,1326.0,150.4757397531383,188.0
2026-03-01 09:35:38.500,AAPL,150.45593913930196,489.0,150.44593913930194,678.0,150.43593913930195,879.0,150.47593913930194,1824.0,150.48593913930196,1122.0,150.49593913930195,1193.0
2026-03-01 09:35:38.600,AAPL,150.5097939174703,963.0,150.49979391747027,1906.0,150.48979391747028,831.0,150.52979391747027,140.0,150.5397939174703,1560.0,150.54979391747028,538.0
2026-03-01 09:35:38.700,AAPL,150.56199535120066,1610.0,150.55199535120065,874.0,150.54199535120065,1650.0,150.58199535120065,1952.0,150.59199535120067,1896.0,150.60199535120066,1430.0
2026-03-01 09:35:38.800,AAPL,150.57242295648146,1942.0,150.56242295648144,876.0,150.55242295648145,716.0,150.59242295648144,393.0,150.60242295648146,106.0,150.61242295648145,1051.0
2026-03-01 09:35:38.900,AAPL,150.59123855498464,1058.0,150.58123855498462,304.0,150.57123855498463,1658.0,150.61123855498462,335.0,150.62123855498464,285.0,150.63123855498463,1505.0
2026-03-01 09:35:39.000,AAPL,150.6466753887981,1791.0,150.63667538879807,1101.0,150.62667538879808,1230.0,150.66667538879807,545.0,150.6766753887981,1086.0,150.68667538879808,243.0
2026-03-01 09:35:39.100,AAPL,150.59111489239794,1891.0,150.58111489239792,1245.0,150.57111489239793,1527.0,150.61111489239792,814.0,150.62111489239794,1413.0,150.63111489239793,186.0
2026-03-01 09:35:39.200,AAPL,150.71602545250985,1406.0,150.70602545250983,1776.0,150.69602545250984,1261.0,150.73602545250984,989.0,150.74602545250985,1960.0,150.75602545250985,1385.0
2026-03-01 09:35:39.300,AAPL,150.69039619598348,368.0,150.68039619598346,254.0,150.67039619598347,1208.0,150.71039619598346,1291.0,150.72039619598348,390.0,150.73039619598347,475.0
2026-03-01 09:35:39.400,AAPL,150.67284794990505,1159.0,150.66284794990503,1704.0,150.65284794990504,1454.0,150.69284794990503,215.0,150.70284794990505,336.0,150.71284794990504,1198.0
2026-03-01 09:35:39.500,AAPL,150.61225290117136,655.0,150.60225290117134,252.0,150.59225290117135,334.0,150.63225290117134,720.0,150.64225290117136,319.0,150.65225290117135,1192.0
2026-03-01 09:35:39.600,AAPL,150.55314536077364,1483.0,150.54314536077362,303.0,150.53314536077363,1853.0,150.57314536077362,1484.0,150.58314536077364,1935.0,150.59314536077363,1063.0
2026-03-01 09:35:39.700,AAPL,150.6018470642181,448.0,150.5918470642181,296.0,150.5818470642181,1634.0,150.6218470642181,459.0,150.6318470642181,1960.0,150.6418470642181,684.0
2026-03-01 09:35:39.800,AAPL,150.71535672810023,931.0,150.7053567281002,1604.0,150.69535672810022,1361.0,150.73535672810021,850.0,150.74535672810023,279.0,150.75535672810022,1985.0
2026-03-01 09:35:39.900,AAPL,150.6869947225598,1252.0,150.67699472255978,1670.0,150.6669947225598,1429.0,150.70699472255978,1880.0,150.7169947225598,803.0,150.7269947225598,1751.0
2026-03-01 09:35:40.000,AAPL,150.70436054896618,561.0,150.69436054896616,1247.0,150.68436054896617,1164.0,150.72436054896616,977.0,150.73436054896618,1341.0,150.74436054896617,166.0
2026-03-01 09:35:40.100,AAPL,150.7153688787518,1992.0,150.70536887875178,320.0,150.6953688787518,148.0,150.73536887875179,565.0,150.7453688787518,1414.0,150.7553688787518,1597.0
2026-03-01 09:35:40.200,AAPL,150.76538110687264,394.0,150.75538110687262,1115.0,150.74538110687263,1933.0,150.78538110687262,734.0,150.79538110687264,779.0,150.80538110687263,1072.0
2026-03-01 09:35:40.300,AAPL,150.87631683009852,177.0,150.8663168300985,1410.0,150.8563168300985,1826.0,150.8963168300985,1968.0,150.90631683009852,1542.0,150.9163168300985,568.0
2026-03-01 09:35:40.400,AAPL,150.9523655009976,1922.0,150.94236550099757,1856.0,150.93236550099758,178.0,150.97236550099757,1019.0,150.9823655009976,1523.0,150.99236550099758,334.0
2026-03-01 09:35:40.500,AAPL,150.94043253694855,1205.0,150.93043253694853,1215.0,150.92043253694854,1909.0,150.96043253694853,463.0,150.97043253694855,954.0,150.98043253694854,1109.0
2026-03-01 09:35:40.600,AAPL,150.96687091873403,461.0,150.956870918734,1761.0,150.94687091873402,1906.0,150.986870918734,1976.0,150.99687091873403,321.0,151.00687091873402,1122.0
2026-03-01 09:35:40.700,AAPL,150.99827381087113,1515.0,150.9882738108711,1527.0,150.97827381087112,224.0,151.0182738108711,532.0,151.02827381087113,925.0,151.03827381087112,303.0
2026-03-01 09:35:40.800,AAPL,150.99726927931275,437.0,150.98726927931273,420.0,150.97726927931274,1701.0,151.01726927931273,1733.0,151.02726927931275,1943.0,151.03726927931274,882.0
2026-03-01 09:35:40.900,AAPL,150.94247247263792,379.0,150.9324724726379,1800.0,150.9224724726379,337.0,150.9624724726379,348.0,150.97247247263792,939.0,150.9824724726379,655.0
2026-03-01 09:35:41.000,AAPL,150.90253366170978,799.0,150.89253366170976,602.0,150.88253366170977,371.0,150.92253366170976,1910.0,150.93253366170978,1331.0,150.94253366170977,961.0
2026-03-01 09:35:41.100,AAPL,150.95994129425623,1328.0,150.9499412942562,378.0,150.93994129425622,111.0,150.9799412942562,536.0,150.98994129425623,1160.0,150.99994129425622,467.0
2026-03-01 09:35:41.200,AAPL,151.02250669404734,242.0,151.01250669404732,977.0,151.00250669404733,1677.0,151.04250669404732,1199.0,151.05250669404734,975.0,151.06250669404733,1181.0
2026-03-01 09:35:41.300,AAPL,151.01212832580538,929.0,151.00212832580536,888.0,150.99212832580537,1579.0,151.03212832580536,825.0,151.04212832580538,1297.0,151.05212832580537,1995.0
2026-03-01 09:35:41.400,AAPL,151.02518109550837,632.0,151.01518109550835,1043.0,151.00518109550836,1354.0,151.04518109550835,1140.0,151.05518109550837,1666.0,151.06518109550836,174.0
2026-03-01 09:35:41.500,AAPL,151.08504428657486,1092.0,151.07504428657484,1936.0,151.06504428657485,1353.0,151.10504428657484,320.0,151.11504428657486,843.0,151.12504428657485,140.0
2026-03-01 09:35:41.600,AAPL,150.99983084297318,109.0,150.98983084297316,452.0,150.97983084297317,1798.0,151.01983084297316,1909.0,151.02983084297318,158.0,151.03983084297317,1887.0
2026-03-01 09:35:41.700,AAPL,150.97751322143125,1602.0,150.96751322143123,964.0,150.95751322143124,1242.0,150.99751322143123,345.0,151.00751322143125,508.0,151.01751322143124,1162.0
2026-03-01 09:35:41.800,AAPL,151.0784067905054,1199.0,151.06840679050538,212.0,151.0584067905054,1061.0,151.09840679050538,1617.0,151.1084067905054,846.0,151.1184067905054,1859.0
2026-03-01 09:35:41.900,AAPL,151.09337217631554,603.0,151.08337217631552,1754.0,151.07337217631553,1013.0,151.11337217631552,238.0,151.12337217631554,449.0,151.13337217631553,969.0
2026-03-01 09:35:42.000,AAPL,151.03691137208037,761.0,151.02691137208035,920.0,151.01691137208036,1580.0,151.05691137208035,768.0,151.06691137208037,1315.0,151.07691137208036,1850.0
2026-03-01 09:35:42.100,AAPL,151.04277548675907,1232.0,151.03277548675905,1468.0,151.02277548675906,1879.0,151.06277548675905,1151.0,151.07277548675907,418.0,151.08277548675906,1769.0
2026-03-01 09:35:42.200,AAPL,151.09384726637248,1496.0,151.08384726637246,127.0,151.07384726637247,809.0,151.11384726637246,1347.0,151.12384726637248,1168.0,151.13384726637247,100.0
2026-03-01 09:35:42.300,AAPL,150.96652061950604,831.0,150.95652061950602,173.0,150.94652061950603,135.0,150.98652061950602,1974.0,150.99652061950604,1689.0,151.00652061950603,1886.0
2026-03-01 09:35:42.400,AAPL,150.9753349103656,333.0,150.96533491036558,797.0,150.9553349103656,1498.0,150.99533491036559,172.0,151.0053349103656,743.0,151.0153349103656,742.0
2026-03-01 09:35:42.500,AAPL,150.95671418263598,314.0,150.94671418263596,1086.0,150.93671418263597,1815.0,150.97671418263596,273.0,150.98671418263598,711.0,150.99671418263597,1846.0
2026-03-01 09:35:42.600,AAPL,150.87461427631413,1794.0,150.86461427631411,827.0,150.85461427631412,1605.0,150.89461427631412,724.0,150.90461427631413,793.0,150.91461427631413,1238.0
2026-03-01 09:35:42.700,AAPL,150.87871063907065,149.0,150.86871063907063,1237.0,150.85871063907064,919.0,150.89871063907063,1942.0,150.90871063907065,762.0,150.91871063907064,1456.0
2026-03-01 09:35:42.800,AAPL,150.87188662748264,1646.0,150.86188662748262,403.0,150.85188662748263,1413.0,150.89188662748262,1471.0,150.90188662748264,1486.0,150.91188662748263,1051.0
2026-03-01 09:35:42.900,AAPL,150.87068211487275,657.0,150.86068211487273,581.0,150.85068211487274,1836.0,150.89068211487273,820.0,150.90068211487275,1512.0,150.91068211487274,1388.0
2026-03-01 09:35:43.000,AAPL,150.8532690838605,1414.0,150.8432690838605,1573.0,150.8332690838605,1798.0,150.8732690838605,1828.0,150.8832690838605,406.0,150.8932690838605,655.0
2026-03-01 09:35:43.100,AAPL,150.8022022062628,1842.0,150.79220220626277,906.0,150.78220220626278,289.0,150.82220220626277,752.0,150.8322022062628,1525.0,150.84220220626278,1619.0
2026-03-01 09:35:43.200,AAPL,150.7294620645829,221.0,150.71946206458287,359.0,150.70946206458288,738.0,150.74946206458287,1405.0,150.7594620645829,144.0,150.76946206458288,555.0
2026-03-01 09:35:43.300,AAPL,150.69492756756915,532.0,150.68492756756913,1524.0,150.67492756756914,142.0,150.71492756756913,229.0,150.72492756756915,1339.0,150.73492756756914,907.0
2026-03-01 09:35:43.400,AAPL,150.73789017327294,173.0,150.72789017327293,1242.0,150.71789017327293,980.0,150.75789017327293,961.0,150.76789017327295,230.0,150.77789017327294,783.0
2026-03-01 09:35:43.500,AAPL,150.7495436879593,835.0,150.73954368795927,179.0,150.72954368795928,222.0,150.76954368795927,1322.0,150.7795436879593,993.0,150.78954368795928,339.0
2026-03-01 09:35:43.600,AAPL,150.74608502148698,1731.0,150.73608502148696,1988.0,150.72608502148697,1012.0,150.76608502148696,1393.0,150.77608502148698,936.0,150.78608502148697,1307.0
2026-03-01 09:35:43.700,AAPL,150.69409661403338,1411.0,150.68409661403336,837.0,150.67409661403337,1104.0,150.71409661403337,342.0,150.72409661403339,1452.0,150.73409661403338,1192.0
2026-03-01 09:35:43.800,AAPL,150.6754008673907,1853.0,150.66540086739067,418.0,150.65540086739068,1602.0,150.69540086739067,1843.0,150.7054008673907,403.0,150.71540086739068,319.0
2026-03-01 09:35:43.900,AAPL,150.71225874530853,758.0,150.7022587453085,585.0,150.69225874530852,1664.0,150.7322587453085,1196.0,150.74225874530853,694.0,150.75225874530852,1056.0
2026-03-01 09:35:44.000,AAPL,150.73749793343282,532.0,150.7274979334328,1958.0,150.7174979334328,1871.0,150.7574979334328,1642.0,150.76749793343282,1703.0,150.7774979334328,803.0
2026-03-01 09:35:44.100,AAPL,150.71363798994417,577.0,150.70363798994416,587.0,150.69363798994416,642.0,150.73363798994416,1808.0,150.74363798994418,1204.0,150.75363798994417,1008.0
2026-03-01 09:35:44.200,AAPL,150.58306788237078,948.0,150.57306788237076,163.0,150.56306788237077,1129.0,150.60306788237077,1882.0,150.61306788237079,1615.0,150.62306788237078,1692.0
2026-03-01 09:35:44.300,AAPL,150.54932550086272,1098.0,150.5393255008627,480.0,150.5293255008627,1963.0,150.5693255008627,1953.0,150.57932550086272,1886.0,150.5893255008627,110.0
2026-03-01 09:35:44.400,AAPL,150.52519077498218,595.0,150.51519077498216,1399.0,150.50519077498217,855.0,150.54519077498216,322.0,150.55519077498218,555.0,150.56519077498217,1570.0
2026-03-01 09:35:44.500,AAPL,150.47983547809704,516.0,150.46983547809702,1391.0,150.45983547809703,606.0,150.49983547809703,1743.0,150.50983547809705,685.0,150.51983547809704,1443.0
2026-03-01 09:35:44.600,AAPL,150.45917668894006,1253.0,150.44917668894004,1054.0,150.43917668894005,533.0,150.47917668894004,1126.0,150.48917668894006,605.0,150.49917668894005,1074.0
2026-03-01 09:35:44.700,AAPL,150.50000419534982,199.0,150.4900041953498,1646.0,150.4800041953498,1426.0,150.5200041953498,1240.0,150.53000419534982,588.0,150.5400041953498,1336.0
2026-03-01 09:35:44.800,AAPL,150.49813937270198,1350.0,150.48813937270197,1193.0,150.47813937270197,285.0,150.51813937270197,1089.0,150.528139372702,1226.0,150.53813937270198,1266.0
2026-03-01 09:35:44.900,AAPL,150.54762417509724,339.0,150.53762417509722,1575.0,150.52762417509723,376.0,150.56762417509722,1082.0,150.57762417509724,1059.0,150.58762417509723,378.0
2026-03-01 09:35:45.000,AAPL,150.47220557081496,1588.0,150.46220557081494,1695.0,150.45220557081495,1843.0,150.49220557081495,607.0,150.50220557081497,620.0,150.51220557081496,1888.0
2026-03-01 09:35:45.100,AAPL,150.4569523679172,1331.0,150.4469523679172,1845.0,150.4369523679172,1710.0,150.4769523679172,1059.0,150.4869523679172,1237.0,150.4969523679172,1906.0
2026-03-01 09:35:45.200,AAPL,150.36000126237496,1719.0,150.35000126237495,819.0,150.34000126237495,1247.0,150.38000126237495,306.0,150.39000126237497,238.0,150.40000126237496,511.0
2026-03-01 09:35:45.300,AAPL,150.33867238588311,1902.0,150.3286723858831,1281.0,150.3186723858831,284.0,150.3586723858831,1691.0,150.36867238588312,1725.0,150.3786723858831,1809.0
2026-03-01 09:35:45.400,AAPL,150.28638951311825,1614.0,150.27638951311823,1395.0,150.26638951311824,478.0,150.30638951311823,623.0,150.31638951311825,1472.0,150.32638951311824,1478.0
2026-03-01 09:35:45.500,AAPL,150.35045215478965,1596.0,150.34045215478963,337.0,150.33045215478964,1256.0,150.37045215478963,295.0,150.38045215478965,164.0,150.39045215478964,1934.0
2026-03-01 09:35:45.600,AAPL,150.37093775508183,846.0,150.3609377550818,1822.0,150.35093775508182,1588.0,150.3909377550818,1429.0,150.40093775508183,487.0,150.41093775508182,711.0
2026-03-01 09:35:45.700,AAPL,150.4216792298615,521.0,150.41167922986148,166.0,150.4016792298615,906.0,150.44167922986148,1905.0,150.4516792298615,495.0,150.4616792298615,1597.0
2026-03-01 09:35:45.800,AAPL,150.40021183859784,1814.0,150.39021183859782,668.0,150.38021183859783,688.0,150.42021183859782,358.0,150.43021183859784,725.0,150.44021183859783,815.0
2026-03-01 09:35:45.900,AAPL,150.34922593374202,1526.0,150.339225933742,1579.0,150.329225933742,352.0,150.369225933742,1431.0,150.37922593374202,1557.0,150.389225933742,1639.0
2026-03-01 09:35:46.000,AAPL,150.29664778401508,1259.0,150.28664778401506,464.0,150.27664778401507,216.0,150.31664778401506,668.0,150.32664778401508,296.0,150.33664778401507,973.0
2026-03-01 09:35:46.100,AAPL,150.30991974805363,1033.0,150.2999197480536,808.0,150.28991974805362,1609.0,150.3299197480536,160.0,150.33991974805363,1704.0,150.34991974805362,1432.0
2026-03-01 09:35:46.200,AAPL,150.4004278227633,1690.0,150.3904278227633,1314.0,150.3804278227633,1015.0,150.4204278227633,1596.0,150.4304278227633,474.0,150.4404278227633,1790.0
2026-03-01 09:35:46.300,AAPL,150.42104693736434,816.0,150.41104693736432,1605.0,150.40104693736433,109.0,150.44104693736432,367.0,150.45104693736434,828.0,150.46104693736433,914.0
2026-03-01 09:35:46.400,AAPL,150.40230855089996,1122.0,150.39230855089994,1975.0,150.38230855089995,977.0,150.42230855089994,1791.0,150.43230855089996,1180.0,150.44230855089995,358.0
2026-03-01 09:35:46.500,AAPL,150.39287000814363,751.0,150.3828700081436,1248.0,150.37287000814362,1899.0,150.4128700081436,1607.0,150.42287000814363,647.0,150.43287000814362,1722.0
2026-03-01 09:35:46.600,AAPL,150.39130499155604,1542.0,150.38130499155602,1885.0,150.37130499155603,1277.0,150.41130499155602,1776.0,150.42130499155604,653.0,150.43130499155603,1896.0
2026-03-01 09:35:46.700,AAPL,150.49263711956493,359.0,150.4826371195649,449.0,150.47263711956492,1513.0,150.5126371195649,271.0,150.52263711956493,972.0,150.53263711956492,108.0
2026-03-01 09:35:46.800,AAPL,150.55431754785667,1533.0,150.54431754785665,1947.0,150.53431754785666,1831.0,150.57431754785665,582.0,150.58431754785667,1401.0,150.59431754785666,1280.0
2026-03-01 09:35:46.900,AAPL,150.5673154980642,481.0,150.55731549806418,1042.0,150.5473154980642,1932.0,150.58731549806419,1888.0,150.5973154980642,1721.0,150.6073154980642,1602.0
2026-03-01 09:35:47.000,AAPL,150.5728020964545,246.0,150.56280209645448,165.0,150.55280209645449,770.0,150.59280209645448,1236.0,150.6028020964545,1849.0,150.6128020964545,1351.0
2026-03-01 09:35:47.100,AAPL,150.587769765973,1649.0,150.577769765973,417.0,150.567769765973,1312.0,150.607769765973,1797.0,150.617769765973,327.0,150.627769765973,1062.0
2026-03-01 09:35:47.200,AAPL,150.61248354943714,957.0,150.60248354943712,1791.0,150.59248354943713,617.0,150.63248354943713,1488.0,150.64248354943715,1926.0,150.65248354943714,453.0
2026-03-01 09:35:47.300,AAPL,150.59182365178836,332.0,150.58182365178834,955.0,150.57182365178835,1090.0,150.61182365178834,1193.0,150.62182365178836,1579.0,150.63182365178835,149.0
2026-03-01 09:35:47.400,AAPL,150.54961970441954,747.0,150.53961970441952,969.0,150.52961970441953,368.0,150.56961970441952,288.0,150.57961970441954,1119.0,150.58961970441953,1807.0
2026-03-01 09:35:47.500,AAPL,150.6012307174473,757.0,150.59123071744727,1029.0,150.58123071744728,165.0,150.62123071744728,1466.0,150.6312307174473,810.0,150.64123071744729,818.0
2026-03-01 09:35:47.600,AAPL,150.60232985397587,555.0,150.59232985397585,493.0,150.58232985397586,1709.0,150.62232985397586,563.0,150.63232985397588,907.0,150.64232985397587,1246.0
2026-03-01 09:35:47.700,AAPL,150.64976625076662,1083.0,150.6397662507666,420.0,150.6297662507666,113.0,150.6697662507666,221.0,150.67976625076662,1844.0,150.6897662507666,1828.0
2026-03-01 09:35:47.800,AAPL,150.73207418820544,745.0,150.72207418820543,1221.0,150.71207418820543,121.0,150.75207418820543,1072.0,150.76207418820545,618.0,150.77207418820544,909.0
2026-03-01 09:35:47.900,AAPL,150.75810492491044,1662.0,150.74810492491042,244.0,150.73810492491043,1219.0,150.77810492491042,1603.0,150.78810492491044,721.0,150.79810492491043,1134.0
2026-03-01 09:35:48.000,AAPL,150.77603234888895,1154.0,150.76603234888893,1831.0,150.75603234888894,155.0,150.79603234888893,103.0,150.80603234888895,1001.0,150.81603234888894,1858.0
2026-03-01 09:35:48.100,AAPL,150.9360444979148,1765.0,150.92604449791477,1615.0,150.91604449791478,1766.0,150.95604449791477,139.0,150.9660444979148,166.0,150.97604449791478,773.0
2026-03-01 09:35:48.200,AAPL,150.9463955043288,1303.0,150.93639550432877,170.0,150.92639550432878,1760.0,150.96639550432877,630.0,150.9763955043288,1174.0,150.98639550432878,280.0
2026-03-01 09:35:48.300,AAPL,150.89186816393646,1916.0,150.88186816393645,1825.0,150.87186816393645,385.0,150.91186816393645,691.0,150.92186816393647,722.0,150.93186816393646,552.0
2026-03-01 09:35:48.400,AAPL,150.87780690232788,773.0,150.86780690232786,781.0,150.85780690232787,895.0,150.89780690232786,1842.0,150.90780690232788,1366.0,150.91780690232787,518.0
2026-03-01 09:35:48.500,AAPL,150.95539113791514,689.0,150.94539113791512,1395.0,150.93539113791513,1952.0,150.97539113791512,1585.0,150.98539113791514,1006.0,150.99539113791514,1479.0
2026-03-01 09:35:48.600,AAPL,150.89068277040113,787.0,150.8806827704011,1726.0,150.87068277040112,1878.0,150.9106827704011,282.0,150.92068277040113,512.0,150.93068277040112,1426.0
2026-03-01 09:35:48.700,AAPL,150.8530597901935,1929.0,150.84305979019348,234.0,150.8330597901935,1206.0,150.87305979019348,1801.0,150.8830597901935,253.0,150.8930597901935,1371.0
2026-03-01 09:35:48.800,AAPL,150.9083811304919,940.0,150.89838113049188,1057.0,150.8883811304919,1554.0,150.92838113049189,1340.0,150.9383811304919,1234.0,150.9483811304919,230.0
2026-03-01 09:35:48.900,AAPL,150.89480009836626,378.0,150.88480009836624,1100.0,150.87480009836625,1081.0,150.91480009836624,1511.0,150.92480009836626,636.0,150.93480009836625,1250.0
2026-03-01 09:35:49.000,AAPL,150.88928780901745,1394.0,150.87928780901743,798.0,150.86928780901744,1383.0,150.90928780901743,1841.0,150.91928780901745,682.0,150.92928780901744,1708.0
2026-03-01 09:35:49.100,AAPL,150.94295645002396,111.0,150.93295645002394,1826.0,150.92295645002395,510.0,150.96295645002394,1076.0,150.97295645002396,398.0,150.98295645002395,1115.0
2026-03-01 09:35:49.200,AAPL,150.90711539124126,1204.0,150.89711539124124,1712.0,150.88711539124125,441.0,150.92711539124124,406.0,150.93711539124126,582.0,150.94711539124125,621.0
2026-03-01 09:35:49.300,AAPL,150.83368526866516,811.0,150.82368526866514,869.0,150.81368526866515,254.0,150.85368526866515,266.0,150.86368526866517,1960.0,150.87368526866516,956.0
2026-03-01 09:35:49.400,AAPL,150.76424097012205,1534.0,150.75424097012203,1254.0,150.74424097012204,1185.0,150.78424097012203,1945.0,150.79424097012205,792.0,150.80424097012204,331.0
2026-03-01 09:35:49.500,AAPL,150.7933299922925,1320.0,150.7833299922925,1788.0,150.7733299922925,871.0,150.8133299922925,1073.0,150.8233299922925,1350.0,150.8333299922925,627.0
2026-03-01 09:35:49.600,AAPL,150.80628659698405,1198.0,150.79628659698403,1263.0,150.78628659698404,1284.0,150.82628659698403,859.0,150.83628659698405,773.0,150.84628659698404,1835.0
2026-03-01 09:35:49.700,AAPL,150.7716582713201,1775.0,150.76165827132007,1500.0,150.75165827132008,1468.0,150.79165827132007,961.0,150.8016582713201,1137.0,150.81165827132008,469.0
2026-03-01 09:35:49.800,AAPL,150.71371869027973,1056.0,150.70371869027971,1341.0,150.69371869027972,292.0,150.73371869027972,595.0,150.74371869027974,965.0,150.75371869027973,1286.0
2026-03-01 09:35:49.900,AAPL,150.70019003402228,314.0,150.69019003402227,1531.0,150.68019003402227,1112.0,150.72019003402227,416.0,150.73019003402229,785.0,150.74019003402228,1658.0
2026-03-01 09:35:50.000,AAPL,150.75601589833482,396.0,150.7460158983348,1050.0,150.7360158983348,825.0,150.7760158983348,257.0,150.78601589833482,1816.0,150.79601589833482,270.0
2026-03-01 09:35:50.100,AAPL,150.71422500064335,756.0,150.70422500064333,401.0,150.69422500064334,225.0,150.73422500064333,972.0,150.74422500064335,894.0,150.75422500064334,112.0
2026-03-01 09:35:50.200,AAPL,150.68109079954573,1409.0,150.6710907995457,1673.0,150.66109079954572,1571.0,150.7010907995457,848.0,150.71109079954573,1447.0,150.72109079954572,1395.0
2026-03-01 09:35:50.300,AAPL,150.6215647211784,1573.0,150.61156472117838,933.0,150.6015647211784,547.0,150.64156472117838,1571.0,150.6515647211784,901.0,150.6615647211784,1152.0
2026-03-01 09:35:50.400,AAPL,150.6031940767233,1667.0,150.59319407672328,1704.0,150.5831940767233,1628.0,150.62319407672328,744.0,150.6331940767233,1641.0,150.6431940767233,893.0
2026-03-01 09:35:50.500,AAPL,150.62009802625914,1269.0,150.61009802625912,1923.0,150.60009802625913,819.0,150.64009802625912,857.0,150.65009802625914,875.0,150.66009802625913,783.0
2026-03-01 09:35:50.600,AAPL,150.7258564841113,611.0,150.71585648411127,784.0,150.70585648411128,137.0,150.74585648411127,1687.0,150.7558564841113,1163.0,150.76585648411128,1828.0
2026-03-01 09:35:50.700,AAPL,150.73674555975228,951.0,150.72674555975226,1554.0,150.71674555975227,516.0,150.75674555975226,1893.0,150.76674555975228,961.0,150.77674555975227,121.0
2026-03-01 09:35:50.800,AAPL,150.73406165449043,1033.0,150.7240616544904,1068.0,150.71406165449042,218.0,150.7540616544904,510.0,150.76406165449043,796.0,150.77406165449042,265.0
2026-03-01 09:35:50.900,AAPL,150.7772084847897,315.0,150.76720848478968,765.0,150.7572084847897,1987.0,150.79720848478968,300.0,150.8072084847897,1760.0,150.8172084847897,1848.0
2026-03-01 09:35:51.000,AAPL,150.8120192623812,1947.0,150.80201926238118,1415.0,150.7920192623812,814.0,150.83201926238118,1703.0,150.8420192623812,1868.0,150.8520192623812,958.0
2026-03-01 09:35:51.100,AAPL,150.78313622166286,1121.0,150.77313622166284,1377.0,150.76313622166285,1221.0,150.80313622166284,189.0,150.81313622166286,599.0,150.82313622166285,1808.0
2026-03-01 09:35:51.200,AAPL,150.89823922533438,1364.0,150.88823922533436,914.0,150.87823922533437,372.0,150.91823922533436,1832.0,150.92823922533438,799.0,150.93823922533437,423.0
2026-03-01 09:35:51.300,AAPL,150.89702005771966,399.0,150.88702005771964,1052.0,150.87702005771965,213.0,150.91702005771964,935.0,150.92702005771966,1135.0,150.93702005771965,857.0
2026-03-01 09:35:51.400,AAPL,150.90883882373745,1479.0,150.89883882373744,1356.0,150.88883882373744,1955.0,150.92883882373744,434.0,150.93883882373746,592.0,150.94883882373745,1324.0
2026-03-01 09:35:51.500,AAPL,150.93640625310178,738.0,150.92640625310176,117.0,150.91640625310177,448.0,150.95640625310176,1885.0,150.96640625310178,914.0,150.97640625310177,1520.0
2026-03-01 09:35:51.600,AAPL,150.95369987148243,315.0,150.9436998714824,470.0,150.93369987148242,1399.0,150.9736998714824,1993.0,150.98369987148243,350.0,150.99369987148242,1352.0
2026-03-01 09:35:51.700,AAPL,151.02996975492616,1698.0,151.01996975492614,1502.0,151.00996975492615,716.0,151.04996975492614,804.0,151.05996975492616,1103.0,151.06996975492615,535.0
2026-03-01 09:35:51.800,AAPL,151.00047431796963,1700.0,150.9904743179696,1496.0,150.98047431796962,770.0,151.02047431796962,874.0,151.03047431796963,1082.0,151.04047431796963,1731.0
2026-03-01 09:35:51.900,AAPL,151.03964343041227,1896.0,151.02964343041225,242.0,151.01964343041226,190.0,151.05964343041225,1727.0,151.06964343041227,230.0,151.07964343041226,561.0
2026-03-01 09:35:52.000,AAPL,151.04787185268154,1086.0,151.03787185268152,1470.0,151.02787185268153,762.0,151.06787185268152,1281.0,151.07787185268154,1832.0,151.08787185268153,1432.0
2026-03-01 09:35:52.100,AAPL,151.09700801243702,1373.0,151.087008012437,911.0,151.077008012437,1860.0,151.117008012437,1866.0,151.12700801243702,544.0,151.137008012437,1440.0
2026-03-01 09:35:52.200,AAPL,151.0862587399386,451.0,151.07625873993857,1991.0,151.06625873993858,1608.0,151.10625873993857,320.0,151.1162587399386,1101.0,151.12625873993858,446.0
2026-03-01 09:35:52.300,AAPL,151.06873797213095,1190.0,151.05873797213093,425.0,151.04873797213094,1088.0,151.08873797213093,126.0,151.09873797213095,1519.0,151.10873797213094,871.0
2026-03-01 09:35:52.400,AAPL,151.10534164650224,911.0,151.09534164650222,323.0,151.08534164650223,686.0,151.12534164650222,1874.0,151.13534164650224,1292.0,151.14534164650223,236.0
2026-03-01 09:35:52.500,AAPL,151.12324130935673,377.0,151.1132413093567,171.0,151.10324130935672,313.0,151.1432413093567,893.0,151.15324130935673,371.0,151.16324130935672,1899.0
2026-03-01 09:35:52.600,AAPL,151.08222659424047,730.0,151.07222659424045,1243.0,151.06222659424046,833.0,151.10222659424045,346.0,151.11222659424047,283.0,151.12222659424046,1588.0
2026-03-01 09:35:52.700,AAPL,151.14950720856118,732.0,151.13950720856116,1379.0,151.12950720856117,615.0,151.16950720856116,336.0,151.17950720856118,1681.0,151.18950720856117,1646.0
2026-03-01 09:35:52.800,AAPL,151.1861326773166,1314.0,151.1761326773166,1565.0,151.1661326773166,1170.0,151.2061326773166,1130.0,151.2161326773166,1215.0,151.2261326773166,1918.0
2026-03-01 09:35:52.900,AAPL,151.1824224677918,1702.0,151.1724224677918,107.0,151.1624224677918,569.0,151.2024224677918,511.0,151.2124224677918,434.0,151.2224224677918,1151.0
2026-03-01 09:35:53.000,AAPL,151.15901091220525,842.0,151.14901091220523,1407.0,151.13901091220524,1381.0,151.17901091220523,1561.0,151.18901091220525,1706.0,151.19901091220524,898.0
2026-03-01 09:35:53.100,AAPL,151.17721745704893,327.0,151.1672174570489,1565.0,151.15721745704892,1284.0,151.1972174570489,489.0,151.20721745704893,914.0,151.21721745704892,1405.0
2026-03-01 09:35:53.200,AAPL,151.21024171825027,456.0,151.20024171825025,547.0,151.19024171825026,1223.0,151.23024171825026,1439.0,151.24024171825027,1820.0,151.25024171825027,139.0
2026-03-01 09:35:53.300,AAPL,151.13053796455173,1564.0,151.12053796455172,1332.0,151.11053796455172,894.0,151.15053796455172,797.0,151.16053796455174,1410.0,151.17053796455173,1749.0
2026-03-01 09:35:53.400,AAPL,151.14932201067788,669.0,151.13932201067786,1731.0,151.12932201067787,101.0,151.16932201067786,627.0,151.17932201067788,1395.0,151.18932201067787,241.0
2026-03-01 09:35:53.500,AAPL,151.18194974579853,906.0,151.1719497457985,1856.0,151.16194974579852,1858.0,151.20194974579852,498.0,151.21194974579853,1643.0,151.22194974579853,1581.0
2026-03-01 09:35:53.600,AAPL,151.06432731580017,848.0,151.05432731580015,868.0,151.04432731580016,1078.0,151.08432731580015,1206.0,151.09432731580017,1444.0,151.10432731580016,1848.0
2026-03-01 09:35:53.700,AAPL,151.0741367987374,1740.0,151.0641367987374,943.0,151.0541367987374,278.0,151.0941367987374,798.0,151.10413679873741,860.0,151.1141367987374,441.0
2026-03-01 09:35:53.800,AAPL,151.1088672554572,1832.0,151.09886725545718,585.0,151.0888672554572,1333.0,151.12886725545718,569.0,151.1388672554572,221.0,151.1488672554572,307.0
2026-03-01 09:35:53.900,AAPL,151.13791117117043,1939.0,151.1279111711704,380.0,151.11791117117042,1867.0,151.1579111711704,1924.0,151.16791117117043,392.0,151.17791117117042,1004.0
2026-03-01 09:35:54.000,AAPL,151.17803358890947,514.0,151.16803358890945,424.0,151.15803358890946,741.0,151.19803358890945,270.0,151.20803358890947,1045.0,151.21803358890946,882.0
2026-03-01 09:35:54.100,AAPL,151.16165525930856,650.0,151.15165525930854,1796.0,151.14165525930855,121.0,151.18165525930854,644.0,151.19165525930856,1344.0,151.20165525930855,1493.0
2026-03-01 09:35:54.200,AAPL,151.10965993757478,1339.0,151.09965993757476,993.0,151.08965993757477,815.0,151.12965993757476,1037.0,151.13965993757478,717.0,151.14965993757477,744.0
2026-03-01 09:35:54.300,AAPL,151.0196727209865,114.0,151.0096727209865,209.0,150.9996727209865,496.0,151.0396727209865,1042.0,151.0496727209865,381.0,151.0596727209865,899.0
2026-03-01 09:35:54.400,AAPL,151.0742838830149,194.0,151.0642838830149,1281.0,151.0542838830149,486.0,151.0942838830149,291.0,151.10428388301492,1389.0,151.1142838830149,811.0
2026-03-01 09:35:54.500,AAPL,151.10943715770463,1048.0,151.0994371577046,820.0,151.08943715770462,438.0,151.12943715770461,842.0,151.13943715770463,1305.0,151.14943715770463,749.0
2026-03-01 09:35:54.600,AAPL,151.16786160424607,1616.0,151.15786160424605,825.0,151.14786160424606,1160.0,151.18786160424605,1988.0,151.19786160424607,114.0,151.20786160424606,1155.0
2026-03-01 09:35:54.700,AAPL,151.13160453630385,107.0,151.12160453630383,447.0,151.11160453630384,743.0,151.15160453630384,1185.0,151.16160453630386,1189.0,151.17160453630385,887.0
2026-03-01 09:35:54.800,AAPL,151.1717963574351,943.0,151.1617963574351,678.0,151.1517963574351,627.0,151.1917963574351,421.0,151.20179635743511,597.0,151.2117963574351,1682.0
2026-03-01 09:35:54.900,AAPL,151.09666230983728,1471.0,151.08666230983727,1034.0,151.07666230983727,176.0,151.11666230983727,235.0,151.1266623098373,1944.0,151.13666230983728,1279.0
2026-03-01 09:35:55.000,AAPL,151.05318763190178,728.0,151.04318763190176,792.0,151.03318763190177,195.0,151.07318763190176,1233.0,151.08318763190178,493.0,151.09318763190177,1270.0
2026-03-01 09:35:55.100,AAPL,151.0594864927272,375.0,151.04948649272717,829.0,151.03948649272718,231.0,151.07948649272717,1301.0,151.0894864927272,973.0,151.09948649272718,293.0
2026-03-01 09:35:55.200,AAPL,151.0926468742185,1290.0,151.08264687421848,1959.0,151.0726468742185,192.0,151.11264687421848,1084.0,151.1226468742185,151.0,151.1326468742185,570.0
2026-03-01 09:35:55.300,AAPL,151.17659749661334,1413.0,151.16659749661332,1028.0,151.15659749661333,776.0,151.19659749661332,1979.0,151.20659749661334,162.0,151.21659749661333,721.0
2026-03-01 09:35:55.400,AAPL,151.16459429334344,1283.0,151.15459429334342,1075.0,151.14459429334343,1303.0,151.18459429334342,1618.0,151.19459429334344,967.0,151.20459429334343,490.0
2026-03-01 09:35:55.500,AAPL,151.12130680725397,1244.0,151.11130680725395,1761.0,151.10130680725396,547.0,151.14130680725395,364.0,151.15130680725397,1229.0,151.16130680725396,1123.0
2026-03-01 09:35:55.600,AAPL,151.0754493633624,1683.0,151.06544936336238,471.0,151.05544936336238,484.0,151.09544936336238,1372.0,151.1054493633624,377.0,151.1154493633624,1307.0
2026-03-01 09:35:55.700,AAPL,151.0410570661112,1453.0,151.03105706611117,627.0,151.02105706611118,1574.0,151.06105706611118,496.0,151.0710570661112,655.0,151.08105706611119,734.0
2026-03-01 09:35:55.800,AAPL,151.15210840593494,164.0,151.14210840593492,125.0,151.13210840593493,621.0,151.17210840593492,1990.0,151.18210840593494,539.0,151.19210840593493,875.0
2026-03-01 09:35:55.900,AAPL,151.18995208499166,1777.0,151.17995208499164,580.0,151.16995208499165,120.0,151.20995208499164,966.0,151.21995208499166,900.0,151.22995208499165,1737.0
2026-03-01 09:35:56.000,AAPL,151.2455786775098,1691.0,151.23557867750978,857.0,151.2255786775098,1127.0,151.26557867750978,1139.0,151.2755786775098,1719.0,151.2855786775098,581.0
2026-03-01 09:35:56.100,AAPL,151.2336293981508,1263.0,151.2236293981508,641.0,151.2136293981508,1996.0,151.2536293981508,1138.0,151.2636293981508,846.0,151.2736293981508,1708.0
2026-03-01 09:35:56.200,AAPL,151.23354696403086,1553.0,151.22354696403085,1818.0,151.21354696403085,652.0,151.25354696403085,1480.0,151.26354696403087,1048.0,151.27354696403086,1262.0
2026-03-01 09:35:56.300,AAPL,151.2685101893288,363.0,151.25851018932877,1359.0,151.24851018932878,443.0,151.28851018932878,841.0,151.2985101893288,1461.0,151.30851018932879,1882.0
2026-03-01 09:35:56.400,AAPL,151.24322025153975,287.0,151.23322025153973,1673.0,151.22322025153974,1999.0,151.26322025153974,731.0,151.27322025153975,628.0,151.28322025153975,1729.0
2026-03-01 09:35:56.500,AAPL,151.2286548572124,499.0,151.21865485721239,148.0,151.2086548572124,172.0,151.2486548572124,1658.0,151.2586548572124,1707.0,151.2686548572124,958.0
2026-03-01 09:35:56.600,AAPL,151.19491964139922,587.0,151.1849196413992,1269.0,151.1749196413992,1536.0,151.2149196413992,1344.0,151.22491964139923,1065.0,151.23491964139922,776.0
2026-03-01 09:35:56.700,AAPL,151.17254500641135,1771.0,151.16254500641134,1143.0,151.15254500641134,519.0,151.19254500641134,1707.0,151.20254500641136,517.0,151.21254500641135,294.0
2026-03-01 09:35:56.800,AAPL,151.17499393703653,1923.0,151.1649939370365,1732.0,151.15499393703652,424.0,151.19499393703651,1545.0,151.20499393703653,992.0,151.21499393703652,555.0
2026-03-01 09:35:56.900,AAPL,151.13390843072833,550.0,151.1239084307283,1454.0,151.11390843072832,1776.0,151.1539084307283,1321.0,151.16390843072833,1558.0,151.17390843072832,561.0
2026-03-01 09:35:57.000,AAPL,151.1482073796848,254.0,151.1382073796848,1698.0,151.1282073796848,968.0,151.1682073796848,449.0,151.1782073796848,244.0,151.1882073796848,1022.0
2026-03-01 09:35:57.100,AAPL,151.16243646696236,1445.0,151.15243646696234,299.0,151.14243646696235,1693.0,151.18243646696234,1134.0,151.19243646696236,1490.0,151.20243646696235,572.0
2026-03-01 09:35:57.200,AAPL,151.15347403481954,1421.0,151.14347403481952,1997.0,151.13347403481953,675.0,151.17347403481952,1520.0,151.18347403481954,649.0,151.19347403481953,1927.0
2026-03-01 09:35:57.300,AAPL,151.11210104204136,698.0,151.10210104204134,1767.0,151.09210104204135,1628.0,151.13210104204134,161.0,151.14210104204136,334.0,151.15210104204135,161.0
2026-03-01 09:35:57.400,AAPL,151.11734919448898,138.0,151.10734919448896,1581.0,151.09734919448897,1770.0,151.13734919448896,343.0,151.14734919448898,412.0,151.15734919448897,1706.0
2026-03-01 09:35:57.500,AAPL,151.09210396634137,339.0,151.08210396634135,199.0,151.07210396634136,1582.0,151.11210396634135,172.0,151.12210396634137,1778.0,151.13210396634136,598.0
2026-03-01 09:35:57.600,AAPL,151.0944336746967,1959.0,151.08443367469667,1827.0,151.07443367469668,1270.0,151.11443367469667,761.0,151.1244336746967,578.0,151.13443367469668,1196.0
2026-03-01 09:35:57.700,AAPL,151.14934004806685,603.0,151.13934004806683,1839.0,151.12934004806684,289.0,151.16934004806683,1697.0,151.17934004806685,1658.0,151.18934004806684,1272.0
2026-03-01 09:35:57.800,AAPL,151.08669304221164,665.0,151.07669304221162,1201.0,151.06669304221163,682.0,151.10669304221162,1436.0,151.11669304221164,1042.0,151.12669304221163,640.0
2026-03-01 09:35:57.900,AAPL,151.19536735905632,726.0,151.1853673590563,1896.0,151.1753673590563,712.0,151.2153673590563,958.0,151.22536735905632,608.0,151.2353673590563,1554.0
2026-03-01 09:35:58.000,AAPL,151.19174117946693,1658.0,151.1817411794669,268.0,151.17174117946692,1770.0,151.2117411794669,581.0,151.22174117946693,1062.0,151.23174117946692,1620.0
2026-03-01 09:35:58.100,AAPL,151.21233314316223,1535.0,151.2023331431622,1598.0,151.19233314316222,1377.0,151.2323331431622,966.0,151.24233314316223,1751.0,151.25233314316222,1646.0
2026-03-01 09:35:58.200,AAPL,151.17469563865012,194.0,151.1646956386501,1863.0,151.1546956386501,1741.0,151.1946956386501,1051.0,151.20469563865012,695.0,151.2146956386501,1495.0
2026-03-01 09:35:58.300,AAPL,151.2318062161272,586.0,151.2218062161272,1256.0,151.2118062161272,1693.0,151.2518062161272,1213.0,151.2618062161272,122.0,151.2718062161272,1358.0
2026-03-01 09:35:58.400,AAPL,151.22552489265468,1330.0,151.21552489265466,667.0,151.20552489265467,1879.0,151.24552489265466,1884.0,151.25552489265468,1063.0,151.26552489265467,862.0
2026-03-01 09:35:58.500,AAPL,151.2058189771647,661.0,151.1958189771647,199.0,151.1858189771647,1084.0,151.2258189771647,1102.0,151.2358189771647,242.0,151.2458189771647,462.0
2026-03-01 09:35:58.600,AAPL,151.17704322610095,1203.0,151.16704322610093,1874.0,151.15704322610094,1703.0,151.19704322610093,1165.0,151.20704322610095,214.0,151.21704322610094,809.0
2026-03-01 09:35:58.700,AAPL,151.16361862481148,217.0,151.15361862481146,816.0,151.14361862481147,233.0,151.18361862481146,530.0,151.19361862481148,310.0,151.20361862481147,981.0
2026-03-01 09:35:58.800,AAPL,151.18453599095912,1973.0,151.1745359909591,1489.0,151.1645359909591,320.0,151.2045359909591,1747.0,151.21453599095912,788.0,151.2245359909591,966.0
2026-03-01 09:35:58.900,AAPL,151.19317652549066,496.0,151.18317652549064,1886.0,151.17317652549065,867.0,151.21317652549064,1780.0,151.22317652549066,649.0,151.23317652549065,1628.0
2026-03-01 09:35:59.000,AAPL,151.19118353883513,390.0,151.1811835388351,846.0,151.17118353883512,1698.0,151.21118353883512,126.0,151.22118353883513,256.0,151.23118353883513,1605.0
2026-03-01 09:35:59.100,AAPL,151.15561246793766,1437.0,151.14561246793764,681.0,151.13561246793765,363.0,151.17561246793764,939.0,151.18561246793766,1850.0,151.19561246793765,539.0
2026-03-01 09:35:59.200,AAPL,151.1171537942414,111.0,151.10715379424138,615.0,151.0971537942414,282.0,151.13715379424139,398.0,151.1471537942414,369.0,151.1571537942414,975.0
2026-03-01 09:35:59.300,AAPL,151.09411008011242,1394.0,151.0841100801124,1568.0,151.0741100801124,914.0,151.1141100801124,705.0,151.12411008011242,1063.0,151.1341100801124,1988.0
2026-03-01 09:35:59.400,AAPL,151.11712386572046,1054.0,151.10712386572044,1152.0,151.09712386572045,670.0,151.13712386572044,501.0,151.14712386572046,702.0,151.15712386572045,1189.0
2026-03-01 09:35:59.500,AAPL,151.15023685950896,450.0,151.14023685950895,1182.0,151.13023685950895,1020.0,151.17023685950895,1642.0,151.18023685950897,480.0,151.19023685950896,363.0
2026-03-01 09:35:59.600,AAPL,151.1900890693539,1314.0,151.18008906935387,1489.0,151.17008906935388,536.0,151.21008906935387,196.0,151.2200890693539,1020.0,151.23008906935388,820.0
2026-03-01 09:35:59.700,AAPL,151.19001572467693,1336.0,151.1800157246769,992.0,151.17001572467692,913.0,151.2100157246769,1180.0,151.22001572467693,955.0,151.23001572467692,1455.0
2026-03-01 09:35:59.800,AAPL,151.20919382172283,904.0,151.19919382172282,699.0,151.18919382172282,1803.0,151.22919382172282,912.0,151.23919382172284,921.0,151.24919382172283,522.0
2026-03-01 09:35:59.900,AAPL,151.20077128647867,1338.0,151.19077128647865,881.0,151.18077128647866,449.0,151.22077128647865,525.0,151.23077128647867,1919.0,151.24077128647866,1347.0
2026-03-01 09:36:00.000,AAPL,151.11365638693226,1560.0,151.10365638693224,1258.0,151.09365638693225,1724.0,151.13365638693224,1339.0,151.14365638693226,823.0,151.15365638693225,271.0
2026-03-01 09:36:00.100,AAPL,151.1028600474553,1847.0,151.09286004745528,1700.0,151.08286004745528,842.0,151.12286004745528,357.0,151.1328600474553,528.0,151.1428600474553,813.0
2026-03-01 09:36:00.200,AAPL,151.0840937161874,846.0,151.07409371618738,1687.0,151.0640937161874,717.0,151.10409371618738,1427.0,151.1140937161874,266.0,151.1240937161874,380.0
2026-03-01 09:36:00.300,AAPL,151.03214145596596,588.0,151.02214145596594,1732.0,151.01214145596595,685.0,151.05214145596594,1038.0,151.06214145596596,1547.0,151.07214145596595,416.0
2026-03-01 09:36:00.400,AAPL,151.00377174717832,1940.0,150.9937717471783,1752.0,150.9837717471783,1140.0,151.0237717471783,1548.0,151.03377174717832,1965.0,151.0437717471783,285.0
2026-03-01 09:36:00.500,AAPL,151.01052631789287,1524.0,151.00052631789285,1206.0,150.99052631789286,1746.0,151.03052631789285,1383.0,151.04052631789287,820.0,151.05052631789286,700.0
2026-03-01 09:36:00.600,AAPL,150.9538639786086,494.0,150.9438639786086,1952.0,150.9338639786086,497.0,150.9738639786086,156.0,150.9838639786086,739.0,150.9938639786086,1712.0
2026-03-01 09:36:00.700,AAPL,150.91832470503783,101.0,150.9083247050378,382.0,150.89832470503782,472.0,150.93832470503781,541.0,150.94832470503783,1637.0,150.95832470503782,1250.0
2026-03-01 09:36:00.800,AAPL,150.99571980581544,519.0,150.98571980581542,1453.0,150.97571980581543,1460.0,151.01571980581542,1067.0,151.02571980581544,1806.0,151.03571980581543,1154.0
2026-03-01 09:36:00.900,AAPL,150.91558448952145,965.0,150.90558448952143,141.0,150.89558448952144,976.0,150.93558448952143,1789.0,150.94558448952145,746.0,150.95558448952144,1577.0
2026-03-01 09:36:01.000,AAPL,150.90642538154108,1618.0,150.89642538154106,996.0,150.88642538154107,749.0,150.92642538154107,1414.0,150.93642538154108,1745.0,150.94642538154108,149.0
2026-03-01 09:36:01.100,AAPL,150.84810991325287,299.0,150.83810991325285,526.0,150.82810991325286,1668.0,150.86810991325285,1523.0,150.87810991325287,550.0,150.88810991325286,790.0
2026-03-01 09:36:01.200,AAPL,150.81052807336158,1844.0,150.80052807336156,1946.0,150.79052807336157,242.0,150.83052807336156,1672.0,150.84052807336158,242.0,150.85052807336157,1720.0
2026-03-01 09:36:01.300,AAPL,150.80064121188067,1802.0,150.79064121188065,1490.0,150.78064121188066,1073.0,150.82064121188066,1967.0,150.83064121188067,232.0,150.84064121188067,1192.0
2026-03-01 09:36:01.400,AAPL,150.75126240574923,1065.0,150.7412624057492,1690.0,150.73126240574922,1883.0,150.7712624057492,337.0,150.78126240574923,1099.0,150.79126240574922,1232.0
2026-03-01 09:36:01.500,AAPL,150.77995893651754,180.0,150.76995893651753,1300.0,150.75995893651753,520.0,150.79995893651753,1243.0,150.80995893651755,1257.0,150.81995893651754,1753.0
2026-03-01 09:36:01.600,AAPL,150.84751646750618,1397.0,150.83751646750616,209.0,150.82751646750617,1152.0,150.86751646750616,1112.0,150.87751646750618,1565.0,150.88751646750617,1683.0
2026-03-01 09:36:01.700,AAPL,150.8896003743113,1391.0,150.87960037431128,940.0,150.8696003743113,476.0,150.90960037431128,1993.0,150.9196003743113,268.0,150.9296003743113,368.0
2026-03-01 09:36:01.800,AAPL,150.94083103019736,449.0,150.93083103019734,1288.0,150.92083103019735,312.0,150.96083103019734,850.0,150.97083103019736,1068.0,150.98083103019735,161.0
2026-03-01 09:36:01.900,AAPL,150.8718442462459,1523.0,150.86184424624588,374.0,150.8518442462459,197.0,150.89184424624588,755.0,150.9018442462459,548.0,150.9118442462459,357.0
2026-03-01 09:36:02.000,AAPL,150.85969069515497,1942.0,150.84969069515495,1547.0,150.83969069515496,1717.0,150.87969069515495,1049.0,150.88969069515497,470.0,150.89969069515496,1044.0
2026-03-01 09:36:02.100,AAPL,150.88306174852264,1963.0,150.87306174852262,1502.0,150.86306174852263,1858.0,150.90306174852262,1870.0,150.91306174852264,1872.0,150.92306174852263,1314.0
2026-03-01 09:36:02.200,AAPL,150.92662129422834,1609.0,150.91662129422832,1858.0,150.90662129422833,1375.0,150.94662129422832,594.0,150.95662129422834,345.0,150.96662129422833,830.0
2026-03-01 09:36:02.300,AAPL,151.01428894385884,1407.0,151.00428894385882,1474.0,150.99428894385883,488.0,151.03428894385883,1850.0,151.04428894385885,939.0,151.05428894385884,1916.0
2026-03-01 09:36:02.400,AAPL,151.06774092344028,311.0,151.05774092344026,1833.0,151.04774092344027,1033.0,151.08774092344026,1918.0,151.09774092344028,1242.0,151.10774092344028,592.0
2026-03-01 09:36:02.500,AAPL,151.112565354624,1122.0,151.10256535462398,900.0,151.09256535462399,751.0,151.13256535462398,1672.0,151.142565354624,1626.0,151.152565354624,337.0
2026-03-01 09:36:02.600,AAPL,151.24424513365096,1232.0,151.23424513365094,1823.0,151.22424513365095,1424.0,151.26424513365095,1253.0,151.27424513365096,1866.0,151.28424513365096,1989.0
2026-03-01 09:36:02.700,AAPL,151.24906058773132,1988.0,151.2390605877313,707.0,151.2290605877313,609.0,151.2690605877313,450.0,151.27906058773132,1932.0,151.2890605877313,510.0
2026-03-01 09:36:02.800,AAPL,151.23460766581925,491.0,151.22460766581924,617.0,151.21460766581924,299.0,151.25460766581924,1502.0,151.26460766581926,592.0,151.27460766581925,863.0
2026-03-01 09:36:02.900,AAPL,151.24347556100227,1673.0,151.23347556100225,350.0,151.22347556100226,532.0,151.26347556100225,896.0,151.27347556100227,110.0,151.28347556100226,1685.0
2026-03-01 09:36:03.000,AAPL,151.19772292321792,839.0,151.1877229232179,1423.0,151.1777229232179,648.0,151.2177229232179,806.0,151.22772292321793,1898.0,151.23772292321792,929.0
2026-03-01 09:36:03.100,AAPL,151.2011046125063,1428.0,151.19110461250628,1062.0,151.1811046125063,789.0,151.22110461250628,204.0,151.2311046125063,1287.0,151.2411046125063,1811.0
2026-03-01 09:36:03.200,AAPL,151.11476200281743,841.0,151.1047620028174,563.0,151.09476200281742,1047.0,151.1347620028174,1186.0,151.14476200281743,156.0,151.15476200281742,221.0
2026-03-01 09:36:03.300,AAPL,151.08828605098904,441.0,151.07828605098902,1064.0,151.06828605098903,722.0,151.10828605098902,469.0,151.11828605098904,1438.0,151.12828605098903,1872.0
2026-03-01 09:36:03.400,AAPL,151.08251935688577,1159.0,151.07251935688575,391.0,151.06251935688576,149.0,151.10251935688575,1866.0,151.11251935688577,1234.0,151.12251935688576,1769.0
2026-03-01 09:36:03.500,AAPL,151.13000112142842,1818.0,151.1200011214284,1480.0,151.1100011214284,1351.0,151.1500011214284,243.0,151.16000112142842,129.0,151.1700011214284,244.0
2026-03-01 09:36:03.600,AAPL,151.18555564864775,315.0,151.17555564864773,912.0,151.16555564864774,1104.0,151.20555564864773,158.0,151.21555564864775,158.0,151.22555564864774,1811.0
2026-03-01 09:36:03.700,AAPL,151.13737479541018,1734.0,151.12737479541016,546.0,151.11737479541017,270.0,151.15737479541016,1389.0,151.16737479541018,1938.0,151.17737479541017,1935.0
2026-03-01 09:36:03.800,AAPL,151.24117646710837,1443.0,151.23117646710836,552.0,151.22117646710836,1169.0,151.26117646710836,1315.0,151.27117646710838,1765.0,151.28117646710837,997.0
2026-03-01 09:36:03.900,AAPL,151.24859514103034,1429.0,151.23859514103032,1633.0,151.22859514103033,880.0,151.26859514103032,1008.0,151.27859514103034,188.0,151.28859514103033,1094.0
2026-03-01 09:36:04.000,AAPL,151.26059738933188,1121.0,151.25059738933186,1106.0,151.24059738933187,1428.0,151.28059738933186,923.0,151.29059738933188,758.0,151.30059738933187,950.0
2026-03-01 09:36:04.100,AAPL,151.17971271508247,520.0,151.16971271508245,192.0,151.15971271508246,763.0,151.19971271508246,1042.0,151.20971271508247,1084.0,151.21971271508247,1709.0
2026-03-01 09:36:04.200,AAPL,151.14870984557646,1349.0,151.13870984557644,652.0,151.12870984557645,397.0,151.16870984557644,664.0,151.17870984557646,1809.0,151.18870984557645,1141.0
2026-03-01 09:36:04.300,AAPL,151.2012010361531,651.0,151.19120103615307,1108.0,151.18120103615308,1803.0,151.22120103615308,173.0,151.2312010361531,1468.0,151.2412010361531,1351.0
2026-03-01 09:36:04.400,AAPL,151.20968995928874,364.0,151.19968995928872,1034.0,151.18968995928873,1871.0,151.22968995928872,1142.0,151.23968995928874,762.0,151.24968995928873,1437.0
2026-03-01 09:36:04.500,AAPL,151.2150806956014,892.0,151.20508069560137,1937.0,151.19508069560138,794.0,151.23508069560137,402.0,151.2450806956014,201.0,151.25508069560138,186.0
2026-03-01 09:36:04.600,AAPL,151.22643930413017,1611.0,151.21643930413015,1275.0,151.20643930413016,463.0,151.24643930413015,427.0,151.25643930413017,1335.0,151.26643930413016,1337.0
2026-03-01 09:36:04.700,AAPL,151.15427908887585,156.0,151.14427908887583,1534.0,151.13427908887584,395.0,151.17427908887583,901.0,151.18427908887585,1659.0,151.19427908887585,797.0
2026-03-01 09:36:04.800,AAPL,151.14944866120578,256.0,151.13944866120576,1469.0,151.12944866120577,1354.0,151.16944866120576,1101.0,151.17944866120578,1448.0,151.18944866120577,861.0
2026-03-01 09:36:04.900,AAPL,151.21986517897065,120.0,151.20986517897063,1286.0,151.19986517897064,1578.0,151.23986517897063,1568.0,151.24986517897065,1825.0,151.25986517897064,1252.0
2026-03-01 09:36:05.000,AAPL,151.27420056007392,1181.0,151.2642005600739,1910.0,151.2542005600739,1048.0,151.2942005600739,1410.0,151.30420056007392,547.0,151.3142005600739,880.0
2026-03-01 09:36:05.100,AAPL,151.26794058796816,691.0,151.25794058796814,276.0,151.24794058796815,624.0,151.28794058796814,380.0,151.29794058796816,1286.0,151.30794058796815,1726.0
2026-03-01 09:36:05.200,AAPL,151.34612402168622,1632.0,151.3361240216862,753.0,151.3261240216862,128.0,151.3661240216862,518.0,151.37612402168622,816.0,151.38612402168621,113.0
2026-03-01 09:36:05.300,AAPL,151.28316909634782,590.0,151.2731690963478,1102.0,151.2631690963478,1389.0,151.3031690963478,970.0,151.31316909634782,877.0,151.3231690963478,1364.0
2026-03-01 09:36:05.400,AAPL,151.234584213105,1249.0,151.22458421310498,794.0,151.21458421310498,545.0,151.25458421310498,219.0,151.264584213105,1254.0,151.274584213105,1012.0
2026-03-01 09:36:05.500,AAPL,151.32776533196287,1587.0,151.31776533196285,985.0,151.30776533196286,1103.0,151.34776533196285,363.0,151.35776533196287,543.0,151.36776533196286,657.0
2026-03-01 09:36:05.600,AAPL,151.35666398787828,1649.0,151.34666398787826,831.0,151.33666398787827,167.0,151.37666398787826,520.0,151.38666398787828,1223.0,151.39666398787827,1276.0
2026-03-01 09:36:05.700,AAPL,151.34221962077316,1691.0,151.33221962077315,214.0,151.32221962077315,820.0,151.36221962077315,1164.0,151.37221962077317,207.0,151.38221962077316,1253.0
2026-03-01 09:36:05.800,AAPL,151.3394536924714,1394.0,151.3294536924714,566.0,151.3194536924714,1341.0,151.3594536924714,1004.0,151.3694536924714,369.0,151.3794536924714,1712.0
2026-03-01 09:36:05.900,AAPL,151.29912213681504,1140.0,151.28912213681502,350.0,151.27912213681503,1305.0,151.31912213681503,774.0,151.32912213681504,1821.0,151.33912213681504,1913.0
2026-03-01 09:36:06.000,AAPL,151.31295176690543,645.0,151.3029517669054,990.0,151.29295176690542,707.0,151.3329517669054,220.0,151.34295176690543,109.0,151.35295176690542,1459.0
2026-03-01 09:36:06.100,AAPL,151.322821189221,1838.0,151.31282118922098,411.0,151.302821189221,191.0,151.34282118922098,1925.0,151.352821189221,313.0,151.362821189221,1948.0
2026-03-01 09:36:06.200,AAPL,151.32381542471413,1378.0,151.3138154247141,1113.0,151.30381542471412,1829.0,151.3438154247141,894.0,151.35381542471413,1870.0,151.36381542471412,1970.0
2026-03-01 09:36:06.300,AAPL,151.26582761395358,926.0,151.25582761395356,1425.0,151.24582761395357,564.0,151.28582761395356,1549.0,151.29582761395358,596.0,151.30582761395357,1936.0
2026-03-01 09:36:06.400,AAPL,151.27906541950702,1009.0,151.269065419507,1239.0,151.259065419507,1339.0,151.299065419507,1931.0,151.30906541950702,1380.0,151.319065419507,1128.0
2026-03-01 09:36:06.500,AAPL,151.25258984788593,1157.0,151.2425898478859,254.0,151.23258984788592,370.0,151.2725898478859,1687.0,151.28258984788593,984.0,151.29258984788592,1888.0
2026-03-01 09:36:06.600,AAPL,151.20329098486147,551.0,151.19329098486145,1199.0,151.18329098486146,1852.0,151.22329098486145,384.0,151.23329098486147,1275.0,151.24329098486146,279.0
2026-03-01 09:36:06.700,AAPL,151.26662810943833,1542.0,151.2566281094383,1570.0,151.24662810943832,275.0,151.2866281094383,1695.0,151.29662810943833,949.0,151.30662810943832,1885.0
2026-03-01 09:36:06.800,AAPL,151.3751141773301,819.0,151.36511417733007,1549.0,151.35511417733008,183.0,151.39511417733007,1556.0,151.4051141773301,181.0,151.41511417733008,1530.0
2026-03-01 09:36:06.900,AAPL,151.47224518377107,1298.0,151.46224518377105,183.0,151.45224518377105,1641.0,151.49224518377105,1781.0,151.50224518377107,1146.0,151.51224518377106,1215.0
2026-03-01 09:36:07.000,AAPL,151.5047513219592,855.0,151.49475132195917,1900.0,151.48475132195918,867.0,151.52475132195917,723.0,151.5347513219592,574.0,151.54475132195918,1563.0
2026-03-01 09:36:07.100,AAPL,151.49147206800524,1874.0,151.48147206800522,947.0,151.47147206800523,890.0,151.51147206800522,917.0,151.52147206800524,1441.0,151.53147206800523,712.0
2026-03-01 09:36:07.200,AAPL,151.487954288875,1608.0,151.47795428887497,1735.0,151.46795428887498,1369.0,151.50795428887497,1717.0,151.517954288875,990.0,151.52795428887498,1273.0
2026-03-01 09:36:07.300,AAPL,151.50823440204812,1578.0,151.4982344020481,790.0,151.4882344020481,276.0,151.5282344020481,1505.0,151.53823440204812,388.0,151.5482344020481,1141.0
2026-03-01 09:36:07.400,AAPL,151.48722201442504,1681.0,151.47722201442502,1530.0,151.46722201442503,984.0,151.50722201442503,1775.0,151.51722201442504,346.0,151.52722201442504,961.0
2026-03-01 09:36:07.500,AAPL,151.55316251743116,1762.0,151.54316251743114,514.0,151.53316251743115,1888.0,151.57316251743114,1496.0,151.58316251743116,1863.0,151.59316251743115,765.0
2026-03-01 09:36:07.600,AAPL,151.45137614271474,280.0,151.44137614271472,1363.0,151.43137614271473,340.0,151.47137614271472,822.0,151.48137614271474,983.0,151.49137614271473,1815.0
2026-03-01 09:36:07.700,AAPL,151.43658986501538,1125.0,151.42658986501536,590.0,151.41658986501537,906.0,151.45658986501536,1823.0,151.46658986501538,1804.0,151.47658986501537,292.0
2026-03-01 09:36:07.800,AAPL,151.47664343961875,1216.0,151.46664343961874,1913.0,151.45664343961874,1776.0,151.49664343961874,1907.0,151.50664343961876,1824.0,151.51664343961875,822.0
2026-03-01 09:36:07.900,AAPL,151.43438545725476,1623.0,151.42438545725474,962.0,151.41438545725475,139.0,151.45438545725474,1843.0,151.46438545725476,1634.0,151.47438545725475,1419.0
2026-03-01 09:36:08.000,AAPL,151.42237801269587,540.0,151.41237801269585,726.0,151.40237801269586,1707.0,151.44237801269585,1444.0,151.45237801269587,1881.0,151.46237801269586,349.0
2026-03-01 09:36:08.100,AAPL,151.45206018350802,1236.0,151.442060183508,572.0,151.432060183508,1028.0,151.472060183508,1866.0,151.48206018350803,211.0,151.49206018350802,1923.0
2026-03-01 09:36:08.200,AAPL,151.52797363885992,1200.0,151.5179736388599,362.0,151.5079736388599,1624.0,151.5479736388599,1710.0,151.55797363885992,1119.0,151.5679736388599,1261.0
2026-03-01 09:36:08.300,AAPL,151.4632767247516,1613.0,151.4532767247516,1236.0,151.4432767247516,152.0,151.4832767247516,624.0,151.4932767247516,1335.0,151.5032767247516,334.0
2026-03-01 09:36:08.400,AAPL,151.39487300036384,760.0,151.38487300036383,1940.0,151.37487300036383,249.0,151.41487300036383,1795.0,151.42487300036385,1637.0,151.43487300036384,1802.0
2026-03-01 09:36:08.500,AAPL,151.34757149097186,906.0,151.33757149097184,1402.0,151.32757149097185,1998.0,151.36757149097184,292.0,151.37757149097186,899.0,151.38757149097185,1337.0
2026-03-01 09:36:08.600,AAPL,151.27069469844645,987.0,151.26069469844643,1661.0,151.25069469844644,1684.0,151.29069469844643,809.0,151.30069469844645,1323.0,151.31069469844644,1385.0
2026-03-01 09:36:08.700,AAPL,151.19737577567588,1843.0,151.18737577567586,327.0,151.17737577567587,1096.0,151.21737577567586,1783.0,151.22737577567588,1781.0,151.23737577567587,1978.0
2026-03-01 09:36:08.800,AAPL,151.14874271579114,1006.0,151.13874271579112,118.0,151.12874271579113,638.0,151.16874271579113,1321.0,151.17874271579115,971.0,151.18874271579114,882.0
2026-03-01 09:36:08.900,AAPL,151.21041739320344,592.0,151.20041739320342,414.0,151.19041739320343,306.0,151.23041739320342,1314.0,151.24041739320344,669.0,151.25041739320343,740.0
2026-03-01 09:36:09.000,AAPL,151.19481355230002,246.0,151.1848135523,1097.0,151.1748135523,1356.0,151.2148135523,1229.0,151.22481355230002,1643.0,151.2348135523,1086.0
2026-03-01 09:36:09.100,AAPL,151.19638230760785,1985.0,151.18638230760783,151.0,151.17638230760784,1939.0,151.21638230760783,904.0,151.22638230760785,245.0,151.23638230760784,879.0
2026-03-01 09:36:09.200,AAPL,151.14860909477014,359.0,151.13860909477012,315.0,151.12860909477013,1453.0,151.16860909477012,1358.0,151.17860909477014,1058.0,151.18860909477013,1076.0
2026-03-01 09:36:09.300,AAPL,151.18028594852336,1340.0,151.17028594852334,345.0,151.16028594852335,1929.0,151.20028594852334,808.0,151.21028594852336,1479.0,151.22028594852335,1264.0
2026-03-01 09:36:09.400,AAPL,151.274074149915,938.0,151.264074149915,989.0,151.254074149915,661.0,151.294074149915,309.0,151.304074149915,277.0,151.314074149915,242.0
2026-03-01 09:36:09.500,AAPL,151.22969265571302,1182.0,151.219692655713,1991.0,151.209692655713,1439.0,151.249692655713,1431.0,151.25969265571302,1484.0,151.26969265571302,950.0
2026-03-01 09:36:09.600,AAPL,151.31593007426676,1269.0,151.30593007426674,1659.0,151.29593007426675,847.0,151.33593007426674,618.0,151.34593007426676,1660.0,151.35593007426675,1697.0
2026-03-01 09:36:09.700,AAPL,151.33415129342515,593.0,151.32415129342513,1704.0,151.31415129342514,1208.0,151.35415129342513,1690.0,151.36415129342515,994.0,151.37415129342514,1381.0
2026-03-01 09:36:09.800,AAPL,151.3349944683896,1596.0,151.32499446838958,1341.0,151.31499446838959,1044.0,151.35499446838958,1523.0,151.3649944683896,245.0,151.3749944683896,1737.0
2026-03-01 09:36:09.900,AAPL,151.35500066000586,1704.0,151.34500066000584,1411.0,151.33500066000585,1508.0,151.37500066000584,616.0,151.38500066000586,403.0,151.39500066000585,1949.0
2026-03-01 09:36:10.000,AAPL,151.3745269849542,1878.0,151.36452698495418,178.0,151.3545269849542,1633.0,151.39452698495418,1055.0,151.4045269849542,914.0,151.4145269849542,1649.0
2026-03-01 09:36:10.100,AAPL,151.46738220590737,854.0,151.45738220590735,1102.0,151.44738220590736,955.0,151.48738220590735,851.0,151.49738220590737,1654.0,151.50738220590736,1985.0
2026-03-01 09:36:10.200,AAPL,151.49339324249846,1979.0,151.48339324249844,885.0,151.47339324249845,630.0,151.51339324249844,364.0,151.52339324249846,706.0,151.53339324249845,646.0
2026-03-01 09:36:10.300,AAPL,151.5204486010555,1360.0,151.5104486010555,1874.0,151.5004486010555,1828.0,151.5404486010555,1252.0,151.5504486010555,1478.0,151.5604486010555,707.0
2026-03-01 09:36:10.400,AAPL,151.49937361005738,1621.0,151.48937361005736,1185.0,151.47937361005737,946.0,151.51937361005736,586.0,151.52937361005738,1621.0,151.53937361005737,347.0
2026-03-01 09:36:10.500,AAPL,151.5413274668806,1398.0,151.53132746688058,1317.0,151.5213274668806,1463.0,151.56132746688058,1980.0,151.5713274668806,910.0,151.5813274668806,881.0
2026-03-01 09:36:10.600,AAPL,151.49348511819943,164.0,151.4834851181994,435.0,151.47348511819942,526.0,151.5134851181994,250.0,151.52348511819943,364.0,151.53348511819942,1916.0
2026-03-01 09:36:10.700,AAPL,151.49893531767842,1178.0,151.4889353176784,531.0,151.4789353176784,1487.0,151.5189353176784,1690.0,151.52893531767842,821.0,151.5389353176784,175.0
2026-03-01 09:36:10.800,AAPL,151.64309949546745,994.0,151.63309949546743,1378.0,151.62309949546744,742.0,151.66309949546743,1128.0,151.67309949546745,143.0,151.68309949546745,1190.0
2026-03-01 09:36:10.900,AAPL,151.51788999948516,1594.0,151.50788999948514,816.0,151.49788999948515,1444.0,151.53788999948515,1937.0,151.54788999948516,1144.0,151.55788999948516,509.0
2026-03-01 09:36:11.000,AAPL,151.52954734930194,1607.0,151.51954734930192,1380.0,151.50954734930193,1037.0,151.54954734930192,737.0,151.55954734930194,1575.0,151.56954734930193,450.0
2026-03-01 09:36:11.100,AAPL,151.54312849534585,1519.0,151.53312849534584,1419.0,151.52312849534584,282.0,151.56312849534584,192.0,151.57312849534586,529.0,151.58312849534585,1530.0
2026-03-01 09:36:11.200,AAPL,151.53172404322152,1723.0,151.5217240432215,1096.0,151.5117240432215,848.0,151.5517240432215,341.0,151.56172404322152,1167.0,151.5717240432215,1931.0
2026-03-01 09:36:11.300,AAPL,151.52149808016813,408.0,151.5114980801681,525.0,151.50149808016812,699.0,151.5414980801681,1572.0,151.55149808016813,915.0,151.56149808016812,1698.0
2026-03-01 09:36:11.400,AAPL,151.52606856882622,1410.0,151.5160685688262,589.0,151.5060685688262,529.0,151.5460685688262,896.0,151.55606856882622,1548.0,151.5660685688262,750.0
2026-03-01 09:36:11.500,AAPL,151.51346840505298,388.0,151.50346840505296,1060.0,151.49346840505297,655.0,151.53346840505296,837.0,151.54346840505298,118.0,151.55346840505297,232.0
2026-03-01 09:36:11.600,AAPL,151.52456739149403,1567.0,151.514567391494,1952.0,151.50456739149402,449.0,151.544567391494,182.0,151.55456739149403,611.0,151.56456739149402,1790.0
2026-03-01 09:36:11.700,AAPL,151.5001868562032,1642.0,151.49018685620317,1704.0,151.48018685620318,1225.0,151.52018685620317,1315.0,151.5301868562032,1927.0,151.54018685620318,1424.0
2026-03-01 09:36:11.800,AAPL,151.60130649714054,1346.0,151.59130649714052,314.0,151.58130649714053,1261.0,151.62130649714052,624.0,151.63130649714054,1685.0,151.64130649714053,1343.0
2026-03-01 09:36:11.900,AAPL,151.58870580997566,1402.0,151.57870580997565,1066.0,151.56870580997565,1574.0,151.60870580997565,1745.0,151.61870580997567,1183.0,151.62870580997566,1849.0
2026-03-01 09:36:12.000,AAPL,151.6171863803569,155.0,151.6071863803569,397.0,151.5971863803569,1777.0,151.6371863803569,488.0,151.6471863803569,1794.0,151.6571863803569,201.0
2026-03-01 09:36:12.100,AAPL,151.58373457536476,1605.0,151.57373457536474,1400.0,151.56373457536475,782.0,151.60373457536474,668.0,151.61373457536476,1373.0,151.62373457536475,252.0
2026-03-01 09:36:12.200,AAPL,151.6303917268848,1328.0,151.62039172688478,1445.0,151.61039172688479,643.0,151.65039172688478,944.0,151.6603917268848,1965.0,151.6703917268848,1710.0
2026-03-01 09:36:12.300,AAPL,151.6670651162524,1811.0,151.65706511625237,939.0,151.64706511625238,1550.0,151.68706511625237,1437.0,151.6970651162524,1797.0,151.70706511625238,1576.0
2026-03-01 09:36:12.400,AAPL,151.68802812807897,144.0,151.67802812807895,1717.0,151.66802812807896,1002.0,151.70802812807895,1821.0,151.71802812807897,929.0,151.72802812807896,1119.0
2026-03-01 09:36:12.500,AAPL,151.63666136026805,1347.0,151.62666136026803,471.0,151.61666136026804,808.0,151.65666136026803,1036.0,151.66666136026805,895.0,151.67666136026804,1799.0
2026-03-01 09:36:12.600,AAPL,151.59904120823987,1229.0,151.58904120823985,1024.0,151.57904120823986,918.0,151.61904120823985,1723.0,151.62904120823987,1714.0,151.63904120823986,1901.0
2026-03-01 09:36:12.700,AAPL,151.6833498575272,1826.0,151.67334985752717,503.0,151.66334985752718,713.0,151.70334985752717,1211.0,151.7133498575272,1107.0,151.72334985752718,986.0
2026-03-01 09:36:12.800,AAPL,151.64517617214165,1010.0,151.63517617214163,261.0,151.62517617214164,317.0,151.66517617214163,654.0,151.67517617214165,1367.0,151.68517617214164,1147.0
2026-03-01 09:36:12.900,AAPL,151.67722128065228,256.0,151.66722128065226,1131.0,151.65722128065227,195.0,151.69722128065226,118.0,151.70722128065228,1947.0,151.71722128065227,979.0
2026-03-01 09:36:13.000,AAPL,151.62998771414323,986.0,151.6199877141432,1794.0,151.60998771414322,246.0,151.6499877141432,768.0,151.65998771414323,1944.0,151.66998771414322,1133.0
2026-03-01 09:36:13.100,AAPL,151.6804068759233,635.0,151.67040687592328,255.0,151.6604068759233,1173.0,151.70040687592328,361.0,151.7104068759233,1235.0,151.7204068759233,834.0
2026-03-01 09:36:13.200,AAPL,151.64608700804843,845.0,151.6360870080484,1181.0,151.62608700804842,1958.0,151.6660870080484,1621.0,151.67608700804843,1650.0,151.68608700804842,1101.0
2026-03-01 09:36:13.300,AAPL,151.59792761367143,1177.0,151.5879276136714,1422.0,151.57792761367142,796.0,151.6179276136714,1218.0,151.62792761367143,1655.0,151.63792761367142,943.0
2026-03-01 09:36:13.400,AAPL,151.5623104898366,673.0,151.55231048983657,1432.0,151.54231048983658,1271.0,151.58231048983657,1748.0,151.5923104898366,1628.0,151.60231048983658,1512.0
2026-03-01 09:36:13.500,AAPL,151.53462036000354,1293.0,151.52462036000352,506.0,151.51462036000353,1587.0,151.55462036000353,490.0,151.56462036000354,1231.0,151.57462036000354,634.0
2026-03-01 09:36:13.600,AAPL,151.55485402774974,1662.0,151.54485402774972,1371.0,151.53485402774973,1992.0,151.57485402774972,157.0,151.58485402774974,1386.0,151.59485402774973,930.0
2026-03-01 09:36:13.700,AAPL,151.55832321305664,1024.0,151.54832321305662,745.0,151.53832321305663,1454.0,151.57832321305662,1720.0,151.58832321305664,943.0,151.59832321305663,1789.0
2026-03-01 09:36:13.800,AAPL,151.503565409061,1407.0,151.49356540906098,1632.0,151.483565409061,1736.0,151.52356540906098,1417.0,151.533565409061,1224.0,151.543565409061,525.0
2026-03-01 09:36:13.900,AAPL,151.50216805837107,359.0,151.49216805837105,1892.0,151.48216805837106,1475.0,151.52216805837105,236.0,151.53216805837107,767.0,151.54216805837106,474.0
2026-03-01 09:36:14.000,AAPL,151.4449929880065,1930.0,151.43499298800648,1707.0,151.4249929880065,1241.0,151.4649929880065,315.0,151.4749929880065,1165.0,151.4849929880065,217.0
2026-03-01 09:36:14.100,AAPL,151.47717085625655,1727.0,151.46717085625653,1375.0,151.45717085625654,568.0,151.49717085625653,1501.0,151.50717085625655,911.0,151.51717085625654,1227.0
2026-03-01 09:36:14.200,AAPL,151.51851600120017,1450.0,151.50851600120015,589.0,151.49851600120016,629.0,151.53851600120015,1444.0,151.54851600120017,1647.0,151.55851600120016,1234.0
2026-03-01 09:36:14.300,AAPL,151.5173186342727,1002.0,151.50731863427268,376.0,151.4973186342727,1623.0,151.53731863427268,518.0,151.5473186342727,768.0,151.5573186342727,752.0
2026-03-01 09:36:14.400,AAPL,151.53090130442234,456.0,151.52090130442232,663.0,151.51090130442233,457.0,151.55090130442233,512.0,151.56090130442234,1661.0,151.57090130442234,1187.0
2026-03-01 09:36:14.500,AAPL,151.61850750995555,132.0,151.60850750995553,1515.0,151.59850750995554,890.0,151.63850750995553,1489.0,151.64850750995555,317.0,151.65850750995554,1955.0
2026-03-01 09:36:14.600,AAPL,151.61062736033597,461.0,151.60062736033595,1977.0,151.59062736033596,1689.0,151.63062736033595,1007.0,151.64062736033597,1747.0,151.65062736033596,1196.0
2026-03-01 09:36:14.700,AAPL,151.5634144628334,1943.0,151.5534144628334,445.0,151.5434144628334,505.0,151.5834144628334,1562.0,151.5934144628334,1290.0,151.6034144628334,1753.0
2026-03-01 09:36:14.800,AAPL,151.5923742246303,1588.0,151.58237422463029,599.0,151.5723742246303,1087.0,151.6123742246303,785.0,151.6223742246303,609.0,151.6323742246303,666.0
2026-03-01 09:36:14.900,AAPL,151.53574153634204,998.0,151.52574153634203,1433.0,151.51574153634203,572.0,151.55574153634203,217.0,151.56574153634205,957.0,151.57574153634204,106.0
2026-03-01 09:36:15.000,AAPL,151.5252130881784,590.0,151.51521308817837,575.0,151.50521308817838,1241.0,151.54521308817837,1773.0,151.5552130881784,571.0,151.56521308817838,657.0
2026-03-01 09:36:15.100,AAPL,151.4952635858742,1483.0,151.48526358587418,102.0,151.4752635858742,798.0,151.51526358587418,1081.0,151.5252635858742,107.0,151.5352635858742,1623.0
2026-03-01 09:36:15.200,AAPL,151.46017259421376,1589.0,151.45017259421374,1990.0,151.44017259421375,323.0,151.48017259421374,658.0,151.49017259421376,1704.0,151.50017259421375,1172.0
2026-03-01 09:36:15.300,AAPL,151.44766821443153,1188.0,151.4376682144315,1303.0,151.42766821443152,1744.0,151.4676682144315,1822.0,151.47766821443153,1829.0,151.48766821443152,1265.0
2026-03-01 09:36:15.400,AAPL,151.49266278074225,732.0,151.48266278074223,1217.0,151.47266278074224,816.0,151.51266278074223,572.0,151.52266278074225,405.0,151.53266278074224,1303.0
2026-03-01 09:36:15.500,AAPL,151.54794622015845,209.0,151.53794622015843,1840.0,151.52794622015844,1695.0,151.56794622015843,1701.0,151.57794622015845,318.0,151.58794622015844,140.0
2026-03-01 09:36:15.600,AAPL,151.59425651331298,1740.0,151.58425651331297,1867.0,151.57425651331297,297.0,151.61425651331297,1245.0,151.624256513313,785.0,151.63425651331298,1298.0
2026-03-01 09:36:15.700,AAPL,151.6110742177694,248.0,151.6010742177694,1474.0,151.5910742177694,680.0,151.6310742177694,164.0,151.64107421776941,844.0,151.6510742177694,1687.0
2026-03-01 09:36:15.800,AAPL,151.59818838970003,727.0,151.5881883897,1362.0,151.57818838970002,1869.0,151.6181883897,182.0,151.62818838970003,1829.0,151.63818838970002,403.0
2026-03-01 09:36:15.900,AAPL,151.48029713993003,1979.0,151.47029713993,507.0,151.46029713993002,799.0,151.50029713993,1184.0,151.51029713993003,655.0,151.52029713993002,922.0
2026-03-01 09:36:16.000,AAPL,151.4986801895939,967.0,151.48868018959388,1530.0,151.4786801895939,179.0,151.51868018959388,1237.0,151.5286801895939,1708.0,151.5386801895939,1422.0
2026-03-01 09:36:16.100,AAPL,151.38471360335595,1785.0,151.37471360335593,593.0,151.36471360335594,167.0,151.40471360335593,1508.0,151.41471360335595,1790.0,151.42471360335594,921.0
2026-03-01 09:36:16.200,AAPL,151.28854523953228,1857.0,151.27854523953226,176.0,151.26854523953227,231.0,151.30854523953226,393.0,151.31854523953228,387.0,151.32854523953227,1651.0
2026-03-01 09:36:16.300,AAPL,151.28046185674296,185.0,151.27046185674294,1278.0,151.26046185674295,1508.0,151.30046185674294,250.0,151.31046185674296,860.0,151.32046185674295,1589.0
2026-03-01 09:36:16.400,AAPL,151.29369071897446,1835.0,151.28369071897444,1254.0,151.27369071897445,1703.0,151.31369071897444,1475.0,151.32369071897446,1458.0,151.33369071897445,1431.0
2026-03-01 09:36:16.500,AAPL,151.271136473783,1395.0,151.26113647378298,322.0,151.251136473783,1314.0,151.29113647378298,1785.0,151.301136473783,727.0,151.311136473783,665.0
2026-03-01 09:36:16.600,AAPL,151.3479130312127,295.0,151.33791303121268,601.0,151.3279130312127,1634.0,151.36791303121268,1318.0,151.3779130312127,576.0,151.3879130312127,195.0
2026-03-01 09:36:16.700,AAPL,151.37101811408863,833.0,151.3610181140886,1354.0,151.35101811408862,1505.0,151.3910181140886,164.0,151.40101811408863,1024.0,151.41101811408862,143.0
2026-03-01 09:36:16.800,AAPL,151.35854771874887,1576.0,151.34854771874885,103.0,151.33854771874886,310.0,151.37854771874885,1000.0,151.38854771874887,1088.0,151.39854771874886,1415.0
2026-03-01 09:36:16.900,AAPL,151.42786321600795,1246.0,151.41786321600793,1994.0,151.40786321600794,305.0,151.44786321600793,1884.0,151.45786321600795,1268.0,151.46786321600794,1334.0
2026-03-01 09:36:17.000,AAPL,151.50611888338616,227.0,151.49611888338615,1040.0,151.48611888338615,1429.0,151.52611888338615,734.0,151.53611888338617,172.0,151.54611888338616,1356.0
2026-03-01 09:36:17.100,AAPL,151.5317468180599,261.0,151.52174681805988,1024.0,151.5117468180599,1009.0,151.55174681805988,423.0,151.5617468180599,1574.0,151.5717468180599,1821.0
2026-03-01 09:36:17.200,AAPL,151.49298393507203,307.0,151.482983935072,387.0,151.47298393507202,769.0,151.51298393507201,1481.0,151.52298393507203,269.0,151.53298393507202,185.0
2026-03-01 09:36:17.300,AAPL,151.46547041352093,1076.0,151.4554704135209,1210.0,151.44547041352092,457.0,151.48547041352091,690.0,151.49547041352093,1327.0,151.50547041352092,669.0
2026-03-01 09:36:17.400,AAPL,151.39313347787126,263.0,151.38313347787124,516.0,151.37313347787125,675.0,151.41313347787124,1601.0,151.42313347787126,1825.0,151.43313347787125,1796.0
2026-03-01 09:36:17.500,AAPL,151.39101263388125,866.0,151.38101263388123,414.0,151.37101263388124,1218.0,151.41101263388123,460.0,151.42101263388125,1538.0,151.43101263388124,605.0
2026-03-01 09:36:17.600,AAPL,151.33851056180902,1931.0,151.328510561809,979.0,151.318510561809,453.0,151.358510561809,640.0,151.36851056180902,539.0,151.378510561809,568.0
2026-03-01 09:36:17.700,AAPL,151.3220568233492,709.0,151.31205682334917,681.0,151.30205682334918,723.0,151.34205682334917,1511.0,151.3520568233492,1178.0,151.36205682334918,1457.0
2026-03-01 09:36:17.800,AAPL,151.33508683850195,1263.0,151.32508683850193,1913.0,151.31508683850194,608.0,151.35508683850193,709.0,151.36508683850195,494.0,151.37508683850194,1596.0
2026-03-01 09:36:17.900,AAPL,151.23590140640175,562.0,151.22590140640173,234.0,151.21590140640174,878.0,151.25590140640173,1726.0,151.26590140640175,1701.0,151.27590140640174,1808.0
2026-03-01 09:36:18.000,AAPL,151.1727143429757,1809.0,151.16271434297568,1051.0,151.15271434297568,708.0,151.19271434297568,784.0,151.2027143429757,1679.0,151.2127143429757,531.0
2026-03-01 09:36:18.100,AAPL,151.14737194023394,1755.0,151.13737194023392,1753.0,151.12737194023393,493.0,151.16737194023392,1241.0,151.17737194023394,1326.0,151.18737194023393,597.0
2026-03-01 09:36:18.200,AAPL,151.14474557179776,1835.0,151.13474557179774,1879.0,151.12474557179775,182.0,151.16474557179774,709.0,151.17474557179776,884.0,151.18474557179775,542.0
2026-03-01 09:36:18.300,AAPL,151.12005103181087,1863.0,151.11005103181085,1682.0,151.10005103181086,1434.0,151.14005103181086,229.0,151.15005103181088,1770.0,151.16005103181087,734.0
2026-03-01 09:36:18.400,AAPL,151.10652513524155,1831.0,151.09652513524154,801.0,151.08652513524154,1399.0,151.12652513524154,1139.0,151.13652513524156,237.0,151.14652513524155,1793.0
2026-03-01 09:36:18.500,AAPL,151.07121577543526,516.0,151.06121577543524,858.0,151.05121577543525,1285.0,151.09121577543524,1651.0,151.10121577543526,737.0,151.11121577543526,1664.0
2026-03-01 09:36:18.600,AAPL,150.99874578334484,100.0,150.98874578334483,1086.0,150.97874578334483,1288.0,151.01874578334483,1479.0,151.02874578334485,363.0,151.03874578334484,1913.0
2026-03-01 09:36:18.700,AAPL,150.97200824447526,479.0,150.96200824447524,476.0,150.95200824447525,169.0,150.99200824447524,1366.0,151.00200824447526,1394.0,151.01200824447525,1135.0
2026-03-01 09:36:18.800,AAPL,150.96134981822874,1990.0,150.95134981822872,479.0,150.94134981822873,796.0,150.98134981822872,928.0,150.99134981822874,1874.0,151.00134981822873,543.0
2026-03-01 09:36:18.900,AAPL,150.94583031304842,246.0,150.9358303130484,200.0,150.9258303130484,378.0,150.9658303130484,595.0,150.97583031304842,1236.0,150.9858303130484,650.0
2026-03-01 09:36:19.000,AAPL,150.95142010898823,1610.0,150.9414201089882,318.0,150.93142010898822,1834.0,150.9714201089882,1476.0,150.98142010898823,1664.0,150.99142010898822,1631.0
2026-03-01 09:36:19.100,AAPL,150.972364837512,1385.0,150.96236483751198,1347.0,150.952364837512,1633.0,150.99236483751199,1772.0,151.002364837512,1489.0,151.012364837512,610.0
2026-03-01 09:36:19.200,AAPL,151.00645114885683,1676.0,150.9964511488568,934.0,150.98645114885682,682.0,151.0264511488568,476.0,151.03645114885683,1688.0,151.04645114885682,744.0
2026-03-01 09:36:19.300,AAPL,150.97477360708126,1428.0,150.96477360708124,322.0,150.95477360708125,245.0,150.99477360708124,1730.0,151.00477360708126,1947.0,151.01477360708125,620.0
2026-03-01 09:36:19.400,AAPL,150.89598376688528,459.0,150.88598376688526,1113.0,150.87598376688527,285.0,150.91598376688526,1627.0,150.92598376688528,1384.0,150.93598376688527,522.0
2026-03-01 09:36:19.500,AAPL,150.9595635851717,900.0,150.9495635851717,1635.0,150.9395635851717,1227.0,150.9795635851717,1495.0,150.9895635851717,289.0,150.9995635851717,545.0
2026-03-01 09:36:19.600,AAPL,150.97883588095226,1606.0,150.96883588095224,1941.0,150.95883588095225,1968.0,150.99883588095224,1904.0,151.00883588095226,416.0,151.01883588095225,1385.0
2026-03-01 09:36:19.700,AAPL,150.93110276339357,1749.0,150.92110276339355,465.0,150.91110276339356,1247.0,150.95110276339355,1721.0,150.96110276339357,1474.0,150.97110276339356,1591.0
2026-03-01 09:36:19.800,AAPL,150.9449880162182,476.0,150.93498801621817,1598.0,150.92498801621818,829.0,150.96498801621817,1332.0,150.9749880162182,473.0,150.98498801621818,1659.0
2026-03-01 09:36:19.900,AAPL,150.9983877528816,1271.0,150.98838775288158,1224.0,150.9783877528816,627.0,151.01838775288158,1772.0,151.0283877528816,195.0,151.0383877528816,118.0
2026-03-01 09:36:20.000,AAPL,151.08484657914357,1163.0,151.07484657914355,1174.0,151.06484657914356,166.0,151.10484657914355,490.0,151.11484657914357,129.0,151.12484657914356,1098.0
2026-03-01 09:36:20.100,AAPL,151.09737709295146,314.0,151.08737709295144,1352.0,151.07737709295145,782.0,151.11737709295144,1284.0,151.12737709295146,617.0,151.13737709295145,1154.0
2026-03-01 09:36:20.200,AAPL,151.15036062481894,1787.0,151.14036062481892,1315.0,151.13036062481893,482.0,151.17036062481893,1470.0,151.18036062481895,756.0,151.19036062481894,143.0
2026-03-01 09:36:20.300,AAPL,151.0898805212032,1475.0,151.0798805212032,1499.0,151.0698805212032,1407.0,151.1098805212032,1223.0,151.1198805212032,1904.0,151.1298805212032,1832.0
2026-03-01 09:36:20.400,AAPL,151.08808538362337,374.0,151.07808538362335,254.0,151.06808538362336,150.0,151.10808538362335,1282.0,151.11808538362337,987.0,151.12808538362336,1718.0
2026-03-01 09:36:20.500,AAPL,151.07133475116055,1083.0,151.06133475116053,365.0,151.05133475116054,970.0,151.09133475116053,988.0,151.10133475116055,291.0,151.11133475116054,589.0
2026-03-01 09:36:20.600,AAPL,151.08846324374576,1204.0,151.07846324374574,703.0,151.06846324374575,673.0,151.10846324374575,211.0,151.11846324374577,1433.0,151.12846324374576,482.0
2026-03-01 09:36:20.700,AAPL,151.16902294051758,153.0,151.15902294051756,849.0,151.14902294051757,211.0,151.18902294051756,1166.0,151.19902294051758,518.0,151.20902294051757,875.0
2026-03-01 09:36:20.800,AAPL,151.18151741023155,188.0,151.17151741023153,1979.0,151.16151741023154,275.0,151.20151741023153,892.0,151.21151741023155,227.0,151.22151741023154,797.0
2026-03-01 09:36:20.900,AAPL,151.1346328732682,1284.0,151.12463287326818,798.0,151.1146328732682,1859.0,151.15463287326818,1243.0,151.1646328732682,853.0,151.1746328732682,479.0
2026-03-01 09:36:21.000,AAPL,151.071460944274,285.0,151.061460944274,1740.0,151.051460944274,1251.0,151.091460944274,1448.0,151.101460944274,1960.0,151.111460944274,1448.0
2026-03-01 09:36:21.100,AAPL,151.1537499474117,1067.0,151.1437499474117,661.0,151.1337499474117,687.0,151.1737499474117,314.0,151.1837499474117,1204.0,151.1937499474117,1235.0
2026-03-01 09:36:21.200,AAPL,151.17943961803095,968.0,151.16943961803094,1813.0,151.15943961803094,603.0,151.19943961803094,444.0,151.20943961803096,1450.0,151.21943961803095,1590.0
2026-03-01 09:36:21.300,AAPL,151.2018436853797,682.0,151.1918436853797,1484.0,151.1818436853797,161.0,151.2218436853797,1093.0,151.23184368537972,1411.0,151.2418436853797,1212.0
2026-03-01 09:36:21.400,AAPL,151.1846571159518,271.0,151.1746571159518,1164.0,151.1646571159518,1511.0,151.2046571159518,1762.0,151.2146571159518,317.0,151.2246571159518,1924.0
2026-03-01 09:36:21.500,AAPL,151.1980502051852,1456.0,151.1880502051852,750.0,151.1780502051852,871.0,151.2180502051852,1743.0,151.2280502051852,284.0,151.2380502051852,410.0
2026-03-01 09:36:21.600,AAPL,151.14870220987885,509.0,151.13870220987883,1681.0,151.12870220987884,1477.0,151.16870220987883,1575.0,151.17870220987885,1393.0,151.18870220987884,960.0
2026-03-01 09:36:21.700,AAPL,151.16806212766403,618.0,151.158062127664,1797.0,151.14806212766402,487.0,151.188062127664,204.0,151.19806212766403,1053.0,151.20806212766402,1305.0
2026-03-01 09:36:21.800,AAPL,151.10931862083532,1027.0,151.0993186208353,1305.0,151.08931862083531,1957.0,151.1293186208353,1389.0,151.13931862083533,270.0,151.14931862083532,653.0
2026-03-01 09:36:21.900,AAPL,151.09135419858396,331.0,151.08135419858394,511.0,151.07135419858395,907.0,151.11135419858394,1639.0,151.12135419858396,1619.0,151.13135419858395,285.0
2026-03-01 09:36:22.000,AAPL,151.05920954115098,429.0,151.04920954115096,1546.0,151.03920954115097,1207.0,151.07920954115096,715.0,151.08920954115098,1580.0,151.09920954115097,1173.0
2026-03-01 09:36:22.100,AAPL,150.89634115901765,482.0,150.88634115901763,330.0,150.87634115901764,264.0,150.91634115901763,434.0,150.92634115901765,1745.0,150.93634115901764,1669.0
2026-03-01 09:36:22.200,AAPL,150.879002727691,143.0,150.86900272769097,417.0,150.85900272769098,771.0,150.89900272769097,1355.0,150.909002727691,233.0,150.91900272769098,1965.0
2026-03-01 09:36:22.300,AAPL,150.83405940646784,1282.0,150.82405940646782,841.0,150.81405940646783,1550.0,150.85405940646783,1357.0,150.86405940646785,645.0,150.87405940646784,1516.0
2026-03-01 09:36:22.400,AAPL,150.8235399122733,1350.0,150.81353991227328,1672.0,150.8035399122733,1319.0,150.8435399122733,1930.0,150.8535399122733,1635.0,150.8635399122733,689.0
2026-03-01 09:36:22.500,AAPL,150.82362605229739,1415.0,150.81362605229737,480.0,150.80362605229737,691.0,150.84362605229737,1601.0,150.8536260522974,865.0,150.86362605229738,934.0
2026-03-01 09:36:22.600,AAPL,150.91202264944647,1050.0,150.90202264944645,568.0,150.89202264944646,113.0,150.93202264944645,345.0,150.94202264944647,1986.0,150.95202264944646,940.0
2026-03-01 09:36:22.700,AAPL,150.92725809930434,516.0,150.91725809930432,375.0,150.90725809930433,1543.0,150.94725809930432,841.0,150.95725809930434,699.0,150.96725809930433,541.0
2026-03-01 09:36:22.800,AAPL,150.94396373095353,924.0,150.9339637309535,1096.0,150.92396373095352,1369.0,150.9639637309535,125.0,150.97396373095353,1940.0,150.98396373095352,1325.0
2026-03-01 09:36:22.900,AAPL,150.96874442271448,111.0,150.95874442271446,1027.0,150.94874442271447,1752.0,150.98874442271446,1927.0,150.99874442271448,1524.0,151.00874442271447,1558.0
2026-03-01 09:36:23.000,AAPL,151.01233484832653,1949.0,151.0023348483265,1715.0,150.99233484832652,162.0,151.0323348483265,1091.0,151.04233484832653,1635.0,151.05233484832652,1414.0
2026-03-01 09:36:23.100,AAPL,151.03504882101927,247.0,151.02504882101925,1773.0,151.01504882101926,250.0,151.05504882101926,901.0,151.06504882101927,1005.0,151.07504882101927,223.0
2026-03-01 09:36:23.200,AAPL,151.04913447224047,1175.0,151.03913447224045,613.0,151.02913447224046,860.0,151.06913447224045,1784.0,151.07913447224047,1011.0,151.08913447224046,453.0
2026-03-01 09:36:23.300,AAPL,151.08469681816862,1329.0,151.0746968181686,1198.0,151.0646968181686,1807.0,151.1046968181686,204.0,151.11469681816862,1666.0,151.12469681816862,662.0
2026-03-01 09:36:23.400,AAPL,150.96336509712708,760.0,150.95336509712706,595.0,150.94336509712707,1807.0,150.98336509712706,679.0,150.99336509712708,1493.0,151.00336509712707,1030.0
2026-03-01 09:36:23.500,AAPL,151.067817676291,1124.0,151.057817676291,1906.0,151.047817676291,249.0,151.087817676291,904.0,151.09781767629102,1828.0,151.107817676291,1481.0
2026-03-01 09:36:23.600,AAPL,151.1473041685267,1404.0,151.13730416852667,256.0,151.12730416852668,588.0,151.16730416852667,1172.0,151.1773041685267,1756.0,151.18730416852668,763.0
2026-03-01 09:36:23.700,AAPL,151.15816095611964,1476.0,151.14816095611963,1457.0,151.13816095611963,545.0,151.17816095611963,1798.0,151.18816095611965,1763.0,151.19816095611964,1193.0
2026-03-01 09:36:23.800,AAPL,151.0875106335992,1257.0,151.0775106335992,1112.0,151.0675106335992,539.0,151.1075106335992,1502.0,151.1175106335992,988.0,151.1275106335992,311.0
2026-03-01 09:36:23.900,AAPL,151.14802815522387,339.0,151.13802815522385,639.0,151.12802815522386,219.0,151.16802815522385,620.0,151.17802815522387,1686.0,151.18802815522386,1642.0
2026-03-01 09:36:24.000,AAPL,151.11333433027062,1994.0,151.1033343302706,1258.0,151.0933343302706,1562.0,151.1333343302706,1347.0,151.14333433027062,1234.0,151.1533343302706,1224.0
2026-03-01 09:36:24.100,AAPL,151.14002638109937,1751.0,151.13002638109936,690.0,151.12002638109936,1789.0,151.16002638109936,477.0,151.17002638109938,1436.0,151.18002638109937,981.0
2026-03-01 09:36:24.200,AAPL,151.07588110101008,1122.0,151.06588110101006,500.0,151.05588110101007,312.0,151.09588110101006,124.0,151.10588110101008,854.0,151.11588110101007,1629.0
2026-03-01 09:36:24.300,AAPL,151.18720144595875,890.0,151.17720144595873,1819.0,151.16720144595874,952.0,151.20720144595873,1393.0,151.21720144595875,234.0,151.22720144595874,193.0
2026-03-01 09:36:24.400,AAPL,151.11509060785332,417.0,151.1050906078533,1564.0,151.0950906078533,1523.0,151.1350906078533,1586.0,151.14509060785332,1008.0,151.1550906078533,685.0
2026-03-01 09:36:24.500,AAPL,151.11853991136914,277.0,151.10853991136912,1330.0,151.09853991136913,1423.0,151.13853991136912,1286.0,151.14853991136914,1538.0,151.15853991136913,1836.0
2026-03-01 09:36:24.600,AAPL,151.01243055064356,770.0,151.00243055064354,580.0,150.99243055064355,1976.0,151.03243055064354,1084.0,151.04243055064356,668.0,151.05243055064355,1488.0
2026-03-01 09:36:24.700,AAPL,151.01036942803375,860.0,151.00036942803374,799.0,150.99036942803374,1854.0,151.03036942803374,155.0,151.04036942803376,1071.0,151.05036942803375,717.0
2026-03-01 09:36:24.800,AAPL,150.98910516777684,1287.0,150.97910516777682,1811.0,150.96910516777683,1905.0,151.00910516777682,1584.0,151.01910516777684,341.0,151.02910516777683,1013.0
2026-03-01 09:36:24.900,AAPL,151.04596433747213,267.0,151.0359643374721,1739.0,151.02596433747212,551.0,151.0659643374721,862.0,151.07596433747213,354.0,151.08596433747212,757.0
2026-03-01 09:36:25.000,AAPL,151.02469536589254,1372.0,151.01469536589252,534.0,151.00469536589253,254.0,151.04469536589252,1927.0,151.05469536589254,1053.0,151.06469536589253,1251.0
2026-03-01 09:36:25.100,AAPL,151.08162654503485,169.0,151.07162654503483,560.0,151.06162654503484,820.0,151.10162654503483,500.0,151.11162654503485,1819.0,151.12162654503484,277.0
2026-03-01 09:36:25.200,AAPL,151.03042051665543,708.0,151.0204205166554,1715.0,151.01042051665542,1699.0,151.0504205166554,1886.0,151.06042051665543,1788.0,151.07042051665542,1043.0
2026-03-01 09:36:25.300,AAPL,151.0163224365032,1587.0,151.00632243650318,1671.0,150.9963224365032,1488.0,151.03632243650318,408.0,151.0463224365032,1409.0,151.0563224365032,511.0
2026-03-01 09:36:25.400,AAPL,151.00322683160715,174.0,150.99322683160713,946.0,150.98322683160714,1224.0,151.02322683160713,1336.0,151.03322683160715,1620.0,151.04322683160714,789.0
2026-03-01 09:36:25.500,AAPL,151.02800624438882,446.0,151.0180062443888,1651.0,151.0080062443888,1295.0,151.0480062443888,1408.0,151.05800624438882,1581.0,151.0680062443888,175.0
2026-03-01 09:36:25.600,AAPL,151.04642496570915,1866.0,151.03642496570913,921.0,151.02642496570914,1983.0,151.06642496570913,278.0,151.07642496570915,1701.0,151.08642496570914,898.0
2026-03-01 09:36:25.700,AAPL,151.08253622345532,1015.0,151.0725362234553,707.0,151.0625362234553,853.0,151.1025362234553,1875.0,151.11253622345532,1219.0,151.1225362234553,208.0
2026-03-01 09:36:25.800,AAPL,151.09587775361982,359.0,151.0858777536198,376.0,151.0758777536198,979.0,151.1158777536198,1805.0,151.12587775361982,1866.0,151.1358777536198,239.0
2026-03-01 09:36:25.900,AAPL,151.12894349495048,1262.0,151.11894349495046,1989.0,151.10894349495047,1625.0,151.14894349495046,776.0,151.15894349495048,850.0,151.16894349495047,576.0
2026-03-01 09:36:26.000,AAPL,151.08405029851582,665.0,151.0740502985158,441.0,151.0640502985158,1080.0,151.1040502985158,219.0,151.11405029851582,737.0,151.1240502985158,1360.0
2026-03-01 09:36:26.100,AAPL,151.1034902318599,1445.0,151.09349023185987,672.0,151.08349023185988,1004.0,151.12349023185988,432.0,151.1334902318599,414.0,151.1434902318599,731.0
2026-03-01 09:36:26.200,AAPL,151.18390052823216,1073.0,151.17390052823214,313.0,151.16390052823215,927.0,151.20390052823214,339.0,151.21390052823216,1012.0,151.22390052823215,996.0
2026-03-01 09:36:26.300,AAPL,151.0999008898628,1932.0,151.08990088986278,679.0,151.07990088986278,166.0,151.11990088986278,1342.0,151.1299008898628,1831.0,151.1399008898628,827.0
2026-03-01 09:36:26.400,AAPL,151.12435128761123,1140.0,151.1143512876112,1595.0,151.10435128761122,164.0,151.14435128761122,929.0,151.15435128761123,1524.0,151.16435128761123,214.0
2026-03-01 09:36:26.500,AAPL,151.15819027650812,552.0,151.1481902765081,1136.0,151.1381902765081,1635.0,151.1781902765081,1908.0,151.18819027650812,486.0,151.19819027650811,313.0
2026-03-01 09:36:26.600,AAPL,151.2312495953817,515.0,151.2212495953817,1533.0,151.2112495953817,870.0,151.2512495953817,1816.0,151.2612495953817,265.0,151.2712495953817,717.0
2026-03-01 09:36:26.700,AAPL,151.26755194204623,793.0,151.2575519420462,1754.0,151.24755194204621,1436.0,151.2875519420462,1447.0,151.29755194204623,1507.0,151.30755194204622,1638.0
2026-03-01 09:36:26.800,AAPL,151.27256773915417,1816.0,151.26256773915415,516.0,151.25256773915416,1354.0,151.29256773915415,262.0,151.30256773915417,541.0,151.31256773915416,1735.0
2026-03-01 09:36:26.900,AAPL,151.29407139892967,657.0,151.28407139892965,1285.0,151.27407139892966,999.0,151.31407139892966,1061.0,151.32407139892968,1085.0,151.33407139892967,1066.0
2026-03-01 09:36:27.000,AAPL,151.2573195072016,1773.0,151.24731950720158,1241.0,151.2373195072016,307.0,151.27731950720158,1629.0,151.2873195072016,277.0,151.2973195072016,156.0
2026-03-01 09:36:27.100,AAPL,151.23792110358372,1857.0,151.2279211035837,921.0,151.2179211035837,1943.0,151.2579211035837,1528.0,151.26792110358372,1922.0,151.2779211035837,1093.0
2026-03-01 09:36:27.200,AAPL,151.17113596159862,1774.0,151.1611359615986,1299.0,151.1511359615986,1431.0,151.1911359615986,1481.0,151.20113596159862,1492.0,151.21113596159861,441.0
2026-03-01 09:36:27.300,AAPL,151.24548743731583,1340.0,151.2354874373158,264.0,151.22548743731582,1528.0,151.2654874373158,1521.0,151.27548743731583,1626.0,151.28548743731582,1247.0
2026-03-01 09:36:27.400,AAPL,151.26799530326338,1660.0,151.25799530326336,1224.0,151.24799530326337,398.0,151.28799530326336,1613.0,151.29799530326338,1084.0,151.30799530326337,587.0
2026-03-01 09:36:27.500,AAPL,151.22218968024714,1738.0,151.21218968024712,1300.0,151.20218968024713,1618.0,151.24218968024712,870.0,151.25218968024714,1029.0,151.26218968024713,124.0
2026-03-01 09:36:27.600,AAPL,151.23575752838028,1810.0,151.22575752838026,1704.0,151.21575752838027,1038.0,151.25575752838026,1198.0,151.26575752838028,1715.0,151.27575752838027,1098.0
2026-03-01 09:36:27.700,AAPL,151.29372491387997,1952.0,151.28372491387995,760.0,151.27372491387996,151.0,151.31372491387995,338.0,151.32372491387997,759.0,151.33372491387996,1849.0
2026-03-01 09:36:27.800,AAPL,151.3433645301527,1661.0,151.3333645301527,1391.0,151.3233645301527,1047.0,151.3633645301527,1740.0,151.3733645301527,101.0,151.3833645301527,1670.0
2026-03-01 09:36:27.900,AAPL,151.29698259949438,761.0,151.28698259949437,978.0,151.27698259949437,1190.0,151.31698259949437,1255.0,151.3269825994944,224.0,151.33698259949438,111.0
2026-03-01 09:36:28.000,AAPL,151.1402906587004,756.0,151.13029065870037,786.0,151.12029065870038,1814.0,151.16029065870038,1681.0,151.1702906587004,1330.0,151.1802906587004,1938.0
2026-03-01 09:36:28.100,AAPL,151.1600599629452,423.0,151.1500599629452,841.0,151.1400599629452,1365.0,151.1800599629452,1805.0,151.1900599629452,111.0,151.2000599629452,1748.0
2026-03-01 09:36:28.200,AAPL,151.1157164813533,1392.0,151.10571648135328,181.0,151.0957164813533,1814.0,151.13571648135328,1147.0,151.1457164813533,1817.0,151.1557164813533,417.0
2026-03-01 09:36:28.300,AAPL,151.14683285665234,745.0,151.13683285665232,594.0,151.12683285665233,912.0,151.16683285665232,1376.0,151.17683285665234,152.0,151.18683285665233,1591.0
2026-03-01 09:36:28.400,AAPL,151.19434637606915,1898.0,151.18434637606913,1556.0,151.17434637606914,1414.0,151.21434637606913,694.0,151.22434637606915,1477.0,151.23434637606914,1259.0
2026-03-01 09:36:28.500,AAPL,151.25002803162732,429.0,151.2400280316273,297.0,151.2300280316273,1155.0,151.2700280316273,1181.0,151.28002803162732,1918.0,151.29002803162732,1278.0
2026-03-01 09:36:28.600,AAPL,151.33726505592625,1954.0,151.32726505592623,1448.0,151.31726505592624,1260.0,151.35726505592623,738.0,151.36726505592625,1324.0,151.37726505592624,1069.0
2026-03-01 09:36:28.700,AAPL,151.3990829018301,1448.0,151.38908290183008,1991.0,151.3790829018301,952.0,151.41908290183008,1601.0,151.4290829018301,608.0,151.4390829018301,1428.0
2026-03-01 09:36:28.800,AAPL,151.4865603432693,651.0,151.47656034326928,562.0,151.4665603432693,734.0,151.50656034326929,1156.0,151.5165603432693,335.0,151.5265603432693,1143.0
2026-03-01 09:36:28.900,AAPL,151.55551336043106,387.0,151.54551336043104,1949.0,151.53551336043105,128.0,151.57551336043105,1672.0,151.58551336043107,1233.0,151.59551336043106,1677.0
2026-03-01 09:36:29.000,AAPL,151.6288242391322,1345.0,151.61882423913218,1390.0,151.6088242391322,1185.0,151.64882423913218,1725.0,151.6588242391322,1473.0,151.6688242391322,631.0
2026-03-01 09:36:29.100,AAPL,151.6267808321673,454.0,151.61678083216728,310.0,151.6067808321673,865.0,151.64678083216728,705.0,151.6567808321673,510.0,151.6667808321673,1438.0
2026-03-01 09:36:29.200,AAPL,151.5623145106057,1301.0,151.55231451060567,129.0,151.54231451060568,1340.0,151.58231451060567,1858.0,151.5923145106057,1260.0,151.60231451060568,554.0
2026-03-01 09:36:29.300,AAPL,151.6864280233298,1543.0,151.67642802332978,1643.0,151.6664280233298,293.0,151.70642802332978,161.0,151.7164280233298,919.0,151.7264280233298,1497.0
2026-03-01 09:36:29.400,AAPL,151.6895756700906,1384.0,151.67957567009057,800.0,151.66957567009058,1282.0,151.70957567009057,625.0,151.7195756700906,1840.0,151.72957567009058,1995.0
2026-03-01 09:36:29.500,AAPL,151.7510110732893,830.0,151.7410110732893,680.0,151.7310110732893,454.0,151.7710110732893,1914.0,151.7810110732893,281.0,151.7910110732893,1185.0
2026-03-01 09:36:29.600,AAPL,151.7234973317381,1186.0,151.71349733173807,355.0,151.70349733173808,257.0,151.74349733173807,219.0,151.7534973317381,1765.0,151.76349733173808,1322.0
2026-03-01 09:36:29.700,AAPL,151.7716934538654,1000.0,151.76169345386538,1566.0,151.75169345386539,755.0,151.79169345386538,1689.0,151.8016934538654,1153.0,151.8116934538654,172.0
2026-03-01 09:36:29.800,AAPL,151.6494452876134,1359.0,151.63944528761337,253.0,151.62944528761338,880.0,151.66944528761337,1165.0,151.6794452876134,630.0,151.68944528761338,1228.0
2026-03-01 09:36:29.900,AAPL,151.62892311806334,716.0,151.61892311806332,1851.0,151.60892311806333,1928.0,151.64892311806332,1428.0,151.65892311806334,971.0,151.66892311806333,1454.0
2026-03-01 09:36:30.000,AAPL,151.62400256389373,1426.0,151.6140025638937,259.0,151.60400256389372,561.0,151.6440025638937,873.0,151.65400256389373,1328.0,151.66400256389372,759.0
2026-03-01 09:36:30.100,AAPL,151.64713300230898,897.0,151.63713300230896,631.0,151.62713300230897,661.0,151.66713300230896,1577.0,151.67713300230898,1560.0,151.68713300230897,264.0
2026-03-01 09:36:30.200,AAPL,151.70073423613903,1425.0,151.690734236139,1230.0,151.68073423613902,1619.0,151.720734236139,1365.0,151.73073423613903,1686.0,151.74073423613902,1989.0
2026-03-01 09:36:30.300,AAPL,151.64602709005752,1067.0,151.6360270900575,361.0,151.6260270900575,1310.0,151.6660270900575,1069.0,151.67602709005752,1009.0,151.6860270900575,829.0
2026-03-01 09:36:30.400,AAPL,151.67902549950352,1853.0,151.6690254995035,1070.0,151.6590254995035,1148.0,151.6990254995035,1738.0,151.70902549950353,203.0,151.71902549950352,1612.0
2026-03-01 09:36:30.500,AAPL,151.74035884833538,743.0,151.73035884833536,1101.0,151.72035884833537,1587.0,151.76035884833536,1178.0,151.77035884833538,1692.0,151.78035884833537,319.0
2026-03-01 09:36:30.600,AAPL,151.85765442747308,532.0,151.84765442747306,1717.0,151.83765442747307,1237.0,151.87765442747306,230.0,151.88765442747308,414.0,151.89765442747307,159.0
2026-03-01 09:36:30.700,AAPL,151.89298582666495,1540.0,151.88298582666494,526.0,151.87298582666494,472.0,151.91298582666494,1575.0,151.92298582666496,1091.0,151.93298582666495,581.0
2026-03-01 09:36:30.800,AAPL,151.8700105275909,1771.0,151.86001052759087,243.0,151.85001052759088,1571.0,151.89001052759087,221.0,151.9000105275909,686.0,151.91001052759088,626.0
2026-03-01 09:36:30.900,AAPL,151.80642229473548,471.0,151.79642229473546,1793.0,151.78642229473547,263.0,151.82642229473547,1701.0,151.83642229473548,1001.0,151.84642229473548,1206.0
2026-03-01 09:36:31.000,AAPL,151.89788240962875,1368.0,151.88788240962873,1147.0,151.87788240962874,853.0,151.91788240962873,1350.0,151.92788240962875,660.0,151.93788240962874,644.0
2026-03-01 09:36:31.100,AAPL,151.9347495064084,935.0,151.92474950640838,1825.0,151.91474950640838,1100.0,151.95474950640838,1841.0,151.9647495064084,1776.0,151.9747495064084,445.0
2026-03-01 09:36:31.200,AAPL,151.9336507248294,930.0,151.92365072482937,1663.0,151.91365072482938,1088.0,151.95365072482937,314.0,151.9636507248294,643.0,151.97365072482938,1536.0
2026-03-01 09:36:31.300,AAPL,151.8526598101183,441.0,151.84265981011828,1024.0,151.8326598101183,1934.0,151.87265981011828,582.0,151.8826598101183,684.0,151.8926598101183,284.0
2026-03-01 09:36:31.400,AAPL,151.80610061257337,744.0,151.79610061257335,1429.0,151.78610061257336,501.0,151.82610061257336,732.0,151.83610061257338,847.0,151.84610061257337,1991.0
2026-03-01 09:36:31.500,AAPL,151.83766662701208,189.0,151.82766662701206,438.0,151.81766662701207,560.0,151.85766662701207,1504.0,151.86766662701208,834.0,151.87766662701208,550.0
2026-03-01 09:36:31.600,AAPL,151.85535827821838,1399.0,151.84535827821836,1106.0,151.83535827821837,1871.0,151.87535827821836,383.0,151.88535827821838,293.0,151.89535827821837,1343.0
2026-03-01 09:36:31.700,AAPL,151.75804170027007,138.0,151.74804170027005,757.0,151.73804170027006,1778.0,151.77804170027005,1950.0,151.78804170027007,1740.0,151.79804170027006,1416.0
2026-03-01 09:36:31.800,AAPL,151.78967232809515,1846.0,151.77967232809513,795.0,151.76967232809514,954.0,151.80967232809513,1128.0,151.81967232809515,870.0,151.82967232809514,1430.0
2026-03-01 09:36:31.900,AAPL,151.71125050568415,1943.0,151.70125050568413,1852.0,151.69125050568414,1189.0,151.73125050568413,546.0,151.74125050568415,1432.0,151.75125050568414,346.0
2026-03-01 09:36:32.000,AAPL,151.77895095911427,1533.0,151.76895095911425,1714.0,151.75895095911426,661.0,151.79895095911425,1617.0,151.80895095911427,197.0,151.81895095911426,531.0
2026-03-01 09:36:32.100,AAPL,151.7893787548595,1378.0,151.7793787548595,883.0,151.7693787548595,1035.0,151.8093787548595,285.0,151.8193787548595,531.0,151.8293787548595,185.0
2026-03-01 09:36:32.200,AAPL,151.76620768242205,1021.0,151.75620768242203,1366.0,151.74620768242204,206.0,151.78620768242203,1567.0,151.79620768242205,1865.0,151.80620768242204,786.0
2026-03-01 09:36:32.300,AAPL,151.81571539937758,367.0,151.80571539937756,1904.0,151.79571539937757,665.0,151.83571539937756,1932.0,151.84571539937758,1015.0,151.85571539937757,414.0
2026-03-01 09:36:32.400,AAPL,151.83339036379988,1114.0,151.82339036379986,1291.0,151.81339036379987,1426.0,151.85339036379986,423.0,151.86339036379988,1907.0,151.87339036379987,359.0
2026-03-01 09:36:32.500,AAPL,151.89963674422512,1489.0,151.8896367442251,718.0,151.8796367442251,290.0,151.9196367442251,425.0,151.92963674422512,998.0,151.9396367442251,1944.0
2026-03-01 09:36:32.600,AAPL,151.9036605248946,1088.0,151.89366052489459,1962.0,151.8836605248946,1088.0,151.9236605248946,243.0,151.9336605248946,521.0,151.9436605248946,1118.0
2026-03-01 09:36:32.700,AAPL,151.91060149321487,792.0,151.90060149321485,1306.0,151.89060149321486,564.0,151.93060149321485,1703.0,151.94060149321487,1263.0,151.95060149321486,1030.0
2026-03-01 09:36:32.800,AAPL,151.89633897158498,1942.0,151.88633897158496,1058.0,151.87633897158497,1756.0,151.91633897158496,508.0,151.92633897158498,321.0,151.93633897158497,1997.0
2026-03-01 09:36:32.900,AAPL,151.90948732872334,513.0,151.89948732872332,249.0,151.88948732872333,1966.0,151.92948732872333,451.0,151.93948732872335,1403.0,151.94948732872334,1856.0
2026-03-01 09:36:33.000,AAPL,151.9943848727128,877.0,151.98438487271278,1139.0,151.9743848727128,1620.0,152.01438487271278,808.0,152.0243848727128,990.0,152.0343848727128,1743.0
2026-03-01 09:36:33.100,AAPL,151.96924666420975,1573.0,151.95924666420973,1712.0,151.94924666420974,948.0,151.98924666420973,979.0,151.99924666420975,627.0,152.00924666420974,438.0
2026-03-01 09:36:33.200,AAPL,152.00164442167627,230.0,151.99164442167626,648.0,151.98164442167626,1983.0,152.02164442167626,837.0,152.03164442167628,1087.0,152.04164442167627,1062.0
2026-03-01 09:36:33.300,AAPL,151.9576222425259,710.0,151.94762224252588,1828.0,151.9376222425259,1954.0,151.97762224252588,362.0,151.9876222425259,1117.0,151.9976222425259,115.0
2026-03-01 09:36:33.400,AAPL,151.85428563664198,334.0,151.84428563664196,880.0,151.83428563664197,468.0,151.87428563664196,325.0,151.88428563664198,335.0,151.89428563664197,803.0
2026-03-01 09:36:33.500,AAPL,151.86465857366048,849.0,151.85465857366046,1142.0,151.84465857366047,295.0,151.88465857366046,792.0,151.89465857366048,676.0,151.90465857366047,322.0
2026-03-01 09:36:33.600,AAPL,151.88317884483394,1085.0,151.87317884483392,905.0,151.86317884483393,1097.0,151.90317884483392,464.0,151.91317884483394,1387.0,151.92317884483393,360.0
2026-03-01 09:36:33.700,AAPL,151.87767628136183,1210.0,151.8676762813618,1509.0,151.85767628136182,996.0,151.8976762813618,1601.0,151.90767628136183,550.0,151.91767628136182,1698.0
2026-03-01 09:36:33.800,AAPL,151.8028770328232,1762.0,151.79287703282318,818.0,151.7828770328232,848.0,151.8228770328232,1447.0,151.8328770328232,1854.0,151.8428770328232,1287.0
2026-03-01 09:36:33.900,AAPL,151.81809208655528,803.0,151.80809208655526,137.0,151.79809208655527,1156.0,151.83809208655526,1580.0,151.84809208655528,712.0,151.85809208655527,1977.0
2026-03-01 09:36:34.000,AAPL,151.83140776826227,443.0,151.82140776826225,1981.0,151.81140776826226,848.0,151.85140776826225,1920.0,151.86140776826227,506.0,151.87140776826226,1220.0
2026-03-01 09:36:34.100,AAPL,151.78696873670762,929.0,151.7769687367076,1189.0,151.7669687367076,293.0,151.8069687367076,184.0,151.81696873670762,742.0,151.8269687367076,879.0
2026-03-01 09:36:34.200,AAPL,151.71929415813398,677.0,151.70929415813396,417.0,151.69929415813397,181.0,151.73929415813396,1094.0,151.74929415813398,618.0,151.75929415813397,1634.0
2026-03-01 09:36:34.300,AAPL,151.70667476174867,555.0,151.69667476174865,591.0,151.68667476174866,1213.0,151.72667476174865,1140.0,151.73667476174867,1070.0,151.74667476174866,1359.0
2026-03-01 09:36:34.400,AAPL,151.73932122408758,316.0,151.72932122408756,618.0,151.71932122408757,340.0,151.75932122408756,105.0,151.76932122408758,1667.0,151.77932122408757,1461.0
2026-03-01 09:36:34.500,AAPL,151.76015396067717,405.0,151.75015396067715,1869.0,151.74015396067716,548.0,151.78015396067715,1284.0,151.79015396067717,1688.0,151.80015396067716,1793.0
2026-03-01 09:36:34.600,AAPL,151.71611211078547,343.0,151.70611211078545,1572.0,151.69611211078546,833.0,151.73611211078546,953.0,151.74611211078548,255.0,151.75611211078547,1645.0
2026-03-01 09:36:34.700,AAPL,151.72295836503656,936.0,151.71295836503654,998.0,151.70295836503655,598.0,151.74295836503654,534.0,151.75295836503656,999.0,151.76295836503655,1598.0
2026-03-01 09:36:34.800,AAPL,151.76731468531034,621.0,151.75731468531032,131.0,151.74731468531033,685.0,151.78731468531032,1983.0,151.79731468531034,1028.0,151.80731468531033,438.0
2026-03-01 09:36:34.900,AAPL,151.708681399847,1754.0,151.69868139984698,1013.0,151.68868139984698,906.0,151.72868139984698,305.0,151.738681399847,1566.0,151.748681399847,361.0
2026-03-01 09:36:35.000,AAPL,151.71183916824916,995.0,151.70183916824914,817.0,151.69183916824915,1969.0,151.73183916824914,1946.0,151.74183916824916,346.0,151.75183916824915,1643.0
2026-03-01 09:36:35.100,AAPL,151.7788212172577,1058.0,151.76882121725768,1016.0,151.7588212172577,339.0,151.79882121725768,1421.0,151.8088212172577,846.0,151.8188212172577,949.0
2026-03-01 09:36:35.200,AAPL,151.715074609493,231.0,151.70507460949298,1338.0,151.695074609493,685.0,151.73507460949298,880.0,151.745074609493,375.0,151.755074609493,1386.0
2026-03-01 09:36:35.300,AAPL,151.77285092404549,377.0,151.76285092404547,766.0,151.75285092404548,826.0,151.79285092404547,429.0,151.8028509240455,870.0,151.81285092404548,1818.0
2026-03-01 09:36:35.400,AAPL,151.8538102966616,1991.0,151.8438102966616,1560.0,151.8338102966616,1554.0,151.8738102966616,1887.0,151.8838102966616,1859.0,151.8938102966616,1468.0
2026-03-01 09:36:35.500,AAPL,151.84270002040307,968.0,151.83270002040305,1145.0,151.82270002040306,1284.0,151.86270002040305,1683.0,151.87270002040307,496.0,151.88270002040306,1587.0
2026-03-01 09:36:35.600,AAPL,151.82554958945224,1767.0,151.81554958945222,673.0,151.80554958945223,1401.0,151.84554958945222,1715.0,151.85554958945224,1311.0,151.86554958945223,1059.0
2026-03-01 09:36:35.700,AAPL,151.87720431040322,690.0,151.8672043104032,642.0,151.8572043104032,1847.0,151.8972043104032,1893.0,151.90720431040322,650.0,151.9172043104032,1498.0
2026-03-01 09:36:35.800,AAPL,151.86789779165176,1205.0,151.85789779165174,969.0,151.84789779165175,1478.0,151.88789779165174,538.0,151.89789779165176,1103.0,151.90789779165175,1990.0
2026-03-01 09:36:35.900,AAPL,151.750241456617,1662.0,151.74024145661699,697.0,151.730241456617,906.0,151.770241456617,351.0,151.780241456617,482.0,151.790241456617,814.0
2026-03-01 09:36:36.000,AAPL,151.74530172688253,1573.0,151.7353017268825,740.0,151.72530172688252,883.0,151.7653017268825,1145.0,151.77530172688253,731.0,151.78530172688252,1910.0
2026-03-01 09:36:36.100,AAPL,151.76882192529226,470.0,151.75882192529224,312.0,151.74882192529225,929.0,151.78882192529224,1341.0,151.79882192529226,1681.0,151.80882192529225,718.0
2026-03-01 09:36:36.200,AAPL,151.80582611797138,789.0,151.79582611797136,1235.0,151.78582611797137,1625.0,151.82582611797136,1819.0,151.83582611797138,752.0,151.84582611797137,410.0
2026-03-01 09:36:36.300,AAPL,151.76179465973377,795.0,151.75179465973375,1809.0,151.74179465973376,1639.0,151.78179465973375,891.0,151.79179465973377,1712.0,151.80179465973376,1532.0
2026-03-01 09:36:36.400,AAPL,151.74830460376015,295.0,151.73830460376013,584.0,151.72830460376014,1112.0,151.76830460376013,1500.0,151.77830460376015,640.0,151.78830460376014,779.0
2026-03-01 09:36:36.500,AAPL,151.79714996696777,1748.0,151.78714996696775,1937.0,151.77714996696776,1383.0,151.81714996696775,244.0,151.82714996696777,1878.0,151.83714996696776,1846.0
2026-03-01 09:36:36.600,AAPL,151.7941500358971,1106.0,151.78415003589708,363.0,151.7741500358971,490.0,151.8141500358971,1405.0,151.8241500358971,679.0,151.8341500358971,365.0
2026-03-01 09:36:36.700,AAPL,151.71771313619905,949.0,151.70771313619903,1742.0,151.69771313619904,1426.0,151.73771313619903,869.0,151.74771313619905,1405.0,151.75771313619904,355.0
2026-03-01 09:36:36.800,AAPL,151.77959503668006,992.0,151.76959503668004,1064.0,151.75959503668005,226.0,151.79959503668005,1261.0,151.80959503668007,1442.0,151.81959503668006,115.0
2026-03-01 09:36:36.900,AAPL,151.7688894855612,735.0,151.75888948556118,1704.0,151.7488894855612,1350.0,151.78888948556119,676.0,151.7988894855612,1472.0,151.8088894855612,1301.0
2026-03-01 09:36:37.000,AAPL,151.82345042442026,1266.0,151.81345042442024,839.0,151.80345042442025,1791.0,151.84345042442024,1702.0,151.85345042442026,235.0,151.86345042442025,1678.0
2026-03-01 09:36:37.100,AAPL,151.75367758962693,1677.0,151.7436775896269,1350.0,151.73367758962692,240.0,151.7736775896269,1294.0,151.78367758962693,1632.0,151.79367758962692,797.0
2026-03-01 09:36:37.200,AAPL,151.7476282522475,818.0,151.73762825224748,1881.0,151.72762825224748,1893.0,151.76762825224748,1750.0,151.7776282522475,1123.0,151.7876282522475,1506.0
2026-03-01 09:36:37.300,AAPL,151.77311505343135,783.0,151.76311505343133,1097.0,151.75311505343134,1681.0,151.79311505343134,486.0,151.80311505343136,977.0,151.81311505343135,258.0
2026-03-01 09:36:37.400,AAPL,151.7687578103563,324.0,151.7587578103563,522.0,151.7487578103563,1102.0,151.7887578103563,1790.0,151.7987578103563,975.0,151.8087578103563,1375.0
2026-03-01 09:36:37.500,AAPL,151.70960750024025,733.0,151.69960750024023,1495.0,151.68960750024024,1570.0,151.72960750024023,1581.0,151.73960750024025,753.0,151.74960750024024,247.0
2026-03-01 09:36:37.600,AAPL,151.59026733489807,1228.0,151.58026733489805,1874.0,151.57026733489806,291.0,151.61026733489805,386.0,151.62026733489807,1116.0,151.63026733489806,508.0
2026-03-01 09:36:37.700,AAPL,151.66643059137326,1858.0,151.65643059137324,1691.0,151.64643059137325,1987.0,151.68643059137324,129.0,151.69643059137326,516.0,151.70643059137325,1743.0
2026-03-01 09:36:37.800,AAPL,151.67883250146832,1699.0,151.6688325014683,246.0,151.6588325014683,738.0,151.6988325014683,1809.0,151.70883250146832,1265.0,151.7188325014683,1093.0
2026-03-01 09:36:37.900,AAPL,151.73717255410787,716.0,151.72717255410785,1270.0,151.71717255410786,347.0,151.75717255410785,1561.0,151.76717255410787,1827.0,151.77717255410786,1821.0
2026-03-01 09:36:38.000,AAPL,151.7836060090759,1341.0,151.77360600907588,1703.0,151.7636060090759,1633.0,151.80360600907588,1012.0,151.8136060090759,1905.0,151.8236060090759,1247.0
2026-03-01 09:36:38.100,AAPL,151.81344835038186,1903.0,151.80344835038184,404.0,151.79344835038185,271.0,151.83344835038184,641.0,151.84344835038186,1203.0,151.85344835038185,1664.0
2026-03-01 09:36:38.200,AAPL,151.79738148262453,782.0,151.7873814826245,1244.0,151.77738148262452,1483.0,151.8173814826245,1227.0,151.82738148262453,1015.0,151.83738148262452,579.0
2026-03-01 09:36:38.300,AAPL,151.82186982890647,952.0,151.81186982890645,985.0,151.80186982890646,1139.0,151.84186982890645,818.0,151.85186982890647,1453.0,151.86186982890646,1302.0
2026-03-01 09:36:38.400,AAPL,151.893496676225,974.0,151.88349667622498,1273.0,151.873496676225,1327.0,151.91349667622498,1158.0,151.923496676225,1506.0,151.933496676225,996.0
2026-03-01 09:36:38.500,AAPL,151.8976472226387,1997.0,151.8876472226387,1183.0,151.8776472226387,1221.0,151.9176472226387,1597.0,151.9276472226387,1305.0,151.9376472226387,842.0
2026-03-01 09:36:38.600,AAPL,151.99273227485867,218.0,151.98273227485865,1321.0,151.97273227485866,970.0,152.01273227485865,1582.0,152.02273227485867,604.0,152.03273227485866,579.0
2026-03-01 09:36:38.700,AAPL,151.9177611805353,1381.0,151.9077611805353,1997.0,151.8977611805353,512.0,151.9377611805353,1093.0,151.9477611805353,796.0,151.9577611805353,680.0
2026-03-01 09:36:38.800,AAPL,151.8374157499722,432.0,151.82741574997218,716.0,151.81741574997218,1753.0,151.85741574997218,404.0,151.8674157499722,1200.0,151.8774157499722,227.0
2026-03-01 09:36:38.900,AAPL,151.88681951069816,609.0,151.87681951069814,594.0,151.86681951069815,458.0,151.90681951069814,385.0,151.91681951069816,1977.0,151.92681951069815,163.0
2026-03-01 09:36:39.000,AAPL,151.8458823638721,957.0,151.8358823638721,812.0,151.8258823638721,679.0,151.8658823638721,259.0,151.8758823638721,1931.0,151.8858823638721,1823.0
2026-03-01 09:36:39.100,AAPL,151.94804920989355,961.0,151.93804920989353,270.0,151.92804920989354,857.0,151.96804920989354,794.0,151.97804920989356,577.0,151.98804920989355,771.0
2026-03-01 09:36:39.200,AAPL,152.0149162784552,1559.0,152.00491627845517,1065.0,151.99491627845518,1414.0,152.03491627845517,378.0,152.0449162784552,1982.0,152.05491627845518,1533.0
2026-03-01 09:36:39.300,AAPL,152.09429485379312,148.0,152.0842948537931,1428.0,152.0742948537931,903.0,152.1142948537931,948.0,152.12429485379312,178.0,152.1342948537931,1166.0
2026-03-01 09:36:39.400,AAPL,152.13851666907067,215.0,152.12851666907065,1602.0,152.11851666907066,580.0,152.15851666907065,1772.0,152.16851666907067,1609.0,152.17851666907066,1914.0
2026-03-01 09:36:39.500,AAPL,152.09243748788714,528.0,152.08243748788712,707.0,152.07243748788713,1638.0,152.11243748788712,1460.0,152.12243748788714,859.0,152.13243748788713,578.0
2026-03-01 09:36:39.600,AAPL,152.0094704078804,1012.0,151.99947040788038,109.0,151.9894704078804,1081.0,152.02947040788038,233.0,152.0394704078804,1292.0,152.0494704078804,1770.0
2026-03-01 09:36:39.700,AAPL,152.08423514133983,1579.0,152.0742351413398,407.0,152.06423514133982,594.0,152.1042351413398,1059.0,152.11423514133983,449.0,152.12423514133982,1770.0
2026-03-01 09:36:39.800,AAPL,152.00925673103924,1117.0,151.99925673103922,1145.0,151.98925673103923,650.0,152.02925673103923,1484.0,152.03925673103925,695.0,152.04925673103924,195.0
2026-03-01 09:36:39.900,AAPL,152.0885010154256,912.0,152.0785010154256,1251.0,152.0685010154256,1114.0,152.1085010154256,1584.0,152.1185010154256,1965.0,152.1285010154256,514.0
2026-03-01 09:36:40.000,AAPL,152.1219817534371,1682.0,152.11198175343708,628.0,152.1019817534371,1609.0,152.14198175343708,130.0,152.1519817534371,1598.0,152.1619817534371,1671.0
2026-03-01 09:36:40.100,AAPL,152.11816912074607,972.0,152.10816912074606,1223.0,152.09816912074606,1174.0,152.13816912074606,336.0,152.14816912074608,985.0,152.15816912074607,928.0
2026-03-01 09:36:40.200,AAPL,152.14027150496284,1939.0,152.13027150496282,1794.0,152.12027150496283,1587.0,152.16027150496282,409.0,152.17027150496284,1600.0,152.18027150496283,1433.0
2026-03-01 09:36:40.300,AAPL,152.1635360517353,1806.0,152.15353605173527,255.0,152.14353605173528,308.0,152.18353605173527,380.0,152.1935360517353,177.0,152.20353605173528,1639.0
2026-03-01 09:36:40.400,AAPL,152.15341553230596,1321.0,152.14341553230594,1255.0,152.13341553230595,322.0,152.17341553230594,702.0,152.18341553230596,1917.0,152.19341553230595,861.0
2026-03-01 09:36:40.500,AAPL,152.22469989405192,736.0,152.2146998940519,1204.0,152.2046998940519,1631.0,152.2446998940519,137.0,152.25469989405192,711.0,152.26469989405192,1216.0
2026-03-01 09:36:40.600,AAPL,152.29426993708188,1313.0,152.28426993708186,1404.0,152.27426993708187,257.0,152.31426993708186,1261.0,152.32426993708188,503.0,152.33426993708187,1980.0
2026-03-01 09:36:40.700,AAPL,152.30205290217293,453.0,152.2920529021729,1568.0,152.28205290217292,817.0,152.3220529021729,1630.0,152.33205290217293,1688.0,152.34205290217292,842.0
2026-03-01 09:36:40.800,AAPL,152.2720531828379,860.0,152.2620531828379,736.0,152.2520531828379,1028.0,152.2920531828379,811.0,152.3020531828379,1271.0,152.3120531828379,1976.0
2026-03-01 09:36:40.900,AAPL,152.33735088505813,642.0,152.3273508850581,737.0,152.31735088505812,198.0,152.3573508850581,1583.0,152.36735088505813,1918.0,152.37735088505812,1631.0
2026-03-01 09:36:41.000,AAPL,152.2362228660512,918.0,152.2262228660512,104.0,152.2162228660512,1461.0,152.2562228660512,1828.0,152.2662228660512,205.0,152.2762228660512,1756.0
2026-03-01 09:36:41.100,AAPL,152.25841749640176,1055.0,152.24841749640174,151.0,152.23841749640175,959.0,152.27841749640174,228.0,152.28841749640176,1038.0,152.29841749640175,384.0
2026-03-01 09:36:41.200,AAPL,152.2953962518122,227.0,152.2853962518122,977.0,152.2753962518122,1060.0,152.3153962518122,1302.0,152.3253962518122,1281.0,152.3353962518122,107.0
2026-03-01 09:36:41.300,AAPL,152.2539786600733,1734.0,152.24397866007328,1730.0,152.2339786600733,1560.0,152.27397866007328,399.0,152.2839786600733,1109.0,152.2939786600733,759.0
2026-03-01 09:36:41.400,AAPL,152.3026679344452,137.0,152.29266793444518,1527.0,152.2826679344452,423.0,152.32266793444518,1020.0,152.3326679344452,855.0,152.3426679344452,669.0
2026-03-01 09:36:41.500,AAPL,152.30134864137935,1057.0,152.29134864137933,1603.0,152.28134864137934,1830.0,152.32134864137933,336.0,152.33134864137935,1175.0,152.34134864137934,984.0
2026-03-01 09:36:41.600,AAPL,152.2740636352819,1508.0,152.26406363528187,1209.0,152.25406363528188,1421.0,152.29406363528187,659.0,152.3040636352819,893.0,152.31406363528188,752.0
2026-03-01 09:36:41.700,AAPL,152.32222480226508,1823.0,152.31222480226506,751.0,152.30222480226507,1579.0,152.34222480226506,1124.0,152.35222480226508,1971.0,152.36222480226508,848.0
2026-03-01 09:36:41.800,AAPL,152.26794058083019,115.0,152.25794058083017,827.0,152.24794058083017,870.0,152.28794058083017,260.0,152.2979405808302,591.0,152.30794058083018,579.0
2026-03-01 09:36:41.900,AAPL,152.31140024765838,113.0,152.30140024765836,1289.0,152.29140024765837,869.0,152.33140024765837,1730.0,152.34140024765838,1197.0,152.35140024765838,580.0
2026-03-01 09:36:42.000,AAPL,152.21228293696743,841.0,152.2022829369674,419.0,152.19228293696742,1031.0,152.2322829369674,804.0,152.24228293696743,324.0,152.25228293696742,1443.0
2026-03-01 09:36:42.100,AAPL,152.22656815930398,1021.0,152.21656815930396,683.0,152.20656815930397,520.0,152.24656815930396,1786.0,152.25656815930398,573.0,152.26656815930397,1582.0
2026-03-01 09:36:42.200,AAPL,152.22876035711465,1830.0,152.21876035711463,873.0,152.20876035711464,1933.0,152.24876035711463,1474.0,152.25876035711465,367.0,152.26876035711464,277.0
2026-03-01 09:36:42.300,AAPL,152.20177556877138,989.0,152.19177556877136,215.0,152.18177556877137,1141.0,152.22177556877136,1179.0,152.23177556877138,774.0,152.24177556877137,213.0
2026-03-01 09:36:42.400,AAPL,152.22125681216582,1968.0,152.2112568121658,465.0,152.2012568121658,114.0,152.2412568121658,1835.0,152.25125681216582,1980.0,152.2612568121658,697.0
2026-03-01 09:36:42.500,AAPL,152.21727830569745,893.0,152.20727830569743,1805.0,152.19727830569744,1305.0,152.23727830569743,1614.0,152.24727830569745,1405.0,152.25727830569744,777.0
2026-03-01 09:36:42.600,AAPL,152.27001308706272,1196.0,152.2600130870627,1952.0,152.2500130870627,381.0,152.2900130870627,777.0,152.30001308706272,1219.0,152.3100130870627,1576.0
2026-03-01 09:36:42.700,AAPL,152.29802063650288,219.0,152.28802063650286,179.0,152.27802063650287,1533.0,152.31802063650287,1156.0,152.32802063650288,235.0,152.33802063650288,457.0
2026-03-01 09:36:42.800,AAPL,152.3206553481466,1218.0,152.31065534814658,1149.0,152.3006553481466,276.0,152.34065534814658,289.0,152.3506553481466,515.0,152.3606553481466,1135.0
2026-03-01 09:36:42.900,AAPL,152.33524840832462,1300.0,152.3252484083246,931.0,152.3152484083246,1736.0,152.3552484083246,662.0,152.36524840832462,1194.0,152.3752484083246,1779.0
2026-03-01 09:36:43.000,AAPL,152.31164008549726,1574.0,152.30164008549724,441.0,152.29164008549725,618.0,152.33164008549724,1887.0,152.34164008549726,1921.0,152.35164008549725,144.0
2026-03-01 09:36:43.100,AAPL,152.29654990799847,1909.0,152.28654990799845,746.0,152.27654990799846,681.0,152.31654990799845,814.0,152.32654990799847,1666.0,152.33654990799846,138.0
2026-03-01 09:36:43.200,AAPL,152.30896070000952,1119.0,152.2989607000095,1780.0,152.2889607000095,204.0,152.3289607000095,1984.0,152.33896070000952,1466.0,152.3489607000095,750.0
2026-03-01 09:36:43.300,AAPL,152.30029272565417,331.0,152.29029272565415,232.0,152.28029272565416,1270.0,152.32029272565416,1521.0,152.33029272565418,1962.0,152.34029272565417,1292.0
2026-03-01 09:36:43.400,AAPL,152.35586536717582,1540.0,152.3458653671758,968.0,152.3358653671758,683.0,152.3758653671758,791.0,152.38586536717582,770.0,152.39586536717582,1001.0
2026-03-01 09:36:43.500,AAPL,152.360537876653,631.0,152.350537876653,323.0,152.340537876653,1527.0,152.380537876653,1944.0,152.390537876653,1377.0,152.400537876653,1982.0
2026-03-01 09:36:43.600,AAPL,152.37933620704425,775.0,152.36933620704423,1690.0,152.35933620704424,747.0,152.39933620704423,333.0,152.40933620704425,275.0,152.41933620704424,276.0
2026-03-01 09:36:43.700,AAPL,152.30920201034948,849.0,152.29920201034946,1519.0,152.28920201034947,1623.0,152.32920201034946,1903.0,152.33920201034948,1942.0,152.34920201034947,1342.0
2026-03-01 09:36:43.800,AAPL,152.3563635239525,334.0,152.34636352395248,1653.0,152.33636352395249,1715.0,152.37636352395248,1171.0,152.3863635239525,467.0,152.3963635239525,272.0
2026-03-01 09:36:43.900,AAPL,152.32730484426878,672.0,152.31730484426876,1142.0,152.30730484426877,1585.0,152.34730484426876,667.0,152.35730484426878,1877.0,152.36730484426877,1758.0
2026-03-01 09:36:44.000,AAPL,152.27517216515395,1787.0,152.26517216515393,1996.0,152.25517216515394,983.0,152.29517216515393,1682.0,152.30517216515395,990.0,152.31517216515394,351.0
2026-03-01 09:36:44.100,AAPL,152.35748146560957,1762.0,152.34748146560955,1738.0,152.33748146560956,1007.0,152.37748146560955,292.0,152.38748146560957,1671.0,152.39748146560956,1999.0
2026-03-01 09:36:44.200,AAPL,152.39236254173122,684.0,152.3823625417312,1537.0,152.3723625417312,854.0,152.4123625417312,355.0,152.42236254173122,883.0,152.4323625417312,894.0
2026-03-01 09:36:44.300,AAPL,152.4412173276758,628.0,152.43121732767577,389.0,152.42121732767578,1260.0,152.46121732767577,1817.0,152.4712173276758,827.0,152.48121732767578,1429.0
2026-03-01 09:36:44.400,AAPL,152.46394213682115,516.0,152.45394213682113,1899.0,152.44394213682114,1774.0,152.48394213682113,704.0,152.49394213682115,1592.0,152.50394213682114,1827.0
2026-03-01 09:36:44.500,AAPL,152.45928459702597,506.0,152.44928459702595,138.0,152.43928459702596,1100.0,152.47928459702595,788.0,152.48928459702597,1750.0,152.49928459702596,311.0
2026-03-01 09:36:44.600,AAPL,152.44530439662316,720.0,152.43530439662314,146.0,152.42530439662315,1389.0,152.46530439662314,303.0,152.47530439662316,1016.0,152.48530439662315,1786.0
2026-03-01 09:36:44.700,AAPL,152.48425990589598,536.0,152.47425990589596,776.0,152.46425990589597,1535.0,152.50425990589596,1336.0,152.51425990589598,849.0,152.52425990589597,1530.0
2026-03-01 09:36:44.800,AAPL,152.5408858580079,294.0,152.53088585800788,1634.0,152.5208858580079,1932.0,152.56088585800788,1486.0,152.5708858580079,228.0,152.5808858580079,817.0
2026-03-01 09:36:44.900,AAPL,152.53747667061162,603.0,152.5274766706116,1174.0,152.51747667061161,103.0,152.5574766706116,1051.0,152.56747667061163,733.0,152.57747667061162,521.0
2026-03-01 09:36:45.000,AAPL,152.64110381384666,909.0,152.63110381384664,887.0,152.62110381384664,1065.0,152.66110381384664,1203.0,152.67110381384666,567.0,152.68110381384665,1901.0
2026-03-01 09:36:45.100,AAPL,152.6312378863611,1416.0,152.6212378863611,1941.0,152.6112378863611,1553.0,152.6512378863611,447.0,152.6612378863611,1166.0,152.6712378863611,632.0
2026-03-01 09:36:45.200,AAPL,152.5615374641166,755.0,152.5515374641166,1622.0,152.5415374641166,1490.0,152.5815374641166,1210.0,152.5915374641166,1285.0,152.6015374641166,626.0
2026-03-01 09:36:45.300,AAPL,152.4754613270669,548.0,152.4654613270669,429.0,152.4554613270669,818.0,152.4954613270669,838.0,152.5054613270669,1174.0,152.5154613270669,1121.0
2026-03-01 09:36:45.400,AAPL,152.39107255867296,1058.0,152.38107255867294,1482.0,152.37107255867295,157.0,152.41107255867294,1315.0,152.42107255867296,515.0,152.43107255867295,1815.0
2026-03-01 09:36:45.500,AAPL,152.37038196904433,1641.0,152.3603819690443,183.0,152.35038196904432,1709.0,152.3903819690443,1353.0,152.40038196904433,1809.0,152.41038196904432,1471.0
2026-03-01 09:36:45.600,AAPL,152.3587810679887,130.0,152.34878106798868,106.0,152.3387810679887,461.0,152.37878106798868,1680.0,152.3887810679887,846.0,152.3987810679887,1793.0
2026-03-01 09:36:45.700,AAPL,152.39291104987268,1606.0,152.38291104987266,1019.0,152.37291104987267,181.0,152.41291104987266,973.0,152.42291104987268,396.0,152.43291104987267,1596.0
2026-03-01 09:36:45.800,AAPL,152.39148064811,1746.0,152.38148064810997,597.0,152.37148064810998,579.0,152.41148064810997,1883.0,152.42148064811,257.0,152.43148064810998,906.0
2026-03-01 09:36:45.900,AAPL,152.4336491998417,1678.0,152.4236491998417,1054.0,152.4136491998417,1767.0,152.4536491998417,565.0,152.4636491998417,1223.0,152.4736491998417,1482.0
2026-03-01 09:36:46.000,AAPL,152.43589384147285,787.0,152.42589384147283,327.0,152.41589384147284,260.0,152.45589384147283,1114.0,152.46589384147285,1645.0,152.47589384147284,1725.0
2026-03-01 09:36:46.100,AAPL,152.4365699127792,126.0,152.42656991277917,1713.0,152.41656991277918,545.0,152.45656991277917,807.0,152.4665699127792,881.0,152.47656991277918,926.0
2026-03-01 09:36:46.200,AAPL,152.40769416907875,1186.0,152.39769416907873,1260.0,152.38769416907874,1636.0,152.42769416907873,743.0,152.43769416907875,1037.0,152.44769416907874,1874.0
2026-03-01 09:36:46.300,AAPL,152.47882359209865,1610.0,152.46882359209863,1839.0,152.45882359209864,1084.0,152.49882359209863,112.0,152.50882359209865,1399.0,152.51882359209864,1269.0
2026-03-01 09:36:46.400,AAPL,152.40224937726975,1460.0,152.39224937726974,1580.0,152.38224937726974,1574.0,152.42224937726974,1231.0,152.43224937726976,299.0,152.44224937726975,477.0
2026-03-01 09:36:46.500,AAPL,152.41731489180546,1198.0,152.40731489180544,400.0,152.39731489180545,1304.0,152.43731489180544,448.0,152.44731489180546,521.0,152.45731489180545,1192.0
2026-03-01 09:36:46.600,AAPL,152.408232368718,527.0,152.39823236871797,397.0,152.38823236871798,1600.0,152.42823236871797,177.0,152.438232368718,351.0,152.44823236871798,1131.0
2026-03-01 09:36:46.700,AAPL,152.44732009859322,595.0,152.4373200985932,1480.0,152.4273200985932,126.0,152.4673200985932,1541.0,152.47732009859322,1296.0,152.48732009859322,220.0
2026-03-01 09:36:46.800,AAPL,152.44627862853542,671.0,152.4362786285354,311.0,152.4262786285354,319.0,152.4662786285354,1695.0,152.47627862853543,1131.0,152.48627862853542,178.0
2026-03-01 09:36:46.900,AAPL,152.44671081381622,1252.0,152.4367108138162,1670.0,152.42671081381621,1369.0,152.4667108138162,547.0,152.47671081381623,1181.0,152.48671081381622,1903.0
2026-03-01 09:36:47.000,AAPL,152.43337883270073,780.0,152.4233788327007,1598.0,152.41337883270072,1905.0,152.4533788327007,1929.0,152.46337883270073,1997.0,152.47337883270072,1593.0
2026-03-01 09:36:47.100,AAPL,152.50304165290734,688.0,152.49304165290732,1968.0,152.48304165290733,1283.0,152.52304165290732,1733.0,152.53304165290734,346.0,152.54304165290733,1428.0
2026-03-01 09:36:47.200,AAPL,152.50316194716035,316.0,152.49316194716033,1138.0,152.48316194716034,1627.0,152.52316194716033,1188.0,152.53316194716035,1609.0,152.54316194716034,1206.0
2026-03-01 09:36:47.300,AAPL,152.601644507741,1975.0,152.591644507741,1666.0,152.581644507741,767.0,152.621644507741,1114.0,152.63164450774102,1570.0,152.641644507741,1380.0
2026-03-01 09:36:47.400,AAPL,152.6152568618224,1512.0,152.60525686182237,1996.0,152.59525686182238,1551.0,152.63525686182237,1903.0,152.6452568618224,1600.0,152.65525686182238,1578.0
2026-03-01 09:36:47.500,AAPL,152.61634485386227,1126.0,152.60634485386225,521.0,152.59634485386226,1108.0,152.63634485386225,256.0,152.64634485386227,1906.0,152.65634485386227,1148.0
2026-03-01 09:36:47.600,AAPL,152.60907850586955,1793.0,152.59907850586953,1483.0,152.58907850586954,1664.0,152.62907850586953,568.0,152.63907850586955,1699.0,152.64907850586954,1493.0
2026-03-01 09:36:47.700,AAPL,152.6372908508538,1557.0,152.62729085085377,572.0,152.61729085085378,1371.0,152.65729085085377,399.0,152.6672908508538,1471.0,152.67729085085378,717.0
2026-03-01 09:36:47.800,AAPL,152.60787118220844,379.0,152.59787118220842,141.0,152.58787118220843,1884.0,152.62787118220842,986.0,152.63787118220844,802.0,152.64787118220843,1676.0
2026-03-01 09:36:47.900,AAPL,152.61515830216038,158.0,152.60515830216036,722.0,152.59515830216037,295.0,152.63515830216036,242.0,152.64515830216038,233.0,152.65515830216037,776.0
2026-03-01 09:36:48.000,AAPL,152.61556515286577,1516.0,152.60556515286575,1521.0,152.59556515286576,131.0,152.63556515286575,1836.0,152.64556515286577,681.0,152.65556515286576,1824.0
2026-03-01 09:36:48.100,AAPL,152.63182753782905,823.0,152.62182753782903,312.0,152.61182753782904,1940.0,152.65182753782904,1219.0,152.66182753782905,1710.0,152.67182753782905,1235.0
2026-03-01 09:36:48.200,AAPL,152.64932905414213,1344.0,152.6393290541421,1964.0,152.62932905414212,1682.0,152.6693290541421,1877.0,152.67932905414213,1764.0,152.68932905414212,1977.0
2026-03-01 09:36:48.300,AAPL,152.66942879815133,127.0,152.6594287981513,354.0,152.64942879815132,1651.0,152.6894287981513,781.0,152.69942879815133,1860.0,152.70942879815132,1787.0
2026-03-01 09:36:48.400,AAPL,152.67417403546,1138.0,152.66417403545998,422.0,152.65417403546,1305.0,152.69417403545998,1678.0,152.70417403546,442.0,152.71417403546,1161.0
2026-03-01 09:36:48.500,AAPL,152.75262121007745,1224.0,152.74262121007743,730.0,152.73262121007744,559.0,152.77262121007743,602.0,152.78262121007745,1334.0,152.79262121007744,192.0
2026-03-01 09:36:48.600,AAPL,152.77374965088657,1568.0,152.76374965088655,288.0,152.75374965088656,993.0,152.79374965088655,1618.0,152.80374965088657,1962.0,152.81374965088656,190.0
2026-03-01 09:36:48.700,AAPL,152.90404896530455,1700.0,152.89404896530453,333.0,152.88404896530454,836.0,152.92404896530454,557.0,152.93404896530456,1169.0,152.94404896530455,1705.0
2026-03-01 09:36:48.800,AAPL,152.90654153573286,1992.0,152.89654153573284,900.0,152.88654153573285,244.0,152.92654153573284,314.0,152.93654153573286,1370.0,152.94654153573285,1545.0
2026-03-01 09:36:48.900,AAPL,152.9544872003556,817.0,152.94448720035558,706.0,152.9344872003556,1366.0,152.97448720035558,1682.0,152.9844872003556,1972.0,152.9944872003556,1819.0
2026-03-01 09:36:49.000,AAPL,152.91818473993686,686.0,152.90818473993684,1710.0,152.89818473993685,1454.0,152.93818473993684,1196.0,152.94818473993686,1500.0,152.95818473993685,1588.0
2026-03-01 09:36:49.100,AAPL,152.98822420270244,484.0,152.97822420270242,1042.0,152.96822420270243,1428.0,153.00822420270242,1572.0,153.01822420270244,1361.0,153.02822420270243,609.0
2026-03-01 09:36:49.200,AAPL,152.95301000586372,723.0,152.9430100058637,503.0,152.9330100058637,515.0,152.9730100058637,459.0,152.98301000586372,1953.0,152.9930100058637,460.0
2026-03-01 09:36:49.300,AAPL,152.9758039067615,1434.0,152.9658039067615,688.0,152.9558039067615,1670.0,152.9958039067615,1798.0,153.0058039067615,761.0,153.0158039067615,1026.0
2026-03-01 09:36:49.400,AAPL,152.9625825466833,255.0,152.9525825466833,1996.0,152.9425825466833,192.0,152.9825825466833,1144.0,152.9925825466833,609.0,153.0025825466833,517.0
2026-03-01 09:36:49.500,AAPL,152.98518293653916,1764.0,152.97518293653914,717.0,152.96518293653915,262.0,153.00518293653914,1948.0,153.01518293653916,417.0,153.02518293653915,1891.0
2026-03-01 09:36:49.600,AAPL,152.97344312469556,309.0,152.96344312469554,1508.0,152.95344312469555,999.0,152.99344312469555,524.0,153.00344312469556,1308.0,153.01344312469556,1638.0
2026-03-01 09:36:49.700,AAPL,152.93398047999952,113.0,152.9239804799995,787.0,152.9139804799995,285.0,152.9539804799995,1991.0,152.96398047999952,163.0,152.9739804799995,709.0
2026-03-01 09:36:49.800,AAPL,152.92040086550963,708.0,152.91040086550962,1303.0,152.90040086550962,1713.0,152.94040086550962,328.0,152.95040086550964,1785.0,152.96040086550963,1162.0
2026-03-01 09:36:49.900,AAPL,152.9974798717167,1025.0,152.9874798717167,1816.0,152.9774798717167,1330.0,153.0174798717167,546.0,153.0274798717167,654.0,153.0374798717167,499.0
2026-03-01 09:36:50.000,AAPL,153.02084368514195,1903.0,153.01084368514194,1030.0,153.00084368514194,1636.0,153.04084368514194,1712.0,153.05084368514196,1010.0,153.06084368514195,120.0
2026-03-01 09:36:50.100,AAPL,152.956401183648,566.0,152.946401183648,604.0,152.936401183648,1491.0,152.976401183648,917.0,152.986401183648,1390.0,152.996401183648,1719.0
2026-03-01 09:36:50.200,AAPL,153.01117031871001,1798.0,153.00117031871,1097.0,152.99117031871,1540.0,153.03117031871,1496.0,153.04117031871002,814.0,153.05117031871,1889.0
2026-03-01 09:36:50.300,AAPL,152.96659460969366,1132.0,152.95659460969364,1392.0,152.94659460969365,1342.0,152.98659460969364,1969.0,152.99659460969366,835.0,153.00659460969365,753.0
2026-03-01 09:36:50.400,AAPL,153.00376257409656,828.0,152.99376257409654,618.0,152.98376257409654,1945.0,153.02376257409654,818.0,153.03376257409656,769.0,153.04376257409655,842.0
2026-03-01 09:36:50.500,AAPL,153.03142083147634,1348.0,153.02142083147632,1193.0,153.01142083147633,374.0,153.05142083147632,1851.0,153.06142083147634,1876.0,153.07142083147633,1587.0
2026-03-01 09:36:50.600,AAPL,153.06223635478892,1495.0,153.0522363547889,840.0,153.0422363547889,781.0,153.0822363547889,958.0,153.09223635478892,1947.0,153.10223635478891,1827.0
2026-03-01 09:36:50.700,AAPL,153.15489581309734,940.0,153.14489581309732,724.0,153.13489581309733,896.0,153.17489581309732,1045.0,153.18489581309734,1321.0,153.19489581309733,1786.0
2026-03-01 09:36:50.800,AAPL,153.11346376685222,452.0,153.1034637668522,1337.0,153.0934637668522,1996.0,153.1334637668522,257.0,153.14346376685222,620.0,153.1534637668522,1911.0
2026-03-01 09:36:50.900,AAPL,153.14400350564657,732.0,153.13400350564655,1908.0,153.12400350564656,874.0,153.16400350564655,1538.0,153.17400350564657,648.0,153.18400350564656,1337.0
2026-03-01 09:36:51.000,AAPL,153.2069829362682,360.0,153.19698293626817,176.0,153.18698293626818,1931.0,153.22698293626817,470.0,153.2369829362682,128.0,153.24698293626818,1524.0
2026-03-01 09:36:51.100,AAPL,153.17481585118693,1144.0,153.16481585118692,1329.0,153.15481585118692,1370.0,153.19481585118692,1577.0,153.20481585118694,545.0,153.21481585118693,315.0
2026-03-01 09:36:51.200,AAPL,153.13752817216118,711.0,153.12752817216116,831.0,153.11752817216117,339.0,153.15752817216116,422.0,153.16752817216118,293.0,153.17752817216117,697.0
2026-03-01 09:36:51.300,AAPL,153.12316879522257,910.0,153.11316879522255,1043.0,153.10316879522256,796.0,153.14316879522255,1141.0,153.15316879522257,450.0,153.16316879522256,242.0
2026-03-01 09:36:51.400,AAPL,153.13940544701367,458.0,153.12940544701365,901.0,153.11940544701366,1206.0,153.15940544701365,1196.0,153.16940544701367,604.0,153.17940544701366,1585.0
2026-03-01 09:36:51.500,AAPL,153.06888163331564,1717.0,153.05888163331562,1435.0,153.04888163331563,1843.0,153.08888163331562,934.0,153.09888163331564,235.0,153.10888163331563,125.0
2026-03-01 09:36:51.600,AAPL,153.09645173285855,215.0,153.08645173285854,1887.0,153.07645173285854,874.0,153.11645173285854,125.0,153.12645173285856,1386.0,153.13645173285855,1878.0
2026-03-01 09:36:51.700,AAPL,153.02603239577127,751.0,153.01603239577125,974.0,153.00603239577126,506.0,153.04603239577125,1209.0,153.05603239577127,288.0,153.06603239577126,1651.0
2026-03-01 09:36:51.800,AAPL,153.09069893706163,614.0,153.0806989370616,428.0,153.07069893706162,878.0,153.1106989370616,1559.0,153.12069893706163,711.0,153.13069893706162,951.0
2026-03-01 09:36:51.900,AAPL,153.11638727846614,1047.0,153.10638727846612,1255.0,153.09638727846612,1723.0,153.13638727846612,296.0,153.14638727846614,312.0,153.15638727846613,929.0
2026-03-01 09:36:52.000,AAPL,153.21204427207292,921.0,153.2020442720729,875.0,153.1920442720729,271.0,153.2320442720729,1421.0,153.24204427207292,420.0,153.2520442720729,1250.0
2026-03-01 09:36:52.100,AAPL,153.24548346010337,1790.0,153.23548346010335,943.0,153.22548346010336,601.0,153.26548346010335,1291.0,153.27548346010337,1396.0,153.28548346010336,960.0
2026-03-01 09:36:52.200,AAPL,153.23024543754732,521.0,153.2202454375473,317.0,153.21024543754731,1996.0,153.2502454375473,1658.0,153.26024543754733,1349.0,153.27024543754732,1265.0
2026-03-01 09:36:52.300,AAPL,153.19031158078644,1164.0,153.18031158078642,359.0,153.17031158078643,1259.0,153.21031158078642,1019.0,153.22031158078644,1683.0,153.23031158078643,976.0
2026-03-01 09:36:52.400,AAPL,153.20225613369035,1631.0,153.19225613369034,335.0,153.18225613369034,1691.0,153.22225613369034,1157.0,153.23225613369036,1213.0,153.24225613369035,1738.0
2026-03-01 09:36:52.500,AAPL,153.20074360426645,288.0,153.19074360426643,1658.0,153.18074360426644,1540.0,153.22074360426643,301.0,153.23074360426645,1675.0,153.24074360426644,1266.0
2026-03-01 09:36:52.600,AAPL,153.2600505560103,1160.0,153.25005055601028,283.0,153.2400505560103,935.0,153.28005055601028,445.0,153.2900505560103,1863.0,153.3000505560103,305.0
2026-03-01 09:36:52.700,AAPL,153.21361961519256,1526.0,153.20361961519254,1155.0,153.19361961519255,466.0,153.23361961519254,286.0,153.24361961519256,1444.0,153.25361961519255,1841.0
2026-03-01 09:36:52.800,AAPL,153.31466471521563,1001.0,153.3046647152156,588.0,153.29466471521562,131.0,153.3346647152156,1326.0,153.34466471521563,1624.0,153.35466471521562,311.0
2026-03-01 09:36:52.900,AAPL,153.37840356230137,691.0,153.36840356230135,515.0,153.35840356230136,1455.0,153.39840356230135,1245.0,153.40840356230137,228.0,153.41840356230136,689.0
2026-03-01 09:36:53.000,AAPL,153.3682273807885,513.0,153.3582273807885,598.0,153.3482273807885,859.0,153.3882273807885,1871.0,153.3982273807885,1246.0,153.4082273807885,1020.0
2026-03-01 09:36:53.100,AAPL,153.4581184256704,110.0,153.44811842567037,1036.0,153.43811842567038,1513.0,153.47811842567037,1395.0,153.4881184256704,309.0,153.49811842567038,158.0
2026-03-01 09:36:53.200,AAPL,153.41896202091752,259.0,153.4089620209175,1197.0,153.3989620209175,1849.0,153.4389620209175,322.0,153.44896202091752,1882.0,153.4589620209175,1055.0
2026-03-01 09:36:53.300,AAPL,153.42924151041328,1438.0,153.41924151041326,861.0,153.40924151041327,1459.0,153.44924151041326,750.0,153.45924151041328,1997.0,153.46924151041327,1283.0
2026-03-01 09:36:53.400,AAPL,153.3654179578348,561.0,153.3554179578348,1916.0,153.3454179578348,1498.0,153.3854179578348,768.0,153.3954179578348,1904.0,153.4054179578348,1470.0
2026-03-01 09:36:53.500,AAPL,153.45774642064987,325.0,153.44774642064985,887.0,153.43774642064986,892.0,153.47774642064985,389.0,153.48774642064987,1356.0,153.49774642064986,1386.0
2026-03-01 09:36:53.600,AAPL,153.37537707999581,1108.0,153.3653770799958,352.0,153.3553770799958,760.0,153.3953770799958,1980.0,153.40537707999582,626.0,153.4153770799958,197.0
2026-03-01 09:36:53.700,AAPL,153.30335499518273,234.0,153.2933549951827,1878.0,153.28335499518272,494.0,153.3233549951827,749.0,153.33335499518273,502.0,153.34335499518272,426.0
2026-03-01 09:36:53.800,AAPL,153.27161933982967,1157.0,153.26161933982965,705.0,153.25161933982966,904.0,153.29161933982965,1232.0,153.30161933982967,984.0,153.31161933982966,1559.0
2026-03-01 09:36:53.900,AAPL,153.33773552356348,296.0,153.32773552356346,1794.0,153.31773552356347,1421.0,153.35773552356346,1085.0,153.36773552356348,1171.0,153.37773552356347,326.0
2026-03-01 09:36:54.000,AAPL,153.3854777678674,1828.0,153.37547776786738,1456.0,153.3654777678674,603.0,153.40547776786738,540.0,153.4154777678674,1268.0,153.4254777678674,1350.0
2026-03-01 09:36:54.100,AAPL,153.39158029927887,163.0,153.38158029927885,1595.0,153.37158029927886,652.0,153.41158029927885,1227.0,153.42158029927887,146.0,153.43158029927886,676.0
2026-03-01 09:36:54.200,AAPL,153.44252660983724,1589.0,153.43252660983723,1621.0,153.42252660983723,160.0,153.46252660983723,162.0,153.47252660983725,1184.0,153.48252660983724,247.0
2026-03-01 09:36:54.300,AAPL,153.43675592360168,1503.0,153.42675592360166,972.0,153.41675592360167,1907.0,153.45675592360166,884.0,153.46675592360168,1026.0,153.47675592360167,1425.0
2026-03-01 09:36:54.400,AAPL,153.45787736256509,1679.0,153.44787736256507,520.0,153.43787736256508,621.0,153.47787736256507,1958.0,153.4878773625651,1840.0,153.49787736256508,1288.0
2026-03-01 09:36:54.500,AAPL,153.54046366634788,1786.0,153.53046366634786,1017.0,153.52046366634787,1934.0,153.56046366634786,1923.0,153.57046366634788,1599.0,153.58046366634787,1896.0
2026-03-01 09:36:54.600,AAPL,153.52813272268767,354.0,153.51813272268765,471.0,153.50813272268766,1746.0,153.54813272268765,1045.0,153.55813272268767,783.0,153.56813272268766,1857.0
2026-03-01 09:36:54.700,AAPL,153.4898140916491,616.0,153.47981409164908,1261.0,153.46981409164908,776.0,153.50981409164908,821.0,153.5198140916491,1333.0,153.5298140916491,1262.0
2026-03-01 09:36:54.800,AAPL,153.51333267736544,278.0,153.50333267736542,224.0,153.49333267736543,203.0,153.53333267736542,269.0,153.54333267736544,223.0,153.55333267736543,1401.0
2026-03-01 09:36:54.900,AAPL,153.55034639274,134.0,153.54034639274,1624.0,153.53034639274,1352.0,153.57034639274,1876.0,153.58034639274,219.0,153.59034639274,1501.0
2026-03-01 09:36:55.000,AAPL,153.5558687795973,1243.0,153.54586877959727,678.0,153.53586877959728,965.0,153.57586877959727,1516.0,153.5858687795973,1005.0,153.59586877959728,1471.0
2026-03-01 09:36:55.100,AAPL,153.60603784528257,777.0,153.59603784528255,115.0,153.58603784528256,1768.0,153.62603784528255,228.0,153.63603784528257,1770.0,153.64603784528256,160.0
2026-03-01 09:36:55.200,AAPL,153.5959748884709,1491.0,153.58597488847087,1139.0,153.57597488847088,1222.0,153.61597488847087,262.0,153.6259748884709,1791.0,153.63597488847088,1571.0
2026-03-01 09:36:55.300,AAPL,153.60235218895008,497.0,153.59235218895006,521.0,153.58235218895007,883.0,153.62235218895006,1415.0,153.63235218895008,852.0,153.64235218895007,275.0
2026-03-01 09:36:55.400,AAPL,153.62108093307825,487.0,153.61108093307823,872.0,153.60108093307824,1575.0,153.64108093307823,568.0,153.65108093307825,1713.0,153.66108093307824,1211.0
2026-03-01 09:36:55.500,AAPL,153.63544898498014,1648.0,153.62544898498012,1218.0,153.61544898498013,254.0,153.65544898498013,1702.0,153.66544898498015,1312.0,153.67544898498014,472.0
2026-03-01 09:36:55.600,AAPL,153.71611256644456,568.0,153.70611256644455,324.0,153.69611256644455,1351.0,153.73611256644455,716.0,153.74611256644457,1349.0,153.75611256644456,154.0
2026-03-01 09:36:55.700,AAPL,153.73459037894457,567.0,153.72459037894455,1713.0,153.71459037894456,426.0,153.75459037894456,777.0,153.76459037894458,1091.0,153.77459037894457,1442.0
2026-03-01 09:36:55.800,AAPL,153.7193952721985,649.0,153.7093952721985,1358.0,153.6993952721985,234.0,153.7393952721985,1761.0,153.7493952721985,1264.0,153.7593952721985,762.0
2026-03-01 09:36:55.900,AAPL,153.74579435727307,1491.0,153.73579435727305,842.0,153.72579435727306,1275.0,153.76579435727305,1988.0,153.77579435727307,1341.0,153.78579435727306,1327.0
2026-03-01 09:36:56.000,AAPL,153.79623689928658,135.0,153.78623689928656,1906.0,153.77623689928657,972.0,153.81623689928657,1620.0,153.82623689928658,765.0,153.83623689928658,1820.0
2026-03-01 09:36:56.100,AAPL,153.83494867136253,531.0,153.8249486713625,611.0,153.81494867136252,1379.0,153.8549486713625,1283.0,153.86494867136253,1250.0,153.87494867136252,1559.0
2026-03-01 09:36:56.200,AAPL,153.87088904992066,305.0,153.86088904992064,1701.0,153.85088904992065,542.0,153.89088904992064,806.0,153.90088904992066,410.0,153.91088904992066,1393.0
2026-03-01 09:36:56.300,AAPL,153.79598654274497,946.0,153.78598654274495,738.0,153.77598654274496,1481.0,153.81598654274495,1414.0,153.82598654274497,1780.0,153.83598654274496,916.0
2026-03-01 09:36:56.400,AAPL,153.67136091190295,109.0,153.66136091190293,1722.0,153.65136091190294,562.0,153.69136091190293,568.0,153.70136091190295,1960.0,153.71136091190294,1748.0
2026-03-01 09:36:56.500,AAPL,153.73512413883398,834.0,153.72512413883396,920.0,153.71512413883397,1012.0,153.75512413883396,448.0,153.76512413883398,1338.0,153.77512413883397,229.0
2026-03-01 09:36:56.600,AAPL,153.75706701114427,495.0,153.74706701114425,184.0,153.73706701114426,1010.0,153.77706701114425,1528.0,153.78706701114427,688.0,153.79706701114426,1798.0
2026-03-01 09:36:56.700,AAPL,153.75598814031352,1056.0,153.7459881403135,559.0,153.7359881403135,917.0,153.7759881403135,1926.0,153.78598814031352,1052.0,153.7959881403135,1430.0
2026-03-01 09:36:56.800,AAPL,153.79070379170253,1168.0,153.7807037917025,948.0,153.77070379170252,326.0,153.8107037917025,1963.0,153.82070379170253,1486.0,153.83070379170252,777.0
2026-03-01 09:36:56.900,AAPL,153.88706928848583,1807.0,153.8770692884858,181.0,153.86706928848582,1806.0,153.90706928848581,557.0,153.91706928848583,1065.0,153.92706928848582,582.0
2026-03-01 09:36:57.000,AAPL,153.95774584677815,1414.0,153.94774584677813,1503.0,153.93774584677814,185.0,153.97774584677813,1894.0,153.98774584677815,1105.0,153.99774584677814,407.0
2026-03-01 09:36:57.100,AAPL,154.00585687541823,717.0,153.9958568754182,1272.0,153.98585687541822,1561.0,154.0258568754182,1348.0,154.03585687541823,646.0,154.04585687541822,1304.0
2026-03-01 09:36:57.200,AAPL,153.9615205937766,822.0,153.9515205937766,1646.0,153.9415205937766,582.0,153.9815205937766,1885.0,153.9915205937766,655.0,154.0015205937766,1087.0
2026-03-01 09:36:57.300,AAPL,153.92368105362812,580.0,153.9136810536281,864.0,153.9036810536281,537.0,153.9436810536281,114.0,153.95368105362812,655.0,153.9636810536281,798.0
2026-03-01 09:36:57.400,AAPL,153.80436081955975,1968.0,153.79436081955973,1382.0,153.78436081955974,1818.0,153.82436081955973,1093.0,153.83436081955975,807.0,153.84436081955974,795.0
2026-03-01 09:36:57.500,AAPL,153.83603649325397,971.0,153.82603649325395,318.0,153.81603649325396,1812.0,153.85603649325395,1452.0,153.86603649325397,766.0,153.87603649325396,1231.0
2026-03-01 09:36:57.600,AAPL,153.89146785312704,750.0,153.88146785312702,1607.0,153.87146785312703,1533.0,153.91146785312702,785.0,153.92146785312704,1103.0,153.93146785312703,606.0
2026-03-01 09:36:57.700,AAPL,153.9509767554366,1941.0,153.9409767554366,798.0,153.9309767554366,315.0,153.9709767554366,956.0,153.98097675543661,891.0,153.9909767554366,970.0
2026-03-01 09:36:57.800,AAPL,153.98474827900046,1375.0,153.97474827900044,1910.0,153.96474827900045,286.0,154.00474827900044,267.0,154.01474827900046,1706.0,154.02474827900045,741.0
2026-03-01 09:36:57.900,AAPL,153.9770449360891,306.0,153.96704493608908,1360.0,153.9570449360891,1094.0,153.99704493608908,1966.0,154.0070449360891,114.0,154.0170449360891,950.0
2026-03-01 09:36:58.000,AAPL,153.94883106299358,1199.0,153.93883106299356,1236.0,153.92883106299357,1108.0,153.96883106299356,438.0,153.97883106299358,1513.0,153.98883106299357,804.0
2026-03-01 09:36:58.100,AAPL,153.90756282318904,1381.0,153.89756282318902,474.0,153.88756282318903,808.0,153.92756282318902,1639.0,153.93756282318904,729.0,153.94756282318903,1782.0
2026-03-01 09:36:58.200,AAPL,153.8993915807308,1358.0,153.88939158073077,951.0,153.87939158073078,1024.0,153.91939158073077,1978.0,153.9293915807308,1863.0,153.93939158073078,1714.0
2026-03-01 09:36:58.300,AAPL,153.85050026803597,1776.0,153.84050026803595,1753.0,153.83050026803596,804.0,153.87050026803595,315.0,153.88050026803597,334.0,153.89050026803596,259.0
2026-03-01 09:36:58.400,AAPL,153.93829797128637,702.0,153.92829797128636,1856.0,153.91829797128636,936.0,153.95829797128636,1357.0,153.96829797128638,1219.0,153.97829797128637,679.0
2026-03-01 09:36:58.500,AAPL,153.8731793936331,1451.0,153.8631793936331,947.0,153.8531793936331,1329.0,153.8931793936331,937.0,153.9031793936331,620.0,153.9131793936331,965.0
2026-03-01 09:36:58.600,AAPL,153.86332672978864,775.0,153.85332672978862,1781.0,153.84332672978863,680.0,153.88332672978862,629.0,153.89332672978864,656.0,153.90332672978863,668.0
2026-03-01 09:36:58.700,AAPL,153.7665158091171,817.0,153.75651580911708,1107.0,153.74651580911708,861.0,153.78651580911708,336.0,153.7965158091171,1810.0,153.8065158091171,1981.0
2026-03-01 09:36:58.800,AAPL,153.781343552182,366.0,153.77134355218197,447.0,153.76134355218198,1087.0,153.80134355218198,747.0,153.811343552182,1765.0,153.821343552182,1302.0
2026-03-01 09:36:58.900,AAPL,153.78122436669415,666.0,153.77122436669413,363.0,153.76122436669414,110.0,153.80122436669413,1927.0,153.81122436669415,1767.0,153.82122436669414,1521.0
2026-03-01 09:36:59.000,AAPL,153.76338484901217,1491.0,153.75338484901215,1702.0,153.74338484901216,1074.0,153.78338484901215,1787.0,153.79338484901217,1442.0,153.80338484901216,306.0
2026-03-01 09:36:59.100,AAPL,153.71674568571066,560.0,153.70674568571064,1617.0,153.69674568571065,1670.0,153.73674568571064,1168.0,153.74674568571066,1661.0,153.75674568571065,1932.0
2026-03-01 09:36:59.200,AAPL,153.71686877749005,251.0,153.70686877749003,262.0,153.69686877749004,1686.0,153.73686877749003,1694.0,153.74686877749005,1832.0,153.75686877749004,1118.0
2026-03-01 09:36:59.300,AAPL,153.68964573298933,1142.0,153.67964573298931,767.0,153.66964573298932,1743.0,153.70964573298932,885.0,153.71964573298933,687.0,153.72964573298933,1101.0
2026-03-01 09:36:59.400,AAPL,153.68280233852101,951.0,153.672802338521,202.0,153.662802338521,110.0,153.702802338521,256.0,153.71280233852102,1356.0,153.722802338521,1230.0
2026-03-01 09:36:59.500,AAPL,153.7806738386169,658.0,153.7706738386169,1050.0,153.7606738386169,1211.0,153.8006738386169,176.0,153.8106738386169,1605.0,153.8206738386169,1612.0
2026-03-01 09:36:59.600,AAPL,153.78928269941153,722.0,153.7792826994115,1407.0,153.76928269941152,1812.0,153.8092826994115,1338.0,153.81928269941153,1971.0,153.82928269941152,1050.0
2026-03-01 09:36:59.700,AAPL,153.81592605981024,1600.0,153.80592605981022,284.0,153.79592605981023,1057.0,153.83592605981022,1927.0,153.84592605981024,1400.0,153.85592605981023,1716.0
2026-03-01 09:36:59.800,AAPL,153.7927028210262,1810.0,153.7827028210262,244.0,153.7727028210262,1880.0,153.8127028210262,568.0,153.8227028210262,868.0,153.8327028210262,1135.0
2026-03-01 09:36:59.900,AAPL,153.7534810455425,1390.0,153.74348104554247,1518.0,153.73348104554248,1199.0,153.77348104554247,1919.0,153.7834810455425,1475.0,153.79348104554248,569.0
2026-03-01 09:37:00.000,AAPL,153.75233315987003,663.0,153.74233315987001,1779.0,153.73233315987002,1092.0,153.77233315987002,589.0,153.78233315987003,864.0,153.79233315987003,457.0
2026-03-01 09:37:00.100,AAPL,153.87752946011264,1900.0,153.86752946011262,174.0,153.85752946011263,721.0,153.89752946011262,239.0,153.90752946011264,433.0,153.91752946011263,1096.0
2026-03-01 09:37:00.200,AAPL,153.86315807536795,1726.0,153.85315807536793,311.0,153.84315807536794,727.0,153.88315807536793,283.0,153.89315807536795,555.0,153.90315807536794,852.0
2026-03-01 09:37:00.300,AAPL,153.8812299655362,487.0,153.87122996553617,1206.0,153.86122996553618,1744.0,153.90122996553617,1454.0,153.9112299655362,226.0,153.92122996553618,748.0
2026-03-01 09:37:00.400,AAPL,153.83981003978167,882.0,153.82981003978165,961.0,153.81981003978166,1879.0,153.85981003978165,1935.0,153.86981003978167,1820.0,153.87981003978166,1145.0
2026-03-01 09:37:00.500,AAPL,153.70204643786158,597.0,153.69204643786156,1612.0,153.68204643786157,150.0,153.72204643786156,917.0,153.73204643786158,1637.0,153.74204643786157,1969.0
2026-03-01 09:37:00.600,AAPL,153.662554871265,1172.0,153.65255487126498,504.0,153.642554871265,350.0,153.68255487126498,1864.0,153.692554871265,1511.0,153.702554871265,598.0
2026-03-01 09:37:00.700,AAPL,153.7815903476327,281.0,153.77159034763267,1257.0,153.76159034763268,1248.0,153.80159034763267,595.0,153.8115903476327,382.0,153.82159034763268,1930.0
2026-03-01 09:37:00.800,AAPL,153.81135986236893,231.0,153.8013598623689,1622.0,153.79135986236892,1704.0,153.8313598623689,424.0,153.84135986236893,127.0,153.85135986236892,1052.0
2026-03-01 09:37:00.900,AAPL,153.89340607242158,1765.0,153.88340607242156,1319.0,153.87340607242157,1395.0,153.91340607242157,1578.0,153.92340607242159,1198.0,153.93340607242158,1052.0
2026-03-01 09:37:01.000,AAPL,153.876019960675,1735.0,153.86601996067498,359.0,153.85601996067498,168.0,153.89601996067498,1104.0,153.906019960675,1802.0,153.916019960675,1845.0
2026-03-01 09:37:01.100,AAPL,153.75817840548717,482.0,153.74817840548715,846.0,153.73817840548716,1730.0,153.77817840548715,449.0,153.78817840548717,172.0,153.79817840548716,1995.0
2026-03-01 09:37:01.200,AAPL,153.70274295531405,1091.0,153.69274295531403,419.0,153.68274295531404,1365.0,153.72274295531403,990.0,153.73274295531405,1809.0,153.74274295531404,1794.0
2026-03-01 09:37:01.300,AAPL,153.72259419336626,137.0,153.71259419336624,397.0,153.70259419336625,1291.0,153.74259419336624,948.0,153.75259419336626,889.0,153.76259419336625,1166.0
2026-03-01 09:37:01.400,AAPL,153.73447488641307,681.0,153.72447488641305,502.0,153.71447488641306,1766.0,153.75447488641305,1068.0,153.76447488641307,1490.0,153.77447488641306,127.0
2026-03-01 09:37:01.500,AAPL,153.73395369658417,1575.0,153.72395369658415,163.0,153.71395369658416,1804.0,153.75395369658415,1278.0,153.76395369658417,1437.0,153.77395369658416,404.0
2026-03-01 09:37:01.600,AAPL,153.70744124596234,1535.0,153.69744124596232,1035.0,153.68744124596233,367.0,153.72744124596232,586.0,153.73744124596234,1855.0,153.74744124596234,848.0
2026-03-01 09:37:01.700,AAPL,153.7544270303025,242.0,153.7444270303025,379.0,153.7344270303025,845.0,153.7744270303025,512.0,153.7844270303025,1726.0,153.7944270303025,945.0
2026-03-01 09:37:01.800,AAPL,153.72935969660247,1941.0,153.71935969660245,331.0,153.70935969660246,1090.0,153.74935969660245,1019.0,153.75935969660247,1816.0,153.76935969660246,877.0
2026-03-01 09:37:01.900,AAPL,153.7447505401106,111.0,153.73475054011058,1426.0,153.7247505401106,1807.0,153.76475054011058,1863.0,153.7747505401106,1243.0,153.7847505401106,136.0
2026-03-01 09:37:02.000,AAPL,153.75451694836224,461.0,153.74451694836222,1921.0,153.73451694836223,1338.0,153.77451694836222,1308.0,153.78451694836224,1599.0,153.79451694836223,757.0
2026-03-01 09:37:02.100,AAPL,153.73609182619413,1789.0,153.7260918261941,598.0,153.71609182619412,361.0,153.7560918261941,1024.0,153.76609182619413,1685.0,153.77609182619412,1341.0
2026-03-01 09:37:02.200,AAPL,153.69202702364214,155.0,153.68202702364212,534.0,153.67202702364213,832.0,153.71202702364212,1934.0,153.72202702364214,1021.0,153.73202702364213,1625.0
2026-03-01 09:37:02.300,AAPL,153.67066051930598,1807.0,153.66066051930596,1646.0,153.65066051930597,1539.0,153.69066051930596,1629.0,153.70066051930598,1937.0,153.71066051930597,1768.0
2026-03-01 09:37:02.400,AAPL,153.76434160844087,1655.0,153.75434160844085,554.0,153.74434160844086,696.0,153.78434160844085,1685.0,153.79434160844087,1041.0,153.80434160844086,621.0
2026-03-01 09:37:02.500,AAPL,153.81996400160418,220.0,153.80996400160416,1158.0,153.79996400160417,299.0,153.83996400160416,1256.0,153.84996400160418,1694.0,153.85996400160417,259.0
2026-03-01 09:37:02.600,AAPL,153.87098343816828,1532.0,153.86098343816826,631.0,153.85098343816827,1586.0,153.89098343816826,1086.0,153.90098343816828,1289.0,153.91098343816827,792.0
2026-03-01 09:37:02.700,AAPL,153.83166025282955,1307.0,153.82166025282953,311.0,153.81166025282954,1865.0,153.85166025282953,613.0,153.86166025282955,1254.0,153.87166025282954,101.0
2026-03-01 09:37:02.800,AAPL,153.7597757891812,1577.0,153.74977578918117,1292.0,153.73977578918118,811.0,153.77977578918117,1281.0,153.7897757891812,510.0,153.79977578918118,714.0
2026-03-01 09:37:02.900,AAPL,153.81460049996912,727.0,153.8046004999691,778.0,153.7946004999691,1897.0,153.8346004999691,1255.0,153.84460049996912,555.0,153.8546004999691,1603.0
2026-03-01 09:37:03.000,AAPL,153.85983886299164,1792.0,153.84983886299162,574.0,153.83983886299163,877.0,153.87983886299162,1358.0,153.88983886299164,1080.0,153.89983886299163,1165.0
2026-03-01 09:37:03.100,AAPL,153.86670131182575,751.0,153.85670131182573,990.0,153.84670131182574,1958.0,153.88670131182573,203.0,153.89670131182575,1288.0,153.90670131182574,728.0
2026-03-01 09:37:03.200,AAPL,153.8481743174466,594.0,153.83817431744657,264.0,153.82817431744658,1557.0,153.86817431744657,1958.0,153.8781743174466,1842.0,153.88817431744658,502.0
2026-03-01 09:37:03.300,AAPL,153.77497708473484,1283.0,153.76497708473482,1134.0,153.75497708473483,1743.0,153.79497708473482,376.0,153.80497708473484,1618.0,153.81497708473483,481.0
2026-03-01 09:37:03.400,AAPL,153.81834710695375,1172.0,153.80834710695373,489.0,153.79834710695374,1810.0,153.83834710695373,797.0,153.84834710695375,838.0,153.85834710695374,1101.0
2026-03-01 09:37:03.500,AAPL,153.87765386270206,838.0,153.86765386270204,1353.0,153.85765386270205,351.0,153.89765386270204,942.0,153.90765386270206,271.0,153.91765386270205,713.0
2026-03-01 09:37:03.600,AAPL,153.8436992412775,1025.0,153.8336992412775,1995.0,153.8236992412775,1084.0,153.8636992412775,1615.0,153.8736992412775,560.0,153.8836992412775,873.0
2026-03-01 09:37:03.700,AAPL,153.80556926124052,1267.0,153.7955692612405,768.0,153.7855692612405,208.0,153.8255692612405,1668.0,153.83556926124052,1420.0,153.8455692612405,810.0
2026-03-01 09:37:03.800,AAPL,153.86762235749094,1610.0,153.85762235749092,1572.0,153.84762235749093,736.0,153.88762235749093,1259.0,153.89762235749095,598.0,153.90762235749094,1573.0
2026-03-01 09:37:03.900,AAPL,153.83552913434627,1413.0,153.82552913434625,582.0,153.81552913434626,1756.0,153.85552913434626,112.0,153.86552913434627,1302.0,153.87552913434627,1007.0
2026-03-01 09:37:04.000,AAPL,153.9244821447391,1802.0,153.91448214473908,827.0,153.9044821447391,1183.0,153.94448214473908,463.0,153.9544821447391,1094.0,153.9644821447391,1689.0
2026-03-01 09:37:04.100,AAPL,153.9190295568458,953.0,153.90902955684578,1443.0,153.8990295568458,1374.0,153.93902955684578,1654.0,153.9490295568458,1379.0,153.9590295568458,1084.0
2026-03-01 09:37:04.200,AAPL,153.89970147150248,1776.0,153.88970147150246,870.0,153.87970147150247,767.0,153.91970147150246,882.0,153.92970147150248,1842.0,153.93970147150247,304.0
2026-03-01 09:37:04.300,AAPL,153.90195687156316,820.0,153.89195687156314,447.0,153.88195687156315,1735.0,153.92195687156314,736.0,153.93195687156316,1929.0,153.94195687156315,1537.0
2026-03-01 09:37:04.400,AAPL,153.88262528484495,701.0,153.87262528484493,1120.0,153.86262528484494,457.0,153.90262528484493,1363.0,153.91262528484495,1319.0,153.92262528484494,1362.0
2026-03-01 09:37:04.500,AAPL,153.93893590416232,1079.0,153.9289359041623,1212.0,153.9189359041623,1299.0,153.9589359041623,670.0,153.96893590416232,579.0,153.9789359041623,444.0
2026-03-01 09:37:04.600,AAPL,153.9832264111411,702.0,153.97322641114107,1125.0,153.96322641114108,806.0,154.00322641114107,1933.0,154.0132264111411,1736.0,154.02322641114108,1747.0
2026-03-01 09:37:04.700,AAPL,154.03763172577865,673.0,154.02763172577863,1532.0,154.01763172577864,708.0,154.05763172577863,128.0,154.06763172577865,324.0,154.07763172577864,1582.0
2026-03-01 09:37:04.800,AAPL,154.04685771281333,987.0,154.03685771281332,115.0,154.02685771281332,665.0,154.06685771281332,1774.0,154.07685771281334,117.0,154.08685771281333,709.0
2026-03-01 09:37:04.900,AAPL,154.02403998789794,954.0,154.01403998789792,1764.0,154.00403998789793,407.0,154.04403998789792,541.0,154.05403998789794,449.0,154.06403998789793,1130.0
2026-03-01 09:37:05.000,AAPL,154.02358678752654,297.0,154.01358678752652,1585.0,154.00358678752653,1373.0,154.04358678752652,1674.0,154.05358678752654,334.0,154.06358678752653,1402.0
2026-03-01 09:37:05.100,AAPL,154.002301947948,957.0,153.992301947948,418.0,153.982301947948,469.0,154.022301947948,957.0,154.032301947948,923.0,154.042301947948,135.0
2026-03-01 09:37:05.200,AAPL,154.07563177360717,843.0,154.06563177360715,531.0,154.05563177360716,465.0,154.09563177360715,1138.0,154.10563177360717,1642.0,154.11563177360716,550.0
2026-03-01 09:37:05.300,AAPL,154.12574545979712,1886.0,154.1157454597971,1594.0,154.1057454597971,382.0,154.1457454597971,1355.0,154.15574545979712,1982.0,154.1657454597971,460.0
2026-03-01 09:37:05.400,AAPL,154.12116930645425,1122.0,154.11116930645423,1455.0,154.10116930645424,1934.0,154.14116930645423,352.0,154.15116930645425,972.0,154.16116930645424,923.0
2026-03-01 09:37:05.500,AAPL,154.0748455586157,1677.0,154.06484555861567,391.0,154.05484555861568,1987.0,154.09484555861567,1049.0,154.1048455586157,272.0,154.11484555861568,1102.0
2026-03-01 09:37:05.600,AAPL,154.15188754302588,1435.0,154.14188754302586,1965.0,154.13188754302587,675.0,154.17188754302586,1593.0,154.18188754302588,370.0,154.19188754302587,768.0
2026-03-01 09:37:05.700,AAPL,154.15872174980308,1764.0,154.14872174980306,1497.0,154.13872174980307,663.0,154.17872174980306,1299.0,154.18872174980308,1933.0,154.19872174980307,1360.0
2026-03-01 09:37:05.800,AAPL,154.15221337679324,1005.0,154.14221337679322,350.0,154.13221337679323,1953.0,154.17221337679322,1699.0,154.18221337679324,1399.0,154.19221337679323,1140.0
2026-03-01 09:37:05.900,AAPL,154.2296960127792,1758.0,154.21969601277917,1927.0,154.20969601277918,1378.0,154.24969601277917,1074.0,154.2596960127792,431.0,154.26969601277918,1113.0
2026-03-01 09:37:06.000,AAPL,154.2041985721103,899.0,154.19419857211028,1080.0,154.1841985721103,981.0,154.22419857211028,583.0,154.2341985721103,722.0,154.2441985721103,678.0
2026-03-01 09:37:06.100,AAPL,154.18825222704382,1074.0,154.1782522270438,830.0,154.1682522270438,368.0,154.2082522270438,764.0,154.21825222704382,1428.0,154.2282522270438,108.0
2026-03-01 09:37:06.200,AAPL,154.17671427962503,145.0,154.166714279625,550.0,154.15671427962502,263.0,154.196714279625,190.0,154.20671427962503,997.0,154.21671427962502,1521.0
2026-03-01 09:37:06.300,AAPL,154.11088582104293,1186.0,154.1008858210429,1620.0,154.09088582104292,1486.0,154.1308858210429,185.0,154.14088582104293,1403.0,154.15088582104292,799.0
2026-03-01 09:37:06.400,AAPL,154.12667258931424,940.0,154.11667258931422,1993.0,154.10667258931423,1775.0,154.14667258931422,1990.0,154.15667258931424,1939.0,154.16667258931423,1808.0
2026-03-01 09:37:06.500,AAPL,154.0885553520803,1925.0,154.0785553520803,825.0,154.0685553520803,1533.0,154.1085553520803,1468.0,154.1185553520803,1202.0,154.1285553520803,1402.0
2026-03-01 09:37:06.600,AAPL,154.06001926546475,1315.0,154.05001926546473,1158.0,154.04001926546474,828.0,154.08001926546473,1002.0,154.09001926546475,700.0,154.10001926546474,1175.0
2026-03-01 09:37:06.700,AAPL,154.02479749149467,1569.0,154.01479749149465,404.0,154.00479749149466,1563.0,154.04479749149465,871.0,154.05479749149467,904.0,154.06479749149466,1300.0
2026-03-01 09:37:06.800,AAPL,153.9954439813295,1134.0,153.98544398132947,259.0,153.97544398132948,1985.0,154.01544398132947,1635.0,154.0254439813295,1429.0,154.03544398132948,313.0
2026-03-01 09:37:06.900,AAPL,153.9534982581287,1559.0,153.94349825812867,1302.0,153.93349825812868,947.0,153.97349825812867,1487.0,153.9834982581287,1840.0,153.99349825812868,1931.0
2026-03-01 09:37:07.000,AAPL,153.9658589670097,534.0,153.95585896700968,609.0,153.94585896700968,392.0,153.98585896700968,529.0,153.9958589670097,1479.0,154.0058589670097,1173.0
2026-03-01 09:37:07.100,AAPL,153.9580793123854,1013.0,153.94807931238537,1618.0,153.93807931238538,112.0,153.97807931238538,1741.0,153.9880793123854,324.0,153.99807931238539,569.0
2026-03-01 09:37:07.200,AAPL,153.9604797192958,856.0,153.95047971929577,1630.0,153.94047971929578,587.0,153.98047971929577,342.0,153.9904797192958,157.0,154.00047971929578,763.0
2026-03-01 09:37:07.300,AAPL,154.07816912311893,1654.0,154.0681691231189,1269.0,154.05816912311892,620.0,154.0981691231189,917.0,154.10816912311893,306.0,154.11816912311892,1368.0
2026-03-01 09:37:07.400,AAPL,154.07039106406395,957.0,154.06039106406394,1775.0,154.05039106406394,836.0,154.09039106406394,1095.0,154.10039106406396,1881.0,154.11039106406395,1835.0
2026-03-01 09:37:07.500,AAPL,154.10063844517578,1463.0,154.09063844517576,998.0,154.08063844517577,1552.0,154.12063844517576,1048.0,154.13063844517578,1985.0,154.14063844517577,1742.0
2026-03-01 09:37:07.600,AAPL,154.13657592514258,1011.0,154.12657592514256,586.0,154.11657592514257,660.0,154.15657592514256,1342.0,154.16657592514258,945.0,154.17657592514257,1974.0
2026-03-01 09:37:07.700,AAPL,154.13343309392437,775.0,154.12343309392435,1606.0,154.11343309392436,1891.0,154.15343309392435,1252.0,154.16343309392437,204.0,154.17343309392436,1579.0
2026-03-01 09:37:07.800,AAPL,154.14712305050162,972.0,154.1371230505016,578.0,154.1271230505016,428.0,154.1671230505016,1954.0,154.17712305050162,1329.0,154.1871230505016,1245.0
2026-03-01 09:37:07.900,AAPL,154.14815796001474,1048.0,154.13815796001472,1087.0,154.12815796001473,908.0,154.16815796001472,1970.0,154.17815796001474,600.0,154.18815796001473,718.0
2026-03-01 09:37:08.000,AAPL,154.1582858798003,728.0,154.14828587980028,971.0,154.1382858798003,311.0,154.17828587980028,1540.0,154.1882858798003,1644.0,154.1982858798003,612.0
2026-03-01 09:37:08.100,AAPL,154.1289600403329,1686.0,154.1189600403329,568.0,154.1089600403329,1732.0,154.1489600403329,820.0,154.15896004033291,453.0,154.1689600403329,1922.0
2026-03-01 09:37:08.200,AAPL,154.1042494748539,131.0,154.09424947485388,1398.0,154.0842494748539,441.0,154.12424947485388,1744.0,154.1342494748539,318.0,154.1442494748539,1287.0
2026-03-01 09:37:08.300,AAPL,154.10509558751806,557.0,154.09509558751805,719.0,154.08509558751805,550.0,154.12509558751805,462.0,154.13509558751807,143.0,154.14509558751806,358.0
2026-03-01 09:37:08.400,AAPL,154.0065004053255,480.0,153.9965004053255,1626.0,153.9865004053255,1320.0,154.0265004053255,1435.0,154.0365004053255,1753.0,154.0465004053255,1375.0
2026-03-01 09:37:08.500,AAPL,154.08130404481378,1346.0,154.07130404481376,1557.0,154.06130404481377,1974.0,154.10130404481376,1898.0,154.11130404481378,1259.0,154.12130404481377,1551.0
2026-03-01 09:37:08.600,AAPL,154.18934694571374,1960.0,154.17934694571372,786.0,154.16934694571373,1786.0,154.20934694571372,1984.0,154.21934694571374,1210.0,154.22934694571373,410.0
2026-03-01 09:37:08.700,AAPL,154.19786445870997,1089.0,154.18786445870995,1738.0,154.17786445870996,1069.0,154.21786445870995,1065.0,154.22786445870997,605.0,154.23786445870996,1520.0
2026-03-01 09:37:08.800,AAPL,154.2311379175725,510.0,154.2211379175725,479.0,154.2111379175725,1950.0,154.2511379175725,849.0,154.2611379175725,1965.0,154.2711379175725,390.0
2026-03-01 09:37:08.900,AAPL,154.28519080107506,1185.0,154.27519080107504,1514.0,154.26519080107505,990.0,154.30519080107504,1908.0,154.31519080107506,1991.0,154.32519080107505,1916.0
2026-03-01 09:37:09.000,AAPL,154.21895731409614,1355.0,154.20895731409612,257.0,154.19895731409613,256.0,154.23895731409613,256.0,154.24895731409615,1195.0,154.25895731409614,1387.0
2026-03-01 09:37:09.100,AAPL,154.26537121136036,791.0,154.25537121136034,169.0,154.24537121136035,1919.0,154.28537121136034,1113.0,154.29537121136036,1025.0,154.30537121136035,410.0
2026-03-01 09:37:09.200,AAPL,154.24404922163865,315.0,154.23404922163863,849.0,154.22404922163864,1876.0,154.26404922163863,1927.0,154.27404922163865,360.0,154.28404922163864,570.0
2026-03-01 09:37:09.300,AAPL,154.3585854331295,891.0,154.34858543312947,1563.0,154.33858543312948,1157.0,154.37858543312947,1246.0,154.3885854331295,1294.0,154.39858543312948,1007.0
2026-03-01 09:37:09.400,AAPL,154.34917245462955,885.0,154.33917245462953,409.0,154.32917245462954,256.0,154.36917245462953,622.0,154.37917245462955,975.0,154.38917245462954,1994.0
2026-03-01 09:37:09.500,AAPL,154.39458156578814,1196.0,154.38458156578812,1775.0,154.37458156578813,538.0,154.41458156578813,211.0,154.42458156578815,1976.0,154.43458156578814,1292.0
2026-03-01 09:37:09.600,AAPL,154.38566091927012,1660.0,154.3756609192701,1269.0,154.3656609192701,1931.0,154.4056609192701,351.0,154.41566091927012,1634.0,154.42566091927011,1902.0
2026-03-01 09:37:09.700,AAPL,154.49549555708666,1069.0,154.48549555708664,754.0,154.47549555708665,1122.0,154.51549555708664,744.0,154.52549555708666,383.0,154.53549555708665,965.0
2026-03-01 09:37:09.800,AAPL,154.4698780462347,1306.0,154.45987804623468,1704.0,154.4498780462347,319.0,154.48987804623468,987.0,154.4998780462347,1222.0,154.5098780462347,1828.0
2026-03-01 09:37:09.900,AAPL,154.52813248560108,902.0,154.51813248560106,1597.0,154.50813248560107,652.0,154.54813248560106,1822.0,154.55813248560108,443.0,154.56813248560107,458.0
2026-03-01 09:37:10.000,AAPL,154.5594663797237,1600.0,154.54946637972367,1815.0,154.53946637972368,1136.0,154.57946637972367,352.0,154.5894663797237,1407.0,154.59946637972368,1194.0
2026-03-01 09:37:10.100,AAPL,154.57968187780688,1928.0,154.56968187780686,840.0,154.55968187780687,1713.0,154.59968187780686,1799.0,154.60968187780688,1280.0,154.61968187780687,1983.0
2026-03-01 09:37:10.200,AAPL,154.59113224785912,283.0,154.5811322478591,1384.0,154.5711322478591,1106.0,154.6111322478591,556.0,154.62113224785912,1728.0,154.6311322478591,1012.0
2026-03-01 09:37:10.300,AAPL,154.55778162197427,134.0,154.54778162197425,355.0,154.53778162197426,1918.0,154.57778162197425,1444.0,154.58778162197427,1771.0,154.59778162197426,1282.0
2026-03-01 09:37:10.400,AAPL,154.42847880645257,126.0,154.41847880645255,1231.0,154.40847880645256,917.0,154.44847880645256,484.0,154.45847880645258,1011.0,154.46847880645257,1812.0
2026-03-01 09:37:10.500,AAPL,154.48219841187566,644.0,154.47219841187564,1584.0,154.46219841187565,1880.0,154.50219841187564,310.0,154.51219841187566,346.0,154.52219841187565,1787.0
2026-03-01 09:37:10.600,AAPL,154.45775645635845,706.0,154.44775645635843,764.0,154.43775645635844,487.0,154.47775645635843,1224.0,154.48775645635845,1972.0,154.49775645635845,1863.0
2026-03-01 09:37:10.700,AAPL,154.51623646354255,1389.0,154.50623646354254,378.0,154.49623646354254,706.0,154.53623646354254,1314.0,154.54623646354256,1580.0,154.55623646354255,378.0
2026-03-01 09:37:10.800,AAPL,154.53382135193831,1393.0,154.5238213519383,808.0,154.5138213519383,219.0,154.5538213519383,1844.0,154.56382135193832,887.0,154.5738213519383,591.0
2026-03-01 09:37:10.900,AAPL,154.59383419098933,1161.0,154.5838341909893,1983.0,154.57383419098932,586.0,154.6138341909893,429.0,154.62383419098933,846.0,154.63383419098932,579.0
2026-03-01 09:37:11.000,AAPL,154.6339288169948,789.0,154.62392881699478,380.0,154.6139288169948,1189.0,154.65392881699478,141.0,154.6639288169948,1321.0,154.6739288169948,1621.0
2026-03-01 09:37:11.100,AAPL,154.51069405797085,1423.0,154.50069405797083,1653.0,154.49069405797084,1100.0,154.53069405797083,1013.0,154.54069405797085,383.0,154.55069405797084,1947.0
2026-03-01 09:37:11.200,AAPL,154.54143883878325,1264.0,154.53143883878323,438.0,154.52143883878324,758.0,154.56143883878323,366.0,154.57143883878325,1673.0,154.58143883878324,625.0
2026-03-01 09:37:11.300,AAPL,154.5242550645025,1451.0,154.5142550645025,1795.0,154.5042550645025,403.0,154.5442550645025,1008.0,154.5542550645025,1206.0,154.5642550645025,1176.0
2026-03-01 09:37:11.400,AAPL,154.58250562386593,1996.0,154.5725056238659,580.0,154.56250562386592,1039.0,154.6025056238659,710.0,154.61250562386593,1242.0,154.62250562386592,505.0
2026-03-01 09:37:11.500,AAPL,154.61206599862277,1978.0,154.60206599862275,1176.0,154.59206599862276,1620.0,154.63206599862275,1881.0,154.64206599862277,1662.0,154.65206599862276,1577.0
2026-03-01 09:37:11.600,AAPL,154.64221445052104,1226.0,154.63221445052102,497.0,154.62221445052103,599.0,154.66221445052102,1406.0,154.67221445052104,1246.0,154.68221445052103,1204.0
2026-03-01 09:37:11.700,AAPL,154.62860231073563,788.0,154.6186023107356,408.0,154.60860231073562,1386.0,154.6486023107356,1792.0,154.65860231073563,843.0,154.66860231073562,360.0
2026-03-01 09:37:11.800,AAPL,154.58297200113026,1776.0,154.57297200113024,1805.0,154.56297200113025,1807.0,154.60297200113024,1937.0,154.61297200113026,1380.0,154.62297200113025,1778.0
2026-03-01 09:37:11.900,AAPL,154.5613276531817,862.0,154.5513276531817,1447.0,154.5413276531817,1290.0,154.5813276531817,424.0,154.5913276531817,1773.0,154.6013276531817,1429.0
2026-03-01 09:37:12.000,AAPL,154.47133304010518,1023.0,154.46133304010516,1763.0,154.45133304010517,363.0,154.49133304010516,1555.0,154.50133304010518,382.0,154.51133304010517,417.0
2026-03-01 09:37:12.100,AAPL,154.44181585337785,1774.0,154.43181585337783,1692.0,154.42181585337784,1912.0,154.46181585337783,1102.0,154.47181585337785,318.0,154.48181585337784,1478.0
2026-03-01 09:37:12.200,AAPL,154.36860789840088,475.0,154.35860789840086,674.0,154.34860789840087,1621.0,154.38860789840086,1841.0,154.39860789840088,932.0,154.40860789840087,361.0
2026-03-01 09:37:12.300,AAPL,154.29672085821298,1238.0,154.28672085821296,1922.0,154.27672085821297,1805.0,154.31672085821296,1373.0,154.32672085821298,734.0,154.33672085821297,1142.0
2026-03-01 09:37:12.400,AAPL,154.30254480057428,1527.0,154.29254480057426,1898.0,154.28254480057427,606.0,154.32254480057426,1314.0,154.33254480057428,430.0,154.34254480057427,1482.0
2026-03-01 09:37:12.500,AAPL,154.3292472475495,626.0,154.31924724754947,1637.0,154.30924724754948,402.0,154.34924724754947,441.0,154.3592472475495,1951.0,154.36924724754948,1543.0
2026-03-01 09:37:12.600,AAPL,154.32765757354073,1502.0,154.3176575735407,479.0,154.30765757354072,998.0,154.34765757354072,556.0,154.35765757354073,1451.0,154.36765757354073,1064.0
2026-03-01 09:37:12.700,AAPL,154.3027180486738,1627.0,154.29271804867378,1365.0,154.2827180486738,1740.0,154.32271804867378,183.0,154.3327180486738,1882.0,154.3427180486738,348.0
2026-03-01 09:37:12.800,AAPL,154.25534764056187,1556.0,154.24534764056185,1628.0,154.23534764056186,1606.0,154.27534764056185,463.0,154.28534764056187,1785.0,154.29534764056186,390.0
2026-03-01 09:37:12.900,AAPL,154.23948799094362,648.0,154.2294879909436,1467.0,154.2194879909436,1921.0,154.2594879909436,691.0,154.26948799094362,1298.0,154.2794879909436,953.0
2026-03-01 09:37:13.000,AAPL,154.19837683888224,925.0,154.18837683888222,1952.0,154.17837683888223,155.0,154.21837683888222,1625.0,154.22837683888224,1430.0,154.23837683888223,1957.0
2026-03-01 09:37:13.100,AAPL,154.19523530177617,1875.0,154.18523530177615,231.0,154.17523530177615,1670.0,154.21523530177615,330.0,154.22523530177617,1261.0,154.23523530177616,933.0
2026-03-01 09:37:13.200,AAPL,154.11915871307224,1643.0,154.10915871307222,1160.0,154.09915871307223,409.0,154.13915871307222,1077.0,154.14915871307224,1223.0,154.15915871307223,565.0
2026-03-01 09:37:13.300,AAPL,154.1542245919825,1974.0,154.1442245919825,883.0,154.1342245919825,1675.0,154.1742245919825,1961.0,154.1842245919825,1924.0,154.1942245919825,950.0
2026-03-01 09:37:13.400,AAPL,154.12587303587873,1311.0,154.1158730358787,1908.0,154.10587303587872,545.0,154.1458730358787,898.0,154.15587303587873,1758.0,154.16587303587872,1797.0
2026-03-01 09:37:13.500,AAPL,154.14468588089284,939.0,154.13468588089282,1025.0,154.12468588089283,1456.0,154.16468588089282,1530.0,154.17468588089284,1182.0,154.18468588089283,1689.0
2026-03-01 09:37:13.600,AAPL,154.1890469806744,965.0,154.17904698067437,873.0,154.16904698067438,906.0,154.20904698067437,1190.0,154.2190469806744,1924.0,154.22904698067438,1306.0
2026-03-01 09:37:13.700,AAPL,154.20544052477095,552.0,154.19544052477093,573.0,154.18544052477094,321.0,154.22544052477093,461.0,154.23544052477095,1345.0,154.24544052477094,1424.0
2026-03-01 09:37:13.800,AAPL,154.24539686425086,1729.0,154.23539686425084,720.0,154.22539686425085,460.0,154.26539686425085,1939.0,154.27539686425087,489.0,154.28539686425086,376.0
2026-03-01 09:37:13.900,AAPL,154.14206490110814,1905.0,154.13206490110812,1922.0,154.12206490110813,637.0,154.16206490110812,739.0,154.17206490110814,130.0,154.18206490110813,1341.0
2026-03-01 09:37:14.000,AAPL,154.11742206792297,118.0,154.10742206792295,329.0,154.09742206792296,461.0,154.13742206792296,117.0,154.14742206792297,838.0,154.15742206792297,1958.0
2026-03-01 09:37:14.100,AAPL,154.1725759012624,575.0,154.1625759012624,710.0,154.1525759012624,943.0,154.1925759012624,1276.0,154.2025759012624,139.0,154.2125759012624,447.0
2026-03-01 09:37:14.200,AAPL,154.1980373781782,213.0,154.1880373781782,1139.0,154.1780373781782,702.0,154.2180373781782,346.0,154.22803737817821,1576.0,154.2380373781782,1730.0
2026-03-01 09:37:14.300,AAPL,154.2904605414558,981.0,154.28046054145577,1030.0,154.27046054145578,250.0,154.31046054145577,1144.0,154.3204605414558,430.0,154.33046054145578,771.0
2026-03-01 09:37:14.400,AAPL,154.37567956545413,500.0,154.36567956545412,1771.0,154.35567956545412,970.0,154.39567956545412,251.0,154.40567956545414,1333.0,154.41567956545413,674.0
2026-03-01 09:37:14.500,AAPL,154.39065917217667,1531.0,154.38065917217665,1884.0,154.37065917217666,595.0,154.41065917217665,1062.0,154.42065917217667,1608.0,154.43065917217666,1516.0
2026-03-01 09:37:14.600,AAPL,154.37806024123245,1116.0,154.36806024123243,931.0,154.35806024123244,1747.0,154.39806024123243,1775.0,154.40806024123245,1412.0,154.41806024123244,1342.0
2026-03-01 09:37:14.700,AAPL,154.33013830557908,1469.0,154.32013830557906,710.0,154.31013830557907,334.0,154.35013830557907,837.0,154.36013830557908,632.0,154.37013830557908,1889.0
2026-03-01 09:37:14.800,AAPL,154.30634787730233,1043.0,154.2963478773023,674.0,154.28634787730232,1712.0,154.3263478773023,264.0,154.33634787730233,1454.0,154.34634787730232,1018.0
2026-03-01 09:37:14.900,AAPL,154.28593553187787,675.0,154.27593553187785,1691.0,154.26593553187786,544.0,154.30593553187785,1093.0,154.31593553187787,203.0,154.32593553187786,1274.0
2026-03-01 09:37:15.000,AAPL,154.25627307225878,425.0,154.24627307225876,767.0,154.23627307225877,1326.0,154.27627307225876,1630.0,154.28627307225878,1900.0,154.29627307225877,960.0
2026-03-01 09:37:15.100,AAPL,154.21035618487173,362.0,154.2003561848717,1232.0,154.19035618487172,1910.0,154.2303561848717,1479.0,154.24035618487173,1676.0,154.25035618487172,109.0
2026-03-01 09:37:15.200,AAPL,154.23043501424783,312.0,154.2204350142478,1853.0,154.21043501424782,1438.0,154.2504350142478,1024.0,154.26043501424783,194.0,154.27043501424782,1566.0
2026-03-01 09:37:15.300,AAPL,154.31526699815493,929.0,154.3052669981549,987.0,154.29526699815491,1889.0,154.3352669981549,335.0,154.34526699815493,1279.0,154.35526699815492,148.0
2026-03-01 09:37:15.400,AAPL,154.36192983656645,1447.0,154.35192983656643,989.0,154.34192983656644,879.0,154.38192983656643,435.0,154.39192983656645,591.0,154.40192983656644,563.0
2026-03-01 09:37:15.500,AAPL,154.34580883365294,520.0,154.33580883365292,203.0,154.32580883365293,831.0,154.36580883365292,334.0,154.37580883365294,1409.0,154.38580883365293,406.0
2026-03-01 09:37:15.600,AAPL,154.39651027603296,299.0,154.38651027603294,1181.0,154.37651027603295,173.0,154.41651027603294,615.0,154.42651027603296,921.0,154.43651027603295,639.0
2026-03-01 09:37:15.700,AAPL,154.4138428193749,395.0,154.4038428193749,1934.0,154.3938428193749,730.0,154.4338428193749,310.0,154.4438428193749,1596.0,154.4538428193749,778.0
2026-03-01 09:37:15.800,AAPL,154.41180760182806,606.0,154.40180760182804,545.0,154.39180760182805,1614.0,154.43180760182804,359.0,154.44180760182806,1291.0,154.45180760182805,1771.0
2026-03-01 09:37:15.900,AAPL,154.4066514655457,108.0,154.3966514655457,1512.0,154.3866514655457,1891.0,154.4266514655457,590.0,154.4366514655457,1591.0,154.4466514655457,1678.0
2026-03-01 09:37:16.000,AAPL,154.39665445864628,246.0,154.38665445864626,1098.0,154.37665445864627,1067.0,154.41665445864626,466.0,154.42665445864628,907.0,154.43665445864627,206.0
2026-03-01 09:37:16.100,AAPL,154.42920776478314,1081.0,154.41920776478312,1066.0,154.40920776478313,282.0,154.44920776478313,1341.0,154.45920776478314,427.0,154.46920776478314,1241.0
2026-03-01 09:37:16.200,AAPL,154.43619126889698,1171.0,154.42619126889696,1315.0,154.41619126889697,1975.0,154.45619126889696,1649.0,154.46619126889698,716.0,154.47619126889697,689.0
2026-03-01 09:37:16.300,AAPL,154.39977012901812,128.0,154.3897701290181,320.0,154.3797701290181,420.0,154.4197701290181,1050.0,154.42977012901812,702.0,154.43977012901811,908.0
2026-03-01 09:37:16.400,AAPL,154.3609275235631,846.0,154.3509275235631,180.0,154.3409275235631,818.0,154.3809275235631,769.0,154.3909275235631,641.0,154.4009275235631,1005.0
2026-03-01 09:37:16.500,AAPL,154.37622272262718,829.0,154.36622272262716,1196.0,154.35622272262717,1653.0,154.39622272262716,360.0,154.40622272262718,815.0,154.41622272262717,635.0
2026-03-01 09:37:16.600,AAPL,154.39765528341135,165.0,154.38765528341133,1784.0,154.37765528341134,309.0,154.41765528341134,1684.0,154.42765528341135,1028.0,154.43765528341135,1180.0
2026-03-01 09:37:16.700,AAPL,154.38199865119552,903.0,154.3719986511955,816.0,154.3619986511955,618.0,154.4019986511955,136.0,154.41199865119552,272.0,154.4219986511955,1315.0
2026-03-01 09:37:16.800,AAPL,154.3253983700582,239.0,154.31539837005818,718.0,154.30539837005819,836.0,154.34539837005818,1018.0,154.3553983700582,1848.0,154.3653983700582,107.0
2026-03-01 09:37:16.900,AAPL,154.38794662591246,176.0,154.37794662591244,1102.0,154.36794662591245,502.0,154.40794662591244,863.0,154.41794662591246,1582.0,154.42794662591245,453.0
2026-03-01 09:37:17.000,AAPL,154.43987685638882,1319.0,154.4298768563888,1457.0,154.4198768563888,1549.0,154.4598768563888,1329.0,154.46987685638882,1193.0,154.4798768563888,521.0
2026-03-01 09:37:17.100,AAPL,154.34050803134014,1763.0,154.33050803134012,754.0,154.32050803134013,1147.0,154.36050803134012,1069.0,154.37050803134014,1655.0,154.38050803134013,1489.0
2026-03-01 09:37:17.200,AAPL,154.4074871775058,418.0,154.39748717750578,1944.0,154.3874871775058,157.0,154.42748717750578,1262.0,154.4374871775058,1984.0,154.4474871775058,1158.0
2026-03-01 09:37:17.300,AAPL,154.39703838763916,1861.0,154.38703838763914,317.0,154.37703838763915,839.0,154.41703838763914,1934.0,154.42703838763916,1206.0,154.43703838763915,340.0
2026-03-01 09:37:17.400,AAPL,154.40653774164053,992.0,154.39653774164051,246.0,154.38653774164052,1751.0,154.42653774164052,1015.0,154.43653774164054,1902.0,154.44653774164053,780.0
2026-03-01 09:37:17.500,AAPL,154.46344889464316,165.0,154.45344889464315,1625.0,154.44344889464315,1845.0,154.48344889464315,1540.0,154.49344889464317,1408.0,154.50344889464316,1607.0
2026-03-01 09:37:17.600,AAPL,154.5460758339746,615.0,154.5360758339746,699.0,154.5260758339746,1299.0,154.5660758339746,791.0,154.5760758339746,1219.0,154.5860758339746,194.0
2026-03-01 09:37:17.700,AAPL,154.59621909822687,1398.0,154.58621909822685,1794.0,154.57621909822686,1840.0,154.61621909822685,950.0,154.62621909822687,1031.0,154.63621909822686,1414.0
2026-03-01 09:37:17.800,AAPL,154.6082706231744,1153.0,154.5982706231744,1341.0,154.5882706231744,1059.0,154.6282706231744,1358.0,154.6382706231744,1174.0,154.6482706231744,117.0
2026-03-01 09:37:17.900,AAPL,154.53948858885926,1334.0,154.52948858885924,334.0,154.51948858885925,825.0,154.55948858885924,377.0,154.56948858885926,1251.0,154.57948858885925,1140.0
2026-03-01 09:37:18.000,AAPL,154.43817699766004,1239.0,154.42817699766002,887.0,154.41817699766003,592.0,154.45817699766002,935.0,154.46817699766004,196.0,154.47817699766003,1635.0
2026-03-01 09:37:18.100,AAPL,154.48208494461124,189.0,154.47208494461123,1442.0,154.46208494461123,145.0,154.50208494461123,545.0,154.51208494461125,1534.0,154.52208494461124,676.0
2026-03-01 09:37:18.200,AAPL,154.54918646189847,382.0,154.53918646189845,1510.0,154.52918646189846,1041.0,154.56918646189845,1957.0,154.57918646189847,1198.0,154.58918646189846,1406.0
2026-03-01 09:37:18.300,AAPL,154.50845421885657,761.0,154.49845421885655,1996.0,154.48845421885656,1176.0,154.52845421885655,1549.0,154.53845421885657,861.0,154.54845421885656,614.0
2026-03-01 09:37:18.400,AAPL,154.49496522061963,549.0,154.4849652206196,203.0,154.47496522061962,1656.0,154.51496522061962,795.0,154.52496522061963,1437.0,154.53496522061963,1210.0
2026-03-01 09:37:18.500,AAPL,154.46710192620037,738.0,154.45710192620035,157.0,154.44710192620036,414.0,154.48710192620035,1097.0,154.49710192620037,1022.0,154.50710192620036,1583.0
2026-03-01 09:37:18.600,AAPL,154.4379069225259,1300.0,154.4279069225259,1650.0,154.4179069225259,1638.0,154.4579069225259,825.0,154.4679069225259,1162.0,154.4779069225259,1473.0
2026-03-01 09:37:18.700,AAPL,154.4916549817205,943.0,154.48165498172048,1538.0,154.4716549817205,1061.0,154.51165498172048,1499.0,154.5216549817205,1571.0,154.5316549817205,726.0
2026-03-01 09:37:18.800,AAPL,154.5025736383582,978.0,154.49257363835818,1366.0,154.4825736383582,1084.0,154.52257363835818,427.0,154.5325736383582,264.0,154.5425736383582,596.0
2026-03-01 09:37:18.900,AAPL,154.4911147227884,579.0,154.4811147227884,1614.0,154.4711147227884,499.0,154.5111147227884,227.0,154.5211147227884,310.0,154.5311147227884,237.0
2026-03-01 09:37:19.000,AAPL,154.62399072381393,187.0,154.6139907238139,1394.0,154.60399072381392,1720.0,154.6439907238139,1751.0,154.65399072381393,908.0,154.66399072381392,494.0
2026-03-01 09:37:19.100,AAPL,154.55226967886355,586.0,154.54226967886353,1317.0,154.53226967886354,1153.0,154.57226967886353,1568.0,154.58226967886355,1035.0,154.59226967886354,1104.0
2026-03-01 09:37:19.200,AAPL,154.57966523293834,1528.0,154.56966523293832,685.0,154.55966523293833,365.0,154.59966523293832,1584.0,154.60966523293834,156.0,154.61966523293833,1724.0
2026-03-01 09:37:19.300,AAPL,154.52721631867973,1100.0,154.51721631867971,1713.0,154.50721631867972,1648.0,154.54721631867972,1566.0,154.55721631867974,1872.0,154.56721631867973,1866.0
2026-03-01 09:37:19.400,AAPL,154.51934447508,237.0,154.50934447507998,1289.0,154.49934447508,272.0,154.53934447508,1648.0,154.54934447508,607.0,154.55934447508,295.0
2026-03-01 09:37:19.500,AAPL,154.52677639430314,1148.0,154.51677639430312,1988.0,154.50677639430313,590.0,154.54677639430312,916.0,154.55677639430314,815.0,154.56677639430313,1306.0
2026-03-01 09:37:19.600,AAPL,154.5690061802849,1421.0,154.55900618028488,1530.0,154.5490061802849,825.0,154.58900618028488,712.0,154.5990061802849,1605.0,154.6090061802849,364.0
2026-03-01 09:37:19.700,AAPL,154.55594708552684,1886.0,154.54594708552682,1229.0,154.53594708552683,104.0,154.57594708552682,222.0,154.58594708552684,1368.0,154.59594708552683,803.0
2026-03-01 09:37:19.800,AAPL,154.53759968063702,820.0,154.527599680637,1244.0,154.517599680637,1893.0,154.557599680637,1329.0,154.56759968063702,1956.0,154.577599680637,849.0
2026-03-01 09:37:19.900,AAPL,154.52364542574634,195.0,154.51364542574632,954.0,154.50364542574633,1341.0,154.54364542574632,296.0,154.55364542574634,1706.0,154.56364542574633,583.0
2026-03-01 09:37:20.000,AAPL,154.46964779143127,1418.0,154.45964779143125,1613.0,154.44964779143126,176.0,154.48964779143125,245.0,154.49964779143127,602.0,154.50964779143126,1717.0
2026-03-01 09:37:20.100,AAPL,154.50126328153587,1319.0,154.49126328153585,1592.0,154.48126328153586,923.0,154.52126328153585,815.0,154.53126328153587,1020.0,154.54126328153586,1526.0
2026-03-01 09:37:20.200,AAPL,154.51533000007495,1410.0,154.50533000007493,315.0,154.49533000007494,449.0,154.53533000007494,1412.0,154.54533000007496,967.0,154.55533000007495,1793.0
2026-03-01 09:37:20.300,AAPL,154.53708843364072,1402.0,154.5270884336407,240.0,154.5170884336407,1922.0,154.5570884336407,1662.0,154.56708843364072,824.0,154.5770884336407,258.0
2026-03-01 09:37:20.400,AAPL,154.53361128351406,1234.0,154.52361128351404,1387.0,154.51361128351405,398.0,154.55361128351404,770.0,154.56361128351406,293.0,154.57361128351405,1496.0
2026-03-01 09:37:20.500,AAPL,154.52396738551954,604.0,154.51396738551952,943.0,154.50396738551953,1770.0,154.54396738551952,478.0,154.55396738551954,1331.0,154.56396738551953,762.0
2026-03-01 09:37:20.600,AAPL,154.5827474024311,416.0,154.57274740243108,757.0,154.56274740243109,851.0,154.60274740243108,1917.0,154.6127474024311,1102.0,154.6227474024311,1320.0
2026-03-01 09:37:20.700,AAPL,154.63383672593895,1385.0,154.62383672593893,1822.0,154.61383672593894,827.0,154.65383672593893,1569.0,154.66383672593895,1866.0,154.67383672593894,252.0
2026-03-01 09:37:20.800,AAPL,154.70457675524815,1753.0,154.69457675524814,621.0,154.68457675524814,1200.0,154.72457675524814,1219.0,154.73457675524816,1944.0,154.74457675524815,530.0
2026-03-01 09:37:20.900,AAPL,154.72320647282297,222.0,154.71320647282295,1258.0,154.70320647282296,629.0,154.74320647282295,1785.0,154.75320647282297,127.0,154.76320647282296,1941.0
2026-03-01 09:37:21.000,AAPL,154.7908396775557,1589.0,154.7808396775557,646.0,154.7708396775557,358.0,154.8108396775557,159.0,154.8208396775557,1717.0,154.8308396775557,1280.0
2026-03-01 09:37:21.100,AAPL,154.7700355455697,1324.0,154.76003554556968,964.0,154.7500355455697,1305.0,154.79003554556968,1974.0,154.8000355455697,1703.0,154.8100355455697,494.0
2026-03-01 09:37:21.200,AAPL,154.75999295626264,534.0,154.74999295626262,583.0,154.73999295626263,446.0,154.77999295626262,1820.0,154.78999295626264,157.0,154.79999295626263,410.0
2026-03-01 09:37:21.300,AAPL,154.81974799394675,1057.0,154.80974799394673,240.0,154.79974799394674,1752.0,154.83974799394673,1243.0,154.84974799394675,1127.0,154.85974799394674,1660.0
2026-03-01 09:37:21.400,AAPL,154.86191907085976,1741.0,154.85191907085974,293.0,154.84191907085975,1561.0,154.88191907085974,1675.0,154.89191907085976,1259.0,154.90191907085975,1329.0
2026-03-01 09:37:21.500,AAPL,154.847396550514,1806.0,154.83739655051397,1516.0,154.82739655051398,933.0,154.86739655051397,770.0,154.877396550514,1797.0,154.88739655051398,125.0
2026-03-01 09:37:21.600,AAPL,154.795083638713,1449.0,154.785083638713,1195.0,154.775083638713,1009.0,154.815083638713,1822.0,154.825083638713,872.0,154.835083638713,402.0
2026-03-01 09:37:21.700,AAPL,154.7848854283634,1490.0,154.77488542836338,806.0,154.76488542836339,917.0,154.80488542836338,255.0,154.8148854283634,843.0,154.8248854283634,1434.0
2026-03-01 09:37:21.800,AAPL,154.75064200629953,507.0,154.7406420062995,447.0,154.73064200629952,271.0,154.7706420062995,883.0,154.78064200629953,709.0,154.79064200629952,947.0
2026-03-01 09:37:21.900,AAPL,154.83686718042398,1818.0,154.82686718042396,1016.0,154.81686718042397,1168.0,154.85686718042396,1963.0,154.86686718042398,339.0,154.87686718042397,1455.0
2026-03-01 09:37:22.000,AAPL,154.87486921259998,1148.0,154.86486921259996,1006.0,154.85486921259997,1035.0,154.89486921259996,1071.0,154.90486921259998,210.0,154.91486921259997,742.0
2026-03-01 09:37:22.100,AAPL,154.83657308373063,1510.0,154.8265730837306,1037.0,154.81657308373062,265.0,154.8565730837306,1209.0,154.86657308373063,1468.0,154.87657308373062,853.0
2026-03-01 09:37:22.200,AAPL,154.78432353569738,752.0,154.77432353569736,447.0,154.76432353569737,752.0,154.80432353569736,1777.0,154.81432353569738,1791.0,154.82432353569737,715.0
2026-03-01 09:37:22.300,AAPL,154.74540787200814,904.0,154.73540787200812,646.0,154.72540787200813,226.0,154.76540787200813,1752.0,154.77540787200815,882.0,154.78540787200814,362.0
2026-03-01 09:37:22.400,AAPL,154.71746661008484,1846.0,154.70746661008482,1421.0,154.69746661008483,1820.0,154.73746661008482,254.0,154.74746661008484,356.0,154.75746661008483,811.0
2026-03-01 09:37:22.500,AAPL,154.70913159039497,509.0,154.69913159039496,1969.0,154.68913159039496,1582.0,154.72913159039496,1167.0,154.73913159039498,1083.0,154.74913159039497,1576.0
2026-03-01 09:37:22.600,AAPL,154.76485891493903,1951.0,154.754858914939,1038.0,154.74485891493902,621.0,154.784858914939,655.0,154.79485891493903,480.0,154.80485891493902,959.0
2026-03-01 09:37:22.700,AAPL,154.71653307037136,678.0,154.70653307037134,1256.0,154.69653307037134,1529.0,154.73653307037134,591.0,154.74653307037136,1156.0,154.75653307037135,231.0
2026-03-01 09:37:22.800,AAPL,154.83100993261368,109.0,154.82100993261366,726.0,154.81100993261367,201.0,154.85100993261366,235.0,154.86100993261368,344.0,154.87100993261367,1734.0
2026-03-01 09:37:22.900,AAPL,154.78384492077225,286.0,154.77384492077223,1821.0,154.76384492077224,1854.0,154.80384492077224,448.0,154.81384492077225,1034.0,154.82384492077225,1669.0
2026-03-01 09:37:23.000,AAPL,154.71339253421752,1421.0,154.7033925342175,586.0,154.6933925342175,1827.0,154.7333925342175,583.0,154.74339253421752,1905.0,154.7533925342175,644.0
2026-03-01 09:37:23.100,AAPL,154.7978077754837,537.0,154.78780777548369,1124.0,154.7778077754837,1058.0,154.8178077754837,1690.0,154.8278077754837,564.0,154.8378077754837,1526.0
2026-03-01 09:37:23.200,AAPL,154.86387055547556,131.0,154.85387055547554,1114.0,154.84387055547555,1082.0,154.88387055547554,1366.0,154.89387055547556,484.0,154.90387055547555,895.0
2026-03-01 09:37:23.300,AAPL,154.85475311558773,853.0,154.8447531155877,421.0,154.83475311558772,1767.0,154.8747531155877,278.0,154.88475311558773,653.0,154.89475311558772,1888.0
2026-03-01 09:37:23.400,AAPL,154.87381973134396,855.0,154.86381973134394,1273.0,154.85381973134395,1238.0,154.89381973134394,150.0,154.90381973134396,847.0,154.91381973134395,219.0
2026-03-01 09:37:23.500,AAPL,154.89414818729907,1779.0,154.88414818729905,1382.0,154.87414818729906,555.0,154.91414818729905,457.0,154.92414818729907,1172.0,154.93414818729906,1028.0
2026-03-01 09:37:23.600,AAPL,154.90098380873624,1389.0,154.89098380873622,1180.0,154.88098380873623,713.0,154.92098380873622,1802.0,154.93098380873624,594.0,154.94098380873623,997.0
2026-03-01 09:37:23.700,AAPL,154.83615983181272,1748.0,154.8261598318127,1436.0,154.8161598318127,1023.0,154.8561598318127,931.0,154.86615983181272,132.0,154.8761598318127,307.0
2026-03-01 09:37:23.800,AAPL,154.7120614726794,121.0,154.7020614726794,721.0,154.6920614726794,1156.0,154.7320614726794,1341.0,154.7420614726794,1952.0,154.7520614726794,646.0
2026-03-01 09:37:23.900,AAPL,154.66982516356325,358.0,154.65982516356323,1321.0,154.64982516356324,700.0,154.68982516356323,1567.0,154.69982516356325,768.0,154.70982516356324,1403.0
2026-03-01 09:37:24.000,AAPL,154.76063288413178,1154.0,154.75063288413176,1492.0,154.74063288413177,1352.0,154.78063288413176,1192.0,154.79063288413178,1043.0,154.80063288413177,778.0
2026-03-01 09:37:24.100,AAPL,154.85340355926812,1318.0,154.8434035592681,472.0,154.8334035592681,1077.0,154.8734035592681,551.0,154.88340355926812,399.0,154.8934035592681,1600.0
2026-03-01 09:37:24.200,AAPL,154.8403117110435,1955.0,154.8303117110435,612.0,154.8203117110435,470.0,154.8603117110435,153.0,154.8703117110435,1230.0,154.8803117110435,1399.0
2026-03-01 09:37:24.300,AAPL,154.7924134999173,492.0,154.78241349991728,1434.0,154.7724134999173,1450.0,154.81241349991728,1705.0,154.8224134999173,258.0,154.8324134999173,890.0
2026-03-01 09:37:24.400,AAPL,154.80631956090377,239.0,154.79631956090375,927.0,154.78631956090376,453.0,154.82631956090376,1147.0,154.83631956090377,1928.0,154.84631956090377,1850.0
2026-03-01 09:37:24.500,AAPL,154.82826862067714,668.0,154.81826862067712,1410.0,154.80826862067713,1990.0,154.84826862067712,1997.0,154.85826862067714,461.0,154.86826862067713,246.0
2026-03-01 09:37:24.600,AAPL,154.85830459664183,1803.0,154.8483045966418,541.0,154.83830459664182,1475.0,154.8783045966418,1609.0,154.88830459664183,797.0,154.89830459664182,1357.0
2026-03-01 09:37:24.700,AAPL,154.73195316249996,1445.0,154.72195316249994,1394.0,154.71195316249995,1636.0,154.75195316249994,645.0,154.76195316249996,999.0,154.77195316249995,1656.0
2026-03-01 09:37:24.800,AAPL,154.88984097169123,1177.0,154.8798409716912,588.0,154.86984097169122,827.0,154.9098409716912,135.0,154.91984097169123,1239.0,154.92984097169122,1468.0
2026-03-01 09:37:24.900,AAPL,154.9464647050934,334.0,154.93646470509339,1305.0,154.9264647050934,685.0,154.9664647050934,1464.0,154.9764647050934,204.0,154.9864647050934,1474.0
2026-03-01 09:37:25.000,AAPL,154.9365715199064,1296.0,154.9265715199064,987.0,154.9165715199064,734.0,154.9565715199064,1143.0,154.9665715199064,1530.0,154.9765715199064,542.0
2026-03-01 09:37:25.100,AAPL,154.90064763839837,1154.0,154.89064763839835,885.0,154.88064763839836,1342.0,154.92064763839835,712.0,154.93064763839837,313.0,154.94064763839836,1523.0
2026-03-01 09:37:25.200,AAPL,154.95001292310235,622.0,154.94001292310233,771.0,154.93001292310234,335.0,154.97001292310233,918.0,154.98001292310235,658.0,154.99001292310234,846.0
2026-03-01 09:37:25.300,AAPL,154.97478265385408,1520.0,154.96478265385406,1655.0,154.95478265385407,1505.0,154.99478265385406,330.0,155.00478265385408,1500.0,155.01478265385407,538.0
2026-03-01 09:37:25.400,AAPL,154.9793900282558,1709.0,154.9693900282558,1906.0,154.9593900282558,1408.0,154.9993900282558,1869.0,155.0093900282558,269.0,155.0193900282558,936.0
2026-03-01 09:37:25.500,AAPL,155.00230675993785,1751.0,154.99230675993783,792.0,154.98230675993784,1293.0,155.02230675993783,1438.0,155.03230675993785,694.0,155.04230675993784,1156.0
2026-03-01 09:37:25.600,AAPL,154.99667077972663,263.0,154.9866707797266,1280.0,154.97667077972662,1386.0,155.0166707797266,753.0,155.02667077972663,1156.0,155.03667077972662,647.0
2026-03-01 09:37:25.700,AAPL,155.01676389301247,1535.0,155.00676389301245,1045.0,154.99676389301246,1292.0,155.03676389301245,812.0,155.04676389301247,492.0,155.05676389301246,1621.0
2026-03-01 09:37:25.800,AAPL,155.05308203556015,880.0,155.04308203556013,1544.0,155.03308203556014,244.0,155.07308203556013,1642.0,155.08308203556015,443.0,155.09308203556014,481.0
2026-03-01 09:37:25.900,AAPL,155.07024787926426,1168.0,155.06024787926424,1228.0,155.05024787926425,779.0,155.09024787926424,129.0,155.10024787926426,644.0,155.11024787926425,1943.0
2026-03-01 09:37:26.000,AAPL,155.08479397418034,135.0,155.07479397418032,142.0,155.06479397418033,488.0,155.10479397418032,232.0,155.11479397418034,1841.0,155.12479397418033,1246.0
2026-03-01 09:37:26.100,AAPL,155.1544369808409,1061.0,155.14443698084088,1567.0,155.1344369808409,276.0,155.17443698084088,1594.0,155.1844369808409,784.0,155.1944369808409,800.0
2026-03-01 09:37:26.200,AAPL,155.07458162486998,1664.0,155.06458162486996,1745.0,155.05458162486997,294.0,155.09458162486996,601.0,155.10458162486998,961.0,155.11458162486997,1983.0
2026-03-01 09:37:26.300,AAPL,155.03468751094206,704.0,155.02468751094204,1718.0,155.01468751094205,1115.0,155.05468751094205,1669.0,155.06468751094206,1604.0,155.07468751094206,513.0
2026-03-01 09:37:26.400,AAPL,155.03601554524113,202.0,155.0260155452411,1438.0,155.01601554524112,402.0,155.0560155452411,562.0,155.06601554524113,1878.0,155.07601554524112,1050.0
2026-03-01 09:37:26.500,AAPL,154.99952216609466,182.0,154.98952216609464,1269.0,154.97952216609465,556.0,155.01952216609465,875.0,155.02952216609467,320.0,155.03952216609466,1224.0
2026-03-01 09:37:26.600,AAPL,154.97972053918247,269.0,154.96972053918245,1041.0,154.95972053918246,1607.0,154.99972053918245,1979.0,155.00972053918247,717.0,155.01972053918246,1858.0
2026-03-01 09:37:26.700,AAPL,155.04410762832697,1569.0,155.03410762832695,1135.0,155.02410762832696,1370.0,155.06410762832695,1285.0,155.07410762832697,1626.0,155.08410762832696,1684.0
2026-03-01 09:37:26.800,AAPL,155.03665907962906,1229.0,155.02665907962904,424.0,155.01665907962905,490.0,155.05665907962904,1780.0,155.06665907962906,1478.0,155.07665907962905,1735.0
2026-03-01 09:37:26.900,AAPL,154.94519852824337,416.0,154.93519852824335,297.0,154.92519852824336,1319.0,154.96519852824335,991.0,154.97519852824337,1251.0,154.98519852824336,805.0
2026-03-01 09:37:27.000,AAPL,154.92403144177666,792.0,154.91403144177664,704.0,154.90403144177665,401.0,154.94403144177664,407.0,154.95403144177666,1822.0,154.96403144177665,1067.0
2026-03-01 09:37:27.100,AAPL,154.92693710048334,262.0,154.91693710048332,880.0,154.90693710048333,560.0,154.94693710048332,1504.0,154.95693710048334,564.0,154.96693710048334,230.0
2026-03-01 09:37:27.200,AAPL,154.92892157710617,1551.0,154.91892157710615,472.0,154.90892157710616,663.0,154.94892157710615,658.0,154.95892157710617,1968.0,154.96892157710616,1874.0
2026-03-01 09:37:27.300,AAPL,154.9567234491735,781.0,154.94672344917348,1773.0,154.93672344917348,1808.0,154.97672344917348,789.0,154.9867234491735,937.0,154.9967234491735,1771.0
2026-03-01 09:37:27.400,AAPL,154.98044287791126,1766.0,154.97044287791124,1426.0,154.96044287791125,307.0,155.00044287791124,644.0,155.01044287791126,1847.0,155.02044287791125,237.0
2026-03-01 09:37:27.500,AAPL,154.97350157298496,1372.0,154.96350157298494,539.0,154.95350157298495,753.0,154.99350157298494,698.0,155.00350157298496,374.0,155.01350157298495,888.0
2026-03-01 09:37:27.600,AAPL,154.91384958507268,192.0,154.90384958507266,988.0,154.89384958507267,568.0,154.93384958507266,565.0,154.94384958507268,674.0,154.95384958507267,1255.0
2026-03-01 09:37:27.700,AAPL,154.8917926224908,1418.0,154.8817926224908,348.0,154.8717926224908,464.0,154.9117926224908,1149.0,154.9217926224908,976.0,154.9317926224908,1253.0
2026-03-01 09:37:27.800,AAPL,154.86065379465973,1441.0,154.8506537946597,1975.0,154.84065379465972,100.0,154.8806537946597,1680.0,154.89065379465973,597.0,154.90065379465972,166.0
2026-03-01 09:37:27.900,AAPL,154.8463986045254,583.0,154.83639860452539,676.0,154.8263986045254,1380.0,154.8663986045254,1689.0,154.8763986045254,1816.0,154.8863986045254,1477.0
2026-03-01 09:37:28.000,AAPL,154.88095703128832,310.0,154.8709570312883,1491.0,154.8609570312883,1164.0,154.9009570312883,220.0,154.91095703128832,426.0,154.9209570312883,1364.0
2026-03-01 09:37:28.100,AAPL,154.9011621687665,999.0,154.89116216876647,258.0,154.88116216876648,1342.0,154.92116216876647,1695.0,154.9311621687665,1501.0,154.94116216876648,1233.0
2026-03-01 09:37:28.200,AAPL,154.9423624544536,1944.0,154.93236245445357,550.0,154.92236245445358,1878.0,154.96236245445357,852.0,154.9723624544536,229.0,154.98236245445358,1318.0
2026-03-01 09:37:28.300,AAPL,154.92315829427343,541.0,154.91315829427342,1027.0,154.90315829427342,301.0,154.94315829427342,498.0,154.95315829427344,1067.0,154.96315829427343,1508.0
2026-03-01 09:37:28.400,AAPL,154.99857633268766,1870.0,154.98857633268764,1224.0,154.97857633268765,1525.0,155.01857633268764,793.0,155.02857633268766,768.0,155.03857633268765,1142.0
2026-03-01 09:37:28.500,AAPL,155.0322182583175,389.0,155.02221825831748,1441.0,155.0122182583175,997.0,155.05221825831748,497.0,155.0622182583175,579.0,155.0722182583175,1581.0
2026-03-01 09:37:28.600,AAPL,155.0378299924096,365.0,155.02782999240958,542.0,155.0178299924096,1726.0,155.05782999240958,1677.0,155.0678299924096,1901.0,155.0778299924096,1284.0
2026-03-01 09:37:28.700,AAPL,155.0679973216285,1448.0,155.05799732162848,1166.0,155.0479973216285,900.0,155.08799732162848,1157.0,155.0979973216285,214.0,155.1079973216285,1327.0
2026-03-01 09:37:28.800,AAPL,155.03420930089695,663.0,155.02420930089693,1372.0,155.01420930089694,1665.0,155.05420930089693,559.0,155.06420930089695,302.0,155.07420930089694,314.0
2026-03-01 09:37:28.900,AAPL,154.92877159009893,1521.0,154.9187715900989,214.0,154.90877159009892,758.0,154.94877159009891,1137.0,154.95877159009893,855.0,154.96877159009892,1843.0
2026-03-01 09:37:29.000,AAPL,154.89843677164544,1715.0,154.88843677164542,1486.0,154.87843677164543,1141.0,154.91843677164542,1429.0,154.92843677164544,686.0,154.93843677164543,695.0
2026-03-01 09:37:29.100,AAPL,154.93580961950755,1109.0,154.92580961950753,327.0,154.91580961950754,753.0,154.95580961950753,674.0,154.96580961950755,156.0,154.97580961950754,1142.0
2026-03-01 09:37:29.200,AAPL,154.93982042149202,183.0,154.929820421492,1397.0,154.919820421492,827.0,154.959820421492,1077.0,154.96982042149202,241.0,154.979820421492,1244.0
2026-03-01 09:37:29.300,AAPL,154.93297869785812,558.0,154.9229786978581,1608.0,154.9129786978581,725.0,154.9529786978581,1847.0,154.96297869785812,1149.0,154.9729786978581,380.0
2026-03-01 09:37:29.400,AAPL,154.8905866943192,1036.0,154.8805866943192,164.0,154.8705866943192,785.0,154.9105866943192,886.0,154.9205866943192,298.0,154.9305866943192,558.0
2026-03-01 09:37:29.500,AAPL,154.7927954030234,352.0,154.78279540302339,119.0,154.7727954030234,193.0,154.8127954030234,1496.0,154.8227954030234,274.0,154.8327954030234,1426.0
2026-03-01 09:37:29.600,AAPL,154.86403768406413,1519.0,154.8540376840641,1418.0,154.84403768406412,940.0,154.8840376840641,1858.0,154.89403768406413,1050.0,154.90403768406412,914.0
2026-03-01 09:37:29.700,AAPL,154.85364294697357,804.0,154.84364294697355,1784.0,154.83364294697355,1861.0,154.87364294697355,694.0,154.88364294697357,403.0,154.89364294697356,1724.0
2026-03-01 09:37:29.800,AAPL,154.8321660478787,1451.0,154.82216604787868,898.0,154.8121660478787,1991.0,154.85216604787868,1788.0,154.8621660478787,356.0,154.8721660478787,1786.0
2026-03-01 09:37:29.900,AAPL,154.7985837345241,1869.0,154.78858373452408,1703.0,154.7785837345241,356.0,154.81858373452408,1413.0,154.8285837345241,1015.0,154.8385837345241,190.0
2026-03-01 09:37:30.000,AAPL,154.86130985840543,1701.0,154.85130985840541,515.0,154.84130985840542,492.0,154.88130985840542,1167.0,154.89130985840544,947.0,154.90130985840543,1273.0
2026-03-01 09:37:30.100,AAPL,154.90537739902442,1129.0,154.8953773990244,900.0,154.8853773990244,438.0,154.9253773990244,1642.0,154.93537739902442,1296.0,154.9453773990244,1262.0
2026-03-01 09:37:30.200,AAPL,154.85701542581387,830.0,154.84701542581385,956.0,154.83701542581386,1095.0,154.87701542581385,1123.0,154.88701542581387,680.0,154.89701542581386,992.0
2026-03-01 09:37:30.300,AAPL,154.91524257406604,748.0,154.90524257406602,494.0,154.89524257406603,710.0,154.93524257406602,1134.0,154.94524257406604,816.0,154.95524257406603,201.0
2026-03-01 09:37:30.400,AAPL,154.90798905311996,664.0,154.89798905311994,1056.0,154.88798905311995,1975.0,154.92798905311994,103.0,154.93798905311996,1741.0,154.94798905311995,737.0
2026-03-01 09:37:30.500,AAPL,154.87746194372062,410.0,154.8674619437206,352.0,154.8574619437206,986.0,154.8974619437206,1130.0,154.90746194372062,855.0,154.9174619437206,1540.0
2026-03-01 09:37:30.600,AAPL,154.86278132438073,611.0,154.85278132438071,599.0,154.84278132438072,1856.0,154.88278132438072,747.0,154.89278132438073,435.0,154.90278132438073,260.0
2026-03-01 09:37:30.700,AAPL,154.82361646185498,1353.0,154.81361646185496,122.0,154.80361646185497,184.0,154.84361646185496,1609.0,154.85361646185498,1737.0,154.86361646185497,1312.0
2026-03-01 09:37:30.800,AAPL,154.75757260671756,1319.0,154.74757260671754,1706.0,154.73757260671755,1110.0,154.77757260671754,1499.0,154.78757260671756,1896.0,154.79757260671755,442.0
2026-03-01 09:37:30.900,AAPL,154.79637915499296,1487.0,154.78637915499294,693.0,154.77637915499295,323.0,154.81637915499294,465.0,154.82637915499296,1145.0,154.83637915499295,1450.0
2026-03-01 09:37:31.000,AAPL,154.7853439120414,1242.0,154.7753439120414,1848.0,154.7653439120414,165.0,154.8053439120414,1669.0,154.8153439120414,1853.0,154.8253439120414,1814.0
2026-03-01 09:37:31.100,AAPL,154.81620438872366,791.0,154.80620438872364,324.0,154.79620438872365,261.0,154.83620438872364,863.0,154.84620438872366,1641.0,154.85620438872365,730.0
2026-03-01 09:37:31.200,AAPL,154.83056505528015,721.0,154.82056505528013,1095.0,154.81056505528014,1119.0,154.85056505528013,835.0,154.86056505528015,1573.0,154.87056505528014,1822.0
2026-03-01 09:37:31.300,AAPL,154.85799211084782,1873.0,154.8479921108478,946.0,154.8379921108478,1162.0,154.8779921108478,954.0,154.88799211084782,1709.0,154.8979921108478,1492.0
2026-03-01 09:37:31.400,AAPL,154.75569277057744,1433.0,154.74569277057742,1675.0,154.73569277057743,1834.0,154.77569277057742,1642.0,154.78569277057744,1489.0,154.79569277057743,1119.0
2026-03-01 09:37:31.500,AAPL,154.7123547581096,1782.0,154.70235475810958,1104.0,154.6923547581096,1429.0,154.73235475810958,1409.0,154.7423547581096,198.0,154.7523547581096,329.0
2026-03-01 09:37:31.600,AAPL,154.74082299587968,1801.0,154.73082299587966,774.0,154.72082299587967,243.0,154.76082299587966,1322.0,154.77082299587968,732.0,154.78082299587967,1265.0
2026-03-01 09:37:31.700,AAPL,154.6770814611729,727.0,154.66708146117287,1996.0,154.65708146117288,1562.0,154.69708146117287,1949.0,154.7070814611729,474.0,154.71708146117288,1197.0
2026-03-01 09:37:31.800,AAPL,154.6957347153635,1998.0,154.68573471536348,1387.0,154.6757347153635,1546.0,154.71573471536348,1935.0,154.7257347153635,1818.0,154.7357347153635,938.0
2026-03-01 09:37:31.900,AAPL,154.62619948636257,486.0,154.61619948636255,1345.0,154.60619948636256,1568.0,154.64619948636255,268.0,154.65619948636257,297.0,154.66619948636256,144.0
2026-03-01 09:37:32.000,AAPL,154.6270216855373,1256.0,154.61702168553728,163.0,154.6070216855373,1487.0,154.64702168553728,1029.0,154.6570216855373,116.0,154.6670216855373,1830.0
2026-03-01 09:37:32.100,AAPL,154.70752120523412,1357.0,154.6975212052341,1849.0,154.6875212052341,235.0,154.7275212052341,999.0,154.73752120523412,178.0,154.7475212052341,1668.0
2026-03-01 09:37:32.200,AAPL,154.7462512110007,475.0,154.73625121100068,317.0,154.7262512110007,1404.0,154.76625121100068,155.0,154.7762512110007,1772.0,154.7862512110007,827.0
2026-03-01 09:37:32.300,AAPL,154.65371416362865,1385.0,154.64371416362863,259.0,154.63371416362864,864.0,154.67371416362863,415.0,154.68371416362865,1541.0,154.69371416362864,920.0
2026-03-01 09:37:32.400,AAPL,154.69613273384448,1530.0,154.68613273384446,1033.0,154.67613273384447,1019.0,154.71613273384446,1353.0,154.72613273384448,427.0,154.73613273384447,1186.0
2026-03-01 09:37:32.500,AAPL,154.78724464518095,793.0,154.77724464518093,350.0,154.76724464518094,1848.0,154.80724464518093,1820.0,154.81724464518095,942.0,154.82724464518094,1658.0
2026-03-01 09:37:32.600,AAPL,154.92709544568902,1776.0,154.917095445689,1696.0,154.907095445689,1175.0,154.947095445689,1623.0,154.95709544568902,207.0,154.967095445689,1648.0
2026-03-01 09:37:32.700,AAPL,154.95084923256246,1935.0,154.94084923256244,204.0,154.93084923256245,1338.0,154.97084923256244,1940.0,154.98084923256246,862.0,154.99084923256245,1150.0
2026-03-01 09:37:32.800,AAPL,154.8826282363682,579.0,154.87262823636817,787.0,154.86262823636818,1439.0,154.90262823636817,1959.0,154.9126282363682,1437.0,154.92262823636818,787.0
2026-03-01 09:37:32.900,AAPL,154.90436213526942,932.0,154.8943621352694,563.0,154.8843621352694,797.0,154.9243621352694,590.0,154.93436213526942,762.0,154.94436213526942,1836.0
2026-03-01 09:37:33.000,AAPL,154.9841638151865,665.0,154.97416381518647,1899.0,154.96416381518648,772.0,155.00416381518647,1756.0,155.0141638151865,1449.0,155.02416381518648,1239.0
2026-03-01 09:37:33.100,AAPL,154.97480940619897,267.0,154.96480940619895,661.0,154.95480940619896,1604.0,154.99480940619895,1368.0,155.00480940619897,1079.0,155.01480940619896,776.0
2026-03-01 09:37:33.200,AAPL,155.0269648523431,230.0,155.01696485234308,1674.0,155.0069648523431,1001.0,155.04696485234308,1395.0,155.0569648523431,1552.0,155.0669648523431,1010.0
2026-03-01 09:37:33.300,AAPL,154.98498470239923,1811.0,154.9749847023992,826.0,154.96498470239922,1873.0,155.0049847023992,1893.0,155.01498470239923,1201.0,155.02498470239922,796.0
2026-03-01 09:37:33.400,AAPL,155.00360236505557,1919.0,154.99360236505555,778.0,154.98360236505556,1015.0,155.02360236505555,1402.0,155.03360236505557,1271.0,155.04360236505556,1373.0
2026-03-01 09:37:33.500,AAPL,154.87912338929706,1265.0,154.86912338929704,236.0,154.85912338929705,809.0,154.89912338929705,1917.0,154.90912338929706,1648.0,154.91912338929706,1979.0
2026-03-01 09:37:33.600,AAPL,154.83160662020524,462.0,154.82160662020522,1024.0,154.81160662020523,780.0,154.85160662020522,1541.0,154.86160662020524,1887.0,154.87160662020523,214.0
2026-03-01 09:37:33.700,AAPL,154.83130058784113,1952.0,154.8213005878411,1693.0,154.81130058784112,1637.0,154.8513005878411,882.0,154.86130058784113,1763.0,154.87130058784112,1301.0
2026-03-01 09:37:33.800,AAPL,154.8131327513123,149.0,154.8031327513123,853.0,154.7931327513123,1533.0,154.8331327513123,619.0,154.8431327513123,1043.0,154.8531327513123,448.0
2026-03-01 09:37:33.900,AAPL,154.74810187659853,1471.0,154.7381018765985,744.0,154.72810187659852,372.0,154.7681018765985,1682.0,154.77810187659853,802.0,154.78810187659852,1618.0
2026-03-01 09:37:34.000,AAPL,154.72311906669427,246.0,154.71311906669425,747.0,154.70311906669426,385.0,154.74311906669425,126.0,154.75311906669427,711.0,154.76311906669426,104.0
2026-03-01 09:37:34.100,AAPL,154.73960181911767,1873.0,154.72960181911765,1098.0,154.71960181911766,935.0,154.75960181911765,353.0,154.76960181911767,392.0,154.77960181911766,1748.0
2026-03-01 09:37:34.200,AAPL,154.73529043976217,1643.0,154.72529043976215,326.0,154.71529043976216,414.0,154.75529043976215,1267.0,154.76529043976217,544.0,154.77529043976216,1054.0
2026-03-01 09:37:34.300,AAPL,154.7383373182557,1407.0,154.72833731825568,1524.0,154.7183373182557,1857.0,154.75833731825568,1257.0,154.7683373182557,1682.0,154.7783373182557,596.0
2026-03-01 09:37:34.400,AAPL,154.77493575840998,828.0,154.76493575840996,1150.0,154.75493575840997,647.0,154.79493575840996,1511.0,154.80493575840998,1305.0,154.81493575840997,1335.0
2026-03-01 09:37:34.500,AAPL,154.75777762337333,1885.0,154.7477776233733,1736.0,154.73777762337332,753.0,154.7777776233733,1447.0,154.78777762337333,677.0,154.79777762337332,607.0
2026-03-01 09:37:34.600,AAPL,154.8257365175259,314.0,154.8157365175259,1734.0,154.8057365175259,175.0,154.8457365175259,768.0,154.8557365175259,1172.0,154.8657365175259,698.0
2026-03-01 09:37:34.700,AAPL,154.77627296422085,1827.0,154.76627296422083,531.0,154.75627296422084,1113.0,154.79627296422083,116.0,154.80627296422085,1268.0,154.81627296422084,370.0
2026-03-01 09:37:34.800,AAPL,154.87267309187382,1502.0,154.8626730918738,703.0,154.8526730918738,1855.0,154.8926730918738,1316.0,154.90267309187382,510.0,154.9126730918738,304.0
2026-03-01 09:37:34.900,AAPL,154.92832502339854,1591.0,154.91832502339852,648.0,154.90832502339853,936.0,154.94832502339852,1228.0,154.95832502339854,1498.0,154.96832502339853,317.0
2026-03-01 09:37:35.000,AAPL,154.91052513437293,1464.0,154.9005251343729,1301.0,154.89052513437292,1885.0,154.9305251343729,1149.0,154.94052513437293,1811.0,154.95052513437292,721.0
2026-03-01 09:37:35.100,AAPL,154.89605919916139,1472.0,154.88605919916137,1846.0,154.87605919916138,1443.0,154.91605919916137,762.0,154.9260591991614,1832.0,154.93605919916138,1108.0
2026-03-01 09:37:35.200,AAPL,154.90639597874195,1522.0,154.89639597874194,1206.0,154.88639597874194,893.0,154.92639597874194,343.0,154.93639597874196,1738.0,154.94639597874195,1466.0
2026-03-01 09:37:35.300,AAPL,154.93632952523555,1455.0,154.92632952523553,157.0,154.91632952523554,1702.0,154.95632952523553,1983.0,154.96632952523555,865.0,154.97632952523554,692.0
2026-03-01 09:37:35.400,AAPL,154.99105693899725,1851.0,154.98105693899723,689.0,154.97105693899724,450.0,155.01105693899723,1451.0,155.02105693899725,667.0,155.03105693899724,1543.0
2026-03-01 09:37:35.500,AAPL,154.92402737659648,1448.0,154.91402737659647,595.0,154.90402737659647,642.0,154.94402737659647,830.0,154.95402737659649,743.0,154.96402737659648,1282.0
2026-03-01 09:37:35.600,AAPL,154.94589950769955,544.0,154.93589950769953,1799.0,154.92589950769954,1907.0,154.96589950769953,293.0,154.97589950769955,447.0,154.98589950769954,1594.0
2026-03-01 09:37:35.700,AAPL,154.84007379507642,578.0,154.8300737950764,218.0,154.8200737950764,259.0,154.8600737950764,1335.0,154.87007379507642,457.0,154.8800737950764,1023.0
2026-03-01 09:37:35.800,AAPL,154.83120877078463,1347.0,154.8212087707846,1232.0,154.81120877078462,1286.0,154.8512087707846,663.0,154.86120877078463,1467.0,154.87120877078462,961.0
2026-03-01 09:37:35.900,AAPL,154.903904395974,1179.0,154.89390439597398,1452.0,154.88390439597399,633.0,154.92390439597398,134.0,154.933904395974,1718.0,154.943904395974,1400.0
2026-03-01 09:37:36.000,AAPL,154.83302394436308,1860.0,154.82302394436306,1708.0,154.81302394436307,1485.0,154.85302394436306,1235.0,154.86302394436308,110.0,154.87302394436307,962.0
2026-03-01 09:37:36.100,AAPL,154.7530620550615,1732.0,154.74306205506147,1344.0,154.73306205506148,1813.0,154.77306205506147,1248.0,154.7830620550615,1179.0,154.79306205506148,448.0
2026-03-01 09:37:36.200,AAPL,154.7641018100389,1433.0,154.7541018100389,387.0,154.7441018100389,1308.0,154.7841018100389,994.0,154.7941018100389,325.0,154.8041018100389,1448.0
2026-03-01 09:37:36.300,AAPL,154.83347326824753,617.0,154.8234732682475,1045.0,154.81347326824752,1236.0,154.8534732682475,1143.0,154.86347326824753,1252.0,154.87347326824752,1234.0
2026-03-01 09:37:36.400,AAPL,154.8497430408018,1099.0,154.83974304080178,336.0,154.8297430408018,559.0,154.86974304080178,1948.0,154.8797430408018,1762.0,154.8897430408018,264.0
2026-03-01 09:37:36.500,AAPL,154.7545121459577,1830.0,154.74451214595769,490.0,154.7345121459577,339.0,154.7745121459577,856.0,154.7845121459577,1138.0,154.7945121459577,1602.0
2026-03-01 09:37:36.600,AAPL,154.6703557253054,1590.0,154.66035572530538,1609.0,154.6503557253054,1606.0,154.69035572530538,949.0,154.7003557253054,698.0,154.7103557253054,1974.0
2026-03-01 09:37:36.700,AAPL,154.67524304695186,1994.0,154.66524304695184,129.0,154.65524304695185,367.0,154.69524304695184,1348.0,154.70524304695186,121.0,154.71524304695185,1702.0
2026-03-01 09:37:36.800,AAPL,154.6162809259871,983.0,154.60628092598708,1407.0,154.5962809259871,1392.0,154.63628092598708,1659.0,154.6462809259871,710.0,154.6562809259871,220.0
2026-03-01 09:37:36.900,AAPL,154.62311524068238,1578.0,154.61311524068236,483.0,154.60311524068237,1012.0,154.64311524068236,1601.0,154.65311524068238,1380.0,154.66311524068237,432.0
2026-03-01 09:37:37.000,AAPL,154.6329149963457,1436.0,154.62291499634568,1691.0,154.6129149963457,659.0,154.6529149963457,917.0,154.6629149963457,331.0,154.6729149963457,466.0
2026-03-01 09:37:37.100,AAPL,154.60842712081282,826.0,154.5984271208128,1626.0,154.5884271208128,820.0,154.6284271208128,1323.0,154.63842712081282,763.0,154.6484271208128,106.0
2026-03-01 09:37:37.200,AAPL,154.69916483551026,375.0,154.68916483551024,1259.0,154.67916483551025,440.0,154.71916483551024,1771.0,154.72916483551026,391.0,154.73916483551025,256.0
2026-03-01 09:37:37.300,AAPL,154.72868819575697,1053.0,154.71868819575695,1435.0,154.70868819575696,1741.0,154.74868819575696,1393.0,154.75868819575697,506.0,154.76868819575697,573.0
2026-03-01 09:37:37.400,AAPL,154.7892677396967,1718.0,154.77926773969668,1153.0,154.7692677396967,1277.0,154.80926773969668,331.0,154.8192677396967,1518.0,154.8292677396967,341.0
2026-03-01 09:37:37.500,AAPL,154.83529682761028,1592.0,154.82529682761026,840.0,154.81529682761027,325.0,154.85529682761026,254.0,154.86529682761028,723.0,154.87529682761027,253.0
2026-03-01 09:37:37.600,AAPL,154.8277931495128,475.0,154.81779314951277,162.0,154.80779314951278,653.0,154.84779314951277,1876.0,154.8577931495128,1271.0,154.86779314951278,908.0
2026-03-01 09:37:37.700,AAPL,154.8180707869458,314.0,154.8080707869458,723.0,154.7980707869458,1866.0,154.8380707869458,1865.0,154.8480707869458,1328.0,154.8580707869458,553.0
2026-03-01 09:37:37.800,AAPL,154.80318978510437,1713.0,154.79318978510435,686.0,154.78318978510435,901.0,154.82318978510435,105.0,154.83318978510437,1481.0,154.84318978510436,1394.0
2026-03-01 09:37:37.900,AAPL,154.8372448977294,1080.0,154.82724489772937,255.0,154.81724489772938,651.0,154.85724489772937,1564.0,154.8672448977294,1779.0,154.87724489772938,449.0
2026-03-01 09:37:38.000,AAPL,154.80472663886079,1087.0,154.79472663886077,665.0,154.78472663886077,1968.0,154.82472663886077,332.0,154.8347266388608,1821.0,154.84472663886078,530.0
2026-03-01 09:37:38.100,AAPL,154.89097828596252,652.0,154.8809782859625,1376.0,154.8709782859625,1398.0,154.9109782859625,191.0,154.92097828596252,1701.0,154.9309782859625,585.0
2026-03-01 09:37:38.200,AAPL,154.8536848207789,131.0,154.8436848207789,845.0,154.8336848207789,955.0,154.8736848207789,181.0,154.8836848207789,191.0,154.8936848207789,1266.0
2026-03-01 09:37:38.300,AAPL,154.86440857439376,1804.0,154.85440857439374,1693.0,154.84440857439375,1300.0,154.88440857439375,293.0,154.89440857439376,1504.0,154.90440857439376,348.0
2026-03-01 09:37:38.400,AAPL,154.85295453379146,1187.0,154.84295453379144,1136.0,154.83295453379145,1003.0,154.87295453379144,360.0,154.88295453379146,1182.0,154.89295453379145,180.0
2026-03-01 09:37:38.500,AAPL,154.83041486807213,1437.0,154.8204148680721,254.0,154.81041486807212,815.0,154.8504148680721,1626.0,154.86041486807213,1346.0,154.87041486807212,441.0
2026-03-01 09:37:38.600,AAPL,154.9390322106953,1366.0,154.92903221069528,350.0,154.9190322106953,1944.0,154.95903221069528,1219.0,154.9690322106953,371.0,154.9790322106953,703.0
2026-03-01 09:37:38.700,AAPL,154.9170794936247,769.0,154.90707949362468,104.0,154.8970794936247,1689.0,154.93707949362468,544.0,154.9470794936247,1600.0,154.9570794936247,757.0
2026-03-01 09:37:38.800,AAPL,154.90184343457506,1269.0,154.89184343457504,1939.0,154.88184343457505,999.0,154.92184343457504,1727.0,154.93184343457506,1641.0,154.94184343457505,213.0
2026-03-01 09:37:38.900,AAPL,154.86863675465227,1951.0,154.85863675465225,1340.0,154.84863675465226,108.0,154.88863675465225,1632.0,154.89863675465227,1474.0,154.90863675465226,1099.0
2026-03-01 09:37:39.000,AAPL,154.87068878543673,1071.0,154.8606887854367,1809.0,154.85068878543672,106.0,154.8906887854367,205.0,154.90068878543673,1806.0,154.91068878543672,1967.0
2026-03-01 09:37:39.100,AAPL,154.86562346706958,1138.0,154.85562346706956,1076.0,154.84562346706957,1853.0,154.88562346706956,1775.0,154.89562346706958,1480.0,154.90562346706957,987.0
2026-03-01 09:37:39.200,AAPL,154.80966081053438,580.0,154.79966081053436,1013.0,154.78966081053437,360.0,154.82966081053436,143.0,154.83966081053438,685.0,154.84966081053437,1922.0
2026-03-01 09:37:39.300,AAPL,154.788442317317,1257.0,154.77844231731697,1593.0,154.76844231731698,1485.0,154.80844231731697,611.0,154.818442317317,631.0,154.82844231731698,1210.0
2026-03-01 09:37:39.400,AAPL,154.81892664445618,1917.0,154.80892664445616,1234.0,154.79892664445617,1547.0,154.83892664445617,1645.0,154.84892664445618,949.0,154.85892664445618,665.0
2026-03-01 09:37:39.500,AAPL,154.87027598692728,156.0,154.86027598692726,1146.0,154.85027598692727,338.0,154.89027598692726,693.0,154.90027598692728,1702.0,154.91027598692727,179.0
2026-03-01 09:37:39.600,AAPL,154.87147601757556,156.0,154.86147601757554,1919.0,154.85147601757555,1272.0,154.89147601757554,1675.0,154.90147601757556,1965.0,154.91147601757555,1847.0
2026-03-01 09:37:39.700,AAPL,154.8744257571082,1519.0,154.8644257571082,1534.0,154.8544257571082,1568.0,154.8944257571082,1671.0,154.9044257571082,242.0,154.9144257571082,139.0
2026-03-01 09:37:39.800,AAPL,154.85637600351996,672.0,154.84637600351994,1651.0,154.83637600351994,1919.0,154.87637600351994,1538.0,154.88637600351996,242.0,154.89637600351995,325.0
2026-03-01 09:37:39.900,AAPL,154.83125391842205,478.0,154.82125391842203,1849.0,154.81125391842204,1481.0,154.85125391842203,1508.0,154.86125391842205,1257.0,154.87125391842204,1791.0
2026-03-01 09:37:40.000,AAPL,154.78527526692795,858.0,154.77527526692793,1072.0,154.76527526692794,1190.0,154.80527526692794,1796.0,154.81527526692796,1486.0,154.82527526692795,797.0
2026-03-01 09:37:40.100,AAPL,154.707442794216,1644.0,154.697442794216,1429.0,154.687442794216,520.0,154.727442794216,1582.0,154.737442794216,196.0,154.747442794216,574.0
2026-03-01 09:37:40.200,AAPL,154.67232046051066,817.0,154.66232046051064,465.0,154.65232046051065,1367.0,154.69232046051064,1917.0,154.70232046051066,847.0,154.71232046051065,1127.0
2026-03-01 09:37:40.300,AAPL,154.71752310387768,895.0,154.70752310387766,863.0,154.69752310387767,1512.0,154.73752310387766,1693.0,154.74752310387768,140.0,154.75752310387767,172.0
2026-03-01 09:37:40.400,AAPL,154.69630225674283,1583.0,154.6863022567428,1411.0,154.67630225674282,479.0,154.7163022567428,1791.0,154.72630225674283,588.0,154.73630225674282,1016.0
2026-03-01 09:37:40.500,AAPL,154.67900132255812,1356.0,154.6690013225581,805.0,154.6590013225581,1776.0,154.6990013225581,1431.0,154.70900132255812,1376.0,154.7190013225581,308.0
2026-03-01 09:37:40.600,AAPL,154.6607270625724,1547.0,154.65072706257237,382.0,154.64072706257238,1331.0,154.68072706257237,1290.0,154.6907270625724,1312.0,154.70072706257238,772.0
2026-03-01 09:37:40.700,AAPL,154.72296244586403,1645.0,154.712962445864,1181.0,154.70296244586402,777.0,154.742962445864,1115.0,154.75296244586403,1157.0,154.76296244586402,1884.0
2026-03-01 09:37:40.800,AAPL,154.67654331733746,1799.0,154.66654331733744,1232.0,154.65654331733745,193.0,154.69654331733744,1737.0,154.70654331733746,1151.0,154.71654331733745,283.0
2026-03-01 09:37:40.900,AAPL,154.69039598425698,843.0,154.68039598425696,869.0,154.67039598425697,1575.0,154.71039598425696,112.0,154.72039598425698,134.0,154.73039598425697,1641.0
2026-03-01 09:37:41.000,AAPL,154.68697267757847,1526.0,154.67697267757845,1848.0,154.66697267757846,124.0,154.70697267757845,1551.0,154.71697267757847,1221.0,154.72697267757846,1500.0
2026-03-01 09:37:41.100,AAPL,154.6903690188332,1936.0,154.68036901883318,1609.0,154.67036901883318,1616.0,154.71036901883318,1652.0,154.7203690188332,865.0,154.7303690188332,1173.0
2026-03-01 09:37:41.200,AAPL,154.702586539189,946.0,154.692586539189,1038.0,154.682586539189,1908.0,154.722586539189,749.0,154.73258653918901,1242.0,154.742586539189,906.0
2026-03-01 09:37:41.300,AAPL,154.70544478620243,644.0,154.69544478620242,1507.0,154.68544478620242,1054.0,154.72544478620242,1867.0,154.73544478620244,1788.0,154.74544478620243,1675.0
2026-03-01 09:37:41.400,AAPL,154.74509588053496,1329.0,154.73509588053494,1836.0,154.72509588053495,1845.0,154.76509588053494,1794.0,154.77509588053496,1670.0,154.78509588053495,943.0
2026-03-01 09:37:41.500,AAPL,154.74363301413683,1660.0,154.7336330141368,194.0,154.72363301413682,294.0,154.76363301413681,457.0,154.77363301413683,787.0,154.78363301413683,783.0
2026-03-01 09:37:41.600,AAPL,154.8308518338081,1071.0,154.8208518338081,558.0,154.8108518338081,361.0,154.8508518338081,1639.0,154.8608518338081,1600.0,154.8708518338081,1736.0
2026-03-01 09:37:41.700,AAPL,154.83307583075646,1586.0,154.82307583075644,1948.0,154.81307583075645,1445.0,154.85307583075644,1010.0,154.86307583075646,999.0,154.87307583075645,751.0
2026-03-01 09:37:41.800,AAPL,154.74790248662643,945.0,154.7379024866264,948.0,154.72790248662642,1322.0,154.7679024866264,1973.0,154.77790248662643,982.0,154.78790248662642,602.0
2026-03-01 09:37:41.900,AAPL,154.77981800453364,1785.0,154.76981800453362,417.0,154.75981800453363,201.0,154.79981800453362,680.0,154.80981800453364,156.0,154.81981800453363,1924.0
2026-03-01 09:37:42.000,AAPL,154.79942284479662,1857.0,154.7894228447966,222.0,154.7794228447966,1270.0,154.8194228447966,658.0,154.82942284479662,1438.0,154.83942284479662,1862.0
2026-03-01 09:37:42.100,AAPL,154.8010500963847,1400.0,154.79105009638468,515.0,154.7810500963847,1979.0,154.82105009638468,1407.0,154.8310500963847,946.0,154.8410500963847,1616.0
2026-03-01 09:37:42.200,AAPL,154.78807153060364,1533.0,154.77807153060363,217.0,154.76807153060363,559.0,154.80807153060363,1038.0,154.81807153060365,239.0,154.82807153060364,781.0
2026-03-01 09:37:42.300,AAPL,154.68234057728066,871.0,154.67234057728064,1016.0,154.66234057728064,1981.0,154.70234057728064,1298.0,154.71234057728066,1960.0,154.72234057728065,499.0
2026-03-01 09:37:42.400,AAPL,154.58499837416738,427.0,154.57499837416736,1672.0,154.56499837416737,913.0,154.60499837416737,1631.0,154.61499837416739,1545.0,154.62499837416738,1098.0
2026-03-01 09:37:42.500,AAPL,154.66737433519225,458.0,154.65737433519223,795.0,154.64737433519224,634.0,154.68737433519223,1650.0,154.69737433519225,930.0,154.70737433519224,1751.0
2026-03-01 09:37:42.600,AAPL,154.6380992050373,1211.0,154.62809920503727,1711.0,154.61809920503728,1488.0,154.65809920503727,837.0,154.6680992050373,1917.0,154.67809920503728,1820.0
2026-03-01 09:37:42.700,AAPL,154.68638022641488,277.0,154.67638022641486,1713.0,154.66638022641487,891.0,154.70638022641486,283.0,154.71638022641488,762.0,154.72638022641488,1755.0
2026-03-01 09:37:42.800,AAPL,154.60622856275288,1041.0,154.59622856275286,1646.0,154.58622856275286,395.0,154.62622856275286,1500.0,154.63622856275288,1463.0,154.64622856275287,1849.0
2026-03-01 09:37:42.900,AAPL,154.55388564798446,966.0,154.54388564798444,743.0,154.53388564798445,1507.0,154.57388564798444,1422.0,154.58388564798446,1191.0,154.59388564798445,792.0
2026-03-01 09:37:43.000,AAPL,154.58781769532854,664.0,154.57781769532852,1030.0,154.56781769532853,443.0,154.60781769532852,1297.0,154.61781769532854,1190.0,154.62781769532853,1804.0
2026-03-01 09:37:43.100,AAPL,154.58269264354362,754.0,154.5726926435436,1899.0,154.5626926435436,1239.0,154.6026926435436,773.0,154.61269264354362,603.0,154.62269264354362,951.0
2026-03-01 09:37:43.200,AAPL,154.6095760021431,299.0,154.59957600214307,1912.0,154.58957600214308,1642.0,154.62957600214307,1683.0,154.6395760021431,359.0,154.64957600214308,1828.0
2026-03-01 09:37:43.300,AAPL,154.6088943738466,1165.0,154.59889437384658,1083.0,154.58889437384659,1556.0,154.62889437384658,246.0,154.6388943738466,1653.0,154.6488943738466,1630.0
2026-03-01 09:37:43.400,AAPL,154.59851077564628,1511.0,154.58851077564626,1010.0,154.57851077564627,630.0,154.61851077564626,1506.0,154.62851077564628,481.0,154.63851077564627,543.0
2026-03-01 09:37:43.500,AAPL,154.56450858423753,1897.0,154.5545085842375,604.0,154.54450858423752,1821.0,154.5845085842375,1702.0,154.59450858423753,690.0,154.60450858423752,526.0
2026-03-01 09:37:43.600,AAPL,154.50480845144102,129.0,154.494808451441,188.0,154.484808451441,1009.0,154.524808451441,611.0,154.53480845144102,1537.0,154.544808451441,1174.0
2026-03-01 09:37:43.700,AAPL,154.57494351592766,1817.0,154.56494351592764,187.0,154.55494351592765,1017.0,154.59494351592764,842.0,154.60494351592766,392.0,154.61494351592765,1771.0
2026-03-01 09:37:43.800,AAPL,154.65330897123414,528.0,154.64330897123412,1513.0,154.63330897123413,993.0,154.67330897123412,247.0,154.68330897123414,1410.0,154.69330897123413,732.0
2026-03-01 09:37:43.900,AAPL,154.6013738234969,143.0,154.5913738234969,1876.0,154.5813738234969,1911.0,154.6213738234969,1319.0,154.63137382349692,171.0,154.6413738234969,1489.0
2026-03-01 09:37:44.000,AAPL,154.5461698683966,1973.0,154.53616986839657,1372.0,154.52616986839658,1496.0,154.56616986839657,1880.0,154.5761698683966,1221.0,154.58616986839658,1123.0
2026-03-01 09:37:44.100,AAPL,154.5287812112755,1740.0,154.51878121127547,1371.0,154.50878121127548,1460.0,154.54878121127547,1108.0,154.5587812112755,966.0,154.56878121127548,196.0
2026-03-01 09:37:44.200,AAPL,154.54580296201863,692.0,154.5358029620186,1115.0,154.52580296201862,1827.0,154.5658029620186,1615.0,154.57580296201863,115.0,154.58580296201862,921.0
2026-03-01 09:37:44.300,AAPL,154.5367120516208,101.0,154.5267120516208,676.0,154.5167120516208,588.0,154.5567120516208,248.0,154.5667120516208,1524.0,154.5767120516208,291.0
2026-03-01 09:37:44.400,AAPL,154.56168805488318,1770.0,154.55168805488316,1946.0,154.54168805488317,919.0,154.58168805488316,343.0,154.59168805488318,1827.0,154.60168805488317,267.0
2026-03-01 09:37:44.500,AAPL,154.5592256075026,537.0,154.5492256075026,1769.0,154.5392256075026,494.0,154.5792256075026,1772.0,154.5892256075026,933.0,154.5992256075026,789.0
2026-03-01 09:37:44.600,AAPL,154.55349405043015,712.0,154.54349405043013,1380.0,154.53349405043014,1634.0,154.57349405043013,1395.0,154.58349405043015,211.0,154.59349405043014,1619.0
2026-03-01 09:37:44.700,AAPL,154.67414798726864,255.0,154.66414798726862,211.0,154.65414798726863,873.0,154.69414798726862,1945.0,154.70414798726864,159.0,154.71414798726863,1949.0
2026-03-01 09:37:44.800,AAPL,154.6478878246889,1034.0,154.63788782468887,1545.0,154.62788782468888,1355.0,154.66788782468888,1766.0,154.6778878246889,1551.0,154.6878878246889,182.0
2026-03-01 09:37:44.900,AAPL,154.72988516933012,1479.0,154.7198851693301,1661.0,154.7098851693301,1467.0,154.7498851693301,226.0,154.75988516933012,672.0,154.7698851693301,556.0
2026-03-01 09:37:45.000,AAPL,154.80222832271414,772.0,154.79222832271412,1729.0,154.78222832271413,471.0,154.82222832271412,1887.0,154.83222832271414,1914.0,154.84222832271413,902.0
2026-03-01 09:37:45.100,AAPL,154.82743299804338,1246.0,154.81743299804336,1801.0,154.80743299804337,1398.0,154.84743299804336,554.0,154.85743299804338,1222.0,154.86743299804337,1619.0
2026-03-01 09:37:45.200,AAPL,154.7311264062209,1128.0,154.7211264062209,523.0,154.7111264062209,1542.0,154.7511264062209,701.0,154.7611264062209,239.0,154.7711264062209,1244.0
2026-03-01 09:37:45.300,AAPL,154.73267928073906,853.0,154.72267928073904,555.0,154.71267928073905,696.0,154.75267928073904,1354.0,154.76267928073906,134.0,154.77267928073906,1484.0
2026-03-01 09:37:45.400,AAPL,154.70694454286928,1558.0,154.69694454286926,989.0,154.68694454286927,1977.0,154.72694454286926,1650.0,154.73694454286928,620.0,154.74694454286927,1416.0
2026-03-01 09:37:45.500,AAPL,154.7079490774413,1632.0,154.69794907744128,618.0,154.6879490774413,1258.0,154.72794907744128,377.0,154.7379490774413,1638.0,154.7479490774413,355.0
2026-03-01 09:37:45.600,AAPL,154.65480073782192,282.0,154.6448007378219,1680.0,154.6348007378219,861.0,154.6748007378219,1715.0,154.68480073782192,1737.0,154.6948007378219,1184.0
2026-03-01 09:37:45.700,AAPL,154.69261363527443,1436.0,154.6826136352744,1772.0,154.67261363527442,1500.0,154.7126136352744,1358.0,154.72261363527443,1576.0,154.73261363527442,686.0
2026-03-01 09:37:45.800,AAPL,154.74186288662997,1985.0,154.73186288662995,669.0,154.72186288662996,224.0,154.76186288662996,462.0,154.77186288662998,1100.0,154.78186288662997,802.0
2026-03-01 09:37:45.900,AAPL,154.80036410173332,1381.0,154.7903641017333,1525.0,154.7803641017333,1529.0,154.8203641017333,722.0,154.83036410173332,1336.0,154.84036410173331,117.0
2026-03-01 09:37:46.000,AAPL,154.78125516591408,1367.0,154.77125516591406,617.0,154.76125516591406,669.0,154.80125516591406,863.0,154.81125516591408,1795.0,154.82125516591407,1962.0
2026-03-01 09:37:46.100,AAPL,154.72828391081174,1089.0,154.71828391081172,238.0,154.70828391081173,881.0,154.74828391081172,201.0,154.75828391081174,363.0,154.76828391081173,1690.0
2026-03-01 09:37:46.200,AAPL,154.74586798163529,1889.0,154.73586798163527,217.0,154.72586798163528,1547.0,154.76586798163527,1041.0,154.7758679816353,503.0,154.78586798163528,1724.0
2026-03-01 09:37:46.300,AAPL,154.83367169774272,545.0,154.8236716977427,977.0,154.8136716977427,958.0,154.8536716977427,800.0,154.86367169774272,316.0,154.8736716977427,1607.0
2026-03-01 09:37:46.400,AAPL,154.8371411794734,1421.0,154.8271411794734,1030.0,154.8171411794734,1379.0,154.8571411794734,1157.0,154.8671411794734,203.0,154.8771411794734,508.0
2026-03-01 09:37:46.500,AAPL,154.859756033779,1821.0,154.849756033779,1113.0,154.839756033779,1503.0,154.879756033779,1897.0,154.889756033779,393.0,154.899756033779,561.0
2026-03-01 09:37:46.600,AAPL,154.8480098614849,508.0,154.8380098614849,762.0,154.8280098614849,876.0,154.8680098614849,796.0,154.8780098614849,845.0,154.8880098614849,284.0
2026-03-01 09:37:46.700,AAPL,154.82283635119012,593.0,154.8128363511901,167.0,154.8028363511901,1904.0,154.8428363511901,1780.0,154.85283635119012,742.0,154.8628363511901,1753.0
2026-03-01 09:37:46.800,AAPL,154.85575014812034,1870.0,154.84575014812032,134.0,154.83575014812033,760.0,154.87575014812032,757.0,154.88575014812034,1772.0,154.89575014812033,1469.0
2026-03-01 09:37:46.900,AAPL,154.8504468097534,1519.0,154.8404468097534,773.0,154.8304468097534,1482.0,154.8704468097534,526.0,154.8804468097534,1802.0,154.8904468097534,1483.0
2026-03-01 09:37:47.000,AAPL,154.87062295532988,1202.0,154.86062295532986,1440.0,154.85062295532987,683.0,154.89062295532986,396.0,154.90062295532988,265.0,154.91062295532987,1782.0
2026-03-01 09:37:47.100,AAPL,154.89599829819372,1118.0,154.8859982981937,1207.0,154.8759982981937,652.0,154.9159982981937,417.0,154.92599829819372,1761.0,154.9359982981937,275.0
2026-03-01 09:37:47.200,AAPL,154.91337414015067,637.0,154.90337414015065,604.0,154.89337414015066,1387.0,154.93337414015065,928.0,154.94337414015067,1769.0,154.95337414015066,958.0
2026-03-01 09:37:47.300,AAPL,154.94126690612006,1624.0,154.93126690612004,1197.0,154.92126690612005,121.0,154.96126690612004,1968.0,154.97126690612006,1379.0,154.98126690612006,978.0
2026-03-01 09:37:47.400,AAPL,154.89861661948206,213.0,154.88861661948204,825.0,154.87861661948205,715.0,154.91861661948204,1574.0,154.92861661948206,562.0,154.93861661948205,1294.0
2026-03-01 09:37:47.500,AAPL,154.85291515166472,1439.0,154.8429151516647,1890.0,154.8329151516647,1619.0,154.8729151516647,1669.0,154.88291515166472,1843.0,154.8929151516647,116.0
2026-03-01 09:37:47.600,AAPL,154.85078407133435,1427.0,154.84078407133433,1877.0,154.83078407133434,1087.0,154.87078407133433,316.0,154.88078407133435,1510.0,154.89078407133434,1448.0
2026-03-01 09:37:47.700,AAPL,154.84985600532127,1301.0,154.83985600532125,800.0,154.82985600532126,695.0,154.86985600532125,578.0,154.87985600532127,241.0,154.88985600532126,178.0
2026-03-01 09:37:47.800,AAPL,154.8237398639853,1103.0,154.8137398639853,1509.0,154.8037398639853,1237.0,154.8437398639853,1215.0,154.8537398639853,1275.0,154.8637398639853,1045.0
2026-03-01 09:37:47.900,AAPL,154.83578987880603,839.0,154.825789878806,1643.0,154.81578987880602,259.0,154.855789878806,1666.0,154.86578987880603,706.0,154.87578987880602,1349.0
2026-03-01 09:37:48.000,AAPL,154.88120075034774,1333.0,154.87120075034773,1729.0,154.86120075034773,1710.0,154.90120075034773,636.0,154.91120075034775,1409.0,154.92120075034774,611.0
2026-03-01 09:37:48.100,AAPL,154.94057634405542,1672.0,154.9305763440554,637.0,154.9205763440554,683.0,154.9605763440554,467.0,154.97057634405542,834.0,154.9805763440554,391.0
2026-03-01 09:37:48.200,AAPL,155.01118943768776,149.0,155.00118943768774,1149.0,154.99118943768775,1800.0,155.03118943768774,1214.0,155.04118943768776,443.0,155.05118943768775,495.0
2026-03-01 09:37:48.300,AAPL,154.9454493545349,190.0,154.93544935453488,820.0,154.9254493545349,458.0,154.96544935453488,463.0,154.9754493545349,566.0,154.9854493545349,932.0
2026-03-01 09:37:48.400,AAPL,154.88729942584948,1132.0,154.87729942584946,1242.0,154.86729942584947,528.0,154.90729942584946,1748.0,154.91729942584948,1764.0,154.92729942584947,739.0
2026-03-01 09:37:48.500,AAPL,154.8728171561774,679.0,154.86281715617739,1406.0,154.8528171561774,1861.0,154.8928171561774,1986.0,154.9028171561774,156.0,154.9128171561774,879.0
2026-03-01 09:37:48.600,AAPL,154.87683148322776,505.0,154.86683148322774,1948.0,154.85683148322775,440.0,154.89683148322774,1356.0,154.90683148322776,1140.0,154.91683148322775,180.0
2026-03-01 09:37:48.700,AAPL,154.8649105830349,344.0,154.8549105830349,1975.0,154.8449105830349,1126.0,154.8849105830349,1969.0,154.8949105830349,550.0,154.9049105830349,1665.0
2026-03-01 09:37:48.800,AAPL,154.8372786165258,1750.0,154.82727861652577,1186.0,154.81727861652578,483.0,154.85727861652578,1607.0,154.8672786165258,1847.0,154.87727861652579,1523.0
2026-03-01 09:37:48.900,AAPL,154.8220577045159,1589.0,154.8120577045159,826.0,154.8020577045159,600.0,154.8420577045159,1638.0,154.85205770451591,469.0,154.8620577045159,1951.0
2026-03-01 09:37:49.000,AAPL,154.84622339563754,1017.0,154.83622339563752,205.0,154.82622339563753,1476.0,154.86622339563752,1409.0,154.87622339563754,1907.0,154.88622339563753,1375.0
2026-03-01 09:37:49.100,AAPL,154.77974227329796,862.0,154.76974227329794,1373.0,154.75974227329795,1563.0,154.79974227329794,1449.0,154.80974227329796,688.0,154.81974227329795,1019.0
2026-03-01 09:37:49.200,AAPL,154.8969101319273,1557.0,154.8869101319273,578.0,154.8769101319273,405.0,154.9169101319273,560.0,154.92691013192731,1083.0,154.9369101319273,1869.0
2026-03-01 09:37:49.300,AAPL,154.8979598090965,1426.0,154.8879598090965,1303.0,154.8779598090965,340.0,154.9179598090965,952.0,154.9279598090965,1264.0,154.9379598090965,859.0
2026-03-01 09:37:49.400,AAPL,154.95050217880797,920.0,154.94050217880795,205.0,154.93050217880796,1234.0,154.97050217880795,1730.0,154.98050217880797,463.0,154.99050217880796,1370.0
2026-03-01 09:37:49.500,AAPL,154.92150193405973,794.0,154.91150193405971,1550.0,154.90150193405972,177.0,154.94150193405972,843.0,154.95150193405973,544.0,154.96150193405973,858.0
2026-03-01 09:37:49.600,AAPL,154.95021941368597,1244.0,154.94021941368595,470.0,154.93021941368596,854.0,154.97021941368595,1800.0,154.98021941368597,1394.0,154.99021941368596,1263.0
2026-03-01 09:37:49.700,AAPL,154.95522396732738,366.0,154.94522396732737,1680.0,154.93522396732737,1306.0,154.97522396732737,593.0,154.98522396732739,1208.0,154.99522396732738,252.0
2026-03-01 09:37:49.800,AAPL,154.9980643870218,953.0,154.98806438702178,1270.0,154.9780643870218,511.0,155.01806438702178,1469.0,155.0280643870218,1111.0,155.0380643870218,1249.0
2026-03-01 09:37:49.900,AAPL,154.98813204113063,1352.0,154.9781320411306,1273.0,154.96813204113062,1414.0,155.0081320411306,662.0,155.01813204113063,835.0,155.02813204113062,1120.0
2026-03-01 09:37:50.000,AAPL,155.0657102194851,167.0,155.0557102194851,1661.0,155.0457102194851,1201.0,155.0857102194851,807.0,155.0957102194851,1358.0,155.1057102194851,963.0
2026-03-01 09:37:50.100,AAPL,154.99110742711076,790.0,154.98110742711074,394.0,154.97110742711075,522.0,155.01110742711074,909.0,155.02110742711076,1584.0,155.03110742711075,577.0
2026-03-01 09:37:50.200,AAPL,155.03857611862065,293.0,155.02857611862063,1858.0,155.01857611862064,1811.0,155.05857611862064,824.0,155.06857611862065,1141.0,155.07857611862065,442.0
2026-03-01 09:37:50.300,AAPL,155.04451210639732,1835.0,155.0345121063973,707.0,155.0245121063973,1546.0,155.0645121063973,1530.0,155.07451210639732,1787.0,155.0845121063973,1806.0
2026-03-01 09:37:50.400,AAPL,154.99359577147865,999.0,154.98359577147863,644.0,154.97359577147864,667.0,155.01359577147863,1857.0,155.02359577147865,671.0,155.03359577147864,1208.0
2026-03-01 09:37:50.500,AAPL,155.09119906498103,491.0,155.081199064981,1301.0,155.07119906498102,1988.0,155.111199064981,133.0,155.12119906498103,1500.0,155.13119906498102,1942.0
2026-03-01 09:37:50.600,AAPL,155.1836339513094,121.0,155.17363395130937,885.0,155.16363395130938,1161.0,155.20363395130937,1213.0,155.2136339513094,608.0,155.22363395130938,108.0
2026-03-01 09:37:50.700,AAPL,155.07994041406823,1389.0,155.0699404140682,1481.0,155.05994041406822,1620.0,155.09994041406821,449.0,155.10994041406823,662.0,155.11994041406822,169.0
2026-03-01 09:37:50.800,AAPL,155.0887796334355,903.0,155.0787796334355,1392.0,155.0687796334355,1173.0,155.1087796334355,1477.0,155.1187796334355,1528.0,155.1287796334355,398.0
2026-03-01 09:37:50.900,AAPL,155.12406276117204,1723.0,155.11406276117202,1343.0,155.10406276117203,1922.0,155.14406276117202,1157.0,155.15406276117204,1332.0,155.16406276117203,1621.0
2026-03-01 09:37:51.000,AAPL,155.14614800158793,670.0,155.1361480015879,352.0,155.12614800158792,119.0,155.1661480015879,1804.0,155.17614800158793,1026.0,155.18614800158792,1426.0
2026-03-01 09:37:51.100,AAPL,155.22192448200187,1637.0,155.21192448200185,546.0,155.20192448200186,847.0,155.24192448200185,1226.0,155.25192448200187,1267.0,155.26192448200186,1108.0
2026-03-01 09:37:51.200,AAPL,155.2873061173776,1691.0,155.27730611737758,561.0,155.2673061173776,308.0,155.30730611737758,685.0,155.3173061173776,1348.0,155.3273061173776,490.0
2026-03-01 09:37:51.300,AAPL,155.30056548519346,1459.0,155.29056548519344,1625.0,155.28056548519345,1756.0,155.32056548519344,623.0,155.33056548519346,1799.0,155.34056548519345,1112.0
2026-03-01 09:37:51.400,AAPL,155.41442066581402,709.0,155.404420665814,1672.0,155.394420665814,777.0,155.434420665814,1388.0,155.44442066581402,1825.0,155.454420665814,636.0
2026-03-01 09:37:51.500,AAPL,155.4612629919494,338.0,155.4512629919494,696.0,155.4412629919494,695.0,155.4812629919494,292.0,155.4912629919494,1522.0,155.5012629919494,1664.0
2026-03-01 09:37:51.600,AAPL,155.44369226719053,283.0,155.4336922671905,1501.0,155.42369226719052,892.0,155.4636922671905,1614.0,155.47369226719053,1015.0,155.48369226719052,617.0
2026-03-01 09:37:51.700,AAPL,155.4160748874491,887.0,155.40607488744908,796.0,155.3960748874491,1174.0,155.43607488744908,135.0,155.4460748874491,1189.0,155.4560748874491,1298.0
2026-03-01 09:37:51.800,AAPL,155.4782419625978,1587.0,155.46824196259777,294.0,155.45824196259778,1315.0,155.49824196259777,301.0,155.5082419625978,1372.0,155.51824196259778,451.0
2026-03-01 09:37:51.900,AAPL,155.43859425127127,1509.0,155.42859425127125,220.0,155.41859425127126,1966.0,155.45859425127125,214.0,155.46859425127127,1837.0,155.47859425127126,1464.0
2026-03-01 09:37:52.000,AAPL,155.41810733729832,1699.0,155.4081073372983,916.0,155.3981073372983,1693.0,155.4381073372983,1318.0,155.44810733729832,1920.0,155.45810733729832,1231.0
2026-03-01 09:37:52.100,AAPL,155.4061287427256,984.0,155.39612874272558,1909.0,155.3861287427256,325.0,155.42612874272558,350.0,155.4361287427256,529.0,155.4461287427256,154.0
2026-03-01 09:37:52.200,AAPL,155.4239114123894,453.0,155.41391141238938,402.0,155.4039114123894,1059.0,155.44391141238938,1921.0,155.4539114123894,480.0,155.4639114123894,1737.0
2026-03-01 09:37:52.300,AAPL,155.41423849424132,1197.0,155.4042384942413,624.0,155.3942384942413,1333.0,155.4342384942413,1881.0,155.44423849424132,1652.0,155.4542384942413,1602.0
2026-03-01 09:37:52.400,AAPL,155.3483899494173,787.0,155.3383899494173,1546.0,155.3283899494173,1022.0,155.3683899494173,368.0,155.3783899494173,1717.0,155.3883899494173,1655.0
2026-03-01 09:37:52.500,AAPL,155.40649393631685,603.0,155.39649393631683,1568.0,155.38649393631684,326.0,155.42649393631683,567.0,155.43649393631685,1648.0,155.44649393631684,642.0
2026-03-01 09:37:52.600,AAPL,155.3862740038776,212.0,155.37627400387757,873.0,155.36627400387758,1291.0,155.40627400387757,1321.0,155.4162740038776,1755.0,155.42627400387758,666.0
2026-03-01 09:37:52.700,AAPL,155.48727076731757,1068.0,155.47727076731755,1221.0,155.46727076731756,1977.0,155.50727076731755,1987.0,155.51727076731757,1415.0,155.52727076731756,626.0
2026-03-01 09:37:52.800,AAPL,155.50247026768056,1428.0,155.49247026768055,1550.0,155.48247026768055,1357.0,155.52247026768055,1624.0,155.53247026768057,1811.0,155.54247026768056,143.0
2026-03-01 09:37:52.900,AAPL,155.56583064190067,832.0,155.55583064190066,300.0,155.54583064190066,705.0,155.58583064190066,213.0,155.59583064190068,681.0,155.60583064190067,163.0
2026-03-01 09:37:53.000,AAPL,155.5973737176097,1540.0,155.5873737176097,1842.0,155.5773737176097,416.0,155.6173737176097,973.0,155.62737371760971,1939.0,155.6373737176097,1674.0
2026-03-01 09:37:53.100,AAPL,155.66312653118254,1047.0,155.65312653118252,203.0,155.64312653118253,1833.0,155.68312653118252,1819.0,155.69312653118254,1785.0,155.70312653118253,288.0
2026-03-01 09:37:53.200,AAPL,155.69164348099577,304.0,155.68164348099575,1151.0,155.67164348099575,603.0,155.71164348099575,285.0,155.72164348099577,1336.0,155.73164348099576,1484.0
2026-03-01 09:37:53.300,AAPL,155.70340192269535,1034.0,155.69340192269533,1864.0,155.68340192269534,1175.0,155.72340192269533,1833.0,155.73340192269535,1356.0,155.74340192269534,449.0
2026-03-01 09:37:53.400,AAPL,155.75806362728818,1057.0,155.74806362728816,1903.0,155.73806362728817,1278.0,155.77806362728816,549.0,155.78806362728818,243.0,155.79806362728817,368.0
2026-03-01 09:37:53.500,AAPL,155.88236223301777,1398.0,155.87236223301775,1582.0,155.86236223301776,447.0,155.90236223301775,378.0,155.91236223301777,399.0,155.92236223301776,711.0
2026-03-01 09:37:53.600,AAPL,155.86887238608753,1355.0,155.8588723860875,1949.0,155.84887238608752,109.0,155.8888723860875,741.0,155.89887238608753,1323.0,155.90887238608752,667.0
2026-03-01 09:37:53.700,AAPL,155.9086187354738,787.0,155.89861873547378,1453.0,155.88861873547378,655.0,155.92861873547378,1284.0,155.9386187354738,1543.0,155.9486187354738,993.0
2026-03-01 09:37:53.800,AAPL,155.90835648934828,1438.0,155.89835648934826,1405.0,155.88835648934827,1070.0,155.92835648934826,442.0,155.93835648934828,525.0,155.94835648934827,1333.0
2026-03-01 09:37:53.900,AAPL,155.93365944037294,762.0,155.92365944037292,1245.0,155.91365944037292,1091.0,155.95365944037292,1431.0,155.96365944037294,429.0,155.97365944037293,716.0
2026-03-01 09:37:54.000,AAPL,155.93576736825176,205.0,155.92576736825174,998.0,155.91576736825175,239.0,155.95576736825174,1405.0,155.96576736825176,147.0,155.97576736825175,1458.0
2026-03-01 09:37:54.100,AAPL,155.82788022396625,284.0,155.81788022396623,1912.0,155.80788022396624,954.0,155.84788022396623,350.0,155.85788022396625,1484.0,155.86788022396624,1007.0
2026-03-01 09:37:54.200,AAPL,155.81787088807934,943.0,155.80787088807932,1931.0,155.79787088807933,514.0,155.83787088807932,1430.0,155.84787088807934,1792.0,155.85787088807933,1957.0
2026-03-01 09:37:54.300,AAPL,155.86784864171975,1207.0,155.85784864171973,1754.0,155.84784864171974,118.0,155.88784864171973,535.0,155.89784864171975,523.0,155.90784864171974,938.0
2026-03-01 09:37:54.400,AAPL,155.82958831055632,1238.0,155.8195883105563,174.0,155.8095883105563,287.0,155.8495883105563,1667.0,155.85958831055632,810.0,155.8695883105563,437.0
2026-03-01 09:37:54.500,AAPL,155.8756356327099,1996.0,155.86563563270988,232.0,155.8556356327099,117.0,155.89563563270988,705.0,155.9056356327099,1667.0,155.9156356327099,1630.0
2026-03-01 09:37:54.600,AAPL,155.88481609092943,1183.0,155.87481609092941,793.0,155.86481609092942,1689.0,155.90481609092942,801.0,155.91481609092943,713.0,155.92481609092943,1009.0
2026-03-01 09:37:54.700,AAPL,155.87524156438673,738.0,155.8652415643867,1825.0,155.85524156438672,843.0,155.8952415643867,220.0,155.90524156438673,1036.0,155.91524156438672,1415.0
2026-03-01 09:37:54.800,AAPL,155.92053233365087,127.0,155.91053233365085,773.0,155.90053233365086,1940.0,155.94053233365085,1771.0,155.95053233365087,892.0,155.96053233365086,1568.0
2026-03-01 09:37:54.900,AAPL,155.9545839108291,144.0,155.94458391082907,433.0,155.93458391082908,1135.0,155.97458391082907,1046.0,155.9845839108291,872.0,155.99458391082908,949.0
2026-03-01 09:37:55.000,AAPL,155.975611264389,242.0,155.96561126438897,1985.0,155.95561126438898,196.0,155.99561126438897,1503.0,156.005611264389,561.0,156.01561126438898,1237.0
2026-03-01 09:37:55.100,AAPL,156.02640627452803,1056.0,156.016406274528,1899.0,156.00640627452802,304.0,156.046406274528,483.0,156.05640627452803,1009.0,156.06640627452802,310.0
2026-03-01 09:37:55.200,AAPL,156.03656119050746,705.0,156.02656119050744,723.0,156.01656119050745,1355.0,156.05656119050744,1292.0,156.06656119050746,602.0,156.07656119050745,638.0
2026-03-01 09:37:55.300,AAPL,155.954327888858,1845.0,155.94432788885797,1705.0,155.93432788885798,1291.0,155.97432788885797,331.0,155.984327888858,934.0,155.99432788885798,1240.0
2026-03-01 09:37:55.400,AAPL,155.93542184520138,1422.0,155.92542184520136,731.0,155.91542184520137,1421.0,155.95542184520136,433.0,155.96542184520138,1938.0,155.97542184520137,993.0
2026-03-01 09:37:55.500,AAPL,155.84520172406238,989.0,155.83520172406236,761.0,155.82520172406237,1819.0,155.86520172406236,593.0,155.87520172406238,1441.0,155.88520172406237,1550.0
2026-03-01 09:37:55.600,AAPL,155.87806996537282,621.0,155.8680699653728,1125.0,155.8580699653728,1486.0,155.8980699653728,359.0,155.90806996537282,1587.0,155.9180699653728,1062.0
2026-03-01 09:37:55.700,AAPL,155.92287995733747,1048.0,155.91287995733745,1279.0,155.90287995733746,782.0,155.94287995733745,1231.0,155.95287995733747,1118.0,155.96287995733746,1924.0
2026-03-01 09:37:55.800,AAPL,155.96996506944413,1728.0,155.9599650694441,180.0,155.94996506944412,1098.0,155.9899650694441,1698.0,155.99996506944413,306.0,156.00996506944412,195.0
2026-03-01 09:37:55.900,AAPL,155.9944198044056,940.0,155.98441980440558,1971.0,155.97441980440558,1477.0,156.01441980440558,846.0,156.0244198044056,1087.0,156.0344198044056,247.0
2026-03-01 09:37:56.000,AAPL,156.04281606087508,798.0,156.03281606087506,1858.0,156.02281606087507,1874.0,156.06281606087506,321.0,156.07281606087508,1424.0,156.08281606087507,1110.0
2026-03-01 09:37:56.100,AAPL,155.9639858939617,390.0,155.9539858939617,1817.0,155.9439858939617,1930.0,155.9839858939617,1623.0,155.9939858939617,1992.0,156.0039858939617,886.0
2026-03-01 09:37:56.200,AAPL,155.958607547872,1242.0,155.94860754787197,1542.0,155.93860754787198,483.0,155.97860754787197,368.0,155.988607547872,142.0,155.99860754787198,1537.0
2026-03-01 09:37:56.300,AAPL,155.88786174843156,1927.0,155.87786174843154,1505.0,155.86786174843155,588.0,155.90786174843154,114.0,155.91786174843156,613.0,155.92786174843155,1572.0
2026-03-01 09:37:56.400,AAPL,155.86994526779128,1974.0,155.85994526779126,1062.0,155.84994526779127,124.0,155.88994526779126,1847.0,155.89994526779128,242.0,155.90994526779127,827.0
2026-03-01 09:37:56.500,AAPL,155.95075785458792,682.0,155.9407578545879,1074.0,155.9307578545879,460.0,155.9707578545879,707.0,155.98075785458792,143.0,155.9907578545879,994.0
2026-03-01 09:37:56.600,AAPL,156.00541971370566,1066.0,155.99541971370564,1860.0,155.98541971370565,1747.0,156.02541971370565,624.0,156.03541971370566,403.0,156.04541971370566,1207.0
2026-03-01 09:37:56.700,AAPL,156.03853398402939,542.0,156.02853398402937,396.0,156.01853398402938,1067.0,156.05853398402937,1663.0,156.0685339840294,1675.0,156.07853398402938,649.0
2026-03-01 09:37:56.800,AAPL,156.02945297259933,1506.0,156.0194529725993,1815.0,156.00945297259932,329.0,156.0494529725993,1140.0,156.05945297259933,415.0,156.06945297259932,1915.0
2026-03-01 09:37:56.900,AAPL,155.97977323337707,718.0,155.96977323337705,516.0,155.95977323337706,262.0,155.99977323337706,1548.0,156.00977323337708,1368.0,156.01977323337707,251.0
2026-03-01 09:37:57.000,AAPL,155.9891246175663,1880.0,155.97912461756627,544.0,155.96912461756628,454.0,156.00912461756627,820.0,156.0191246175663,829.0,156.02912461756628,888.0
2026-03-01 09:37:57.100,AAPL,156.0446584091574,1409.0,156.03465840915737,267.0,156.02465840915738,351.0,156.06465840915737,1928.0,156.0746584091574,1799.0,156.08465840915738,1335.0
2026-03-01 09:37:57.200,AAPL,156.06515198362035,1498.0,156.05515198362033,1826.0,156.04515198362034,869.0,156.08515198362034,800.0,156.09515198362035,1312.0,156.10515198362035,445.0
2026-03-01 09:37:57.300,AAPL,155.98586744416113,1728.0,155.9758674441611,603.0,155.96586744416112,1619.0,156.0058674441611,885.0,156.01586744416113,1433.0,156.02586744416112,643.0
2026-03-01 09:37:57.400,AAPL,155.99109798901694,114.0,155.98109798901692,1100.0,155.97109798901693,210.0,156.01109798901692,407.0,156.02109798901694,1971.0,156.03109798901693,1835.0
2026-03-01 09:37:57.500,AAPL,155.8954315794136,1421.0,155.8854315794136,817.0,155.8754315794136,387.0,155.9154315794136,1924.0,155.9254315794136,1339.0,155.9354315794136,1253.0
2026-03-01 09:37:57.600,AAPL,155.9356407710689,1283.0,155.92564077106888,465.0,155.9156407710689,899.0,155.9556407710689,456.0,155.9656407710689,1913.0,155.9756407710689,1249.0
2026-03-01 09:37:57.700,AAPL,155.90099038366557,293.0,155.89099038366555,764.0,155.88099038366556,322.0,155.92099038366555,1096.0,155.93099038366557,1932.0,155.94099038366556,314.0
2026-03-01 09:37:57.800,AAPL,155.83983431367292,1540.0,155.8298343136729,1803.0,155.8198343136729,342.0,155.8598343136729,1543.0,155.86983431367292,377.0,155.87983431367292,1702.0
2026-03-01 09:37:57.900,AAPL,155.88073084680954,1323.0,155.87073084680952,332.0,155.86073084680953,1180.0,155.90073084680952,337.0,155.91073084680954,1374.0,155.92073084680953,1664.0
2026-03-01 09:37:58.000,AAPL,155.90869973866873,1768.0,155.8986997386687,983.0,155.88869973866872,1060.0,155.9286997386687,1681.0,155.93869973866873,1703.0,155.94869973866872,1625.0
2026-03-01 09:37:58.100,AAPL,155.92031968678944,954.0,155.91031968678942,818.0,155.90031968678943,719.0,155.94031968678942,1802.0,155.95031968678944,1833.0,155.96031968678943,1336.0
2026-03-01 09:37:58.200,AAPL,156.029905084147,319.0,156.01990508414698,740.0,156.009905084147,243.0,156.04990508414699,1883.0,156.059905084147,1398.0,156.069905084147,700.0
2026-03-01 09:37:58.300,AAPL,156.0616550759598,611.0,156.0516550759598,600.0,156.0416550759598,1450.0,156.0816550759598,1126.0,156.0916550759598,120.0,156.1016550759598,1938.0
2026-03-01 09:37:58.400,AAPL,156.02940722946343,904.0,156.0194072294634,657.0,156.00940722946342,676.0,156.0494072294634,395.0,156.05940722946343,818.0,156.06940722946342,951.0
2026-03-01 09:37:58.500,AAPL,156.05536742283766,470.0,156.04536742283764,1195.0,156.03536742283765,1689.0,156.07536742283764,964.0,156.08536742283766,664.0,156.09536742283765,1764.0
2026-03-01 09:37:58.600,AAPL,156.04106355566785,1283.0,156.03106355566783,1853.0,156.02106355566784,1121.0,156.06106355566783,1294.0,156.07106355566785,1712.0,156.08106355566784,298.0
2026-03-01 09:37:58.700,AAPL,156.1044014967627,487.0,156.09440149676269,1491.0,156.0844014967627,1752.0,156.1244014967627,1085.0,156.1344014967627,924.0,156.1444014967627,418.0
2026-03-01 09:37:58.800,AAPL,156.11845035710422,342.0,156.1084503571042,1843.0,156.0984503571042,724.0,156.1384503571042,447.0,156.14845035710422,1250.0,156.15845035710421,883.0
2026-03-01 09:37:58.900,AAPL,156.13744652144425,1785.0,156.12744652144423,464.0,156.11744652144424,1334.0,156.15744652144423,1433.0,156.16744652144425,1517.0,156.17744652144424,1131.0
2026-03-01 09:37:59.000,AAPL,156.0653281009345,1982.0,156.05532810093447,1271.0,156.04532810093448,750.0,156.08532810093448,1724.0,156.0953281009345,1630.0,156.10532810093449,112.0
2026-03-01 09:37:59.100,AAPL,156.06839568190964,1985.0,156.05839568190962,1291.0,156.04839568190962,1426.0,156.08839568190962,277.0,156.09839568190964,435.0,156.10839568190963,1945.0
2026-03-01 09:37:59.200,AAPL,156.06558238919635,1404.0,156.05558238919633,450.0,156.04558238919634,1070.0,156.08558238919633,1540.0,156.09558238919635,134.0,156.10558238919634,606.0
2026-03-01 09:37:59.300,AAPL,156.01437171643585,1129.0,156.00437171643583,1553.0,155.99437171643584,1508.0,156.03437171643583,1532.0,156.04437171643585,1390.0,156.05437171643584,162.0
2026-03-01 09:37:59.400,AAPL,156.0032966421164,273.0,155.99329664211638,1169.0,155.9832966421164,1555.0,156.02329664211638,146.0,156.0332966421164,1354.0,156.0432966421164,1222.0
2026-03-01 09:37:59.500,AAPL,156.0250842642956,989.0,156.01508426429558,1140.0,156.0050842642956,1692.0,156.04508426429558,1407.0,156.0550842642956,1228.0,156.0650842642956,268.0
2026-03-01 09:37:59.600,AAPL,156.0248667843284,1283.0,156.01486678432838,1323.0,156.00486678432839,1569.0,156.04486678432838,1842.0,156.0548667843284,1415.0,156.0648667843284,1100.0
2026-03-01 09:37:59.700,AAPL,155.9542617997492,689.0,155.94426179974917,944.0,155.93426179974918,181.0,155.97426179974917,1805.0,155.9842617997492,664.0,155.99426179974918,884.0
2026-03-01 09:37:59.800,AAPL,155.94060095808936,751.0,155.93060095808934,390.0,155.92060095808935,1263.0,155.96060095808934,1099.0,155.97060095808936,1000.0,155.98060095808935,362.0
2026-03-01 09:37:59.900,AAPL,155.91719971863736,1980.0,155.90719971863734,349.0,155.89719971863735,1297.0,155.93719971863734,1650.0,155.94719971863736,1841.0,155.95719971863736,1343.0
2026-03-01 09:38:00.000,AAPL,155.9268753947889,885.0,155.9168753947889,1929.0,155.9068753947889,497.0,155.9468753947889,1458.0,155.9568753947889,299.0,155.9668753947889,794.0
2026-03-01 09:38:00.100,AAPL,155.93115202288362,1767.0,155.9211520228836,742.0,155.9111520228836,1750.0,155.9511520228836,686.0,155.96115202288362,287.0,155.97115202288362,552.0
2026-03-01 09:38:00.200,AAPL,155.91057136977804,1813.0,155.90057136977802,862.0,155.89057136977803,636.0,155.93057136977802,1680.0,155.94057136977804,1144.0,155.95057136977803,1856.0
2026-03-01 09:38:00.300,AAPL,155.88803819760687,1806.0,155.87803819760686,189.0,155.86803819760686,1607.0,155.90803819760686,1639.0,155.91803819760688,622.0,155.92803819760687,1824.0
2026-03-01 09:38:00.400,AAPL,155.8913993270061,779.0,155.88139932700608,642.0,155.8713993270061,1754.0,155.91139932700608,1194.0,155.9213993270061,743.0,155.9313993270061,874.0
2026-03-01 09:38:00.500,AAPL,155.93954816475542,1419.0,155.9295481647554,314.0,155.9195481647554,651.0,155.9595481647554,1380.0,155.96954816475542,1084.0,155.9795481647554,1468.0
2026-03-01 09:38:00.600,AAPL,155.95348019089084,1832.0,155.94348019089082,1251.0,155.93348019089083,172.0,155.97348019089083,139.0,155.98348019089084,427.0,155.99348019089084,289.0
2026-03-01 09:38:00.700,AAPL,156.02463365715536,482.0,156.01463365715534,1971.0,156.00463365715535,328.0,156.04463365715534,354.0,156.05463365715536,536.0,156.06463365715535,1611.0
2026-03-01 09:38:00.800,AAPL,156.08129320609746,587.0,156.07129320609744,491.0,156.06129320609745,845.0,156.10129320609744,364.0,156.11129320609746,858.0,156.12129320609745,251.0
2026-03-01 09:38:00.900,AAPL,156.15612733090794,958.0,156.14612733090792,935.0,156.13612733090793,615.0,156.17612733090792,1605.0,156.18612733090794,977.0,156.19612733090793,136.0
2026-03-01 09:38:01.000,AAPL,156.22455871349808,459.0,156.21455871349806,341.0,156.20455871349807,1992.0,156.24455871349807,1146.0,156.25455871349808,657.0,156.26455871349808,395.0
2026-03-01 09:38:01.100,AAPL,156.3027061893351,1951.0,156.2927061893351,1009.0,156.2827061893351,1497.0,156.3227061893351,1022.0,156.3327061893351,246.0,156.3427061893351,251.0
2026-03-01 09:38:01.200,AAPL,156.24504904881155,1785.0,156.23504904881153,947.0,156.22504904881154,1994.0,156.26504904881153,741.0,156.27504904881155,1998.0,156.28504904881154,1050.0
2026-03-01 09:38:01.300,AAPL,156.27742036270706,490.0,156.26742036270704,1629.0,156.25742036270705,1657.0,156.29742036270704,1591.0,156.30742036270706,1897.0,156.31742036270705,849.0
2026-03-01 09:38:01.400,AAPL,156.33833639035026,1033.0,156.32833639035024,1272.0,156.31833639035025,319.0,156.35833639035025,787.0,156.36833639035027,1811.0,156.37833639035026,1455.0
2026-03-01 09:38:01.500,AAPL,156.40828775644312,1726.0,156.3982877564431,1275.0,156.3882877564431,497.0,156.4282877564431,206.0,156.43828775644312,352.0,156.4482877564431,1001.0
2026-03-01 09:38:01.600,AAPL,156.3697518157924,962.0,156.35975181579238,420.0,156.3497518157924,1367.0,156.38975181579238,871.0,156.3997518157924,1868.0,156.4097518157924,191.0
2026-03-01 09:38:01.700,AAPL,156.40262084203897,1814.0,156.39262084203895,984.0,156.38262084203896,1291.0,156.42262084203895,1024.0,156.43262084203897,228.0,156.44262084203896,1567.0
2026-03-01 09:38:01.800,AAPL,156.4063809952865,653.0,156.39638099528648,464.0,156.3863809952865,1836.0,156.42638099528648,813.0,156.4363809952865,844.0,156.4463809952865,1847.0
2026-03-01 09:38:01.900,AAPL,156.49873400693687,544.0,156.48873400693685,800.0,156.47873400693686,611.0,156.51873400693685,1500.0,156.52873400693687,1627.0,156.53873400693686,1255.0
2026-03-01 09:38:02.000,AAPL,156.42936942571717,1992.0,156.41936942571715,1895.0,156.40936942571716,209.0,156.44936942571715,654.0,156.45936942571717,1074.0,156.46936942571716,1702.0
2026-03-01 09:38:02.100,AAPL,156.390904946646,1333.0,156.38090494664598,1917.0,156.370904946646,1333.0,156.41090494664599,1752.0,156.420904946646,590.0,156.430904946646,449.0
2026-03-01 09:38:02.200,AAPL,156.3003732553979,1954.0,156.29037325539787,1540.0,156.28037325539788,1924.0,156.32037325539787,565.0,156.3303732553979,403.0,156.34037325539788,1543.0
2026-03-01 09:38:02.300,AAPL,156.30760406974954,1850.0,156.29760406974953,1959.0,156.28760406974953,376.0,156.32760406974953,1601.0,156.33760406974955,1903.0,156.34760406974954,734.0
2026-03-01 09:38:02.400,AAPL,156.42079608321302,1351.0,156.410796083213,1536.0,156.400796083213,1559.0,156.440796083213,279.0,156.45079608321302,454.0,156.460796083213,1497.0
2026-03-01 09:38:02.500,AAPL,156.41857900228638,1068.0,156.40857900228636,352.0,156.39857900228637,104.0,156.43857900228636,721.0,156.44857900228638,1818.0,156.45857900228637,1068.0
2026-03-01 09:38:02.600,AAPL,156.42363066841259,304.0,156.41363066841257,1170.0,156.40363066841257,1269.0,156.44363066841257,1236.0,156.4536306684126,262.0,156.46363066841258,1096.0
2026-03-01 09:38:02.700,AAPL,156.45114260694373,889.0,156.4411426069437,934.0,156.43114260694372,320.0,156.47114260694372,1743.0,156.48114260694373,1256.0,156.49114260694373,1775.0
2026-03-01 09:38:02.800,AAPL,156.44532808269338,1696.0,156.43532808269336,448.0,156.42532808269337,520.0,156.46532808269336,1906.0,156.47532808269338,1890.0,156.48532808269337,1920.0
2026-03-01 09:38:02.900,AAPL,156.46362938365058,1950.0,156.45362938365056,579.0,156.44362938365057,393.0,156.48362938365057,198.0,156.49362938365059,947.0,156.50362938365058,128.0
2026-03-01 09:38:03.000,AAPL,156.48323996711696,192.0,156.47323996711694,327.0,156.46323996711695,1819.0,156.50323996711694,123.0,156.51323996711696,858.0,156.52323996711695,264.0
2026-03-01 09:38:03.100,AAPL,156.4409621345123,1433.0,156.43096213451227,1153.0,156.42096213451228,1573.0,156.46096213451227,1171.0,156.4709621345123,1935.0,156.48096213451228,1333.0
2026-03-01 09:38:03.200,AAPL,156.4362597989348,252.0,156.42625979893478,1710.0,156.4162597989348,653.0,156.45625979893478,1758.0,156.4662597989348,903.0,156.4762597989348,1954.0
2026-03-01 09:38:03.300,AAPL,156.47335644525933,482.0,156.4633564452593,1130.0,156.45335644525932,1005.0,156.4933564452593,428.0,156.50335644525933,523.0,156.51335644525932,1880.0
2026-03-01 09:38:03.400,AAPL,156.51978525108748,900.0,156.50978525108746,1147.0,156.49978525108747,1794.0,156.53978525108747,1614.0,156.54978525108748,1072.0,156.55978525108748,1515.0
2026-03-01 09:38:03.500,AAPL,156.5847103338972,1721.0,156.57471033389717,410.0,156.56471033389718,1069.0,156.60471033389717,1957.0,156.6147103338972,1722.0,156.62471033389718,285.0
2026-03-01 09:38:03.600,AAPL,156.60148213723633,1521.0,156.5914821372363,1079.0,156.58148213723632,862.0,156.6214821372363,127.0,156.63148213723633,1732.0,156.64148213723632,1475.0
2026-03-01 09:38:03.700,AAPL,156.61927142279856,1095.0,156.60927142279854,1716.0,156.59927142279855,1989.0,156.63927142279854,1225.0,156.64927142279856,1229.0,156.65927142279855,640.0
2026-03-01 09:38:03.800,AAPL,156.6567806660593,1679.0,156.64678066605927,322.0,156.63678066605928,1383.0,156.67678066605927,1067.0,156.6867806660593,1085.0,156.69678066605928,1212.0
2026-03-01 09:38:03.900,AAPL,156.6270421553807,1774.0,156.6170421553807,250.0,156.6070421553807,417.0,156.6470421553807,550.0,156.6570421553807,1222.0,156.6670421553807,171.0
2026-03-01 09:38:04.000,AAPL,156.59525320278127,1349.0,156.58525320278125,212.0,156.57525320278125,1099.0,156.61525320278125,298.0,156.62525320278127,1454.0,156.63525320278126,888.0
2026-03-01 09:38:04.100,AAPL,156.58901330989855,123.0,156.57901330989853,1567.0,156.56901330989854,264.0,156.60901330989853,158.0,156.61901330989855,885.0,156.62901330989854,1119.0
2026-03-01 09:38:04.200,AAPL,156.52526242492084,443.0,156.51526242492082,1179.0,156.50526242492083,860.0,156.54526242492082,1237.0,156.55526242492084,1918.0,156.56526242492083,1887.0
2026-03-01 09:38:04.300,AAPL,156.54560746350583,851.0,156.5356074635058,609.0,156.52560746350582,1025.0,156.5656074635058,248.0,156.57560746350583,1949.0,156.58560746350582,119.0
2026-03-01 09:38:04.400,AAPL,156.59806156531425,1923.0,156.58806156531423,958.0,156.57806156531424,1569.0,156.61806156531424,1741.0,156.62806156531425,1030.0,156.63806156531425,1513.0
2026-03-01 09:38:04.500,AAPL,156.56255938307234,1001.0,156.55255938307232,601.0,156.54255938307233,663.0,156.58255938307232,1391.0,156.59255938307234,625.0,156.60255938307233,1239.0
2026-03-01 09:38:04.600,AAPL,156.58431684256658,530.0,156.57431684256656,1821.0,156.56431684256657,1781.0,156.60431684256656,436.0,156.61431684256658,1153.0,156.62431684256657,253.0
2026-03-01 09:38:04.700,AAPL,156.55286029001948,476.0,156.54286029001946,1639.0,156.53286029001947,1352.0,156.57286029001946,1357.0,156.58286029001948,612.0,156.59286029001947,858.0
2026-03-01 09:38:04.800,AAPL,156.50203151491974,1152.0,156.49203151491972,1658.0,156.48203151491973,160.0,156.52203151491972,823.0,156.53203151491974,1146.0,156.54203151491973,1685.0
2026-03-01 09:38:04.900,AAPL,156.60480956710774,1717.0,156.59480956710772,1132.0,156.58480956710773,1480.0,156.62480956710772,1247.0,156.63480956710774,243.0,156.64480956710773,1867.0
2026-03-01 09:38:05.000,AAPL,156.55469791030686,461.0,156.54469791030684,1295.0,156.53469791030685,1130.0,156.57469791030684,1500.0,156.58469791030686,1917.0,156.59469791030685,1820.0
2026-03-01 09:38:05.100,AAPL,156.49073194440248,179.0,156.48073194440246,247.0,156.47073194440247,1426.0,156.51073194440247,1508.0,156.52073194440248,1369.0,156.53073194440248,1791.0
2026-03-01 09:38:05.200,AAPL,156.50146771425526,1621.0,156.49146771425524,695.0,156.48146771425525,484.0,156.52146771425524,1356.0,156.53146771425526,324.0,156.54146771425525,930.0
2026-03-01 09:38:05.300,AAPL,156.51489378817828,1211.0,156.50489378817826,1973.0,156.49489378817827,1699.0,156.53489378817827,469.0,156.54489378817829,425.0,156.55489378817828,1057.0
2026-03-01 09:38:05.400,AAPL,156.5482553952378,386.0,156.53825539523777,1407.0,156.52825539523778,635.0,156.56825539523777,1384.0,156.5782553952378,1103.0,156.58825539523778,1767.0
2026-03-01 09:38:05.500,AAPL,156.64831679791328,1198.0,156.63831679791326,931.0,156.62831679791327,1427.0,156.66831679791326,1111.0,156.67831679791328,329.0,156.68831679791327,845.0
2026-03-01 09:38:05.600,AAPL,156.60946030715354,537.0,156.59946030715352,1433.0,156.58946030715353,384.0,156.62946030715352,487.0,156.63946030715354,518.0,156.64946030715353,962.0
2026-03-01 09:38:05.700,AAPL,156.58053846525485,598.0,156.57053846525483,683.0,156.56053846525484,1081.0,156.60053846525483,896.0,156.61053846525485,297.0,156.62053846525484,520.0
2026-03-01 09:38:05.800,AAPL,156.66097874012019,1738.0,156.65097874012017,268.0,156.64097874012018,1663.0,156.68097874012017,860.0,156.6909787401202,799.0,156.70097874012018,1290.0
2026-03-01 09:38:05.900,AAPL,156.70793492839547,121.0,156.69793492839545,639.0,156.68793492839546,516.0,156.72793492839546,1756.0,156.73793492839548,1042.0,156.74793492839547,855.0
2026-03-01 09:38:06.000,AAPL,156.74793899528356,341.0,156.73793899528354,1450.0,156.72793899528355,1448.0,156.76793899528354,356.0,156.77793899528356,1982.0,156.78793899528355,1202.0
2026-03-01 09:38:06.100,AAPL,156.7184455605082,1062.0,156.70844556050818,1795.0,156.6984455605082,279.0,156.73844556050818,605.0,156.7484455605082,1084.0,156.7584455605082,771.0
2026-03-01 09:38:06.200,AAPL,156.77473997152882,459.0,156.7647399715288,1932.0,156.7547399715288,1455.0,156.7947399715288,463.0,156.80473997152882,1398.0,156.8147399715288,153.0
2026-03-01 09:38:06.300,AAPL,156.81489911253786,149.0,156.80489911253784,995.0,156.79489911253785,856.0,156.83489911253784,851.0,156.84489911253786,796.0,156.85489911253785,301.0
2026-03-01 09:38:06.400,AAPL,156.82437597594384,825.0,156.81437597594382,1899.0,156.80437597594383,805.0,156.84437597594382,1313.0,156.85437597594384,1586.0,156.86437597594383,998.0
2026-03-01 09:38:06.500,AAPL,156.79512958543216,695.0,156.78512958543214,1566.0,156.77512958543215,841.0,156.81512958543215,1368.0,156.82512958543217,1358.0,156.83512958543216,1145.0
2026-03-01 09:38:06.600,AAPL,156.80046436315158,189.0,156.79046436315156,509.0,156.78046436315157,1990.0,156.82046436315156,1869.0,156.83046436315158,1570.0,156.84046436315157,282.0
2026-03-01 09:38:06.700,AAPL,156.88288870757575,1464.0,156.87288870757573,1367.0,156.86288870757573,514.0,156.90288870757573,1033.0,156.91288870757575,312.0,156.92288870757574,1861.0
2026-03-01 09:38:06.800,AAPL,156.82819031994555,1707.0,156.81819031994553,339.0,156.80819031994554,312.0,156.84819031994553,263.0,156.85819031994555,1260.0,156.86819031994554,1763.0
2026-03-01 09:38:06.900,AAPL,156.78820036654238,252.0,156.77820036654236,1888.0,156.76820036654237,1245.0,156.80820036654237,1490.0,156.81820036654238,1290.0,156.82820036654238,337.0
2026-03-01 09:38:07.000,AAPL,156.75681024478885,1373.0,156.74681024478883,1868.0,156.73681024478884,1735.0,156.77681024478883,1988.0,156.78681024478885,965.0,156.79681024478884,713.0
2026-03-01 09:38:07.100,AAPL,156.73626918698835,827.0,156.72626918698833,1188.0,156.71626918698834,1903.0,156.75626918698833,1085.0,156.76626918698835,1472.0,156.77626918698834,1856.0
2026-03-01 09:38:07.200,AAPL,156.7354823526623,1150.0,156.72548235266228,997.0,156.7154823526623,299.0,156.75548235266228,1583.0,156.7654823526623,784.0,156.7754823526623,1673.0
2026-03-01 09:38:07.300,AAPL,156.7834109040724,575.0,156.7734109040724,943.0,156.7634109040724,1857.0,156.8034109040724,1941.0,156.8134109040724,391.0,156.8234109040724,1865.0
2026-03-01 09:38:07.400,AAPL,156.80648160979328,957.0,156.79648160979326,640.0,156.78648160979327,1313.0,156.82648160979326,424.0,156.83648160979328,1065.0,156.84648160979327,302.0
2026-03-01 09:38:07.500,AAPL,156.80952366231844,921.0,156.79952366231842,1402.0,156.78952366231843,977.0,156.82952366231842,694.0,156.83952366231844,117.0,156.84952366231843,1589.0
2026-03-01 09:38:07.600,AAPL,156.82337333607248,1343.0,156.81337333607246,260.0,156.80337333607247,1680.0,156.84337333607246,1477.0,156.85337333607248,333.0,156.86337333607247,321.0
2026-03-01 09:38:07.700,AAPL,156.85457288409063,514.0,156.8445728840906,1986.0,156.83457288409062,310.0,156.8745728840906,915.0,156.88457288409063,344.0,156.89457288409062,1234.0
2026-03-01 09:38:07.800,AAPL,156.77048758677915,1601.0,156.76048758677913,1041.0,156.75048758677914,137.0,156.79048758677914,1446.0,156.80048758677916,1599.0,156.81048758677915,440.0
2026-03-01 09:38:07.900,AAPL,156.82406679636688,1814.0,156.81406679636686,678.0,156.80406679636687,920.0,156.84406679636686,1562.0,156.85406679636688,1884.0,156.86406679636687,1640.0
2026-03-01 09:38:08.000,AAPL,156.78274614922256,1579.0,156.77274614922254,1193.0,156.76274614922255,376.0,156.80274614922254,712.0,156.81274614922256,1951.0,156.82274614922255,1957.0
2026-03-01 09:38:08.100,AAPL,156.7605706306637,703.0,156.75057063066367,1120.0,156.74057063066368,1678.0,156.78057063066368,1519.0,156.7905706306637,158.0,156.80057063066369,1052.0
2026-03-01 09:38:08.200,AAPL,156.77759239674887,1769.0,156.76759239674885,1310.0,156.75759239674886,1953.0,156.79759239674885,1224.0,156.80759239674887,557.0,156.81759239674886,1619.0
2026-03-01 09:38:08.300,AAPL,156.77382210534867,994.0,156.76382210534865,1424.0,156.75382210534866,1121.0,156.79382210534865,1494.0,156.80382210534867,1995.0,156.81382210534866,497.0
2026-03-01 09:38:08.400,AAPL,156.79816862740333,366.0,156.7881686274033,607.0,156.77816862740332,1932.0,156.8181686274033,1294.0,156.82816862740333,1633.0,156.83816862740332,919.0
2026-03-01 09:38:08.500,AAPL,156.80526002332616,1896.0,156.79526002332614,1997.0,156.78526002332615,878.0,156.82526002332614,830.0,156.83526002332616,1960.0,156.84526002332615,1107.0
2026-03-01 09:38:08.600,AAPL,156.7907934089731,437.0,156.78079340897307,636.0,156.77079340897308,1521.0,156.81079340897307,1660.0,156.8207934089731,1508.0,156.83079340897308,1107.0
2026-03-01 09:38:08.700,AAPL,156.86723131744188,264.0,156.85723131744186,222.0,156.84723131744187,509.0,156.88723131744186,1159.0,156.89723131744188,1854.0,156.90723131744187,331.0
2026-03-01 09:38:08.800,AAPL,156.90263459404238,1236.0,156.89263459404236,133.0,156.88263459404237,1483.0,156.92263459404236,1848.0,156.93263459404238,514.0,156.94263459404237,1901.0
2026-03-01 09:38:08.900,AAPL,156.91774046029917,1443.0,156.90774046029915,106.0,156.89774046029916,1396.0,156.93774046029915,1177.0,156.94774046029917,1590.0,156.95774046029916,1203.0
2026-03-01 09:38:09.000,AAPL,156.95236645234215,622.0,156.94236645234213,847.0,156.93236645234214,1374.0,156.97236645234213,1717.0,156.98236645234215,312.0,156.99236645234214,1033.0
2026-03-01 09:38:09.100,AAPL,156.91709997770678,1968.0,156.90709997770676,1819.0,156.89709997770677,770.0,156.93709997770677,1788.0,156.94709997770678,674.0,156.95709997770678,722.0
2026-03-01 09:38:09.200,AAPL,157.0258385647976,1985.0,157.01583856479758,680.0,157.00583856479759,1329.0,157.04583856479758,1469.0,157.0558385647976,1056.0,157.0658385647976,1851.0
2026-03-01 09:38:09.300,AAPL,156.97145670474345,977.0,156.96145670474343,1506.0,156.95145670474344,1663.0,156.99145670474343,1159.0,157.00145670474345,1446.0,157.01145670474344,1786.0
2026-03-01 09:38:09.400,AAPL,156.97711513765813,260.0,156.9671151376581,351.0,156.95711513765812,622.0,156.9971151376581,1897.0,157.00711513765813,1641.0,157.01711513765812,474.0
2026-03-01 09:38:09.500,AAPL,156.96279382372722,1709.0,156.9527938237272,167.0,156.94279382372721,1728.0,156.9827938237272,1207.0,156.99279382372723,498.0,157.00279382372722,285.0
2026-03-01 09:38:09.600,AAPL,156.9465731049559,1173.0,156.93657310495587,1783.0,156.92657310495588,764.0,156.96657310495587,852.0,156.9765731049559,1969.0,156.98657310495588,1786.0
2026-03-01 09:38:09.700,AAPL,156.92386026714013,418.0,156.9138602671401,462.0,156.90386026714012,1773.0,156.9438602671401,789.0,156.95386026714013,584.0,156.96386026714012,1201.0
2026-03-01 09:38:09.800,AAPL,156.8852747670902,982.0,156.8752747670902,1654.0,156.8652747670902,1690.0,156.9052747670902,579.0,156.9152747670902,1343.0,156.9252747670902,863.0
2026-03-01 09:38:09.900,AAPL,156.94469187733063,733.0,156.9346918773306,560.0,156.92469187733062,1008.0,156.9646918773306,1451.0,156.97469187733063,392.0,156.98469187733062,872.0
2026-03-01 09:38:10.000,AAPL,156.88445673760148,349.0,156.87445673760146,1010.0,156.86445673760147,1139.0,156.90445673760146,148.0,156.91445673760148,328.0,156.92445673760147,1603.0
2026-03-01 09:38:10.100,AAPL,156.93363493253565,158.0,156.92363493253563,148.0,156.91363493253564,846.0,156.95363493253564,1211.0,156.96363493253565,1187.0,156.97363493253565,1930.0
2026-03-01 09:38:10.200,AAPL,156.96606181927172,1246.0,156.9560618192717,883.0,156.9460618192717,426.0,156.9860618192717,1836.0,156.99606181927172,292.0,157.0060618192717,1603.0
2026-03-01 09:38:10.300,AAPL,156.94701726268775,982.0,156.93701726268773,1611.0,156.92701726268774,1183.0,156.96701726268773,1475.0,156.97701726268775,871.0,156.98701726268774,1199.0
2026-03-01 09:38:10.400,AAPL,156.97364762687744,1796.0,156.96364762687742,553.0,156.95364762687743,951.0,156.99364762687742,333.0,157.00364762687744,734.0,157.01364762687743,619.0
2026-03-01 09:38:10.500,AAPL,156.9657526759926,1324.0,156.95575267599258,1378.0,156.9457526759926,1480.0,156.9857526759926,342.0,156.9957526759926,1150.0,157.0057526759926,1424.0
2026-03-01 09:38:10.600,AAPL,156.91070235906716,668.0,156.90070235906714,1040.0,156.89070235906715,190.0,156.93070235906714,1545.0,156.94070235906716,1712.0,156.95070235906715,1209.0
2026-03-01 09:38:10.700,AAPL,156.8561806763336,1565.0,156.84618067633357,221.0,156.83618067633358,1666.0,156.87618067633358,683.0,156.8861806763336,861.0,156.89618067633359,1001.0
2026-03-01 09:38:10.800,AAPL,156.88895275215708,1072.0,156.87895275215706,1594.0,156.86895275215707,1918.0,156.90895275215706,1438.0,156.91895275215708,120.0,156.92895275215707,1488.0
2026-03-01 09:38:10.900,AAPL,156.91913126834135,625.0,156.90913126834133,1746.0,156.89913126834134,1324.0,156.93913126834133,1502.0,156.94913126834135,402.0,156.95913126834134,120.0
2026-03-01 09:38:11.000,AAPL,156.9312318390573,1372.0,156.92123183905727,791.0,156.91123183905728,1712.0,156.95123183905727,1327.0,156.9612318390573,980.0,156.97123183905728,1864.0
2026-03-01 09:38:11.100,AAPL,156.91165601209028,1774.0,156.90165601209026,251.0,156.89165601209027,1318.0,156.93165601209026,755.0,156.94165601209028,1680.0,156.95165601209027,553.0
2026-03-01 09:38:11.200,AAPL,156.90213443540873,1498.0,156.8921344354087,176.0,156.88213443540872,1373.0,156.9221344354087,353.0,156.93213443540873,1311.0,156.94213443540872,469.0
2026-03-01 09:38:11.300,AAPL,156.88585677755052,1776.0,156.8758567775505,1987.0,156.8658567775505,455.0,156.9058567775505,542.0,156.91585677755052,847.0,156.9258567775505,434.0
2026-03-01 09:38:11.400,AAPL,156.79850957079168,426.0,156.78850957079166,1589.0,156.77850957079167,1172.0,156.81850957079166,1627.0,156.82850957079168,792.0,156.83850957079167,1025.0
2026-03-01 09:38:11.500,AAPL,156.80157223330448,1083.0,156.79157223330446,1595.0,156.78157223330447,1260.0,156.82157223330447,791.0,156.83157223330448,1239.0,156.84157223330448,1163.0
2026-03-01 09:38:11.600,AAPL,156.82769497636497,1942.0,156.81769497636495,866.0,156.80769497636496,1466.0,156.84769497636495,1149.0,156.85769497636497,1262.0,156.86769497636496,1736.0
2026-03-01 09:38:11.700,AAPL,156.83107541630386,1977.0,156.82107541630384,1850.0,156.81107541630385,850.0,156.85107541630384,1848.0,156.86107541630386,1901.0,156.87107541630385,571.0
2026-03-01 09:38:11.800,AAPL,156.91953287490483,439.0,156.9095328749048,1871.0,156.89953287490482,769.0,156.9395328749048,1712.0,156.94953287490483,1889.0,156.95953287490482,1052.0
2026-03-01 09:38:11.900,AAPL,156.86930476766332,233.0,156.8593047676633,1361.0,156.8493047676633,251.0,156.8893047676633,1351.0,156.89930476766332,1577.0,156.90930476766331,435.0
2026-03-01 09:38:12.000,AAPL,156.83624958181866,1234.0,156.82624958181864,1260.0,156.81624958181865,862.0,156.85624958181864,291.0,156.86624958181866,1010.0,156.87624958181866,1253.0
2026-03-01 09:38:12.100,AAPL,156.84290053160282,1420.0,156.8329005316028,1287.0,156.8229005316028,1871.0,156.8629005316028,333.0,156.87290053160282,794.0,156.88290053160281,1000.0
2026-03-01 09:38:12.200,AAPL,156.85508887211245,1681.0,156.84508887211243,1880.0,156.83508887211244,135.0,156.87508887211243,1635.0,156.88508887211245,720.0,156.89508887211244,553.0
2026-03-01 09:38:12.300,AAPL,156.76002844086113,1595.0,156.75002844086112,774.0,156.74002844086112,209.0,156.78002844086112,994.0,156.79002844086114,828.0,156.80002844086113,434.0
2026-03-01 09:38:12.400,AAPL,156.79016334085492,521.0,156.7801633408549,850.0,156.7701633408549,1515.0,156.8101633408549,1130.0,156.82016334085492,672.0,156.8301633408549,1424.0
2026-03-01 09:38:12.500,AAPL,156.8025791828327,1143.0,156.79257918283267,1994.0,156.78257918283268,544.0,156.82257918283267,242.0,156.8325791828327,1090.0,156.84257918283268,1257.0
2026-03-01 09:38:12.600,AAPL,156.69660953564104,1629.0,156.68660953564103,658.0,156.67660953564103,1069.0,156.71660953564103,955.0,156.72660953564105,833.0,156.73660953564104,645.0
2026-03-01 09:38:12.700,AAPL,156.6907740721968,1284.0,156.68077407219678,440.0,156.6707740721968,137.0,156.71077407219678,298.0,156.7207740721968,437.0,156.7307740721968,879.0
2026-03-01 09:38:12.800,AAPL,156.65034699609987,455.0,156.64034699609985,147.0,156.63034699609986,1079.0,156.67034699609985,1962.0,156.68034699609987,1841.0,156.69034699609986,120.0
2026-03-01 09:38:12.900,AAPL,156.62768083288418,1216.0,156.61768083288416,1207.0,156.60768083288417,1275.0,156.64768083288416,298.0,156.65768083288418,954.0,156.66768083288417,1799.0
2026-03-01 09:38:13.000,AAPL,156.5607757936503,226.0,156.55077579365027,1039.0,156.54077579365028,288.0,156.58077579365028,1612.0,156.5907757936503,1592.0,156.60077579365029,286.0
2026-03-01 09:38:13.100,AAPL,156.58158522758396,128.0,156.57158522758394,314.0,156.56158522758395,1875.0,156.60158522758394,570.0,156.61158522758396,890.0,156.62158522758395,1363.0
2026-03-01 09:38:13.200,AAPL,156.66967404661247,1858.0,156.65967404661245,1271.0,156.64967404661246,598.0,156.68967404661245,1580.0,156.69967404661247,1804.0,156.70967404661246,1891.0
2026-03-01 09:38:13.300,AAPL,156.682925225321,1427.0,156.67292522532097,581.0,156.66292522532098,431.0,156.70292522532097,1505.0,156.712925225321,1034.0,156.72292522532098,341.0
2026-03-01 09:38:13.400,AAPL,156.5749560202328,1557.0,156.56495602023278,1177.0,156.5549560202328,750.0,156.5949560202328,665.0,156.6049560202328,1634.0,156.6149560202328,1207.0
2026-03-01 09:38:13.500,AAPL,156.58923582209945,694.0,156.57923582209943,154.0,156.56923582209944,1361.0,156.60923582209944,676.0,156.61923582209945,1615.0,156.62923582209945,1473.0
2026-03-01 09:38:13.600,AAPL,156.5795038824895,242.0,156.56950388248947,1670.0,156.55950388248948,610.0,156.59950388248947,532.0,156.6095038824895,822.0,156.61950388248948,922.0
2026-03-01 09:38:13.700,AAPL,156.52445325575178,1899.0,156.51445325575176,1368.0,156.50445325575177,1309.0,156.54445325575176,969.0,156.55445325575178,853.0,156.56445325575177,1313.0
2026-03-01 09:38:13.800,AAPL,156.54213444732133,694.0,156.5321344473213,1191.0,156.52213444732132,1996.0,156.5621344473213,1551.0,156.57213444732133,1080.0,156.58213444732132,1949.0
2026-03-01 09:38:13.900,AAPL,156.5861226837277,1577.0,156.57612268372768,1079.0,156.56612268372768,1588.0,156.60612268372768,1500.0,156.6161226837277,1983.0,156.6261226837277,1096.0
2026-03-01 09:38:14.000,AAPL,156.55269800963305,1504.0,156.54269800963303,1956.0,156.53269800963304,1269.0,156.57269800963303,1084.0,156.58269800963305,1573.0,156.59269800963304,754.0
2026-03-01 09:38:14.100,AAPL,156.47051136909246,1736.0,156.46051136909244,204.0,156.45051136909245,273.0,156.49051136909245,877.0,156.50051136909246,518.0,156.51051136909246,1169.0
2026-03-01 09:38:14.200,AAPL,156.3699277571153,103.0,156.3599277571153,1266.0,156.3499277571153,401.0,156.3899277571153,1796.0,156.3999277571153,1400.0,156.4099277571153,1042.0
2026-03-01 09:38:14.300,AAPL,156.33664350243603,232.0,156.326643502436,245.0,156.31664350243602,1180.0,156.35664350243601,1721.0,156.36664350243603,1504.0,156.37664350243602,771.0
2026-03-01 09:38:14.400,AAPL,156.32886832897304,620.0,156.31886832897302,1379.0,156.30886832897303,170.0,156.34886832897303,1471.0,156.35886832897305,1505.0,156.36886832897304,235.0
2026-03-01 09:38:14.500,AAPL,156.30306805079118,1868.0,156.29306805079116,1134.0,156.28306805079117,909.0,156.32306805079116,186.0,156.33306805079118,702.0,156.34306805079117,122.0
2026-03-01 09:38:14.600,AAPL,156.26890394615808,1804.0,156.25890394615806,842.0,156.24890394615807,1780.0,156.28890394615806,1483.0,156.29890394615808,191.0,156.30890394615807,1998.0
2026-03-01 09:38:14.700,AAPL,156.29729892251447,1202.0,156.28729892251445,289.0,156.27729892251446,597.0,156.31729892251445,1318.0,156.32729892251447,1679.0,156.33729892251446,1783.0
2026-03-01 09:38:14.800,AAPL,156.32044022482177,348.0,156.31044022482175,566.0,156.30044022482176,1772.0,156.34044022482175,1531.0,156.35044022482177,325.0,156.36044022482176,1076.0
2026-03-01 09:38:14.900,AAPL,156.3304198949598,1838.0,156.32041989495977,886.0,156.31041989495978,484.0,156.35041989495977,676.0,156.3604198949598,1653.0,156.37041989495978,1490.0
2026-03-01 09:38:15.000,AAPL,156.37124428417698,425.0,156.36124428417696,724.0,156.35124428417697,645.0,156.39124428417696,357.0,156.40124428417698,1449.0,156.41124428417697,767.0
2026-03-01 09:38:15.100,AAPL,156.33842891653723,535.0,156.3284289165372,862.0,156.31842891653721,1699.0,156.3584289165372,1431.0,156.36842891653723,251.0,156.37842891653722,1079.0
2026-03-01 09:38:15.200,AAPL,156.28370095478428,399.0,156.27370095478426,1612.0,156.26370095478427,1483.0,156.30370095478426,1134.0,156.31370095478428,1579.0,156.32370095478427,160.0
2026-03-01 09:38:15.300,AAPL,156.25758427107291,786.0,156.2475842710729,550.0,156.2375842710729,1336.0,156.2775842710729,140.0,156.28758427107292,846.0,156.2975842710729,1430.0
2026-03-01 09:38:15.400,AAPL,156.22801913248884,1474.0,156.21801913248882,731.0,156.20801913248883,728.0,156.24801913248882,413.0,156.25801913248884,734.0,156.26801913248883,626.0
2026-03-01 09:38:15.500,AAPL,156.12545465968648,147.0,156.11545465968646,182.0,156.10545465968647,878.0,156.14545465968646,602.0,156.15545465968648,1163.0,156.16545465968647,1422.0
2026-03-01 09:38:15.600,AAPL,156.09817622770913,1716.0,156.0881762277091,757.0,156.07817622770912,922.0,156.1181762277091,1829.0,156.12817622770913,566.0,156.13817622770912,1091.0
2026-03-01 09:38:15.700,AAPL,156.15341875546824,1380.0,156.14341875546822,1528.0,156.13341875546823,1319.0,156.17341875546822,976.0,156.18341875546824,1304.0,156.19341875546823,1960.0
2026-03-01 09:38:15.800,AAPL,156.19346142699914,720.0,156.18346142699912,1704.0,156.17346142699913,1552.0,156.21346142699912,1090.0,156.22346142699914,860.0,156.23346142699913,1126.0
2026-03-01 09:38:15.900,AAPL,156.21972061984692,234.0,156.2097206198469,353.0,156.19972061984691,726.0,156.2397206198469,1844.0,156.24972061984693,1564.0,156.25972061984692,507.0
2026-03-01 09:38:16.000,AAPL,156.22630152200878,1288.0,156.21630152200876,222.0,156.20630152200877,217.0,156.24630152200876,806.0,156.25630152200878,839.0,156.26630152200877,1929.0
2026-03-01 09:38:16.100,AAPL,156.29874644831588,1217.0,156.28874644831586,291.0,156.27874644831587,1949.0,156.31874644831586,1091.0,156.32874644831588,1403.0,156.33874644831587,1086.0
2026-03-01 09:38:16.200,AAPL,156.2457380535725,1998.0,156.23573805357248,570.0,156.22573805357248,1489.0,156.26573805357248,117.0,156.2757380535725,1467.0,156.2857380535725,1652.0
2026-03-01 09:38:16.300,AAPL,156.19749669747435,1112.0,156.18749669747433,708.0,156.17749669747434,1207.0,156.21749669747433,723.0,156.22749669747435,947.0,156.23749669747434,150.0
2026-03-01 09:38:16.400,AAPL,156.2537114611588,1123.0,156.24371146115877,1471.0,156.23371146115878,1038.0,156.27371146115877,558.0,156.2837114611588,117.0,156.29371146115878,602.0
2026-03-01 09:38:16.500,AAPL,156.2550917060007,418.0,156.2450917060007,988.0,156.2350917060007,463.0,156.2750917060007,478.0,156.2850917060007,1585.0,156.2950917060007,1442.0
2026-03-01 09:38:16.600,AAPL,156.2215327906485,221.0,156.21153279064848,442.0,156.20153279064849,532.0,156.24153279064848,786.0,156.2515327906485,544.0,156.2615327906485,1240.0
2026-03-01 09:38:16.700,AAPL,156.24912902198633,243.0,156.23912902198632,1784.0,156.22912902198632,1655.0,156.26912902198632,1538.0,156.27912902198634,1781.0,156.28912902198633,1071.0
2026-03-01 09:38:16.800,AAPL,156.22720567390192,392.0,156.2172056739019,1780.0,156.2072056739019,1658.0,156.2472056739019,215.0,156.25720567390192,917.0,156.2672056739019,566.0
2026-03-01 09:38:16.900,AAPL,156.18532939912828,455.0,156.17532939912826,137.0,156.16532939912827,1848.0,156.20532939912826,1259.0,156.21532939912828,693.0,156.22532939912827,1657.0
2026-03-01 09:38:17.000,AAPL,156.14206180848493,1940.0,156.1320618084849,239.0,156.12206180848491,1588.0,156.1620618084849,1601.0,156.17206180848493,1877.0,156.18206180848492,300.0
2026-03-01 09:38:17.100,AAPL,156.15813927653622,1785.0,156.1481392765362,1333.0,156.1381392765362,1252.0,156.1781392765362,804.0,156.18813927653622,1006.0,156.1981392765362,295.0
2026-03-01 09:38:17.200,AAPL,156.16843005136778,565.0,156.15843005136776,550.0,156.14843005136777,294.0,156.18843005136776,1081.0,156.19843005136778,237.0,156.20843005136777,265.0
2026-03-01 09:38:17.300,AAPL,156.24426738970055,656.0,156.23426738970053,389.0,156.22426738970054,953.0,156.26426738970054,776.0,156.27426738970055,353.0,156.28426738970055,1030.0
2026-03-01 09:38:17.400,AAPL,156.22976292737047,1585.0,156.21976292737045,236.0,156.20976292737046,610.0,156.24976292737045,174.0,156.25976292737047,582.0,156.26976292737046,576.0
2026-03-01 09:38:17.500,AAPL,156.21440545493058,1046.0,156.20440545493057,418.0,156.19440545493057,1952.0,156.23440545493057,1861.0,156.2444054549306,1325.0,156.25440545493058,470.0
2026-03-01 09:38:17.600,AAPL,156.28638713145693,1065.0,156.27638713145691,183.0,156.26638713145692,1504.0,156.30638713145692,862.0,156.31638713145693,1039.0,156.32638713145693,305.0
2026-03-01 09:38:17.700,AAPL,156.3356694711208,1374.0,156.3256694711208,376.0,156.3156694711208,562.0,156.3556694711208,1223.0,156.3656694711208,892.0,156.3756694711208,1508.0
2026-03-01 09:38:17.800,AAPL,156.34291438630896,1660.0,156.33291438630894,702.0,156.32291438630895,816.0,156.36291438630894,961.0,156.37291438630896,210.0,156.38291438630895,1301.0
2026-03-01 09:38:17.900,AAPL,156.2648637501799,765.0,156.25486375017988,1377.0,156.2448637501799,1385.0,156.28486375017988,669.0,156.2948637501799,760.0,156.3048637501799,1775.0
2026-03-01 09:38:18.000,AAPL,156.22427101106572,1752.0,156.2142710110657,229.0,156.2042710110657,103.0,156.2442710110657,1460.0,156.25427101106573,1905.0,156.26427101106572,1300.0
2026-03-01 09:38:18.100,AAPL,156.17156627119635,423.0,156.16156627119634,1383.0,156.15156627119634,1364.0,156.19156627119634,179.0,156.20156627119636,1013.0,156.21156627119635,1111.0
2026-03-01 09:38:18.200,AAPL,156.1733888600413,1304.0,156.1633888600413,1881.0,156.1533888600413,850.0,156.1933888600413,1810.0,156.20338886004131,1168.0,156.2133888600413,1537.0
2026-03-01 09:38:18.300,AAPL,156.14797180431424,581.0,156.13797180431422,1169.0,156.12797180431423,467.0,156.16797180431422,1064.0,156.17797180431424,1019.0,156.18797180431423,1694.0
2026-03-01 09:38:18.400,AAPL,156.22811704895634,1449.0,156.21811704895632,1838.0,156.20811704895632,1633.0,156.24811704895632,931.0,156.25811704895634,1727.0,156.26811704895633,500.0
2026-03-01 09:38:18.500,AAPL,156.14954518826764,1018.0,156.13954518826762,1209.0,156.12954518826763,660.0,156.16954518826762,106.0,156.17954518826764,1311.0,156.18954518826763,592.0
2026-03-01 09:38:18.600,AAPL,156.09147820242202,481.0,156.081478202422,1888.0,156.071478202422,749.0,156.111478202422,870.0,156.12147820242203,572.0,156.13147820242202,1967.0
2026-03-01 09:38:18.700,AAPL,156.103709641666,1153.0,156.09370964166598,1920.0,156.083709641666,1279.0,156.12370964166598,1410.0,156.133709641666,809.0,156.143709641666,1097.0
2026-03-01 09:38:18.800,AAPL,156.12978144415422,1509.0,156.1197814441542,715.0,156.1097814441542,916.0,156.1497814441542,493.0,156.15978144415422,1203.0,156.1697814441542,585.0
2026-03-01 09:38:18.900,AAPL,156.00042463260942,138.0,155.9904246326094,1716.0,155.9804246326094,1684.0,156.0204246326094,906.0,156.03042463260942,393.0,156.04042463260942,792.0
2026-03-01 09:38:19.000,AAPL,155.91365412465115,1067.0,155.90365412465113,1703.0,155.89365412465114,103.0,155.93365412465113,1360.0,155.94365412465115,1921.0,155.95365412465114,1409.0
2026-03-01 09:38:19.100,AAPL,155.90047393999413,553.0,155.8904739399941,831.0,155.88047393999412,1329.0,155.9204739399941,564.0,155.93047393999413,1316.0,155.94047393999412,552.0
2026-03-01 09:38:19.200,AAPL,155.96827612156838,1946.0,155.95827612156836,1545.0,155.94827612156837,1305.0,155.98827612156836,174.0,155.99827612156838,1064.0,156.00827612156837,1511.0
2026-03-01 09:38:19.300,AAPL,156.06266416582923,446.0,156.0526641658292,1860.0,156.04266416582922,627.0,156.08266416582921,1330.0,156.09266416582923,896.0,156.10266416582922,329.0
2026-03-01 09:38:19.400,AAPL,156.04193929132109,1291.0,156.03193929132107,603.0,156.02193929132108,468.0,156.06193929132107,1835.0,156.0719392913211,288.0,156.08193929132108,1755.0
2026-03-01 09:38:19.500,AAPL,156.03340694245006,1180.0,156.02340694245004,795.0,156.01340694245005,553.0,156.05340694245004,1107.0,156.06340694245006,1201.0,156.07340694245005,1636.0
2026-03-01 09:38:19.600,AAPL,155.99156365458583,1849.0,155.9815636545858,1783.0,155.97156365458582,875.0,156.0115636545858,1350.0,156.02156365458583,348.0,156.03156365458582,1912.0
2026-03-01 09:38:19.700,AAPL,156.02322397458013,1980.0,156.01322397458011,417.0,156.00322397458012,1782.0,156.04322397458012,243.0,156.05322397458013,1156.0,156.06322397458013,309.0
2026-03-01 09:38:19.800,AAPL,156.09965045380483,1724.0,156.0896504538048,1503.0,156.07965045380482,1017.0,156.1196504538048,708.0,156.12965045380483,582.0,156.13965045380482,739.0
2026-03-01 09:38:19.900,AAPL,156.16245149067382,1827.0,156.1524514906738,449.0,156.1424514906738,503.0,156.1824514906738,1285.0,156.19245149067382,601.0,156.2024514906738,1101.0
