applicant_id,fico_score,dti_ratio,revolving_utilization,hard_inquiries_12m,annual_income_usd,requested_loan_usd,past_delinquencies_24m,fraud_probability_score
APP-10000,583.0000,0.5865,0.1870,2.0000,215025.5442,14202.6860,3.0000,0.3937
APP-10001,767.0000,0.3097,0.5986,0.0000,47735.9508,4149.8619,1.0000,0.4799
APP-10002,808.0000,0.6039,0.3328,5.0000,226257.0933,20503.1675,2.0000,0.6505
APP-10003,648.0000,0.3928,0.3681,2.0000,71728.7869,7724.5783,4.0000,0.2677
APP-10004,703.0000,0.4379,0.0577,5.0000,237565.4985,14177.2156,2.0000,0.4022
APP-10005,691.0000,0.1687,0.5297,0.0000,135995.7613,26355.2599,1.0000,0.9504
APP-10006,606.0000,0.2472,0.9368,6.0000,42492.8562,12663.2210,3.0000,0.0821
APP-10007,734.0000,0.6361,0.1822,1.0000,203994.9632,17611.9078,2.0000,0.2084
APP-10008,642.0000,0.4953,0.2608,1.0000,40385.7819,32487.5504,3.0000,0.0506
APP-10009,517.0000,0.3624,0.2537,1.0000,168032.6052,36697.1827,4.0000,0.5913
APP-10010,634.0000,0.3868,0.5559,0.0000,205319.8566,21767.6890,3.0000,0.5193
APP-10011,560.0000,0.1483,0.2209,7.0000,131836.7878,27358.3402,3.0000,0.0741
APP-10012,667.0000,0.5308,0.9065,7.0000,179856.7876,16203.9410,1.0000,0.4627
APP-10013,662.0000,0.1393,0.6767,0.0000,155954.7663,40058.2121,3.0000,0.2015
APP-10014,663.0000,0.3128,0.6128,2.0000,45469.2690,5495.2829,0.0000,0.6432
APP-10015,560.0000,0.3259,0.0536,4.0000,182551.9651,6189.6133,2.0000,0.8022
APP-10016,831.0000,0.4317,0.4735,4.0000,239585.1773,3624.6962,0.0000,0.1149
APP-10017,540.0000,0.3285,0.7785,5.0000,105422.1165,6385.3372,0.0000,0.7499
APP-10018,602.0000,0.6284,0.5063,7.0000,57754.1653,29035.7269,4.0000,0.4421
APP-10019,613.0000,0.5388,0.7145,6.0000,86393.8797,44927.4566,1.0000,0.5128
APP-10020,659.0000,0.6276,0.6639,2.0000,169820.3893,27866.5606,2.0000,0.4504
APP-10021,649.0000,0.3853,0.8865,2.0000,246354.8537,12958.7268,2.0000,0.7124
APP-10022,845.0000,0.2662,0.3800,2.0000,208580.7766,37179.2271,3.0000,0.7079
APP-10023,797.0000,0.6397,0.7928,1.0000,201832.8156,17246.2296,3.0000,0.5853
APP-10024,519.0000,0.1447,0.2844,4.0000,109275.9373,27540.9350,0.0000,0.2317
APP-10025,708.0000,0.6099,0.5518,0.0000,164204.9649,20933.2817,3.0000,0.3825
APP-10026,680.0000,0.1527,0.6061,0.0000,118918.2137,23972.9549,3.0000,0.8079
APP-10027,825.0000,0.5438,0.4484,1.0000,42920.6357,6541.0466,4.0000,0.3167
APP-10028,619.0000,0.5290,0.1421,5.0000,138099.3009,42007.5393,0.0000,0.9097
APP-10029,660.0000,0.4628,0.4408,4.0000,150534.9969,15131.0568,0.0000,0.2922
APP-10030,825.0000,0.5304,0.2273,2.0000,216469.6582,27842.0028,1.0000,0.5494
APP-10031,665.0000,0.1484,0.4886,4.0000,197891.3553,2316.6741,2.0000,0.6092
APP-10032,712.0000,0.3054,0.0686,5.0000,129914.4231,21779.9249,3.0000,0.1753
APP-10033,609.0000,0.2851,0.4851,6.0000,139462.4289,34972.5880,4.0000,0.4927
APP-10034,774.0000,0.6398,0.3896,3.0000,204373.3341,28332.9646,3.0000,0.2659
APP-10035,528.0000,0.3599,0.0622,6.0000,93596.2675,15694.8786,2.0000,0.2443
APP-10036,841.0000,0.1273,0.6105,2.0000,109182.5161,29975.1299,0.0000,0.4879
APP-10037,560.0000,0.2426,0.3317,6.0000,228795.9316,36206.6197,1.0000,0.3020
APP-10038,701.0000,0.5642,0.5741,1.0000,197251.1449,8799.5650,2.0000,0.5913
APP-10039,523.0000,0.5904,0.8473,1.0000,237527.0379,4831.6477,3.0000,0.7047
APP-10040,533.0000,0.6100,0.8280,6.0000,223348.1286,21849.8984,4.0000,0.7236
APP-10041,746.0000,0.1793,0.5032,5.0000,197742.4227,20808.9812,0.0000,0.2148
APP-10042,775.0000,0.4784,0.4741,7.0000,87509.3085,4011.2023,4.0000,0.3398
APP-10043,622.0000,0.3213,0.5300,0.0000,144618.1246,31234.5944,1.0000,0.9605
APP-10044,519.0000,0.5045,0.4013,7.0000,121671.3925,27001.6782,3.0000,0.9075
APP-10045,511.0000,0.5534,0.3156,7.0000,115858.8930,15446.3512,3.0000,0.9119
APP-10046,827.0000,0.2437,0.1919,4.0000,201413.5599,13918.5656,1.0000,0.6062
APP-10047,763.0000,0.3752,0.8736,4.0000,115257.9864,14415.8811,0.0000,0.5580
APP-10048,635.0000,0.2800,0.1055,1.0000,62496.0175,6881.5803,1.0000,0.5316
APP-10049,589.0000,0.3508,0.3606,5.0000,106684.4456,41921.3451,4.0000,0.7256
APP-10050,745.0000,0.2598,0.1998,6.0000,207583.3978,4586.2142,3.0000,0.0554
APP-10051,812.0000,0.2868,0.1045,4.0000,141709.4001,3866.3773,1.0000,0.1674
APP-10052,730.0000,0.2498,0.2055,1.0000,32781.5962,35643.7093,4.0000,0.2753
APP-10053,788.0000,0.2641,0.4604,4.0000,167085.6186,21753.9402,1.0000,0.6410
APP-10054,797.0000,0.4179,0.5531,1.0000,68467.3471,36883.4528,3.0000,0.2691
APP-10055,606.0000,0.4302,0.8549,4.0000,53699.1368,23915.6075,4.0000,0.1476
APP-10056,756.0000,0.6064,0.6655,7.0000,96963.1253,40647.5425,1.0000,0.1053
APP-10057,582.0000,0.3148,0.7718,7.0000,199447.4367,17009.5412,0.0000,0.8882
APP-10058,578.0000,0.4616,0.5480,5.0000,41013.0715,27173.5653,2.0000,0.6721
APP-10059,847.0000,0.6310,0.2311,2.0000,75587.0661,11457.7885,2.0000,0.4228
APP-10060,614.0000,0.3565,0.8149,2.0000,74598.6563,21279.8382,2.0000,0.1064
APP-10061,786.0000,0.5285,0.4771,6.0000,211009.5647,7708.4344,2.0000,0.6333
APP-10062,620.0000,0.6334,0.7441,0.0000,85034.8610,23430.1153,3.0000,0.6182
APP-10063,824.0000,0.5344,0.0557,2.0000,157456.9600,21771.5519,0.0000,0.0171
APP-10064,597.0000,0.1443,0.4511,4.0000,57777.8133,3137.9266,4.0000,0.3248
APP-10065,505.0000,0.2062,0.3550,0.0000,204022.3504,5897.7462,1.0000,0.7609
APP-10066,662.0000,0.2622,0.3175,6.0000,87369.1607,26227.2100,3.0000,0.8572
APP-10067,709.0000,0.4774,0.6574,3.0000,131458.0582,32817.2175,2.0000,0.2587
APP-10068,634.0000,0.4693,0.7921,6.0000,103022.6227,30444.9859,1.0000,0.4474
APP-10069,593.0000,0.1754,0.8276,1.0000,174641.1053,32963.0684,4.0000,0.7675
APP-10070,789.0000,0.3471,0.7707,0.0000,86857.8027,22573.7678,1.0000,0.5945
APP-10071,631.0000,0.3320,0.7805,3.0000,30092.1154,16638.4677,2.0000,0.3561
APP-10072,745.0000,0.4794,0.8016,7.0000,145610.2575,31544.9156,1.0000,0.9622
APP-10073,531.0000,0.2435,0.6742,0.0000,244477.4990,13638.9386,2.0000,0.5101
APP-10074,805.0000,0.2308,0.7339,1.0000,212789.6607,29053.1088,0.0000,0.6236
APP-10075,761.0000,0.4282,0.2490,6.0000,248446.6619,5922.9832,3.0000,0.5036
APP-10076,558.0000,0.1456,0.9115,0.0000,127844.1289,25123.3566,0.0000,0.1360
APP-10077,683.0000,0.4679,0.5028,4.0000,154915.4747,32919.5404,0.0000,0.5449
APP-10078,762.0000,0.3417,0.2865,0.0000,205485.4413,15608.1586,4.0000,0.2844
APP-10079,777.0000,0.3950,0.4591,0.0000,104204.3105,41491.5857,0.0000,0.0335
APP-10080,647.0000,0.5411,0.7909,3.0000,54837.1652,5137.1580,1.0000,0.1687
APP-10081,540.0000,0.1995,0.6732,5.0000,67142.3174,13422.1925,2.0000,0.9176
APP-10082,520.0000,0.2155,0.1873,4.0000,241756.0684,31082.8154,2.0000,0.7946
APP-10083,849.0000,0.5956,0.4448,7.0000,203859.4299,37521.2801,3.0000,0.0317
APP-10084,538.0000,0.5075,0.7296,0.0000,93557.4047,6876.1720,0.0000,0.6073
APP-10085,621.0000,0.2445,0.6746,0.0000,201776.9529,6257.2439,1.0000,0.5867
APP-10086,799.0000,0.4964,0.2206,6.0000,185088.9685,22007.8853,2.0000,0.4714
APP-10087,833.0000,0.3515,0.7186,2.0000,133245.3336,16850.9731,0.0000,0.1512
APP-10088,665.0000,0.4395,0.6574,1.0000,35005.7727,25640.3880,0.0000,0.9270
APP-10089,736.0000,0.5327,0.2699,7.0000,190156.5050,38234.6873,3.0000,0.5197
APP-10090,679.0000,0.1246,0.3268,2.0000,93893.5025,14417.3724,4.0000,0.7282
APP-10091,538.0000,0.4361,0.4275,0.0000,89740.1784,2439.2434,3.0000,0.8425
APP-10092,671.0000,0.2862,0.6564,0.0000,145734.3290,30848.0091,4.0000,0.9536
APP-10093,773.0000,0.3839,0.9063,7.0000,88505.2088,26197.3624,4.0000,0.1171
APP-10094,719.0000,0.3001,0.9453,1.0000,187610.9218,24171.7803,4.0000,0.3866
APP-10095,696.0000,0.6176,0.6703,7.0000,94233.5057,35721.4149,3.0000,0.5249
APP-10096,791.0000,0.4284,0.4212,1.0000,207484.6359,38549.7909,0.0000,0.5766
APP-10097,566.0000,0.5656,0.1116,3.0000,126201.1092,8208.9101,3.0000,0.9021
APP-10098,698.0000,0.2412,0.5837,0.0000,143637.5102,37779.2883,4.0000,0.4817
APP-10099,565.0000,0.3005,0.4836,3.0000,37707.2705,25257.8565,2.0000,0.7610
APP-10100,521.0000,0.5329,0.6536,7.0000,34485.4464,39455.7544,1.0000,0.4508
APP-10101,833.0000,0.2289,0.9180,7.0000,76595.0995,26412.8404,4.0000,0.3865
APP-10102,772.0000,0.6500,0.2001,2.0000,106537.8197,40454.3527,3.0000,0.2648
APP-10103,849.0000,0.4630,0.3836,0.0000,68769.7440,37793.3533,3.0000,0.3075
APP-10104,660.0000,0.5933,0.5685,5.0000,140527.1401,16011.7928,4.0000,0.6336
APP-10105,701.0000,0.1575,0.3656,2.0000,162270.2466,29661.0494,0.0000,0.0643
APP-10106,521.0000,0.3276,0.2084,6.0000,206718.0905,26426.4422,2.0000,0.3161
APP-10107,565.0000,0.2848,0.5887,0.0000,143050.8143,25008.7545,3.0000,0.6713
APP-10108,529.0000,0.6340,0.0854,0.0000,110797.2061,6720.8900,2.0000,0.0978
APP-10109,619.0000,0.1796,0.3893,5.0000,233235.8441,3017.9101,1.0000,0.5397
APP-10110,642.0000,0.5115,0.9254,5.0000,125861.2944,16723.9524,2.0000,0.4600
APP-10111,574.0000,0.4470,0.4804,5.0000,91803.4485,23406.9799,4.0000,0.0738
APP-10112,772.0000,0.5682,0.1414,4.0000,46711.9531,25757.1128,3.0000,0.0849
APP-10113,712.0000,0.6375,0.8009,6.0000,70604.4039,24267.8066,4.0000,0.5988
APP-10114,652.0000,0.5432,0.2111,5.0000,182045.1841,8265.7215,2.0000,0.5275
APP-10115,640.0000,0.2387,0.2757,1.0000,73663.7439,37148.9023,0.0000,0.7163
APP-10116,698.0000,0.5588,0.9162,6.0000,110281.6761,32958.4218,0.0000,0.6218
APP-10117,632.0000,0.3897,0.7476,4.0000,36046.1464,39124.3939,0.0000,0.4923
APP-10118,770.0000,0.4593,0.3397,1.0000,113178.5449,39976.7908,3.0000,0.4332
APP-10119,780.0000,0.2542,0.6325,5.0000,172562.8248,37787.2580,3.0000,0.3220
APP-10120,564.0000,0.5488,0.4890,5.0000,78260.2519,30564.2594,0.0000,0.0493
APP-10121,837.0000,0.3445,0.8532,2.0000,30846.6171,20923.8433,3.0000,0.0866
APP-10122,659.0000,0.5446,0.5543,1.0000,213345.8073,29311.8352,3.0000,0.5765
APP-10123,568.0000,0.3350,0.6447,7.0000,188626.7984,12644.4194,3.0000,0.5781
APP-10124,797.0000,0.4391,0.1842,6.0000,248395.0740,41646.8129,2.0000,0.0543
APP-10125,645.0000,0.1566,0.2749,1.0000,59814.7193,29203.9057,2.0000,0.4361
APP-10126,552.0000,0.1509,0.0739,5.0000,179048.8370,27746.4343,0.0000,0.9405
APP-10127,687.0000,0.6241,0.5794,0.0000,86618.8742,26961.5837,4.0000,0.1943
APP-10128,643.0000,0.4993,0.5563,7.0000,140501.9630,31396.3235,3.0000,0.7628
APP-10129,586.0000,0.1950,0.3270,2.0000,194275.8651,31478.2911,3.0000,0.5080
APP-10130,754.0000,0.4288,0.2589,1.0000,67031.9897,3905.7604,4.0000,0.7723
APP-10131,640.0000,0.5297,0.4577,6.0000,132403.9411,20239.2477,4.0000,0.2764
APP-10132,684.0000,0.4293,0.1434,7.0000,89203.1744,43941.4694,1.0000,0.9748
APP-10133,519.0000,0.3466,0.8177,5.0000,64086.1513,34608.3236,1.0000,0.3628
APP-10134,629.0000,0.5594,0.7987,7.0000,189020.1279,10232.9615,1.0000,0.6243
APP-10135,514.0000,0.1279,0.5865,7.0000,86851.2707,20394.7563,1.0000,0.6799
APP-10136,598.0000,0.4483,0.8614,2.0000,146483.4665,21855.9608,0.0000,0.6574
APP-10137,775.0000,0.3602,0.6021,4.0000,182373.9290,44066.7309,3.0000,0.5291
APP-10138,823.0000,0.4565,0.4918,5.0000,127470.0702,42925.0528,0.0000,0.6730
APP-10139,618.0000,0.2597,0.5900,7.0000,59340.6509,5313.5625,3.0000,0.6757
APP-10140,744.0000,0.1894,0.1269,4.0000,32685.6162,13402.3896,4.0000,0.7329
APP-10141,747.0000,0.6358,0.2457,4.0000,114063.7012,5140.3664,0.0000,0.7217
APP-10142,773.0000,0.5753,0.5525,6.0000,247912.4422,10355.6986,1.0000,0.6697
APP-10143,529.0000,0.5999,0.1510,7.0000,244009.0237,21316.0301,0.0000,0.9025
APP-10144,604.0000,0.5228,0.7786,0.0000,128628.0615,27819.0405,3.0000,0.8903
APP-10145,734.0000,0.1357,0.2032,6.0000,121509.5122,36920.3932,4.0000,0.0518
APP-10146,603.0000,0.4454,0.4266,3.0000,172157.6699,5742.8601,3.0000,0.9714
APP-10147,728.0000,0.3098,0.4861,3.0000,213167.6183,14088.9480,2.0000,0.7882
APP-10148,814.0000,0.2839,0.1921,3.0000,157210.7919,28226.3925,2.0000,0.5916
APP-10149,787.0000,0.2371,0.2679,0.0000,189304.4797,21758.9945,1.0000,0.6062
APP-10150,671.0000,0.1994,0.4860,4.0000,35277.0625,15253.1046,3.0000,0.3910
APP-10151,571.0000,0.1767,0.1461,7.0000,223273.2017,9645.4278,1.0000,0.4318
APP-10152,611.0000,0.1667,0.2185,5.0000,148554.9360,32465.3676,1.0000,0.3815
APP-10153,692.0000,0.4914,0.0709,3.0000,138331.9486,12097.6512,4.0000,0.9402
APP-10154,760.0000,0.6117,0.5058,0.0000,77536.1109,31433.7540,4.0000,0.5961
APP-10155,815.0000,0.3092,0.7901,5.0000,59891.2030,41418.4807,1.0000,0.1657
APP-10156,795.0000,0.1583,0.7797,5.0000,110989.0363,11279.3265,3.0000,0.7650
APP-10157,576.0000,0.2216,0.3694,3.0000,232411.9127,33039.5701,3.0000,0.6904
APP-10158,538.0000,0.5108,0.6687,2.0000,153020.6772,36436.4464,4.0000,0.6306
APP-10159,543.0000,0.2917,0.9409,2.0000,120633.7455,29219.9890,2.0000,0.2688
APP-10160,576.0000,0.4646,0.4311,1.0000,60619.8459,15997.2624,2.0000,0.6163
APP-10161,620.0000,0.2131,0.8724,2.0000,43615.4807,12315.7595,4.0000,0.8100
APP-10162,514.0000,0.5162,0.7507,1.0000,163388.0289,35847.1583,4.0000,0.1739
APP-10163,837.0000,0.4603,0.2092,2.0000,240802.2818,16014.2103,3.0000,0.5464
APP-10164,621.0000,0.2222,0.4498,7.0000,128542.1794,36658.5698,4.0000,0.2148
APP-10165,555.0000,0.6126,0.8877,4.0000,82138.8622,38149.8432,3.0000,0.5513
APP-10166,686.0000,0.3875,0.2008,4.0000,112887.6825,39415.4243,1.0000,0.6392
APP-10167,541.0000,0.2209,0.1019,6.0000,142247.5222,37119.9714,3.0000,0.8046
APP-10168,798.0000,0.4117,0.2905,7.0000,195803.2714,40714.5590,4.0000,0.4985
APP-10169,849.0000,0.3284,0.0544,4.0000,129769.7663,41984.4950,4.0000,0.9218
APP-10170,819.0000,0.6044,0.1644,2.0000,233850.4306,23227.2809,3.0000,0.9031
APP-10171,637.0000,0.2704,0.4336,4.0000,170969.8753,14525.7484,1.0000,0.8105
APP-10172,722.0000,0.5875,0.7380,6.0000,56529.4146,10131.5583,3.0000,0.5541
APP-10173,552.0000,0.5083,0.2423,2.0000,55142.3106,18816.9597,0.0000,0.1956
APP-10174,516.0000,0.4739,0.8147,7.0000,151329.8120,12888.3381,3.0000,0.6478
APP-10175,695.0000,0.2011,0.9391,3.0000,206616.5925,38210.6867,1.0000,0.7019
APP-10176,761.0000,0.1474,0.4678,5.0000,147325.7980,38177.4254,0.0000,0.4947
APP-10177,504.0000,0.5754,0.9429,1.0000,206858.4695,21037.9708,4.0000,0.9576
APP-10178,847.0000,0.4138,0.5700,7.0000,47675.6616,36774.1743,3.0000,0.1051
APP-10179,648.0000,0.6309,0.1042,5.0000,102359.4833,29561.2242,3.0000,0.8471
APP-10180,716.0000,0.3840,0.1495,7.0000,40576.8341,26702.9392,3.0000,0.8957
APP-10181,512.0000,0.4253,0.5116,6.0000,108338.7204,36872.1735,0.0000,0.6256
APP-10182,810.0000,0.6484,0.8796,3.0000,155131.4914,36622.0158,2.0000,0.8800
APP-10183,697.0000,0.4937,0.1386,1.0000,233625.7275,36382.9479,1.0000,0.2179
APP-10184,667.0000,0.2980,0.5645,6.0000,131233.4152,25457.7349,4.0000,0.3483
APP-10185,718.0000,0.5553,0.7799,4.0000,112601.9912,15790.5055,3.0000,0.1878
APP-10186,791.0000,0.2625,0.9348,1.0000,179494.7966,19336.1370,4.0000,0.3173
APP-10187,501.0000,0.3888,0.8672,2.0000,187994.6002,31283.2829,0.0000,0.1720
APP-10188,517.0000,0.2309,0.1454,1.0000,67648.1375,41140.4076,1.0000,0.1706
APP-10189,679.0000,0.6471,0.1191,7.0000,184126.7929,33074.8304,2.0000,0.0402
APP-10190,773.0000,0.6140,0.2347,5.0000,148724.3145,36016.0728,4.0000,0.7398
APP-10191,830.0000,0.5806,0.3019,2.0000,142017.0996,14554.6923,0.0000,0.3061
APP-10192,532.0000,0.3206,0.8292,1.0000,245896.0435,20845.0067,0.0000,0.6088
APP-10193,639.0000,0.5007,0.6307,6.0000,199657.8717,34115.5245,3.0000,0.6906
APP-10194,773.0000,0.2434,0.8980,5.0000,209269.0902,39445.4391,0.0000,0.6677
APP-10195,834.0000,0.3145,0.4270,5.0000,210691.2722,24025.4234,1.0000,0.9221
APP-10196,589.0000,0.5425,0.4191,0.0000,172470.0223,2785.6168,3.0000,0.7154
APP-10197,837.0000,0.1310,0.3017,7.0000,35643.9781,40085.0616,2.0000,0.6136
APP-10198,782.0000,0.1272,0.4438,3.0000,111063.7817,6180.2168,3.0000,0.1397
APP-10199,584.0000,0.4636,0.7618,5.0000,198711.2736,24776.5681,0.0000,0.0308
APP-10200,785.0000,0.5260,0.6770,1.0000,69550.1040,22608.0826,3.0000,0.7207
APP-10201,702.0000,0.3109,0.7608,4.0000,240628.1337,43370.3067,3.0000,0.8601
APP-10202,795.0000,0.4711,0.7976,0.0000,31561.4661,7364.8832,1.0000,0.5968
APP-10203,790.0000,0.5966,0.0539,3.0000,152851.4250,30559.1616,3.0000,0.9809
APP-10204,570.0000,0.1550,0.2636,1.0000,48590.8675,15373.1725,2.0000,0.8802
APP-10205,748.0000,0.5568,0.6388,3.0000,197294.6404,20663.4002,4.0000,0.9301
APP-10206,660.0000,0.4200,0.4516,6.0000,165703.0344,19906.4778,3.0000,0.7262
APP-10207,766.0000,0.3323,0.1557,0.0000,119075.4997,16986.6726,3.0000,0.9543
APP-10208,548.0000,0.1284,0.1083,3.0000,52302.0649,39845.6894,2.0000,0.5984
APP-10209,591.0000,0.3112,0.8990,7.0000,129380.8894,33020.1838,3.0000,0.4694
APP-10210,580.0000,0.5366,0.8136,7.0000,106921.4531,40654.5868,0.0000,0.0549
APP-10211,821.0000,0.3981,0.3371,4.0000,71341.3518,36790.8751,2.0000,0.9134
APP-10212,628.0000,0.1970,0.6254,5.0000,70413.0992,19919.2110,1.0000,0.3969
APP-10213,582.0000,0.2277,0.1821,4.0000,216445.0902,4650.0542,0.0000,0.1051
APP-10214,757.0000,0.5662,0.1715,3.0000,102320.0397,14849.6323,4.0000,0.7081
APP-10215,725.0000,0.3381,0.3503,1.0000,51865.5000,16865.2169,3.0000,0.3364
APP-10216,722.0000,0.1525,0.3031,6.0000,64793.2297,6382.6400,1.0000,0.5429
APP-10217,809.0000,0.6353,0.9314,3.0000,175433.6141,8628.8296,0.0000,0.9865
APP-10218,816.0000,0.2394,0.0719,6.0000,111320.1986,2988.9601,4.0000,0.6518
APP-10219,625.0000,0.5381,0.5426,1.0000,42396.5698,20861.0444,3.0000,0.0345
APP-10220,836.0000,0.1070,0.8187,1.0000,42071.5948,9295.6926,4.0000,0.0646
APP-10221,693.0000,0.2411,0.0733,1.0000,43081.1976,13673.0884,0.0000,0.5781
APP-10222,811.0000,0.2854,0.5484,5.0000,192205.0000,22670.4553,4.0000,0.0598
APP-10223,741.0000,0.5727,0.3920,4.0000,217000.1908,9054.7890,0.0000,0.0162
APP-10224,528.0000,0.5114,0.2443,5.0000,215944.2003,4814.5189,4.0000,0.3248
APP-10225,824.0000,0.2694,0.2618,1.0000,150036.5645,34928.8802,2.0000,0.0656
APP-10226,702.0000,0.5331,0.7830,2.0000,116290.0010,40071.5289,4.0000,0.8499
APP-10227,656.0000,0.5455,0.4680,5.0000,99804.1774,16518.0738,4.0000,0.3756
APP-10228,619.0000,0.3816,0.0913,4.0000,193982.2186,21890.6847,4.0000,0.4803
APP-10229,711.0000,0.3793,0.4179,3.0000,207735.9181,14393.2579,3.0000,0.7537
APP-10230,822.0000,0.3802,0.7851,2.0000,236563.8266,21864.3893,0.0000,0.3344
APP-10231,549.0000,0.1921,0.6702,3.0000,246660.9623,5825.3514,3.0000,0.3262
APP-10232,578.0000,0.5470,0.9095,2.0000,185093.6026,21758.1753,2.0000,0.2732
APP-10233,522.0000,0.4930,0.7458,5.0000,72318.1716,21839.4951,3.0000,0.9668
APP-10234,568.0000,0.5672,0.2039,1.0000,241677.7963,15203.5326,4.0000,0.2154
APP-10235,507.0000,0.5486,0.1101,5.0000,56989.6979,39324.6926,2.0000,0.6805
APP-10236,573.0000,0.5320,0.4663,0.0000,91434.0818,20064.7790,1.0000,0.6419
APP-10237,666.0000,0.5292,0.4503,3.0000,213110.3543,8378.5058,3.0000,0.4622
APP-10238,789.0000,0.6194,0.5429,3.0000,143353.2255,34273.8412,1.0000,0.7570
APP-10239,691.0000,0.4330,0.6545,7.0000,83744.7475,8293.9868,2.0000,0.1867
APP-10240,578.0000,0.5554,0.2789,5.0000,145246.0332,5670.9902,3.0000,0.0876
APP-10241,530.0000,0.5407,0.9395,2.0000,199500.8552,17860.8913,4.0000,0.6362
APP-10242,810.0000,0.2486,0.4953,2.0000,90218.9164,36284.1949,3.0000,0.2657
APP-10243,563.0000,0.4112,0.6935,5.0000,140216.2025,42906.8314,3.0000,0.8669
APP-10244,768.0000,0.5013,0.4176,6.0000,93180.1811,30293.6156,2.0000,0.5694
APP-10245,593.0000,0.1569,0.6660,6.0000,117528.8011,40487.1360,1.0000,0.1907
APP-10246,720.0000,0.3918,0.9351,7.0000,76641.0688,26452.1896,4.0000,0.2891
APP-10247,811.0000,0.1016,0.1882,1.0000,185659.3085,10184.2818,1.0000,0.5951
APP-10248,818.0000,0.2322,0.4423,3.0000,99112.4043,26298.5446,1.0000,0.9232
APP-10249,534.0000,0.3675,0.6773,3.0000,141489.6113,33664.6250,3.0000,0.3842
APP-10250,678.0000,0.2688,0.8212,3.0000,207000.4702,5220.8139,4.0000,0.0685
APP-10251,671.0000,0.5241,0.6235,0.0000,61150.6744,20050.2492,2.0000,0.6859
APP-10252,807.0000,0.4506,0.2582,1.0000,175554.9996,5622.0572,1.0000,0.5553
APP-10253,776.0000,0.2471,0.6306,2.0000,102724.7980,19057.2274,0.0000,0.7491
APP-10254,550.0000,0.1094,0.6105,3.0000,137363.9656,26195.7817,4.0000,0.5015
APP-10255,804.0000,0.2401,0.0893,2.0000,187533.3027,32859.3831,3.0000,0.4007
APP-10256,627.0000,0.3855,0.5962,2.0000,233179.0464,17282.3231,0.0000,0.4316
APP-10257,742.0000,0.5192,0.5293,6.0000,219335.4966,7259.7659,3.0000,0.8057
APP-10258,562.0000,0.4319,0.3105,2.0000,228020.8473,23286.7989,1.0000,0.3920
APP-10259,592.0000,0.1307,0.2650,1.0000,40915.8107,7558.3062,0.0000,0.4648
APP-10260,525.0000,0.3566,0.7411,3.0000,122615.7161,6159.9034,3.0000,0.2554
APP-10261,542.0000,0.6277,0.1084,0.0000,206286.9887,33494.9944,1.0000,0.0239
APP-10262,826.0000,0.5972,0.3061,1.0000,208527.0495,28171.8230,1.0000,0.2174
APP-10263,555.0000,0.5083,0.6810,0.0000,122339.1683,24817.6598,3.0000,0.8010
APP-10264,718.0000,0.2561,0.2383,0.0000,92790.8030,9210.4280,1.0000,0.9071
APP-10265,769.0000,0.1122,0.1558,6.0000,150728.5228,41575.4491,0.0000,0.7368
APP-10266,526.0000,0.3510,0.9346,0.0000,194244.1541,38997.2770,0.0000,0.4385
APP-10267,603.0000,0.3059,0.5591,1.0000,182146.4236,38240.8497,4.0000,0.6764
APP-10268,668.0000,0.4717,0.2919,1.0000,85137.7218,4806.7136,2.0000,0.1313
APP-10269,618.0000,0.1388,0.1886,5.0000,30061.2653,5106.9061,2.0000,0.1002
APP-10270,808.0000,0.6079,0.0564,2.0000,224973.2230,22267.2496,4.0000,0.1939
APP-10271,561.0000,0.5047,0.7248,1.0000,127980.5297,14396.8975,2.0000,0.6019
APP-10272,753.0000,0.6340,0.3717,5.0000,213143.8226,16452.8429,1.0000,0.4219
APP-10273,652.0000,0.5759,0.2251,1.0000,221697.8239,32514.7536,4.0000,0.1893
APP-10274,635.0000,0.3366,0.8632,7.0000,236535.2594,42221.4238,3.0000,0.5447
APP-10275,617.0000,0.4644,0.6767,6.0000,107617.3104,27938.6461,3.0000,0.9034
APP-10276,736.0000,0.5651,0.7794,7.0000,175142.2341,3237.0200,1.0000,0.5503
APP-10277,624.0000,0.2121,0.6402,5.0000,161188.3146,3726.0327,4.0000,0.5172
APP-10278,719.0000,0.1053,0.8750,2.0000,66110.2797,11956.1055,1.0000,0.3579
APP-10279,511.0000,0.2692,0.3600,5.0000,126130.0194,2388.2057,4.0000,0.0221
APP-10280,596.0000,0.3406,0.1908,6.0000,124730.0061,7957.1842,3.0000,0.2510
APP-10281,661.0000,0.4435,0.0560,7.0000,71986.8690,4284.8496,2.0000,0.3336
APP-10282,576.0000,0.2449,0.0804,0.0000,112484.9445,13935.3622,3.0000,0.4553
APP-10283,539.0000,0.3431,0.8185,6.0000,125979.3583,3963.1830,1.0000,0.9138
APP-10284,577.0000,0.4568,0.6034,6.0000,205947.3464,41186.5289,4.0000,0.3046
APP-10285,687.0000,0.5534,0.0910,6.0000,218815.1509,24495.2925,4.0000,0.3168
APP-10286,835.0000,0.2248,0.1461,1.0000,187764.7263,39056.9313,0.0000,0.3246
APP-10287,734.0000,0.5399,0.6769,1.0000,207125.2519,31176.2828,0.0000,0.2199
APP-10288,816.0000,0.6166,0.3964,5.0000,51663.9092,21796.5461,0.0000,0.4341
APP-10289,691.0000,0.3253,0.7470,1.0000,152543.4064,22020.7104,2.0000,0.7427
APP-10290,510.0000,0.4036,0.8929,1.0000,86939.3803,32985.9739,3.0000,0.7303
APP-10291,551.0000,0.1055,0.7304,7.0000,122101.5174,15797.2202,3.0000,0.0139
APP-10292,765.0000,0.4906,0.2134,7.0000,184670.5172,24833.7141,1.0000,0.7631
APP-10293,715.0000,0.5796,0.6347,4.0000,238322.4819,7049.0918,4.0000,0.3952
APP-10294,794.0000,0.1110,0.5858,5.0000,108504.0370,35749.7418,0.0000,0.0291
APP-10295,644.0000,0.5640,0.8131,4.0000,157046.1758,16115.7213,3.0000,0.9811
APP-10296,826.0000,0.1820,0.2303,5.0000,53561.3529,9681.8864,2.0000,0.8663
APP-10297,625.0000,0.5632,0.6970,4.0000,180159.5910,33855.6652,0.0000,0.3604
APP-10298,794.0000,0.3980,0.5898,4.0000,82373.8143,6008.8907,4.0000,0.6784
APP-10299,552.0000,0.3036,0.4798,5.0000,133186.4824,42935.3532,3.0000,0.6350
APP-10300,658.0000,0.6177,0.3120,6.0000,101677.9066,31646.8169,2.0000,0.9757
APP-10301,848.0000,0.4368,0.0734,4.0000,41144.1008,33838.3493,3.0000,0.1879
APP-10302,778.0000,0.1213,0.7750,5.0000,192964.5113,5524.7985,1.0000,0.2189
APP-10303,637.0000,0.5213,0.1467,1.0000,166262.8742,26239.3568,0.0000,0.6666
APP-10304,814.0000,0.2003,0.3896,0.0000,209874.4219,3288.3602,1.0000,0.0836
APP-10305,659.0000,0.6078,0.4965,0.0000,238189.1866,16068.2610,1.0000,0.8145
APP-10306,830.0000,0.1916,0.3467,5.0000,120389.5945,33136.7161,3.0000,0.2198
APP-10307,533.0000,0.3682,0.6462,2.0000,196383.4312,11274.5486,2.0000,0.7617
APP-10308,789.0000,0.3874,0.3456,6.0000,98168.0369,31977.4877,4.0000,0.1605
APP-10309,736.0000,0.4101,0.5147,6.0000,125228.2501,25669.6411,3.0000,0.7355
APP-10310,562.0000,0.3933,0.1357,5.0000,213900.3188,41154.6451,3.0000,0.0887
APP-10311,598.0000,0.3415,0.4410,3.0000,227671.3459,23364.6244,3.0000,0.1120
APP-10312,786.0000,0.4921,0.5747,0.0000,112708.7893,14951.0289,1.0000,0.0575
APP-10313,759.0000,0.1856,0.8256,6.0000,206610.9215,39621.2796,2.0000,0.6564
APP-10314,566.0000,0.5330,0.2134,2.0000,198495.8188,22552.3798,4.0000,0.1722
APP-10315,523.0000,0.1206,0.3548,4.0000,71027.3488,14387.1345,4.0000,0.3662
APP-10316,610.0000,0.5632,0.2834,5.0000,167633.4938,19872.3374,1.0000,0.8810
APP-10317,603.0000,0.5124,0.1874,7.0000,139145.0029,21045.8405,3.0000,0.3209
APP-10318,718.0000,0.5375,0.3971,4.0000,43822.2725,11559.4627,0.0000,0.1712
APP-10319,760.0000,0.2633,0.8675,7.0000,150377.7892,36290.2419,0.0000,0.6663
APP-10320,596.0000,0.5673,0.3856,5.0000,245495.6628,37280.0549,2.0000,0.1657
APP-10321,638.0000,0.4801,0.2949,3.0000,201578.0634,21138.5858,3.0000,0.7244
APP-10322,565.0000,0.6327,0.9122,2.0000,74198.0168,2729.8206,0.0000,0.4463
APP-10323,511.0000,0.1110,0.6939,4.0000,78635.9179,6425.0502,1.0000,0.9256
APP-10324,819.0000,0.5348,0.3827,5.0000,100184.3601,23889.9370,3.0000,0.2376
APP-10325,776.0000,0.4428,0.7244,5.0000,33958.1312,13217.0113,0.0000,0.4868
APP-10326,776.0000,0.6440,0.6247,5.0000,46197.0366,16224.1325,0.0000,0.8442
APP-10327,837.0000,0.3437,0.8194,0.0000,188234.8025,24813.8486,3.0000,0.6460
APP-10328,514.0000,0.2538,0.1499,3.0000,150262.9410,30500.0406,2.0000,0.2108
APP-10329,631.0000,0.5839,0.5359,1.0000,183132.3278,10047.4605,2.0000,0.0793
APP-10330,759.0000,0.2791,0.6819,0.0000,187391.1691,31542.9225,2.0000,0.5598
APP-10331,717.0000,0.4865,0.9479,5.0000,46206.7426,6690.9114,4.0000,0.5675
APP-10332,774.0000,0.2825,0.5916,7.0000,238092.2835,26285.2590,4.0000,0.2204
APP-10333,630.0000,0.6201,0.1766,7.0000,243258.3016,30809.3325,2.0000,0.7850
APP-10334,532.0000,0.3894,0.9244,6.0000,37510.6531,14557.5867,3.0000,0.2416
APP-10335,694.0000,0.2759,0.4629,2.0000,44915.1101,37963.8232,2.0000,0.9626
APP-10336,758.0000,0.5523,0.4894,1.0000,210331.3325,35891.7837,1.0000,0.7073
APP-10337,758.0000,0.1344,0.2778,3.0000,163761.0781,39918.5819,0.0000,0.6036
APP-10338,561.0000,0.1516,0.7823,3.0000,248177.4462,16696.2057,3.0000,0.6520
APP-10339,721.0000,0.5602,0.5264,6.0000,84319.9174,42129.0621,4.0000,0.0164
APP-10340,721.0000,0.2779,0.9265,2.0000,205007.0095,22819.2789,3.0000,0.3636
APP-10341,610.0000,0.1971,0.5171,2.0000,145428.3248,15378.8227,1.0000,0.8595
APP-10342,591.0000,0.4229,0.2125,7.0000,152140.3313,28790.8934,3.0000,0.9132
APP-10343,568.0000,0.2400,0.7433,7.0000,75955.3942,39997.0024,2.0000,0.1975
APP-10344,538.0000,0.6430,0.1829,5.0000,163483.1481,40228.9984,4.0000,0.8904
APP-10345,690.0000,0.5513,0.3050,1.0000,120348.6340,12439.8214,2.0000,0.3757
APP-10346,609.0000,0.5890,0.8955,4.0000,78536.6204,8557.7926,2.0000,0.6920
APP-10347,730.0000,0.5585,0.9287,2.0000,214153.5210,21255.0827,4.0000,0.8678
APP-10348,706.0000,0.5872,0.7490,1.0000,77124.6832,42358.7729,0.0000,0.2279
APP-10349,701.0000,0.2859,0.2362,0.0000,96068.8328,43501.2356,1.0000,0.1433
APP-10350,837.0000,0.4704,0.7177,2.0000,49108.2842,13859.5844,1.0000,0.4733
APP-10351,544.0000,0.5988,0.5846,0.0000,178769.7304,4898.2591,3.0000,0.6204
APP-10352,513.0000,0.4773,0.4521,0.0000,92451.8981,32502.5701,3.0000,0.5665
APP-10353,624.0000,0.6484,0.4515,2.0000,240734.3973,11966.6480,3.0000,0.6762
APP-10354,508.0000,0.5760,0.4577,3.0000,193134.9616,11076.4976,4.0000,0.9103
APP-10355,760.0000,0.1390,0.3401,5.0000,228258.9249,33633.0616,0.0000,0.1223
APP-10356,629.0000,0.3759,0.5342,6.0000,73211.8587,10644.6762,1.0000,0.9543
APP-10357,551.0000,0.2515,0.0829,1.0000,170751.3223,35694.4865,1.0000,0.1676
APP-10358,529.0000,0.5813,0.8136,6.0000,223564.9900,41821.2177,1.0000,0.9240
APP-10359,809.0000,0.6155,0.8573,7.0000,241533.5238,8603.7121,0.0000,0.7534
APP-10360,631.0000,0.4116,0.4017,6.0000,173047.0651,25528.9535,1.0000,0.8051
APP-10361,663.0000,0.1320,0.9037,2.0000,238472.1637,32105.2058,0.0000,0.8671
APP-10362,559.0000,0.2907,0.7485,2.0000,62478.0506,25008.2728,4.0000,0.1205
APP-10363,776.0000,0.2037,0.8131,4.0000,38923.9871,41118.7920,0.0000,0.6606
APP-10364,758.0000,0.3911,0.8522,6.0000,132318.9786,4913.9787,1.0000,0.3491
APP-10365,619.0000,0.6417,0.3563,5.0000,99808.9916,44771.2968,1.0000,0.3827
APP-10366,797.0000,0.2888,0.7814,3.0000,233719.4851,26106.2426,3.0000,0.5256
APP-10367,625.0000,0.5037,0.1806,1.0000,33538.5669,11175.5345,3.0000,0.5969
APP-10368,816.0000,0.5571,0.9293,5.0000,99750.9757,29214.1882,4.0000,0.6986
APP-10369,838.0000,0.5566,0.5857,5.0000,106944.3680,30575.0830,0.0000,0.6084
APP-10370,661.0000,0.1822,0.6747,4.0000,186855.1048,2219.2232,4.0000,0.2324
APP-10371,698.0000,0.2306,0.3258,0.0000,30409.1949,37989.4740,1.0000,0.3649
APP-10372,793.0000,0.2228,0.0787,3.0000,216978.6957,5059.9353,4.0000,0.8541
APP-10373,535.0000,0.2635,0.1968,6.0000,235578.7491,11237.9655,2.0000,0.7097
APP-10374,667.0000,0.1257,0.1779,7.0000,136504.9743,27628.2684,2.0000,0.4607
APP-10375,835.0000,0.3967,0.4482,3.0000,53798.8609,35305.1696,1.0000,0.2429
APP-10376,570.0000,0.5075,0.3133,6.0000,41155.6435,29479.6170,0.0000,0.8255
APP-10377,631.0000,0.2434,0.8999,0.0000,86856.0662,28688.8391,1.0000,0.2545
APP-10378,798.0000,0.4519,0.8074,0.0000,59607.0330,23195.5321,1.0000,0.8960
APP-10379,748.0000,0.4001,0.5359,5.0000,140648.3043,24081.2623,2.0000,0.4410
APP-10380,671.0000,0.1545,0.8171,7.0000,120238.8007,20499.4411,3.0000,0.6592
APP-10381,544.0000,0.2319,0.5766,0.0000,72187.6805,13943.4259,3.0000,0.2281
APP-10382,563.0000,0.2328,0.8780,1.0000,213298.1414,17599.8171,4.0000,0.1602
APP-10383,799.0000,0.3688,0.7206,7.0000,162065.6089,39760.5528,2.0000,0.2423
APP-10384,678.0000,0.4453,0.7117,7.0000,167785.3639,18465.6998,1.0000,0.5561
APP-10385,835.0000,0.2658,0.2974,3.0000,180335.1479,34718.6852,1.0000,0.6841
APP-10386,535.0000,0.1699,0.7650,0.0000,220258.1590,28338.7100,1.0000,0.4820
APP-10387,633.0000,0.2481,0.7451,3.0000,178484.2715,11632.2160,4.0000,0.7815
APP-10388,532.0000,0.1221,0.1228,5.0000,59256.0796,8618.0689,3.0000,0.1586
APP-10389,550.0000,0.5118,0.1021,2.0000,114281.9261,7287.4037,4.0000,0.9284
APP-10390,503.0000,0.4846,0.8431,2.0000,144753.2733,23303.7333,1.0000,0.5979
APP-10391,695.0000,0.4689,0.9310,3.0000,70748.4389,10754.4272,1.0000,0.3355
APP-10392,582.0000,0.4398,0.5942,3.0000,236852.5358,13163.8069,4.0000,0.5464
APP-10393,556.0000,0.2637,0.2037,6.0000,85510.2167,38023.1802,3.0000,0.4432
APP-10394,808.0000,0.1635,0.4291,3.0000,199854.9732,23011.0314,0.0000,0.8020
APP-10395,654.0000,0.4295,0.0689,4.0000,239353.1540,16306.2762,3.0000,0.2907
APP-10396,689.0000,0.5029,0.7896,3.0000,90458.2894,9973.3154,0.0000,0.6216
APP-10397,717.0000,0.5460,0.1428,5.0000,130244.7322,20793.7799,0.0000,0.7257
APP-10398,651.0000,0.4996,0.3516,5.0000,84734.2962,13330.2173,0.0000,0.9629
APP-10399,548.0000,0.4623,0.5564,0.0000,210948.7128,3679.2378,0.0000,0.0989
APP-10400,671.0000,0.5534,0.6783,0.0000,204953.5379,39297.8000,2.0000,0.6192
APP-10401,831.0000,0.5190,0.8664,6.0000,226531.8171,26451.3917,0.0000,0.3657
APP-10402,740.0000,0.6197,0.4296,0.0000,43793.9337,37721.2158,2.0000,0.3949
APP-10403,746.0000,0.1033,0.2219,4.0000,192811.0314,33854.6081,0.0000,0.4271
APP-10404,699.0000,0.1807,0.1480,6.0000,157522.6734,2631.2224,1.0000,0.3398
APP-10405,626.0000,0.4189,0.6427,4.0000,123166.4716,30097.1256,0.0000,0.5284
APP-10406,663.0000,0.3206,0.1659,0.0000,225685.5237,8033.0110,1.0000,0.2490
APP-10407,645.0000,0.2873,0.6424,2.0000,220817.0787,5134.6319,0.0000,0.8429
APP-10408,703.0000,0.5102,0.4606,1.0000,183941.8229,3256.4758,2.0000,0.8290
APP-10409,796.0000,0.3946,0.4249,0.0000,67855.3780,38318.5542,2.0000,0.1014
APP-10410,505.0000,0.3896,0.2848,2.0000,87116.9133,26537.6083,4.0000,0.0838
APP-10411,666.0000,0.1274,0.8616,2.0000,64337.5860,35227.3635,3.0000,0.4192
APP-10412,593.0000,0.3537,0.6946,5.0000,86373.1775,29449.7826,2.0000,0.6652
APP-10413,845.0000,0.4344,0.5222,6.0000,200096.1238,7962.4469,2.0000,0.5994
APP-10414,551.0000,0.2540,0.4314,4.0000,103392.3916,28143.4024,0.0000,0.2131
APP-10415,521.0000,0.2314,0.3744,4.0000,92175.5054,6811.5378,2.0000,0.5498
APP-10416,745.0000,0.4028,0.4092,6.0000,84757.1166,4259.0091,2.0000,0.0300
APP-10417,594.0000,0.6016,0.8183,2.0000,41104.3557,16635.0923,1.0000,0.1720
APP-10418,576.0000,0.1640,0.4293,3.0000,104847.1572,6294.2828,1.0000,0.2839
APP-10419,681.0000,0.2700,0.0540,4.0000,50780.1464,32339.9286,3.0000,0.7262
APP-10420,825.0000,0.1320,0.8809,6.0000,153622.5887,28033.9748,3.0000,0.7473
APP-10421,547.0000,0.2790,0.5836,2.0000,70684.5066,31356.5140,1.0000,0.1304
APP-10422,688.0000,0.4822,0.1991,4.0000,89775.2233,41022.2016,3.0000,0.1751
APP-10423,624.0000,0.2753,0.1639,1.0000,135238.8880,17619.7470,1.0000,0.2022
APP-10424,565.0000,0.3192,0.3889,2.0000,113840.9147,26020.7741,2.0000,0.5693
APP-10425,681.0000,0.6145,0.6010,5.0000,100731.2593,18084.9128,4.0000,0.0936
APP-10426,836.0000,0.2909,0.8953,6.0000,240450.0547,8032.8443,3.0000,0.7818
APP-10427,591.0000,0.3968,0.0990,1.0000,42836.6862,38181.3974,2.0000,0.6732
APP-10428,576.0000,0.6135,0.3675,7.0000,223678.2204,26613.8026,2.0000,0.7071
APP-10429,557.0000,0.3797,0.2815,4.0000,234277.8314,28802.1820,2.0000,0.2987
APP-10430,716.0000,0.1936,0.4291,7.0000,242938.9866,13099.8195,0.0000,0.5499
APP-10431,593.0000,0.1787,0.7629,5.0000,219653.7348,37606.9818,0.0000,0.3092
APP-10432,707.0000,0.5944,0.1927,1.0000,208166.7179,23906.2366,4.0000,0.4327
APP-10433,528.0000,0.5871,0.8915,0.0000,82079.1687,4985.2319,4.0000,0.0973
APP-10434,746.0000,0.2381,0.2808,7.0000,69632.7145,15785.2167,4.0000,0.2020
APP-10435,568.0000,0.4428,0.7274,5.0000,162598.8691,21534.9938,1.0000,0.0907
APP-10436,530.0000,0.1916,0.6255,6.0000,147810.2848,16362.7643,2.0000,0.6169
APP-10437,521.0000,0.2273,0.5430,0.0000,188593.1195,6927.8367,3.0000,0.7980
APP-10438,777.0000,0.6064,0.8095,1.0000,55844.8358,15952.7312,1.0000,0.9698
APP-10439,833.0000,0.3210,0.5964,6.0000,92937.4517,2125.4687,3.0000,0.6818
APP-10440,645.0000,0.2147,0.7542,6.0000,177891.6722,11101.8190,2.0000,0.8517
APP-10441,556.0000,0.3883,0.5802,2.0000,164614.0771,29469.6325,4.0000,0.3485
APP-10442,788.0000,0.5681,0.6984,7.0000,106695.4915,25217.0134,4.0000,0.7962
APP-10443,500.0000,0.5581,0.0927,1.0000,62579.7616,18140.3478,4.0000,0.2317
APP-10444,611.0000,0.4641,0.6306,2.0000,218731.5017,43273.5154,4.0000,0.5532
APP-10445,835.0000,0.5474,0.8501,1.0000,212849.2569,3973.1777,0.0000,0.3798
APP-10446,636.0000,0.5288,0.6353,4.0000,62165.7189,29525.9297,3.0000,0.6838
APP-10447,765.0000,0.6300,0.7863,3.0000,194845.5317,28717.1205,0.0000,0.5845
APP-10448,626.0000,0.4607,0.9419,4.0000,61222.0888,24393.8821,3.0000,0.7723
APP-10449,593.0000,0.4288,0.1906,2.0000,129315.7886,13339.5940,4.0000,0.2366
APP-10450,611.0000,0.5981,0.6702,4.0000,132545.5942,23677.0366,4.0000,0.8854
APP-10451,807.0000,0.2989,0.8575,3.0000,118399.3956,22221.5999,1.0000,0.3179
APP-10452,656.0000,0.3711,0.0759,2.0000,105276.2433,8273.6990,3.0000,0.0769
APP-10453,805.0000,0.5725,0.2063,6.0000,132862.5139,12174.2885,4.0000,0.3972
APP-10454,846.0000,0.6384,0.2747,6.0000,186582.8117,20806.0784,0.0000,0.0425
APP-10455,759.0000,0.3317,0.8423,0.0000,102830.6523,17997.9652,2.0000,0.6536
APP-10456,603.0000,0.4244,0.9295,2.0000,157629.8093,7590.8479,0.0000,0.1947
APP-10457,707.0000,0.5607,0.8722,2.0000,108897.9449,12250.1283,1.0000,0.7351
APP-10458,629.0000,0.3853,0.4766,2.0000,243638.6475,27447.1270,4.0000,0.9006
APP-10459,704.0000,0.3225,0.6509,0.0000,180421.4343,32265.8396,0.0000,0.5879
APP-10460,746.0000,0.1357,0.1436,3.0000,217499.7397,34315.6259,3.0000,0.6610
APP-10461,839.0000,0.2166,0.9312,5.0000,125061.4857,25202.9002,4.0000,0.4291
APP-10462,773.0000,0.2823,0.8996,2.0000,86396.5613,4366.1398,4.0000,0.0967
APP-10463,662.0000,0.3209,0.5867,4.0000,47377.0218,11936.1203,0.0000,0.4319
APP-10464,803.0000,0.5269,0.1788,0.0000,209751.6646,33309.1345,4.0000,0.4119
APP-10465,782.0000,0.1917,0.9027,6.0000,183590.6014,14403.6984,2.0000,0.3883
APP-10466,601.0000,0.1398,0.8562,4.0000,210669.6099,30817.2621,4.0000,0.6222
APP-10467,539.0000,0.4233,0.9416,5.0000,179411.5118,29845.1903,3.0000,0.5122
APP-10468,646.0000,0.1045,0.5071,3.0000,38312.7308,24183.7633,3.0000,0.9012
APP-10469,745.0000,0.6120,0.3634,5.0000,123467.8592,15261.6241,2.0000,0.7521
APP-10470,585.0000,0.2408,0.3894,4.0000,102935.7430,5433.0504,0.0000,0.7085
APP-10471,846.0000,0.5585,0.4974,1.0000,125376.5579,33364.5878,1.0000,0.8967
APP-10472,839.0000,0.3087,0.8711,1.0000,176963.1175,12632.6043,2.0000,0.4799
APP-10473,503.0000,0.6494,0.1658,6.0000,154571.6938,14171.9721,0.0000,0.9106
APP-10474,639.0000,0.3757,0.6337,2.0000,169838.4307,7266.8658,0.0000,0.4162
APP-10475,590.0000,0.6296,0.8737,0.0000,76305.7027,33294.5893,0.0000,0.2925
APP-10476,804.0000,0.3579,0.2964,4.0000,139165.1485,43266.1188,3.0000,0.7852
APP-10477,774.0000,0.4928,0.5227,5.0000,81736.6600,22724.8809,4.0000,0.7948
APP-10478,734.0000,0.1350,0.7650,6.0000,142447.4204,17560.0796,4.0000,0.4127
APP-10479,756.0000,0.3447,0.5133,6.0000,94905.3068,24206.6173,2.0000,0.6314
APP-10480,779.0000,0.2489,0.5247,7.0000,77771.1800,18828.3738,2.0000,0.8594
APP-10481,756.0000,0.5362,0.7400,1.0000,236869.0759,15269.5381,0.0000,0.0381
APP-10482,734.0000,0.3928,0.1982,5.0000,88961.8383,43777.7168,2.0000,0.7590
APP-10483,843.0000,0.4520,0.6934,2.0000,167705.7070,42205.0051,1.0000,0.3517
APP-10484,692.0000,0.2396,0.8725,7.0000,167811.0578,28902.9904,1.0000,0.9218
APP-10485,533.0000,0.1643,0.1417,1.0000,156871.1116,2838.1751,3.0000,0.1462
APP-10486,648.0000,0.4743,0.1042,5.0000,188128.9720,17968.0005,2.0000,0.6410
APP-10487,736.0000,0.3432,0.1287,6.0000,163838.3071,10554.2981,3.0000,0.7539
APP-10488,806.0000,0.3294,0.7119,4.0000,216917.0501,27080.3370,4.0000,0.1521
APP-10489,724.0000,0.6302,0.4021,3.0000,35605.3335,19177.6525,0.0000,0.8677
APP-10490,598.0000,0.1650,0.4680,3.0000,46229.0748,19912.6681,4.0000,0.4069
APP-10491,572.0000,0.4541,0.7055,2.0000,151906.0490,41687.8216,1.0000,0.0401
APP-10492,793.0000,0.1331,0.5208,0.0000,117925.1157,40871.8531,3.0000,0.6537
APP-10493,574.0000,0.4767,0.5901,4.0000,76650.0543,13665.9193,3.0000,0.0145
APP-10494,509.0000,0.4078,0.8156,4.0000,107609.6921,28806.8454,4.0000,0.9289
APP-10495,727.0000,0.4998,0.4561,5.0000,172876.8402,39238.1076,4.0000,0.5125
APP-10496,682.0000,0.5130,0.8373,0.0000,217691.7356,43277.6050,1.0000,0.8700
APP-10497,729.0000,0.1726,0.5209,5.0000,69939.0215,33991.0892,2.0000,0.6644
APP-10498,661.0000,0.2511,0.4117,2.0000,94309.7820,6268.9607,4.0000,0.9295
APP-10499,710.0000,0.2388,0.2849,5.0000,60807.5880,31243.7945,0.0000,0.5410
APP-10500,622.0000,0.4344,0.7073,3.0000,249255.5623,23129.9782,3.0000,0.3290
APP-10501,661.0000,0.2421,0.6097,7.0000,34380.2117,14421.1112,4.0000,0.0888
APP-10502,559.0000,0.3837,0.7774,0.0000,64700.2516,40336.8419,2.0000,0.2586
APP-10503,740.0000,0.3432,0.5420,2.0000,114653.5017,29458.7278,2.0000,0.8974
APP-10504,707.0000,0.4221,0.8302,5.0000,73764.0246,41260.4490,2.0000,0.9737
APP-10505,612.0000,0.2932,0.3087,1.0000,179642.1114,4889.9185,3.0000,0.0462
APP-10506,699.0000,0.6087,0.7075,2.0000,35030.0881,35713.2831,0.0000,0.2616
APP-10507,582.0000,0.6308,0.4040,5.0000,143263.3867,27218.2940,1.0000,0.2090
APP-10508,756.0000,0.2930,0.1525,4.0000,73264.1591,14960.9339,0.0000,0.5151
APP-10509,708.0000,0.6028,0.5255,1.0000,169031.0528,39697.5791,4.0000,0.4596
APP-10510,728.0000,0.5362,0.2582,2.0000,55797.0934,36276.8111,3.0000,0.9719
APP-10511,716.0000,0.2244,0.1056,5.0000,73444.3521,26439.9875,1.0000,0.3569
APP-10512,794.0000,0.4095,0.3769,0.0000,212601.0617,43789.7702,3.0000,0.5910
APP-10513,784.0000,0.3077,0.9298,7.0000,228010.0519,36319.9804,3.0000,0.7897
APP-10514,595.0000,0.5405,0.8547,3.0000,109495.6978,22096.1726,1.0000,0.0248
APP-10515,645.0000,0.5917,0.9318,3.0000,159268.4273,4348.4828,2.0000,0.7846
APP-10516,690.0000,0.4423,0.0757,5.0000,178584.9606,28176.5732,1.0000,0.6890
APP-10517,767.0000,0.4466,0.1876,1.0000,197390.0901,20637.5935,1.0000,0.9008
APP-10518,513.0000,0.4967,0.2616,4.0000,147859.8515,26909.1376,3.0000,0.9547
APP-10519,821.0000,0.3723,0.7131,7.0000,157297.9033,4030.0760,0.0000,0.5652
APP-10520,610.0000,0.3589,0.9303,7.0000,202389.8966,37415.7703,1.0000,0.7294
APP-10521,648.0000,0.4098,0.4157,3.0000,150212.1101,36621.5479,4.0000,0.9770
APP-10522,592.0000,0.5501,0.5752,7.0000,148328.4565,34460.4847,0.0000,0.8365
APP-10523,689.0000,0.4561,0.1296,0.0000,92261.8982,35542.9945,2.0000,0.5801
APP-10524,595.0000,0.1792,0.6163,7.0000,214405.6037,9807.1210,3.0000,0.1538
APP-10525,818.0000,0.1772,0.8600,3.0000,127202.1193,24011.0470,2.0000,0.3739
APP-10526,611.0000,0.3287,0.6433,2.0000,151596.8703,34580.8120,2.0000,0.8692
APP-10527,605.0000,0.4625,0.6380,0.0000,169133.8602,28797.7954,0.0000,0.0916
APP-10528,506.0000,0.3151,0.4887,4.0000,148946.8530,24253.9186,2.0000,0.8791
APP-10529,752.0000,0.3100,0.4550,0.0000,127325.8865,17267.3898,0.0000,0.6282
APP-10530,820.0000,0.5925,0.3828,5.0000,136818.1164,30481.7566,0.0000,0.8035
APP-10531,702.0000,0.5775,0.7882,0.0000,51987.4666,3687.7405,1.0000,0.4041
APP-10532,817.0000,0.3616,0.6302,4.0000,210901.4120,3211.7755,3.0000,0.3106
APP-10533,644.0000,0.4951,0.3197,3.0000,47792.5030,20751.6801,0.0000,0.9602
APP-10534,742.0000,0.3487,0.5161,7.0000,247148.4419,25580.3364,0.0000,0.5878
APP-10535,802.0000,0.4317,0.1541,3.0000,243358.6050,15944.0454,2.0000,0.6817
APP-10536,758.0000,0.2510,0.0912,2.0000,224113.5400,31334.6128,3.0000,0.9187
APP-10537,554.0000,0.3736,0.1726,5.0000,46858.9075,41955.9632,0.0000,0.4753
APP-10538,839.0000,0.4534,0.8308,6.0000,35702.9303,7499.8623,0.0000,0.0905
APP-10539,512.0000,0.3430,0.2815,4.0000,165815.4751,22398.0440,3.0000,0.2534
APP-10540,540.0000,0.5177,0.9168,6.0000,66391.5284,42534.5478,4.0000,0.6209
APP-10541,572.0000,0.2470,0.3545,6.0000,236931.7755,43065.8752,3.0000,0.7577
APP-10542,752.0000,0.1071,0.4187,3.0000,174585.4650,23099.5789,1.0000,0.5059
APP-10543,806.0000,0.6028,0.7808,6.0000,218995.0313,35130.9314,2.0000,0.6386
APP-10544,688.0000,0.2986,0.2515,6.0000,248712.9758,10262.8465,4.0000,0.6779
APP-10545,620.0000,0.2386,0.8685,1.0000,236427.9618,36607.5157,1.0000,0.0509
APP-10546,660.0000,0.3618,0.6381,3.0000,53138.2566,43948.7255,0.0000,0.4760
APP-10547,739.0000,0.2372,0.1059,0.0000,246156.9509,16269.4737,3.0000,0.8695
APP-10548,575.0000,0.5033,0.9110,6.0000,45459.1071,12099.4796,3.0000,0.0685
APP-10549,580.0000,0.2687,0.3087,5.0000,201254.0487,7065.0433,4.0000,0.6712
APP-10550,602.0000,0.6454,0.2588,0.0000,194853.8804,21233.1951,2.0000,0.5505
APP-10551,671.0000,0.2519,0.8584,0.0000,76850.4805,16035.9555,3.0000,0.7149
APP-10552,757.0000,0.2990,0.3429,4.0000,114099.9044,23451.5484,2.0000,0.8835
APP-10553,682.0000,0.3961,0.7004,3.0000,168738.3785,24271.3170,3.0000,0.8806
APP-10554,533.0000,0.1018,0.0807,0.0000,139477.7861,39108.8636,3.0000,0.8162
APP-10555,585.0000,0.1023,0.8789,0.0000,184851.3734,39951.1627,0.0000,0.4340
APP-10556,515.0000,0.2286,0.4183,6.0000,58832.6506,20830.0190,4.0000,0.1845
APP-10557,635.0000,0.1449,0.2107,3.0000,119561.8458,34631.8392,2.0000,0.7142
APP-10558,677.0000,0.5180,0.9331,6.0000,187805.6776,26010.4230,2.0000,0.7485
APP-10559,591.0000,0.5795,0.7176,3.0000,31767.6923,33226.6216,0.0000,0.1558
APP-10560,515.0000,0.3273,0.7641,7.0000,173068.8807,32120.4239,1.0000,0.7360
APP-10561,535.0000,0.3841,0.5007,6.0000,148990.3896,37596.6454,0.0000,0.7362
APP-10562,741.0000,0.4370,0.6696,7.0000,233477.8725,9024.1566,4.0000,0.5414
APP-10563,651.0000,0.1522,0.3118,5.0000,241673.8826,36222.9718,2.0000,0.8491
APP-10564,839.0000,0.3584,0.5163,0.0000,181590.1142,11669.3357,0.0000,0.8942
APP-10565,697.0000,0.6277,0.3925,3.0000,148532.8404,31572.1939,1.0000,0.1848
APP-10566,606.0000,0.2143,0.4326,0.0000,146730.1347,43267.3752,3.0000,0.1823
APP-10567,531.0000,0.1462,0.0539,4.0000,127811.0820,27142.7513,3.0000,0.1008
APP-10568,757.0000,0.2543,0.7798,3.0000,201252.1785,40079.0869,3.0000,0.9117
APP-10569,625.0000,0.4014,0.2462,4.0000,103547.5282,36863.1600,4.0000,0.1712
APP-10570,708.0000,0.5777,0.4762,7.0000,83276.2935,32151.4228,4.0000,0.5343
APP-10571,661.0000,0.2951,0.6430,1.0000,127127.5227,5212.5585,2.0000,0.1010
APP-10572,528.0000,0.2896,0.0810,6.0000,103170.3138,3037.4055,3.0000,0.5897
APP-10573,826.0000,0.2887,0.3582,6.0000,209131.4491,40979.4610,0.0000,0.4247
APP-10574,541.0000,0.5625,0.2874,3.0000,90542.8034,31982.9468,0.0000,0.2384
APP-10575,713.0000,0.3581,0.1696,3.0000,118450.4963,25539.7248,1.0000,0.6769
APP-10576,550.0000,0.2823,0.7821,3.0000,89427.4937,2119.3354,1.0000,0.4702
APP-10577,829.0000,0.1973,0.5375,5.0000,148418.4073,7341.5412,2.0000,0.4893
APP-10578,599.0000,0.1691,0.4606,6.0000,97345.7468,31661.6804,4.0000,0.9582
APP-10579,683.0000,0.6358,0.1692,0.0000,167870.2197,12090.2741,2.0000,0.3185
APP-10580,527.0000,0.3675,0.5127,7.0000,207382.7301,17329.8865,2.0000,0.9828
APP-10581,781.0000,0.1397,0.2907,0.0000,194934.9573,37659.4566,2.0000,0.8319
APP-10582,578.0000,0.5985,0.1639,1.0000,96349.8342,15954.2926,0.0000,0.1676
APP-10583,533.0000,0.6247,0.5241,4.0000,154406.3987,24257.7817,4.0000,0.3549
APP-10584,599.0000,0.2304,0.6636,0.0000,114187.0820,5035.2788,1.0000,0.3181
APP-10585,697.0000,0.2738,0.1011,5.0000,173043.1653,23321.2079,4.0000,0.7263
APP-10586,614.0000,0.6283,0.1006,1.0000,221738.3852,32811.3127,3.0000,0.2705
APP-10587,623.0000,0.1087,0.7147,2.0000,214856.9551,11845.2267,3.0000,0.2840
APP-10588,526.0000,0.2784,0.2361,4.0000,225189.9188,26925.7516,4.0000,0.7314
APP-10589,754.0000,0.3366,0.1883,7.0000,118587.8433,27274.1092,0.0000,0.7701
APP-10590,620.0000,0.5237,0.9159,1.0000,208488.8375,37071.3027,3.0000,0.7301
APP-10591,807.0000,0.3023,0.2120,6.0000,112862.1200,17529.8751,0.0000,0.4962
APP-10592,640.0000,0.2861,0.6661,5.0000,52351.0036,40463.4790,4.0000,0.7389
APP-10593,749.0000,0.5012,0.7835,4.0000,159525.7872,22221.4183,1.0000,0.5892
APP-10594,610.0000,0.5671,0.3459,7.0000,161225.0372,3400.7754,1.0000,0.8503
APP-10595,530.0000,0.1513,0.4668,5.0000,197400.1362,5314.8466,3.0000,0.7030
APP-10596,723.0000,0.1784,0.5487,6.0000,214902.7217,41171.8033,2.0000,0.6108
APP-10597,717.0000,0.4629,0.2305,4.0000,226954.4306,5332.5036,4.0000,0.6165
APP-10598,842.0000,0.2729,0.3164,3.0000,184469.5887,36132.4205,1.0000,0.2971
APP-10599,760.0000,0.4676,0.9168,2.0000,167873.4603,44417.9867,3.0000,0.5898
APP-10600,720.0000,0.1957,0.2962,2.0000,33427.2939,37976.6470,0.0000,0.9656
APP-10601,510.0000,0.5422,0.7811,0.0000,54983.8414,19442.1233,4.0000,0.9374
APP-10602,789.0000,0.2768,0.5316,2.0000,60806.7747,12007.2894,0.0000,0.1283
APP-10603,559.0000,0.2843,0.6312,6.0000,87016.1130,8920.7018,1.0000,0.3959
APP-10604,756.0000,0.1984,0.4615,2.0000,226513.0849,17802.4739,3.0000,0.2327
APP-10605,738.0000,0.2163,0.5795,3.0000,189734.0180,23086.1138,3.0000,0.7668
APP-10606,781.0000,0.4291,0.5361,3.0000,169313.9418,22423.6062,0.0000,0.5589
APP-10607,610.0000,0.4199,0.4837,6.0000,57371.3778,28611.9147,1.0000,0.8794
APP-10608,673.0000,0.5534,0.7726,4.0000,174123.7406,36045.1329,1.0000,0.1358
APP-10609,521.0000,0.4467,0.8422,2.0000,190632.5838,9143.0594,3.0000,0.6187
APP-10610,624.0000,0.3353,0.2800,7.0000,97749.8309,16248.3163,1.0000,0.4849
APP-10611,811.0000,0.5419,0.1723,0.0000,83618.4948,33943.5342,0.0000,0.5842
APP-10612,570.0000,0.1091,0.7801,1.0000,181033.1563,40338.0850,1.0000,0.8100
APP-10613,833.0000,0.4860,0.2407,1.0000,56487.6796,38079.0556,3.0000,0.8380
APP-10614,517.0000,0.3988,0.8296,0.0000,157956.3876,43666.1468,1.0000,0.0102
APP-10615,630.0000,0.2215,0.1423,1.0000,244576.0469,36309.6059,4.0000,0.8475
APP-10616,632.0000,0.4506,0.1319,5.0000,35426.3780,43803.0132,3.0000,0.9708
APP-10617,847.0000,0.6427,0.2135,5.0000,70136.4850,42233.7957,1.0000,0.7609
APP-10618,690.0000,0.2906,0.0607,0.0000,146635.3653,30166.6688,3.0000,0.2025
APP-10619,799.0000,0.4512,0.7229,0.0000,45611.2734,32347.3934,4.0000,0.3008
APP-10620,797.0000,0.3417,0.4074,7.0000,185709.2469,15267.2786,4.0000,0.1067
APP-10621,694.0000,0.3158,0.9008,6.0000,47762.7236,40640.6128,0.0000,0.9793
APP-10622,752.0000,0.2689,0.3788,6.0000,72154.2275,32072.6967,1.0000,0.4161
APP-10623,761.0000,0.2259,0.6827,5.0000,150496.3587,40541.8310,3.0000,0.8945
APP-10624,676.0000,0.2296,0.6648,3.0000,209384.4820,11095.4484,0.0000,0.7644
APP-10625,827.0000,0.5258,0.3422,2.0000,110727.4422,17858.8855,2.0000,0.3574
APP-10626,650.0000,0.2781,0.8534,2.0000,42403.9554,5636.2211,2.0000,0.2640
APP-10627,754.0000,0.3913,0.4081,4.0000,106526.1388,42091.0289,0.0000,0.4563
APP-10628,623.0000,0.2174,0.5462,0.0000,46208.9182,36862.8205,0.0000,0.3379
APP-10629,618.0000,0.2169,0.4084,7.0000,71437.9234,34793.0731,3.0000,0.5556
APP-10630,626.0000,0.4229,0.4418,7.0000,132996.2257,20811.6736,2.0000,0.0390
APP-10631,567.0000,0.4205,0.0992,0.0000,223787.4780,2463.3879,0.0000,0.6207
APP-10632,783.0000,0.3779,0.3292,4.0000,226583.3715,43697.5290,0.0000,0.8797
APP-10633,651.0000,0.4813,0.9035,2.0000,184910.8576,18517.9563,2.0000,0.2304
APP-10634,734.0000,0.4504,0.7983,3.0000,215312.7606,12654.8435,4.0000,0.3470
APP-10635,565.0000,0.2101,0.8422,3.0000,147670.7289,38723.1065,1.0000,0.9039
APP-10636,739.0000,0.1305,0.6916,4.0000,240220.3565,10848.8446,2.0000,0.6928
APP-10637,507.0000,0.2483,0.6379,7.0000,213616.7449,9368.9553,0.0000,0.0233
APP-10638,726.0000,0.3372,0.8587,5.0000,174556.6355,22269.3890,1.0000,0.4124
APP-10639,659.0000,0.2146,0.5341,7.0000,81470.7788,21717.1456,0.0000,0.1289
APP-10640,542.0000,0.3653,0.8744,2.0000,197433.1943,40059.3239,1.0000,0.2409
APP-10641,615.0000,0.1202,0.4237,6.0000,222517.2197,44835.6582,3.0000,0.7622
APP-10642,514.0000,0.3624,0.5879,3.0000,135294.9180,13148.3906,2.0000,0.0957
APP-10643,533.0000,0.2933,0.4745,3.0000,109964.4524,10626.3599,0.0000,0.3354
APP-10644,784.0000,0.6275,0.0671,0.0000,110255.8652,22128.0188,0.0000,0.1657
APP-10645,805.0000,0.5822,0.2291,7.0000,195482.4215,20995.0633,1.0000,0.7633
APP-10646,789.0000,0.6231,0.8851,0.0000,239002.1730,37383.2765,4.0000,0.3906
APP-10647,543.0000,0.4624,0.5883,3.0000,118110.6287,6163.7681,1.0000,0.4825
APP-10648,704.0000,0.6346,0.0919,7.0000,53422.7097,8900.4596,1.0000,0.1430
APP-10649,720.0000,0.2042,0.9205,5.0000,39265.7543,10785.7758,0.0000,0.8995
APP-10650,620.0000,0.3928,0.8852,0.0000,212952.9410,5549.8025,3.0000,0.8609
APP-10651,699.0000,0.5087,0.6908,7.0000,98364.9219,4784.4952,0.0000,0.7832
APP-10652,595.0000,0.3653,0.3048,4.0000,211065.3223,24146.5289,0.0000,0.8250
APP-10653,842.0000,0.2176,0.3155,1.0000,55497.9315,40269.6093,2.0000,0.9857
APP-10654,586.0000,0.4596,0.8287,2.0000,38675.8352,37367.9687,3.0000,0.5383
APP-10655,588.0000,0.6342,0.1045,6.0000,98114.7338,10292.0037,3.0000,0.8606
APP-10656,768.0000,0.3878,0.2636,4.0000,99446.2501,8189.3117,3.0000,0.8691
APP-10657,582.0000,0.2365,0.1998,3.0000,249453.6392,28317.6401,0.0000,0.4803
APP-10658,815.0000,0.1223,0.6947,2.0000,82534.7366,16162.1101,2.0000,0.1831
APP-10659,719.0000,0.1573,0.3936,6.0000,193098.8204,23738.2526,0.0000,0.5665
APP-10660,816.0000,0.5275,0.8744,2.0000,232609.7950,32822.5048,2.0000,0.7792
APP-10661,695.0000,0.3669,0.7726,4.0000,202170.0822,40645.1087,4.0000,0.6678
APP-10662,837.0000,0.2148,0.9362,0.0000,244334.7798,10031.9529,0.0000,0.7127
APP-10663,784.0000,0.5730,0.3191,1.0000,66837.6393,5005.3918,4.0000,0.1944
APP-10664,782.0000,0.3398,0.4774,6.0000,180369.6399,11786.3267,4.0000,0.1124
APP-10665,560.0000,0.5377,0.6438,6.0000,144846.9895,25817.0565,4.0000,0.3112
APP-10666,780.0000,0.5462,0.9273,7.0000,221398.8498,5865.9665,0.0000,0.5412
APP-10667,605.0000,0.4949,0.3602,0.0000,193449.8822,16089.2246,3.0000,0.2203
APP-10668,791.0000,0.6349,0.3442,4.0000,201378.8435,15129.0924,1.0000,0.1986
APP-10669,501.0000,0.5933,0.6141,1.0000,114990.0982,6723.7137,0.0000,0.9756
APP-10670,521.0000,0.1690,0.6488,5.0000,178919.8176,44135.4939,0.0000,0.7504
APP-10671,752.0000,0.2891,0.2201,1.0000,223879.8369,38739.6242,0.0000,0.3627
APP-10672,522.0000,0.6248,0.4590,0.0000,73383.2426,27491.2203,2.0000,0.1304
APP-10673,613.0000,0.4606,0.3896,6.0000,36912.7569,40024.3430,1.0000,0.1575
APP-10674,662.0000,0.3441,0.4290,1.0000,98529.6962,14271.4997,0.0000,0.3989
APP-10675,582.0000,0.5742,0.1764,6.0000,219887.8798,38321.8286,1.0000,0.2167
APP-10676,758.0000,0.4514,0.6333,5.0000,132258.4962,31181.8800,2.0000,0.0334
APP-10677,711.0000,0.3038,0.2188,4.0000,86531.9639,12028.3985,1.0000,0.8013
APP-10678,729.0000,0.2492,0.0729,1.0000,230371.5197,30987.2745,3.0000,0.2652
APP-10679,588.0000,0.5681,0.4964,2.0000,39286.0394,23994.7902,0.0000,0.8535
APP-10680,507.0000,0.5657,0.0847,1.0000,207442.7500,23384.1218,1.0000,0.9322
APP-10681,519.0000,0.6051,0.6495,3.0000,205798.0977,41976.8395,0.0000,0.4842
APP-10682,587.0000,0.5315,0.5849,1.0000,144184.6610,18732.3985,1.0000,0.2574
APP-10683,582.0000,0.2016,0.5601,1.0000,88043.0401,41477.3060,4.0000,0.6386
APP-10684,714.0000,0.3137,0.1357,2.0000,125603.1956,37622.9550,3.0000,0.9399
APP-10685,797.0000,0.2804,0.1615,0.0000,107913.0065,20170.8014,0.0000,0.7476
APP-10686,598.0000,0.2418,0.6488,7.0000,61169.8960,35345.8586,0.0000,0.1607
APP-10687,708.0000,0.5371,0.0790,6.0000,160914.4954,6935.6169,0.0000,0.8171
APP-10688,821.0000,0.1686,0.1543,2.0000,73051.2127,23548.5559,4.0000,0.5619
APP-10689,664.0000,0.3636,0.7374,1.0000,249144.9749,4689.1781,0.0000,0.4584
APP-10690,571.0000,0.5761,0.2003,6.0000,156372.0161,10445.6127,0.0000,0.1885
APP-10691,671.0000,0.5339,0.4962,0.0000,55731.0418,17371.5497,2.0000,0.5389
APP-10692,522.0000,0.2471,0.1387,6.0000,165212.0677,5954.7748,2.0000,0.7340
APP-10693,848.0000,0.1196,0.2616,1.0000,113627.3229,40333.9082,1.0000,0.3807
APP-10694,819.0000,0.3276,0.8414,0.0000,70848.0481,39651.6309,2.0000,0.9439
APP-10695,511.0000,0.4264,0.7279,7.0000,95381.3388,2185.0933,2.0000,0.1761
APP-10696,592.0000,0.5701,0.2197,4.0000,86299.8871,6291.0513,0.0000,0.0312
APP-10697,556.0000,0.3905,0.2431,2.0000,158194.1045,42413.4107,2.0000,0.5070
APP-10698,806.0000,0.2462,0.4764,0.0000,90652.0954,2127.8722,4.0000,0.1775
APP-10699,802.0000,0.4799,0.6191,5.0000,40548.1525,43127.9459,4.0000,0.6392
APP-10700,619.0000,0.3209,0.5741,4.0000,209948.9352,26631.0717,3.0000,0.4348
APP-10701,687.0000,0.5539,0.3062,0.0000,92795.3641,25840.2445,0.0000,0.4128
APP-10702,726.0000,0.1130,0.9021,5.0000,97025.3362,3508.6486,3.0000,0.4557
APP-10703,848.0000,0.3305,0.8016,4.0000,125328.2880,17599.1419,1.0000,0.1287
APP-10704,787.0000,0.3322,0.6365,6.0000,204524.6292,37974.3084,0.0000,0.2792
APP-10705,739.0000,0.4231,0.8672,5.0000,165323.9042,15910.3106,3.0000,0.4487
APP-10706,659.0000,0.2972,0.3146,4.0000,49288.2337,40932.9080,0.0000,0.7589
APP-10707,753.0000,0.3212,0.3198,0.0000,131124.1141,24143.7275,2.0000,0.8770
APP-10708,725.0000,0.5042,0.3281,1.0000,196472.6434,38049.6537,2.0000,0.2759
APP-10709,702.0000,0.1942,0.1944,2.0000,38962.4096,35665.1768,2.0000,0.1641
APP-10710,574.0000,0.2311,0.1759,7.0000,38890.6939,21931.5620,1.0000,0.3682
APP-10711,506.0000,0.1563,0.8683,2.0000,184437.9547,37898.2559,2.0000,0.3711
APP-10712,681.0000,0.2417,0.8220,4.0000,140340.9825,39104.5430,0.0000,0.4543
APP-10713,817.0000,0.3780,0.5440,7.0000,66030.4806,43350.8649,4.0000,0.6099
APP-10714,847.0000,0.2040,0.6446,0.0000,177457.0140,5254.3429,3.0000,0.4245
APP-10715,683.0000,0.1405,0.2647,5.0000,47995.2379,36774.8873,0.0000,0.2589
APP-10716,838.0000,0.6480,0.0706,7.0000,127820.4950,30642.6725,4.0000,0.0895
APP-10717,503.0000,0.3504,0.4474,6.0000,210370.4773,32115.5695,4.0000,0.7975
APP-10718,787.0000,0.5574,0.6526,4.0000,68966.8502,41857.1929,3.0000,0.7341
APP-10719,573.0000,0.5063,0.6619,3.0000,159718.8916,3677.7148,0.0000,0.8483
APP-10720,624.0000,0.1910,0.5938,1.0000,111568.1405,34476.1628,3.0000,0.1954
APP-10721,622.0000,0.3818,0.8828,4.0000,226535.5250,18136.9635,0.0000,0.8431
APP-10722,578.0000,0.4123,0.2384,7.0000,172253.7494,27942.4777,3.0000,0.8954
APP-10723,600.0000,0.1868,0.2873,4.0000,109020.8964,12136.2143,1.0000,0.8385
APP-10724,691.0000,0.1615,0.1217,5.0000,137625.1587,14516.4939,4.0000,0.0476
APP-10725,509.0000,0.2448,0.8928,2.0000,145728.3724,28508.4962,3.0000,0.3493
APP-10726,575.0000,0.2437,0.4592,5.0000,246573.4361,17845.3940,4.0000,0.9582
APP-10727,598.0000,0.2527,0.4115,3.0000,193971.2366,14808.1070,2.0000,0.5379
APP-10728,530.0000,0.2389,0.9371,2.0000,187070.4057,3541.7637,0.0000,0.7642
APP-10729,813.0000,0.4007,0.4350,1.0000,246410.8127,8576.7358,0.0000,0.3128
APP-10730,653.0000,0.2619,0.3514,5.0000,63703.5454,28171.7007,4.0000,0.4482
APP-10731,706.0000,0.5244,0.2378,0.0000,132775.8068,19454.0787,4.0000,0.3856
APP-10732,703.0000,0.1288,0.4459,7.0000,241585.0798,3265.7036,1.0000,0.7904
APP-10733,614.0000,0.4418,0.6671,7.0000,217519.0883,17078.0136,4.0000,0.1564
APP-10734,594.0000,0.5248,0.8727,7.0000,75079.2586,17707.7825,1.0000,0.4608
APP-10735,530.0000,0.3404,0.2221,7.0000,122720.6355,11874.3727,2.0000,0.8794
APP-10736,787.0000,0.2756,0.6731,6.0000,71341.2609,9159.1877,2.0000,0.8570
APP-10737,762.0000,0.2667,0.0560,6.0000,184154.1734,2409.5996,0.0000,0.8083
APP-10738,729.0000,0.2803,0.7708,3.0000,165810.5748,29056.2429,1.0000,0.1136
APP-10739,751.0000,0.1645,0.3021,1.0000,157870.7780,35011.5906,2.0000,0.5787
APP-10740,782.0000,0.4196,0.0853,0.0000,228673.6194,11988.4420,0.0000,0.3260
APP-10741,500.0000,0.4429,0.4048,0.0000,52084.6730,15983.1815,2.0000,0.9618
APP-10742,735.0000,0.3143,0.8533,5.0000,236909.6787,40687.7430,2.0000,0.5761
APP-10743,847.0000,0.6257,0.2595,1.0000,136597.9935,43554.2758,0.0000,0.8932
APP-10744,789.0000,0.6013,0.3086,1.0000,35945.5116,26365.5691,2.0000,0.1865
APP-10745,592.0000,0.2638,0.2010,6.0000,231253.4711,19167.2219,0.0000,0.8204
APP-10746,706.0000,0.5028,0.9335,1.0000,234864.2726,44418.0125,3.0000,0.4164
APP-10747,591.0000,0.1640,0.4394,1.0000,237621.5221,4505.3333,2.0000,0.4857
APP-10748,545.0000,0.5168,0.9030,3.0000,213654.8891,14705.8929,1.0000,0.8162
APP-10749,605.0000,0.5047,0.1327,1.0000,91253.7306,24590.4580,4.0000,0.2052
APP-10750,621.0000,0.2961,0.4538,0.0000,93024.0187,12605.8427,4.0000,0.1697
APP-10751,836.0000,0.3128,0.4769,5.0000,102174.4571,41698.3710,1.0000,0.0607
APP-10752,663.0000,0.4223,0.2803,4.0000,79624.4223,24611.3757,2.0000,0.5390
APP-10753,794.0000,0.2541,0.4976,3.0000,229824.7577,40277.4366,1.0000,0.6945
APP-10754,834.0000,0.4150,0.3655,1.0000,147658.2249,16213.4419,4.0000,0.9198
APP-10755,723.0000,0.5882,0.2719,5.0000,88561.2949,9114.4024,4.0000,0.7631
APP-10756,672.0000,0.3447,0.3788,4.0000,199894.0865,41388.0622,4.0000,0.6161
APP-10757,672.0000,0.2123,0.6217,4.0000,168094.5655,22571.9376,3.0000,0.5082
APP-10758,774.0000,0.4069,0.4713,7.0000,113439.8806,36102.3880,4.0000,0.4576
APP-10759,614.0000,0.4591,0.4183,4.0000,231118.0737,15563.1593,2.0000,0.4384
APP-10760,659.0000,0.3893,0.8182,7.0000,152211.9939,6703.1289,3.0000,0.7997
APP-10761,617.0000,0.1130,0.6304,6.0000,168199.9123,29242.8041,1.0000,0.3593
APP-10762,590.0000,0.4681,0.6233,0.0000,37177.8213,13320.2501,3.0000,0.3181
APP-10763,613.0000,0.1203,0.2501,1.0000,168573.8437,41418.3706,4.0000,0.8848
APP-10764,534.0000,0.3296,0.7251,5.0000,120825.9077,14639.7545,2.0000,0.8641
APP-10765,801.0000,0.3279,0.0832,1.0000,194569.3794,14314.6556,3.0000,0.7319
APP-10766,804.0000,0.5655,0.2422,5.0000,39637.7927,34418.9945,1.0000,0.6515
APP-10767,738.0000,0.5745,0.4215,3.0000,114891.5723,18226.5677,0.0000,0.3666
APP-10768,763.0000,0.5263,0.8503,2.0000,44433.4676,8146.6574,1.0000,0.7610
APP-10769,642.0000,0.5509,0.0752,4.0000,234896.2419,12284.5763,0.0000,0.7798
APP-10770,684.0000,0.2203,0.4504,2.0000,122372.4874,30520.9075,4.0000,0.5051
APP-10771,847.0000,0.4940,0.1578,3.0000,60621.0371,7317.1544,3.0000,0.3902
APP-10772,519.0000,0.5121,0.2570,6.0000,193508.3697,31944.4787,3.0000,0.1261
APP-10773,562.0000,0.5279,0.4148,4.0000,224006.2823,42760.1782,1.0000,0.5773
APP-10774,788.0000,0.5371,0.1386,7.0000,200577.6455,7874.2468,3.0000,0.5204
APP-10775,526.0000,0.1898,0.7965,3.0000,217114.4638,13964.5663,0.0000,0.6345
APP-10776,771.0000,0.2413,0.1246,6.0000,216318.0601,16646.8820,4.0000,0.0232
APP-10777,628.0000,0.5310,0.5768,4.0000,247650.8830,27238.9685,3.0000,0.6221
APP-10778,747.0000,0.1810,0.1969,6.0000,109939.6959,29850.6574,1.0000,0.8160
APP-10779,843.0000,0.1682,0.1459,7.0000,106685.7526,43461.8477,4.0000,0.5871
APP-10780,701.0000,0.6374,0.4665,7.0000,54553.7356,44293.7835,2.0000,0.4529
APP-10781,508.0000,0.6323,0.3609,0.0000,218661.4061,15761.4027,2.0000,0.9858
APP-10782,684.0000,0.2852,0.0907,1.0000,234718.0481,10893.6890,2.0000,0.6116
APP-10783,528.0000,0.1047,0.1084,7.0000,92115.1468,12724.1816,1.0000,0.7920
APP-10784,829.0000,0.3190,0.3193,6.0000,165315.1597,28244.7985,2.0000,0.2276
APP-10785,619.0000,0.1142,0.7546,4.0000,83886.4550,13543.2435,0.0000,0.2001
APP-10786,834.0000,0.1789,0.8163,5.0000,219633.5851,37066.4254,0.0000,0.9151
APP-10787,845.0000,0.2233,0.1097,0.0000,31514.8746,21899.7530,3.0000,0.9188
APP-10788,612.0000,0.5616,0.2046,4.0000,182924.0759,2471.3834,3.0000,0.1357
APP-10789,620.0000,0.3064,0.3552,0.0000,149448.0186,35824.1652,0.0000,0.9543
APP-10790,804.0000,0.1045,0.6351,5.0000,92929.6959,20170.7295,1.0000,0.7245
APP-10791,737.0000,0.4503,0.3066,4.0000,233067.0890,44692.9875,3.0000,0.3031
APP-10792,675.0000,0.1388,0.2497,5.0000,135504.2067,34780.6446,0.0000,0.2236
APP-10793,802.0000,0.5918,0.5794,5.0000,145396.9528,26067.8236,4.0000,0.6484
APP-10794,589.0000,0.2349,0.6633,7.0000,48320.0536,7232.6285,1.0000,0.1055
APP-10795,734.0000,0.2308,0.4887,4.0000,120610.3723,24414.6836,1.0000,0.7064
APP-10796,621.0000,0.3184,0.6516,6.0000,64982.8448,28389.4656,3.0000,0.8157
APP-10797,531.0000,0.1591,0.0537,3.0000,151940.8952,38763.9749,3.0000,0.5088
APP-10798,623.0000,0.1127,0.3451,5.0000,157247.9582,36887.1369,1.0000,0.8191
APP-10799,551.0000,0.6029,0.5985,2.0000,83706.6724,42251.9092,0.0000,0.6711
APP-10800,847.0000,0.5750,0.6359,3.0000,237557.6333,32508.2119,2.0000,0.5770
APP-10801,590.0000,0.6040,0.2250,4.0000,96621.9906,22626.8681,1.0000,0.4282
APP-10802,826.0000,0.4722,0.3489,7.0000,173930.9760,19693.9860,1.0000,0.6493
APP-10803,778.0000,0.1072,0.2537,7.0000,245405.4018,22490.7548,2.0000,0.9649
APP-10804,629.0000,0.6353,0.8587,2.0000,206798.6386,14999.5489,0.0000,0.1255
APP-10805,780.0000,0.4898,0.3164,3.0000,194164.7475,8048.6308,3.0000,0.1753
APP-10806,517.0000,0.3284,0.8438,0.0000,43030.2711,13017.6770,3.0000,0.6598
APP-10807,559.0000,0.5029,0.8453,5.0000,145314.2674,31796.4331,1.0000,0.9749
APP-10808,780.0000,0.4119,0.5231,0.0000,195852.8910,5401.5014,2.0000,0.4996
APP-10809,632.0000,0.4694,0.8337,0.0000,175303.3912,18821.9760,3.0000,0.3981
APP-10810,553.0000,0.5533,0.1190,5.0000,154903.8070,9580.0047,4.0000,0.9512
APP-10811,548.0000,0.6149,0.1635,3.0000,232629.0949,31612.1969,3.0000,0.2833
APP-10812,781.0000,0.5382,0.4160,1.0000,153103.0849,16394.6655,4.0000,0.3323
APP-10813,665.0000,0.5927,0.6726,6.0000,214277.5978,24532.0029,0.0000,0.4235
APP-10814,654.0000,0.4121,0.9235,6.0000,224881.3824,37945.0778,1.0000,0.5189
APP-10815,627.0000,0.2861,0.4702,6.0000,202970.3631,24711.1616,4.0000,0.0630
APP-10816,533.0000,0.4683,0.0566,6.0000,62973.0917,14837.4195,1.0000,0.4045
APP-10817,847.0000,0.4059,0.2134,4.0000,200512.5405,27665.1457,3.0000,0.5810
APP-10818,575.0000,0.1309,0.4442,7.0000,203189.2113,43914.1070,0.0000,0.1312
APP-10819,636.0000,0.4167,0.6710,4.0000,178212.6015,26458.8921,4.0000,0.4619
APP-10820,788.0000,0.3296,0.5779,5.0000,111721.6083,16822.1335,1.0000,0.3111
APP-10821,517.0000,0.3033,0.8385,1.0000,93581.0520,35118.0077,3.0000,0.1193
APP-10822,705.0000,0.4985,0.2890,4.0000,173170.5932,28638.4737,3.0000,0.9077
APP-10823,682.0000,0.5868,0.5360,2.0000,190543.1818,43591.5391,3.0000,0.3608
APP-10824,752.0000,0.2084,0.1798,6.0000,232391.4305,8773.4538,1.0000,0.4930
APP-10825,817.0000,0.5372,0.6307,5.0000,105113.0938,44482.6592,0.0000,0.5243
APP-10826,534.0000,0.1933,0.7361,5.0000,93598.3265,32031.3972,4.0000,0.1726
APP-10827,629.0000,0.4170,0.5121,6.0000,193113.4548,28393.8735,2.0000,0.5652
APP-10828,627.0000,0.5665,0.4533,5.0000,245259.1731,34715.2930,3.0000,0.2509
APP-10829,786.0000,0.5982,0.2173,0.0000,93906.8223,8492.9932,1.0000,0.6030
APP-10830,658.0000,0.2696,0.8907,1.0000,90349.1234,13018.6518,4.0000,0.1250
APP-10831,645.0000,0.5504,0.5956,7.0000,226613.8300,7111.9613,3.0000,0.7862
APP-10832,595.0000,0.5833,0.7836,5.0000,88242.5019,23172.5514,3.0000,0.8562
APP-10833,698.0000,0.1950,0.0718,7.0000,121378.6923,24056.1757,3.0000,0.9708
APP-10834,717.0000,0.3116,0.2762,0.0000,248250.6172,40797.1214,0.0000,0.8876
APP-10835,675.0000,0.5269,0.4842,1.0000,206176.1652,21024.8420,2.0000,0.6609
APP-10836,715.0000,0.1081,0.5326,5.0000,84961.8257,32922.3962,1.0000,0.1517
APP-10837,805.0000,0.4442,0.4145,0.0000,239538.3695,19369.8048,1.0000,0.0956
APP-10838,801.0000,0.3281,0.3536,0.0000,215591.4637,36308.3680,2.0000,0.0875
APP-10839,698.0000,0.3846,0.4553,2.0000,244290.0889,7010.4323,0.0000,0.8332
APP-10840,831.0000,0.3301,0.3794,5.0000,118694.9386,6463.5963,3.0000,0.7596
APP-10841,632.0000,0.2075,0.0860,7.0000,176781.8060,15858.6489,1.0000,0.2281
APP-10842,507.0000,0.2917,0.6735,7.0000,113998.6950,44810.9293,2.0000,0.2418
APP-10843,768.0000,0.5736,0.7442,3.0000,127262.9865,24963.9118,3.0000,0.1047
APP-10844,769.0000,0.4360,0.3301,5.0000,177665.0949,30012.8271,0.0000,0.9624
APP-10845,517.0000,0.3625,0.9193,2.0000,121229.4291,6218.7660,1.0000,0.2561
APP-10846,615.0000,0.4883,0.9382,5.0000,122182.8243,18759.6371,1.0000,0.8408
APP-10847,595.0000,0.2011,0.5617,7.0000,149197.3470,42034.0231,0.0000,0.7599
APP-10848,684.0000,0.1459,0.7647,5.0000,53594.7533,26500.8151,3.0000,0.7961
APP-10849,600.0000,0.4017,0.5410,1.0000,246892.2941,4460.1864,0.0000,0.6260
APP-10850,760.0000,0.1063,0.2850,2.0000,211930.2661,38555.0037,0.0000,0.2189
APP-10851,699.0000,0.1815,0.1130,7.0000,136133.9389,6575.3907,4.0000,0.2259
APP-10852,803.0000,0.4944,0.3600,6.0000,196286.8868,28599.7275,3.0000,0.9249
APP-10853,791.0000,0.5959,0.2168,6.0000,249445.5286,8524.8347,1.0000,0.5524
APP-10854,604.0000,0.2569,0.8801,0.0000,143620.0070,39508.6569,3.0000,0.6673
APP-10855,693.0000,0.3104,0.9241,3.0000,189209.6400,43848.8471,4.0000,0.5298
APP-10856,715.0000,0.4746,0.5286,4.0000,48699.8964,13132.5485,1.0000,0.3456
APP-10857,660.0000,0.5427,0.5569,6.0000,240374.0900,38453.1150,0.0000,0.7004
APP-10858,837.0000,0.2431,0.8874,0.0000,66480.7254,40964.0538,2.0000,0.8523
APP-10859,522.0000,0.5544,0.7227,6.0000,206213.0536,34649.9534,2.0000,0.2391
APP-10860,820.0000,0.6350,0.1958,4.0000,137292.9151,35382.5978,1.0000,0.1693
APP-10861,839.0000,0.1484,0.9068,4.0000,171767.6382,32159.9768,2.0000,0.0746
APP-10862,628.0000,0.2234,0.5642,6.0000,161122.4866,5002.8030,1.0000,0.8951
APP-10863,603.0000,0.4994,0.0686,6.0000,121403.3480,17293.7824,1.0000,0.6835
APP-10864,514.0000,0.1202,0.2266,5.0000,239476.6272,15207.5767,1.0000,0.7064
APP-10865,545.0000,0.2562,0.7671,4.0000,98240.1463,10974.2297,0.0000,0.0633
APP-10866,581.0000,0.5645,0.1650,7.0000,80849.9076,21778.8921,1.0000,0.4006
APP-10867,791.0000,0.4749,0.8162,6.0000,226723.9368,13206.1727,4.0000,0.0662
APP-10868,770.0000,0.4524,0.7577,2.0000,94720.6919,24612.8495,4.0000,0.6852
APP-10869,811.0000,0.4366,0.0817,6.0000,53719.4111,22667.1119,4.0000,0.3456
APP-10870,611.0000,0.3760,0.3479,4.0000,64457.6763,2343.1575,1.0000,0.9711
APP-10871,604.0000,0.5217,0.5062,7.0000,108570.5400,7641.6537,3.0000,0.7164
APP-10872,786.0000,0.5759,0.1184,2.0000,223248.9041,27239.2389,0.0000,0.1498
APP-10873,692.0000,0.5375,0.5717,6.0000,176036.5975,44106.1509,0.0000,0.1885
APP-10874,520.0000,0.3655,0.9322,2.0000,57871.1558,26768.8231,3.0000,0.1295
APP-10875,774.0000,0.5282,0.5901,7.0000,147762.6835,41990.9558,1.0000,0.2545
APP-10876,533.0000,0.5154,0.4943,1.0000,167013.2272,44657.8735,4.0000,0.9618
APP-10877,507.0000,0.3507,0.8302,1.0000,207769.3245,31431.0041,1.0000,0.9757
APP-10878,823.0000,0.2838,0.9176,7.0000,154000.1254,27352.1273,3.0000,0.2912
APP-10879,845.0000,0.3256,0.8611,2.0000,105562.8945,26925.8930,4.0000,0.2493
APP-10880,747.0000,0.3713,0.0833,4.0000,249091.7793,10662.9887,2.0000,0.2615
APP-10881,613.0000,0.1808,0.1397,3.0000,87110.9895,9149.3861,3.0000,0.5057
APP-10882,557.0000,0.2202,0.6039,6.0000,242204.7412,14835.0119,4.0000,0.4821
APP-10883,667.0000,0.1560,0.2540,1.0000,76035.4798,16219.3212,2.0000,0.4495
APP-10884,681.0000,0.1398,0.5189,2.0000,143964.0426,13939.6311,2.0000,0.0880
APP-10885,517.0000,0.4114,0.8047,7.0000,54307.9473,10270.0177,2.0000,0.2632
APP-10886,731.0000,0.4839,0.8946,7.0000,226459.9166,34415.7732,3.0000,0.4551
APP-10887,516.0000,0.4375,0.3502,1.0000,137662.9893,18036.5487,3.0000,0.2213
APP-10888,672.0000,0.4998,0.8138,3.0000,224475.6391,27018.4864,1.0000,0.6221
APP-10889,539.0000,0.3236,0.5036,3.0000,211489.9905,19106.0727,0.0000,0.1609
APP-10890,517.0000,0.5395,0.6427,4.0000,71814.3444,20894.4033,2.0000,0.3620
APP-10891,612.0000,0.5112,0.1629,4.0000,42873.2253,20314.1797,1.0000,0.7538
APP-10892,705.0000,0.4911,0.1070,0.0000,231672.2599,26751.5596,2.0000,0.5898
APP-10893,822.0000,0.5213,0.7524,6.0000,153670.5759,11959.7135,0.0000,0.9041
APP-10894,519.0000,0.2273,0.5886,1.0000,217567.4880,44279.2674,0.0000,0.2926
APP-10895,680.0000,0.4132,0.7915,2.0000,181765.3800,27845.7195,4.0000,0.0201
APP-10896,767.0000,0.5262,0.1542,6.0000,199311.1673,31879.6073,2.0000,0.5061
APP-10897,614.0000,0.1544,0.2047,7.0000,136328.1790,16870.7019,2.0000,0.2268
APP-10898,782.0000,0.2359,0.1067,7.0000,191329.5682,38994.7051,3.0000,0.1308
APP-10899,657.0000,0.3700,0.6351,2.0000,232113.6571,17783.9430,0.0000,0.0275
APP-10900,502.0000,0.3278,0.6040,5.0000,186049.8524,37846.2047,1.0000,0.5848
APP-10901,592.0000,0.6028,0.4330,1.0000,234995.8223,11755.8374,4.0000,0.3885
APP-10902,646.0000,0.5129,0.1718,3.0000,83115.4674,37958.9255,1.0000,0.3268
APP-10903,718.0000,0.1225,0.0715,2.0000,206645.0113,42892.2784,4.0000,0.3838
APP-10904,552.0000,0.3559,0.2831,1.0000,146545.3897,10725.5274,0.0000,0.7579
APP-10905,677.0000,0.5194,0.0525,7.0000,43366.5133,3435.9362,2.0000,0.2375
APP-10906,775.0000,0.4680,0.9039,7.0000,171977.1110,37416.2249,4.0000,0.5095
APP-10907,632.0000,0.3957,0.2032,1.0000,168009.0091,27096.0203,4.0000,0.9841
APP-10908,568.0000,0.1469,0.2889,2.0000,247999.6624,12518.3480,0.0000,0.0589
APP-10909,740.0000,0.6033,0.7687,0.0000,172956.6384,25027.2054,0.0000,0.6545
APP-10910,722.0000,0.3283,0.9455,6.0000,58759.4675,44311.8288,1.0000,0.6791
APP-10911,637.0000,0.1798,0.6085,2.0000,248058.6979,42500.1535,3.0000,0.4243
APP-10912,789.0000,0.1464,0.2780,4.0000,99267.2739,15222.2379,0.0000,0.8011
APP-10913,782.0000,0.5316,0.4576,4.0000,183397.0328,31619.9742,3.0000,0.6680
APP-10914,535.0000,0.4370,0.1037,1.0000,161618.7005,23955.2742,2.0000,0.7080
APP-10915,709.0000,0.2384,0.1481,2.0000,108197.2625,14320.3104,2.0000,0.1368
APP-10916,720.0000,0.3932,0.6886,0.0000,119466.0464,8150.5603,3.0000,0.5464
APP-10917,570.0000,0.6206,0.7965,1.0000,173662.9645,7462.7204,1.0000,0.1740
APP-10918,564.0000,0.3712,0.2931,6.0000,221773.3398,3040.7262,1.0000,0.0881
APP-10919,557.0000,0.3148,0.7146,2.0000,238256.4895,29459.2109,1.0000,0.4260
APP-10920,614.0000,0.2693,0.6263,3.0000,248021.8179,13647.5334,0.0000,0.1067
APP-10921,589.0000,0.2003,0.5087,5.0000,55682.9060,27174.0871,3.0000,0.0104
APP-10922,746.0000,0.6007,0.3103,7.0000,71339.6418,34515.0269,3.0000,0.9617
APP-10923,821.0000,0.1944,0.9367,3.0000,75233.4418,2207.8713,1.0000,0.8694
APP-10924,660.0000,0.1300,0.2732,6.0000,244129.8249,21062.8264,4.0000,0.1922
APP-10925,788.0000,0.1785,0.2378,4.0000,51438.5312,13685.3876,0.0000,0.1569
APP-10926,678.0000,0.2004,0.1489,0.0000,183351.8311,28387.8470,4.0000,0.3462
APP-10927,840.0000,0.3337,0.6431,7.0000,240703.0467,8166.4881,4.0000,0.1204
APP-10928,635.0000,0.6003,0.8611,2.0000,156565.6406,26529.8420,0.0000,0.3422
APP-10929,760.0000,0.1742,0.1707,5.0000,31722.9060,27201.8302,3.0000,0.7012
APP-10930,795.0000,0.1804,0.1440,6.0000,44446.5166,29497.9043,0.0000,0.2446
APP-10931,820.0000,0.3405,0.8640,6.0000,186159.4617,6348.2105,1.0000,0.7730
APP-10932,638.0000,0.5971,0.6445,4.0000,117638.7981,44106.5847,3.0000,0.9144
APP-10933,624.0000,0.6099,0.9221,2.0000,141251.6068,20768.4280,0.0000,0.0473
APP-10934,504.0000,0.6230,0.6893,5.0000,39945.1072,21730.6414,1.0000,0.5398
APP-10935,716.0000,0.1698,0.7445,4.0000,227632.9572,32875.7789,1.0000,0.0849
APP-10936,695.0000,0.4880,0.4655,5.0000,229185.8524,41746.4118,0.0000,0.5501
APP-10937,637.0000,0.4561,0.2645,2.0000,162463.6152,31423.5837,2.0000,0.0465
APP-10938,575.0000,0.1168,0.5622,5.0000,134784.6918,30668.3211,3.0000,0.4973
APP-10939,802.0000,0.4698,0.3724,3.0000,116603.0770,31871.1031,3.0000,0.4285
APP-10940,849.0000,0.4833,0.4728,7.0000,73529.5046,31189.8959,3.0000,0.9485
APP-10941,848.0000,0.4612,0.5141,0.0000,236737.5391,25236.7008,2.0000,0.1881
APP-10942,657.0000,0.2186,0.0739,5.0000,137649.0284,24154.8844,1.0000,0.1163
APP-10943,760.0000,0.2828,0.5977,4.0000,53774.1919,22480.6164,4.0000,0.0816
APP-10944,790.0000,0.4046,0.3727,4.0000,204404.4519,34792.4872,0.0000,0.1469
APP-10945,773.0000,0.1761,0.7809,4.0000,243805.6613,22098.9411,1.0000,0.5845
APP-10946,624.0000,0.1873,0.1007,1.0000,92131.5142,7912.6715,1.0000,0.9639
APP-10947,808.0000,0.4843,0.5506,4.0000,181169.9642,23014.0160,4.0000,0.5938
APP-10948,730.0000,0.1911,0.3740,3.0000,249301.4820,29377.9926,0.0000,0.6489
APP-10949,533.0000,0.1092,0.1340,1.0000,55272.7974,26292.8890,3.0000,0.6131
APP-10950,557.0000,0.2018,0.4223,7.0000,208775.5382,28560.4093,1.0000,0.1819
APP-10951,668.0000,0.1415,0.4183,1.0000,139634.7632,18420.8991,3.0000,0.9357
APP-10952,829.0000,0.2552,0.7280,3.0000,177248.4294,9517.8307,1.0000,0.9820
APP-10953,756.0000,0.5182,0.1868,2.0000,69760.0403,32992.9847,2.0000,0.1630
APP-10954,725.0000,0.5324,0.7973,3.0000,77951.1381,3616.6698,0.0000,0.2539
APP-10955,711.0000,0.1392,0.0931,4.0000,152326.1399,12952.4963,4.0000,0.5689
APP-10956,821.0000,0.4137,0.5141,5.0000,85111.6851,42090.3185,0.0000,0.9107
APP-10957,689.0000,0.1484,0.6341,2.0000,161285.6538,17832.7070,0.0000,0.5794
APP-10958,642.0000,0.2029,0.0629,2.0000,49294.6435,16363.5398,2.0000,0.3797
APP-10959,635.0000,0.5313,0.1122,5.0000,202024.7256,7363.9095,2.0000,0.3823
APP-10960,683.0000,0.6346,0.2962,5.0000,90274.0596,12782.9284,2.0000,0.4021
APP-10961,577.0000,0.2494,0.3933,4.0000,192140.2171,16601.0685,1.0000,0.9221
APP-10962,835.0000,0.5272,0.3619,4.0000,65865.8861,14023.6922,1.0000,0.7656
APP-10963,822.0000,0.2881,0.9242,0.0000,205901.6323,12708.1393,1.0000,0.7946
APP-10964,633.0000,0.5315,0.2002,4.0000,32971.2513,41994.8302,2.0000,0.0523
APP-10965,756.0000,0.4136,0.8517,1.0000,67578.3271,26102.5190,4.0000,0.3133
APP-10966,770.0000,0.4005,0.9001,0.0000,104333.9184,4125.9023,0.0000,0.7779
APP-10967,714.0000,0.5448,0.2080,4.0000,201584.7671,42037.6986,2.0000,0.1262
APP-10968,538.0000,0.4829,0.7327,4.0000,36975.0978,36790.0637,2.0000,0.2663
APP-10969,529.0000,0.6339,0.9484,4.0000,192867.0597,6316.2811,0.0000,0.8164
APP-10970,750.0000,0.2995,0.2731,5.0000,81774.8142,12116.0019,2.0000,0.5574
APP-10971,539.0000,0.6253,0.5025,2.0000,249261.4985,10271.3631,4.0000,0.5432
APP-10972,787.0000,0.5552,0.7330,2.0000,93111.8040,31689.1125,0.0000,0.2993
APP-10973,651.0000,0.3714,0.7113,1.0000,62063.3488,27860.5012,0.0000,0.1008
APP-10974,781.0000,0.3754,0.7998,0.0000,180317.4281,34943.3276,4.0000,0.8577
APP-10975,544.0000,0.5961,0.3634,7.0000,90866.9941,23825.6002,3.0000,0.1880
APP-10976,637.0000,0.4231,0.1586,2.0000,148849.7752,14996.2420,2.0000,0.5261
APP-10977,552.0000,0.2858,0.6588,3.0000,199868.9877,12431.3551,3.0000,0.5906
APP-10978,671.0000,0.1228,0.3556,7.0000,205981.9441,30541.5924,3.0000,0.4775
APP-10979,528.0000,0.2648,0.6315,1.0000,78543.5672,18075.2353,4.0000,0.8072
APP-10980,596.0000,0.2195,0.4761,1.0000,76150.5090,19228.9617,1.0000,0.0149
APP-10981,602.0000,0.1710,0.4627,5.0000,89694.2846,11045.6350,3.0000,0.3653
APP-10982,678.0000,0.4699,0.8434,2.0000,116835.5343,35822.4334,0.0000,0.6962
APP-10983,503.0000,0.3176,0.6264,2.0000,194333.2919,28183.7752,1.0000,0.0573
APP-10984,609.0000,0.1520,0.6121,6.0000,149244.6534,11515.2829,0.0000,0.9125
APP-10985,756.0000,0.2798,0.9238,2.0000,223572.1686,19926.7702,1.0000,0.3813
APP-10986,643.0000,0.1772,0.2928,0.0000,183671.8229,32338.1170,3.0000,0.5932
APP-10987,709.0000,0.4292,0.6697,6.0000,164922.1584,31717.7732,2.0000,0.0193
APP-10988,800.0000,0.3348,0.3700,7.0000,144541.6102,21359.5972,0.0000,0.5386
APP-10989,677.0000,0.6138,0.5890,7.0000,120779.5529,30159.1528,0.0000,0.2124
APP-10990,807.0000,0.4348,0.7854,0.0000,106101.4015,28751.2441,4.0000,0.3391
APP-10991,845.0000,0.5208,0.8805,3.0000,68478.7749,5675.6161,2.0000,0.9291
APP-10992,684.0000,0.2843,0.4344,7.0000,89424.4857,27081.0130,1.0000,0.7135
APP-10993,668.0000,0.5150,0.7989,5.0000,228214.6389,4113.8156,0.0000,0.6431
APP-10994,610.0000,0.5041,0.3516,2.0000,212480.5913,36356.2577,1.0000,0.9790
APP-10995,804.0000,0.6450,0.6449,2.0000,30989.0909,37562.8854,3.0000,0.1852
APP-10996,773.0000,0.4636,0.8399,2.0000,79289.5036,4251.4165,0.0000,0.0697
APP-10997,566.0000,0.6039,0.6669,5.0000,207602.1204,16232.6325,2.0000,0.7632
APP-10998,727.0000,0.5768,0.6852,5.0000,158823.5923,35642.4320,3.0000,0.0326
APP-10999,592.0000,0.6053,0.8039,5.0000,45681.7341,30520.6920,3.0000,0.7736
APP-11000,846.0000,0.4152,0.2772,2.0000,207633.9275,18594.6195,2.0000,0.5060
APP-11001,614.0000,0.2232,0.7222,5.0000,195743.2074,13240.4283,2.0000,0.2324
APP-11002,529.0000,0.4218,0.6239,3.0000,91953.2963,14689.7466,3.0000,0.6375
APP-11003,846.0000,0.6069,0.5413,0.0000,193660.3118,7249.8270,2.0000,0.4942
APP-11004,712.0000,0.6352,0.9276,6.0000,225080.3985,44905.9919,3.0000,0.1956
APP-11005,817.0000,0.6204,0.4213,0.0000,172385.0927,31109.8836,3.0000,0.7998
APP-11006,812.0000,0.3426,0.2614,0.0000,193604.4694,25621.7026,1.0000,0.2934
APP-11007,657.0000,0.5424,0.8053,5.0000,40777.5143,44353.2674,1.0000,0.2501
APP-11008,654.0000,0.3687,0.2166,0.0000,154316.1215,17947.6648,1.0000,0.6917
APP-11009,795.0000,0.4804,0.7207,4.0000,195794.9430,39437.2236,4.0000,0.4212
APP-11010,632.0000,0.3373,0.8854,2.0000,131771.7657,40321.1645,0.0000,0.3468
APP-11011,581.0000,0.2664,0.7894,7.0000,119006.1618,7208.4534,0.0000,0.5589
APP-11012,698.0000,0.3431,0.6198,2.0000,153855.1041,44608.7885,3.0000,0.6563
APP-11013,707.0000,0.2688,0.8808,0.0000,178460.1064,34225.6829,1.0000,0.1319
APP-11014,787.0000,0.3327,0.4900,1.0000,209659.1953,16814.5535,3.0000,0.8874
APP-11015,556.0000,0.4727,0.1181,7.0000,209598.2869,19336.6800,0.0000,0.3749
APP-11016,670.0000,0.2104,0.7114,7.0000,184673.9954,5049.0510,4.0000,0.2015
APP-11017,701.0000,0.4722,0.6952,1.0000,246392.7171,35718.5431,2.0000,0.1368
APP-11018,836.0000,0.1405,0.8288,2.0000,148372.1879,15107.6262,0.0000,0.8912
APP-11019,577.0000,0.1009,0.4155,0.0000,127518.9578,16704.3943,1.0000,0.0723
APP-11020,717.0000,0.2282,0.1805,6.0000,102772.5031,24221.5604,0.0000,0.7045
APP-11021,705.0000,0.2113,0.1424,7.0000,57359.3974,23745.9576,0.0000,0.0300
APP-11022,833.0000,0.5582,0.3609,5.0000,78945.5719,10882.5639,0.0000,0.8712
APP-11023,650.0000,0.5158,0.7637,4.0000,97336.7245,2490.7180,3.0000,0.9022
APP-11024,563.0000,0.4665,0.5192,2.0000,141437.6498,32688.6975,2.0000,0.2719
APP-11025,695.0000,0.4884,0.2034,2.0000,249509.0978,20810.4433,4.0000,0.0709
APP-11026,799.0000,0.4646,0.2676,5.0000,200601.2058,32897.5726,3.0000,0.0484
APP-11027,556.0000,0.5545,0.3636,4.0000,225314.7861,18675.9526,0.0000,0.9489
APP-11028,750.0000,0.3936,0.4823,3.0000,69900.1188,17995.6974,4.0000,0.6385
APP-11029,677.0000,0.1097,0.8055,3.0000,35296.8056,40980.8869,1.0000,0.9435
APP-11030,778.0000,0.5748,0.9431,5.0000,30604.2457,13551.5857,1.0000,0.4808
APP-11031,610.0000,0.3587,0.5893,7.0000,140578.4724,18461.6800,1.0000,0.7961
APP-11032,798.0000,0.6106,0.4003,0.0000,55857.6457,17211.8029,1.0000,0.9396
APP-11033,550.0000,0.5912,0.2150,6.0000,71657.3157,10385.4880,3.0000,0.2561
APP-11034,685.0000,0.3196,0.5099,3.0000,69087.3302,10711.8962,0.0000,0.0979
APP-11035,675.0000,0.6132,0.6018,5.0000,187022.4985,42685.8418,1.0000,0.2851
APP-11036,597.0000,0.1322,0.3442,6.0000,239709.4703,6123.9323,4.0000,0.5470
APP-11037,548.0000,0.4643,0.3415,2.0000,56659.1391,32566.3100,3.0000,0.6915
APP-11038,830.0000,0.4748,0.7957,1.0000,53508.1577,6895.3660,1.0000,0.9662
APP-11039,649.0000,0.5621,0.6440,0.0000,102530.2620,8788.6677,2.0000,0.7790
APP-11040,824.0000,0.3593,0.4552,7.0000,170278.3138,33505.1415,3.0000,0.0957
APP-11041,613.0000,0.2323,0.5519,6.0000,111248.4040,29072.9112,0.0000,0.9122
APP-11042,725.0000,0.1243,0.5043,5.0000,91259.8121,17203.8765,3.0000,0.8381
APP-11043,690.0000,0.3570,0.2069,0.0000,55341.5060,12532.7914,0.0000,0.2209
APP-11044,641.0000,0.3493,0.8333,7.0000,130757.4038,19974.7687,1.0000,0.8845
APP-11045,669.0000,0.2960,0.1319,0.0000,37757.0452,39529.2142,1.0000,0.2326
APP-11046,589.0000,0.4500,0.2417,2.0000,168199.9603,33200.9858,0.0000,0.5240
APP-11047,547.0000,0.3923,0.5555,4.0000,211174.1486,40595.9738,3.0000,0.7636
APP-11048,734.0000,0.1636,0.4650,0.0000,243087.4533,14371.1957,1.0000,0.1039
APP-11049,597.0000,0.1265,0.5858,6.0000,100902.6369,22013.5601,3.0000,0.7032
APP-11050,685.0000,0.5899,0.8777,7.0000,211522.0663,30695.1083,1.0000,0.5174
APP-11051,694.0000,0.5082,0.3074,3.0000,141519.4877,39445.0975,3.0000,0.5094
APP-11052,849.0000,0.3548,0.1856,0.0000,88887.0605,28192.8406,4.0000,0.6164
APP-11053,791.0000,0.3728,0.1592,4.0000,51216.2481,4099.0440,0.0000,0.0842
APP-11054,564.0000,0.1629,0.1032,6.0000,128334.8745,21181.5431,0.0000,0.1347
APP-11055,520.0000,0.2449,0.7617,7.0000,220793.9024,38998.8633,1.0000,0.1831
APP-11056,838.0000,0.5536,0.4617,2.0000,238454.0479,35907.8702,3.0000,0.1586
APP-11057,531.0000,0.1695,0.2802,2.0000,131642.4707,43118.5113,3.0000,0.4502
APP-11058,750.0000,0.1574,0.6567,0.0000,200084.4310,34142.5212,4.0000,0.5982
APP-11059,778.0000,0.4070,0.7496,0.0000,76859.9534,8937.3489,3.0000,0.1411
APP-11060,803.0000,0.5622,0.8934,5.0000,193688.9737,10665.3649,4.0000,0.7400
APP-11061,618.0000,0.3085,0.4095,1.0000,34733.0142,16860.9351,2.0000,0.8417
APP-11062,622.0000,0.4552,0.6705,2.0000,122002.6466,6950.4543,0.0000,0.1047
APP-11063,589.0000,0.5962,0.2936,3.0000,199288.4682,31813.2694,2.0000,0.1749
APP-11064,559.0000,0.5902,0.8289,0.0000,110654.1231,17410.1323,3.0000,0.3719
APP-11065,580.0000,0.3573,0.8678,6.0000,52710.2803,10439.5465,0.0000,0.6539
APP-11066,570.0000,0.2626,0.6172,4.0000,243634.0293,12142.2811,1.0000,0.0937
APP-11067,839.0000,0.4154,0.6431,3.0000,95760.7730,42455.2179,2.0000,0.3504
APP-11068,669.0000,0.6083,0.6437,1.0000,39287.1526,35091.0751,2.0000,0.9810
APP-11069,678.0000,0.4745,0.5824,4.0000,119777.6435,15815.3531,1.0000,0.5198
APP-11070,719.0000,0.6253,0.4449,5.0000,183335.5336,35642.9232,2.0000,0.1798
APP-11071,556.0000,0.4185,0.7163,4.0000,114420.6592,41570.3513,1.0000,0.6094
APP-11072,845.0000,0.1117,0.9290,6.0000,228141.5500,35083.4200,3.0000,0.3593
APP-11073,642.0000,0.3464,0.7212,3.0000,76878.8861,18773.9012,2.0000,0.8819
APP-11074,677.0000,0.5968,0.3286,0.0000,157321.6011,9634.2064,4.0000,0.9416
APP-11075,591.0000,0.1186,0.5004,1.0000,53536.4222,35886.8028,2.0000,0.2406
APP-11076,604.0000,0.4399,0.5874,6.0000,55975.0333,4383.1061,3.0000,0.9105
APP-11077,559.0000,0.3079,0.1240,0.0000,72965.4484,14360.8745,2.0000,0.7703
APP-11078,676.0000,0.3220,0.4928,3.0000,77886.1843,5342.7802,3.0000,0.1625
APP-11079,842.0000,0.4122,0.1422,1.0000,175099.9869,12599.7174,2.0000,0.8197
APP-11080,506.0000,0.3264,0.5095,6.0000,216686.3622,15533.7712,3.0000,0.1842
APP-11081,655.0000,0.6061,0.1283,2.0000,220410.2042,17664.9282,3.0000,0.0195
APP-11082,636.0000,0.2670,0.3752,6.0000,168223.3422,8128.6031,1.0000,0.7724
APP-11083,741.0000,0.5176,0.9090,1.0000,119514.5259,28379.8288,2.0000,0.3492
APP-11084,759.0000,0.1506,0.0567,4.0000,88230.6692,43386.7437,3.0000,0.9132
APP-11085,814.0000,0.2831,0.2968,1.0000,94499.9732,6958.2520,3.0000,0.4440
APP-11086,589.0000,0.1868,0.3846,3.0000,129634.5084,32572.6438,3.0000,0.6082
APP-11087,571.0000,0.2209,0.5810,4.0000,168377.0133,9765.4735,0.0000,0.7409
APP-11088,667.0000,0.4105,0.9189,1.0000,152159.0636,29647.1995,4.0000,0.8375
APP-11089,544.0000,0.2881,0.6258,3.0000,197556.7438,9057.3856,3.0000,0.1839
APP-11090,668.0000,0.1268,0.8544,5.0000,58229.9252,40178.7045,0.0000,0.2100
APP-11091,591.0000,0.5749,0.1963,2.0000,54839.3380,3017.7019,0.0000,0.8801
APP-11092,609.0000,0.4715,0.3097,0.0000,247974.4717,11362.0610,1.0000,0.2961
APP-11093,749.0000,0.6254,0.8484,1.0000,99514.0050,30161.2644,3.0000,0.6345
APP-11094,552.0000,0.5402,0.0547,3.0000,243705.3315,30993.5717,3.0000,0.0795
APP-11095,633.0000,0.4077,0.4584,1.0000,93674.8868,21680.5718,0.0000,0.6644
APP-11096,736.0000,0.3532,0.4576,6.0000,44218.5201,12541.0437,1.0000,0.1925
APP-11097,671.0000,0.6206,0.9016,5.0000,141653.2874,28744.6129,3.0000,0.7919
APP-11098,799.0000,0.3332,0.4543,4.0000,73420.6888,44638.2862,1.0000,0.7371
APP-11099,507.0000,0.3997,0.8657,3.0000,227895.8106,29504.3639,2.0000,0.5863
APP-11100,642.0000,0.2836,0.5768,6.0000,125141.8658,9662.1719,3.0000,0.1575
APP-11101,501.0000,0.2543,0.3200,5.0000,127019.3650,41401.7619,3.0000,0.2699
APP-11102,521.0000,0.5651,0.1834,5.0000,115713.3529,32706.8795,4.0000,0.0513
APP-11103,642.0000,0.2359,0.4912,3.0000,54430.2371,27784.8541,1.0000,0.3187
APP-11104,587.0000,0.1792,0.0659,0.0000,167118.8896,9613.6425,2.0000,0.3831
APP-11105,552.0000,0.5004,0.3517,0.0000,64015.7964,14769.4089,2.0000,0.4659
APP-11106,835.0000,0.5626,0.5208,5.0000,170736.6399,22534.3141,2.0000,0.9868
APP-11107,776.0000,0.6102,0.5525,6.0000,118042.1254,27615.0532,4.0000,0.7208
APP-11108,651.0000,0.4669,0.4495,0.0000,217662.2739,17119.4783,1.0000,0.3951
APP-11109,832.0000,0.2916,0.9176,0.0000,144499.8165,29866.6755,1.0000,0.8388
APP-11110,529.0000,0.3809,0.1834,1.0000,225444.8584,9083.5823,0.0000,0.3692
APP-11111,823.0000,0.2024,0.9477,2.0000,35566.4476,37272.5086,0.0000,0.3652
APP-11112,806.0000,0.2167,0.6722,1.0000,189594.5855,9366.5684,0.0000,0.0724
APP-11113,662.0000,0.5929,0.7925,4.0000,152944.0981,43111.6416,3.0000,0.7305
APP-11114,749.0000,0.5669,0.6209,7.0000,67166.6857,33158.8711,2.0000,0.2083
APP-11115,600.0000,0.2534,0.2434,5.0000,53264.6971,35114.4819,3.0000,0.2404
APP-11116,837.0000,0.3092,0.7256,2.0000,192171.3492,16119.9723,1.0000,0.3494
APP-11117,669.0000,0.6273,0.8134,3.0000,112614.7160,15393.3015,0.0000,0.8155
APP-11118,576.0000,0.3156,0.7267,7.0000,46801.7228,37016.4266,3.0000,0.8534
APP-11119,536.0000,0.2801,0.8365,6.0000,182912.7485,37873.1684,1.0000,0.5499
APP-11120,744.0000,0.2103,0.1072,1.0000,93998.7637,27176.1341,3.0000,0.9171
APP-11121,830.0000,0.3242,0.9158,3.0000,96006.7147,18542.2647,2.0000,0.4287
APP-11122,741.0000,0.3000,0.8953,0.0000,48062.6464,26051.2289,0.0000,0.6028
APP-11123,734.0000,0.5041,0.8573,6.0000,122969.7638,32272.0544,0.0000,0.9207
APP-11124,775.0000,0.2908,0.6237,5.0000,230890.0158,35908.2416,0.0000,0.5209
APP-11125,600.0000,0.3521,0.8120,1.0000,219248.3571,21378.1037,1.0000,0.4617
APP-11126,618.0000,0.2767,0.5944,5.0000,102831.0588,36141.3348,1.0000,0.0384
APP-11127,765.0000,0.2757,0.4930,3.0000,97496.5945,29628.2570,0.0000,0.8729
APP-11128,726.0000,0.2382,0.8879,6.0000,220591.6361,38279.2598,1.0000,0.1952
APP-11129,585.0000,0.3740,0.2368,0.0000,192710.5140,36487.7024,4.0000,0.4579
APP-11130,520.0000,0.3360,0.8164,3.0000,74830.6363,19721.2766,3.0000,0.7882
APP-11131,763.0000,0.1317,0.4465,4.0000,227621.8074,35066.7502,4.0000,0.5124
APP-11132,801.0000,0.6118,0.3127,0.0000,230636.3744,28010.9202,2.0000,0.7754
APP-11133,640.0000,0.2918,0.5056,3.0000,104896.5464,30523.3757,2.0000,0.8300
APP-11134,790.0000,0.5167,0.6236,5.0000,226424.6485,11785.3343,2.0000,0.8482
APP-11135,802.0000,0.5988,0.2145,5.0000,175996.1607,35266.7150,2.0000,0.0880
APP-11136,745.0000,0.1063,0.7260,0.0000,222636.4423,6971.3960,1.0000,0.2124
APP-11137,846.0000,0.1678,0.4052,5.0000,114788.4464,10373.2347,4.0000,0.9013
APP-11138,841.0000,0.2048,0.6833,5.0000,117591.8261,17074.0723,0.0000,0.2675
APP-11139,612.0000,0.5872,0.1914,3.0000,140619.0217,34733.7245,3.0000,0.7025
APP-11140,814.0000,0.4001,0.1004,6.0000,87985.1755,19862.1359,4.0000,0.5285
APP-11141,692.0000,0.2710,0.1954,4.0000,148214.4876,28584.5972,0.0000,0.9282
APP-11142,633.0000,0.1243,0.2125,7.0000,142008.6241,41453.1972,4.0000,0.2603
APP-11143,583.0000,0.1195,0.7354,5.0000,71381.1461,32628.2727,1.0000,0.8001
APP-11144,741.0000,0.4176,0.4933,7.0000,227019.7072,37765.7734,4.0000,0.4115
APP-11145,780.0000,0.4867,0.7376,6.0000,53012.5015,7733.7535,3.0000,0.2456
APP-11146,571.0000,0.3121,0.7223,2.0000,224104.3124,4613.1585,2.0000,0.4910
APP-11147,672.0000,0.2582,0.2707,0.0000,148336.3379,12404.2733,4.0000,0.5401
APP-11148,811.0000,0.5436,0.8698,5.0000,136051.8997,40579.1031,0.0000,0.1180
APP-11149,844.0000,0.5760,0.7422,4.0000,218865.7064,33386.5955,1.0000,0.1984
APP-11150,653.0000,0.3109,0.1268,7.0000,129712.0164,18377.7902,2.0000,0.9011
APP-11151,810.0000,0.5115,0.5651,7.0000,96643.1580,41156.4031,0.0000,0.6624
APP-11152,799.0000,0.5782,0.4214,0.0000,64748.4665,30181.6166,0.0000,0.7001
APP-11153,595.0000,0.3093,0.4635,2.0000,181323.1990,36403.6708,3.0000,0.3569
APP-11154,659.0000,0.1884,0.3804,4.0000,213273.9203,5779.1176,0.0000,0.5390
APP-11155,541.0000,0.3026,0.4967,5.0000,142248.2637,37762.9352,1.0000,0.0478
APP-11156,501.0000,0.1342,0.3700,3.0000,92149.9960,23057.4705,4.0000,0.1504
APP-11157,716.0000,0.1196,0.4666,2.0000,236982.0738,5643.3428,0.0000,0.9660
APP-11158,500.0000,0.5537,0.5402,3.0000,172243.4445,3672.6204,3.0000,0.2154
APP-11159,611.0000,0.5690,0.7075,6.0000,149868.1593,26356.8150,3.0000,0.4911
APP-11160,561.0000,0.4560,0.1863,7.0000,204267.1147,27240.0774,0.0000,0.9218
APP-11161,588.0000,0.5712,0.1702,5.0000,103500.8765,9789.6436,2.0000,0.6503
APP-11162,584.0000,0.6145,0.4981,1.0000,191988.7414,15195.0962,2.0000,0.1728
APP-11163,690.0000,0.4775,0.4775,7.0000,107150.7287,18958.0620,2.0000,0.4503
APP-11164,770.0000,0.6014,0.5575,4.0000,86771.1019,2463.5941,1.0000,0.4634
APP-11165,688.0000,0.6058,0.6020,5.0000,81193.5540,43722.0955,0.0000,0.4761
APP-11166,764.0000,0.2510,0.2967,5.0000,224386.5833,37673.8525,2.0000,0.8346
APP-11167,688.0000,0.6225,0.6330,3.0000,207204.4287,12762.0275,0.0000,0.5546
APP-11168,740.0000,0.6411,0.4961,4.0000,75813.2588,38310.3371,2.0000,0.7605
APP-11169,602.0000,0.2539,0.4963,4.0000,45442.8602,28201.7544,2.0000,0.3679
APP-11170,614.0000,0.4451,0.5845,1.0000,64011.9338,9691.9574,3.0000,0.6920
APP-11171,554.0000,0.2211,0.6009,6.0000,97662.8643,35958.5884,3.0000,0.4297
APP-11172,682.0000,0.3166,0.6052,2.0000,164161.4873,6139.6606,3.0000,0.7621
APP-11173,564.0000,0.4432,0.7975,5.0000,176398.0990,20226.7954,4.0000,0.7307
APP-11174,718.0000,0.1206,0.4996,0.0000,55065.2469,34439.7412,2.0000,0.3436
APP-11175,752.0000,0.4555,0.8969,0.0000,130022.6414,40590.2362,2.0000,0.3593
APP-11176,809.0000,0.3673,0.9018,2.0000,144613.5229,14347.6834,2.0000,0.8165
APP-11177,663.0000,0.1681,0.3518,2.0000,87024.1933,27943.8285,2.0000,0.5956
APP-11178,847.0000,0.4765,0.8431,0.0000,190559.7699,38208.7332,2.0000,0.6135
APP-11179,664.0000,0.6184,0.4288,5.0000,160945.7151,39221.2863,0.0000,0.9494
APP-11180,749.0000,0.1012,0.9269,0.0000,190782.1715,2144.6778,0.0000,0.2289
APP-11181,841.0000,0.3408,0.8847,0.0000,183667.2058,6071.2869,0.0000,0.5215
APP-11182,685.0000,0.1694,0.4456,4.0000,227317.4692,10132.3998,0.0000,0.2018
APP-11183,821.0000,0.2139,0.3645,5.0000,178070.7282,2546.8698,3.0000,0.2448
APP-11184,701.0000,0.3704,0.6674,5.0000,206026.2681,40439.3215,0.0000,0.6068
APP-11185,522.0000,0.2602,0.3808,6.0000,142076.0062,4855.6214,1.0000,0.1229
APP-11186,673.0000,0.4570,0.6443,6.0000,82189.1916,41355.1181,0.0000,0.1561
APP-11187,779.0000,0.2452,0.4292,2.0000,49992.3145,15155.2843,0.0000,0.2486
APP-11188,726.0000,0.5269,0.5017,5.0000,137679.7405,5201.0285,3.0000,0.5079
APP-11189,586.0000,0.2009,0.3908,1.0000,205634.1141,18250.8548,1.0000,0.9499
APP-11190,600.0000,0.5990,0.7670,6.0000,158333.8654,33309.6975,4.0000,0.6773
APP-11191,752.0000,0.3201,0.5912,6.0000,35680.5774,7797.8888,3.0000,0.6502
APP-11192,779.0000,0.1305,0.6649,4.0000,82625.6906,43025.1310,1.0000,0.3724
APP-11193,560.0000,0.1548,0.7888,3.0000,127035.6529,9604.3131,0.0000,0.0975
APP-11194,659.0000,0.3931,0.7666,4.0000,118485.5977,40639.8555,4.0000,0.7897
APP-11195,550.0000,0.6011,0.5086,6.0000,183408.2109,2616.5489,0.0000,0.0481
APP-11196,603.0000,0.3834,0.2788,7.0000,68662.2999,33654.8078,3.0000,0.7342
APP-11197,828.0000,0.3476,0.3771,0.0000,111358.8635,22907.1781,2.0000,0.3659
APP-11198,510.0000,0.5250,0.5468,4.0000,147919.2811,35006.6209,4.0000,0.4768
APP-11199,695.0000,0.2247,0.2649,1.0000,246420.0837,30251.0427,2.0000,0.5197
APP-11200,657.0000,0.4722,0.7527,0.0000,233544.9437,10401.9348,0.0000,0.2507
APP-11201,622.0000,0.2200,0.2564,0.0000,113974.8225,4123.7389,0.0000,0.6648
APP-11202,814.0000,0.5649,0.3517,0.0000,103491.2819,19387.0676,4.0000,0.2835
APP-11203,811.0000,0.5847,0.6195,3.0000,238932.6225,26913.1930,3.0000,0.1530
APP-11204,507.0000,0.2070,0.6779,6.0000,219548.7929,38545.2687,3.0000,0.3628
APP-11205,601.0000,0.1790,0.4052,7.0000,186242.8631,12157.2020,3.0000,0.8282
APP-11206,582.0000,0.4978,0.7301,6.0000,166757.2211,14954.9455,4.0000,0.4179
APP-11207,522.0000,0.4591,0.8618,5.0000,190351.5303,16618.3446,0.0000,0.9542
APP-11208,676.0000,0.4419,0.1980,4.0000,186139.4162,33140.9994,0.0000,0.0464
APP-11209,638.0000,0.3802,0.8743,0.0000,214081.8695,7407.4085,3.0000,0.0280
APP-11210,639.0000,0.1710,0.5343,6.0000,189178.5124,24434.2512,0.0000,0.8884
APP-11211,747.0000,0.4957,0.4539,0.0000,173046.0796,27388.9468,0.0000,0.1982
APP-11212,840.0000,0.1893,0.7663,6.0000,236098.5195,24431.1743,3.0000,0.2221
APP-11213,731.0000,0.3986,0.7557,5.0000,236949.9779,25407.2209,3.0000,0.7762
APP-11214,716.0000,0.2906,0.6643,2.0000,121708.9453,20660.1984,4.0000,0.1871
APP-11215,665.0000,0.2824,0.4177,0.0000,249676.9635,44402.9175,1.0000,0.6120
APP-11216,641.0000,0.5577,0.2905,7.0000,116487.7374,21377.5586,3.0000,0.0538
APP-11217,678.0000,0.3509,0.3743,1.0000,84779.0732,37985.6879,1.0000,0.8684
APP-11218,593.0000,0.3714,0.5660,4.0000,75623.3991,25835.8825,4.0000,0.5694
APP-11219,685.0000,0.5929,0.5576,5.0000,56161.5518,28287.0767,3.0000,0.4500
APP-11220,632.0000,0.4071,0.8816,3.0000,110284.0113,36943.2242,3.0000,0.3658
APP-11221,631.0000,0.5407,0.4610,1.0000,242980.4217,44213.5904,3.0000,0.3163
APP-11222,803.0000,0.5746,0.6500,3.0000,101390.9635,8080.5325,4.0000,0.2688
APP-11223,529.0000,0.4824,0.6440,3.0000,232301.8750,26992.5320,1.0000,0.9657
APP-11224,786.0000,0.1792,0.7085,3.0000,53581.4102,9840.5696,3.0000,0.3090
APP-11225,555.0000,0.1656,0.9423,3.0000,62215.0434,4055.9971,4.0000,0.2429
APP-11226,632.0000,0.3388,0.7718,0.0000,65879.3066,40627.3168,1.0000,0.4587
APP-11227,753.0000,0.1348,0.0857,2.0000,150889.6753,44726.1300,1.0000,0.2623
APP-11228,819.0000,0.2654,0.7804,2.0000,248214.5266,31679.9285,3.0000,0.2761
APP-11229,783.0000,0.2147,0.9499,2.0000,74887.4345,19444.4344,2.0000,0.2701
APP-11230,754.0000,0.1213,0.0841,0.0000,103437.7878,34516.9852,3.0000,0.1451
APP-11231,638.0000,0.3195,0.5875,3.0000,217736.3509,44452.7496,1.0000,0.8791
APP-11232,626.0000,0.2370,0.5895,7.0000,146866.0373,41323.3977,0.0000,0.1905
APP-11233,615.0000,0.1561,0.5224,1.0000,105863.6816,39097.3490,0.0000,0.0315
APP-11234,791.0000,0.5017,0.8378,5.0000,122996.9631,24115.1081,0.0000,0.7721
APP-11235,712.0000,0.6019,0.7829,7.0000,191716.6200,11261.5634,4.0000,0.4525
APP-11236,522.0000,0.4414,0.2048,7.0000,109722.5758,7747.5531,3.0000,0.3571
APP-11237,507.0000,0.6111,0.1427,2.0000,175711.0742,5067.8729,1.0000,0.5324
APP-11238,542.0000,0.1916,0.1999,1.0000,206202.1611,16665.4864,3.0000,0.5556
APP-11239,699.0000,0.5224,0.8480,5.0000,42513.2676,3724.2420,2.0000,0.3872
APP-11240,843.0000,0.3247,0.1386,2.0000,194970.7509,31058.4777,0.0000,0.8445
APP-11241,664.0000,0.3692,0.6316,2.0000,237744.0975,37483.9028,3.0000,0.8359
APP-11242,586.0000,0.4654,0.6649,5.0000,47684.5838,36268.9285,0.0000,0.3680
APP-11243,654.0000,0.5309,0.2463,2.0000,47977.9095,5651.6866,0.0000,0.2277
APP-11244,747.0000,0.1329,0.2568,4.0000,165398.7276,10602.4424,1.0000,0.4867
APP-11245,500.0000,0.3135,0.8021,3.0000,178815.7324,43643.2694,3.0000,0.1631
APP-11246,729.0000,0.5207,0.4281,6.0000,131700.4920,44886.4324,1.0000,0.2867
APP-11247,830.0000,0.3942,0.4995,5.0000,235825.0413,43793.6688,1.0000,0.3855
APP-11248,826.0000,0.2879,0.4074,2.0000,57859.8032,41701.1359,2.0000,0.3852
APP-11249,560.0000,0.1223,0.2149,0.0000,56068.5818,8249.7650,4.0000,0.1858
APP-11250,843.0000,0.1040,0.4454,1.0000,32263.2078,35953.7975,1.0000,0.5093
APP-11251,539.0000,0.3338,0.2924,1.0000,210852.8791,11135.8821,1.0000,0.6115
APP-11252,664.0000,0.3660,0.3201,6.0000,49834.2715,13066.1672,0.0000,0.6094
APP-11253,635.0000,0.2261,0.2315,6.0000,162745.1939,23113.7961,4.0000,0.7962
APP-11254,734.0000,0.5398,0.6139,0.0000,234514.2344,36527.9595,4.0000,0.0856
APP-11255,772.0000,0.4979,0.3082,2.0000,41584.7053,21055.9114,1.0000,0.1638
APP-11256,713.0000,0.2035,0.1991,1.0000,55822.9189,11683.8979,4.0000,0.4382
APP-11257,767.0000,0.2034,0.7776,6.0000,221629.2917,41110.5990,0.0000,0.4832
APP-11258,843.0000,0.5757,0.5683,5.0000,91062.1652,14292.7568,0.0000,0.2114
APP-11259,679.0000,0.6055,0.8230,1.0000,122913.4585,35238.6333,2.0000,0.3034
APP-11260,702.0000,0.6415,0.7533,5.0000,157657.8657,34902.7039,2.0000,0.1662
APP-11261,692.0000,0.4775,0.3846,6.0000,187639.8210,5899.3985,0.0000,0.5419
APP-11262,593.0000,0.6109,0.5555,0.0000,70471.0597,21158.2417,2.0000,0.4776
APP-11263,659.0000,0.1817,0.9383,4.0000,222224.3241,7665.5916,0.0000,0.6842
APP-11264,695.0000,0.1856,0.3722,4.0000,200311.2885,33115.6986,2.0000,0.6279
APP-11265,508.0000,0.1228,0.2656,1.0000,49931.2615,33925.7979,2.0000,0.2755
APP-11266,637.0000,0.3962,0.1969,7.0000,53812.3028,14965.7399,1.0000,0.7550
APP-11267,597.0000,0.2217,0.8959,0.0000,185585.0697,31309.0846,1.0000,0.1588
APP-11268,733.0000,0.4128,0.2746,3.0000,133996.7369,19875.4051,2.0000,0.6278
APP-11269,636.0000,0.1042,0.8849,7.0000,129551.4842,26116.7187,2.0000,0.6177
APP-11270,547.0000,0.3909,0.5826,2.0000,77859.3431,31476.8003,4.0000,0.2407
APP-11271,694.0000,0.5889,0.5811,2.0000,186713.4854,38085.3666,3.0000,0.2015
APP-11272,661.0000,0.4993,0.4102,5.0000,55100.0490,23205.3309,3.0000,0.1146
APP-11273,730.0000,0.3019,0.4064,1.0000,112124.9795,32189.4603,4.0000,0.6180
APP-11274,759.0000,0.1375,0.3387,4.0000,188882.2639,13933.9362,1.0000,0.3667
APP-11275,845.0000,0.2348,0.7065,1.0000,245742.6562,22076.5148,1.0000,0.9887
APP-11276,716.0000,0.3768,0.7149,0.0000,76719.6503,5754.7958,2.0000,0.6322
APP-11277,677.0000,0.2416,0.5281,2.0000,169907.0840,22742.1562,2.0000,0.0197
APP-11278,598.0000,0.5270,0.4540,1.0000,44118.0135,17996.3382,3.0000,0.3763
APP-11279,735.0000,0.6143,0.6221,4.0000,88734.9383,41608.3597,3.0000,0.0239
APP-11280,644.0000,0.1969,0.4923,3.0000,51227.1084,13277.1895,3.0000,0.6240
APP-11281,836.0000,0.1031,0.7918,3.0000,212755.1835,44773.7120,2.0000,0.9093
APP-11282,739.0000,0.1462,0.1086,7.0000,121974.7639,11052.2100,4.0000,0.7400
APP-11283,597.0000,0.5416,0.8623,6.0000,226113.7527,27748.1382,1.0000,0.2700
APP-11284,828.0000,0.1295,0.5220,3.0000,38846.2478,16073.8750,0.0000,0.1851
APP-11285,658.0000,0.5105,0.5083,1.0000,183634.9526,40711.2310,0.0000,0.8698
APP-11286,717.0000,0.3229,0.4019,1.0000,143169.2125,22749.0103,0.0000,0.1270
APP-11287,752.0000,0.3343,0.5291,5.0000,182573.5898,13324.7255,0.0000,0.7056
APP-11288,728.0000,0.5019,0.2483,6.0000,242690.8282,9271.6987,2.0000,0.2495
APP-11289,697.0000,0.2760,0.4976,7.0000,243999.0241,34128.3259,0.0000,0.3055
APP-11290,756.0000,0.5458,0.4084,7.0000,212756.8024,40392.5914,3.0000,0.0558
APP-11291,812.0000,0.1519,0.3146,0.0000,76346.7861,34970.8693,3.0000,0.1765
APP-11292,557.0000,0.4953,0.2410,6.0000,197057.8652,24305.4874,1.0000,0.0485
APP-11293,698.0000,0.5970,0.8242,6.0000,240609.9682,41588.5029,2.0000,0.5201
APP-11294,712.0000,0.1903,0.8152,1.0000,106184.3944,24005.3444,0.0000,0.4509
APP-11295,822.0000,0.4052,0.4866,2.0000,106857.6428,11518.5159,1.0000,0.5318
APP-11296,701.0000,0.4525,0.2583,7.0000,135136.5962,12033.6248,2.0000,0.0740
APP-11297,551.0000,0.1730,0.4553,3.0000,182923.3248,29574.5585,4.0000,0.8000
APP-11298,766.0000,0.3988,0.8831,5.0000,84510.4512,37016.7359,3.0000,0.1317
APP-11299,781.0000,0.2388,0.7515,0.0000,64786.8614,32040.7717,2.0000,0.8253
APP-11300,793.0000,0.5145,0.7768,5.0000,93035.3330,7287.3312,4.0000,0.3257
APP-11301,574.0000,0.4124,0.6825,2.0000,172029.2468,21868.4302,4.0000,0.4451
APP-11302,552.0000,0.3258,0.7016,6.0000,39261.9359,4771.5830,2.0000,0.6496
APP-11303,517.0000,0.5084,0.1847,0.0000,234059.6369,41574.7482,1.0000,0.6033
APP-11304,649.0000,0.5025,0.3622,7.0000,152664.5567,6438.7973,1.0000,0.5645
APP-11305,539.0000,0.2158,0.7988,1.0000,53359.3148,41208.2649,3.0000,0.4021
APP-11306,767.0000,0.1141,0.2095,3.0000,189088.4776,17387.0063,3.0000,0.4802
APP-11307,703.0000,0.2366,0.1176,0.0000,93079.8621,27143.3877,1.0000,0.0742
APP-11308,610.0000,0.5854,0.8118,0.0000,198653.4192,32307.7475,4.0000,0.1688
APP-11309,601.0000,0.3183,0.7527,7.0000,223646.8228,37852.9567,4.0000,0.7281
APP-11310,657.0000,0.2108,0.1923,5.0000,140817.9307,32675.0991,2.0000,0.6688
APP-11311,550.0000,0.3029,0.5253,7.0000,70608.2520,23677.3006,1.0000,0.3401
APP-11312,645.0000,0.3107,0.0875,6.0000,133944.1489,13251.2935,1.0000,0.7865
APP-11313,720.0000,0.3497,0.1837,5.0000,155659.7474,10636.7135,0.0000,0.8000
APP-11314,661.0000,0.3475,0.2815,5.0000,109139.5441,31271.6023,1.0000,0.5270
APP-11315,670.0000,0.2640,0.6836,2.0000,199251.9511,19191.2059,3.0000,0.9703
APP-11316,789.0000,0.2647,0.3244,5.0000,89721.9655,33071.6306,0.0000,0.2712
APP-11317,633.0000,0.5399,0.7794,7.0000,215111.0991,35552.8860,1.0000,0.2988
APP-11318,543.0000,0.4647,0.0712,1.0000,126255.7952,12770.7055,4.0000,0.0191
APP-11319,687.0000,0.4737,0.0539,7.0000,159034.3653,3064.2501,4.0000,0.1569
APP-11320,560.0000,0.2048,0.3198,4.0000,42324.5389,23491.3729,0.0000,0.8116
APP-11321,801.0000,0.6455,0.7079,6.0000,76230.4535,15945.8865,0.0000,0.6267
APP-11322,554.0000,0.1478,0.9064,2.0000,126486.4154,6435.0106,1.0000,0.1963
APP-11323,753.0000,0.4754,0.3339,5.0000,192571.0464,20529.1362,0.0000,0.6737
APP-11324,658.0000,0.5089,0.5512,4.0000,243689.5566,18768.9550,2.0000,0.1703
APP-11325,673.0000,0.2469,0.0872,2.0000,45960.3882,11692.1679,0.0000,0.4086
APP-11326,810.0000,0.1424,0.0511,0.0000,236123.5690,16117.5470,1.0000,0.9881
APP-11327,787.0000,0.5056,0.0642,7.0000,97778.1254,3962.4457,1.0000,0.3200
APP-11328,559.0000,0.4111,0.1376,5.0000,246194.7431,43398.1246,4.0000,0.6757
APP-11329,801.0000,0.6311,0.8369,3.0000,39830.3659,32857.7709,4.0000,0.0159
APP-11330,612.0000,0.5002,0.6273,4.0000,141967.0839,9862.4887,3.0000,0.3035
APP-11331,631.0000,0.6113,0.8585,5.0000,201057.1291,26306.0514,4.0000,0.3095
APP-11332,790.0000,0.4489,0.8014,0.0000,107101.0790,30285.8198,4.0000,0.8312
APP-11333,552.0000,0.3739,0.7386,1.0000,244228.2952,24803.0338,4.0000,0.1770
APP-11334,643.0000,0.6196,0.3683,7.0000,233445.2382,28023.1401,4.0000,0.3257
APP-11335,540.0000,0.5504,0.1706,0.0000,102863.8389,39378.0597,4.0000,0.1698
APP-11336,697.0000,0.1193,0.1430,0.0000,30891.2324,40293.9848,1.0000,0.4769
APP-11337,723.0000,0.4207,0.0725,7.0000,68576.4632,3180.6949,1.0000,0.2765
APP-11338,703.0000,0.1822,0.2100,6.0000,37159.3480,24145.0331,2.0000,0.1846
APP-11339,827.0000,0.6214,0.0672,4.0000,179532.1114,21684.1319,2.0000,0.4329
APP-11340,748.0000,0.4717,0.6690,7.0000,61021.5751,3773.7968,2.0000,0.4734
APP-11341,513.0000,0.3482,0.4000,5.0000,135542.3280,41007.2730,1.0000,0.3129
APP-11342,572.0000,0.6279,0.5253,0.0000,71237.5363,44647.4793,2.0000,0.9575
APP-11343,674.0000,0.2850,0.4810,0.0000,220728.7892,32522.2552,3.0000,0.1527
APP-11344,660.0000,0.3443,0.3051,7.0000,94794.4948,13726.5207,3.0000,0.7096
APP-11345,567.0000,0.3195,0.1531,3.0000,183531.0527,4834.8923,4.0000,0.5268
APP-11346,684.0000,0.1725,0.5381,2.0000,158900.4560,14151.8946,4.0000,0.3870
APP-11347,686.0000,0.1824,0.8274,2.0000,112605.4933,28062.4324,0.0000,0.6706
APP-11348,658.0000,0.4251,0.7247,6.0000,197174.6922,14323.4191,1.0000,0.1606
APP-11349,799.0000,0.1382,0.8883,6.0000,55174.3683,33953.7020,2.0000,0.9215
APP-11350,633.0000,0.6121,0.3704,4.0000,186414.7970,44200.2846,4.0000,0.8265
APP-11351,775.0000,0.2802,0.8111,3.0000,69479.5350,11169.9674,2.0000,0.7391
APP-11352,744.0000,0.2765,0.7003,4.0000,48015.5395,44705.2443,0.0000,0.9491
APP-11353,839.0000,0.1768,0.8987,3.0000,242945.6755,23489.7318,4.0000,0.9319
APP-11354,722.0000,0.2930,0.3090,2.0000,67845.5494,19946.0171,2.0000,0.2079
APP-11355,669.0000,0.4801,0.7733,1.0000,88243.0385,10480.7811,4.0000,0.8788
APP-11356,500.0000,0.6265,0.5073,3.0000,32240.3499,5098.6283,1.0000,0.7854
APP-11357,732.0000,0.2059,0.4431,3.0000,178934.4353,34023.1915,4.0000,0.4351
APP-11358,684.0000,0.1977,0.4692,2.0000,197180.7773,30875.2243,0.0000,0.5307
APP-11359,814.0000,0.1765,0.4393,2.0000,34541.6239,34963.6046,3.0000,0.5608
APP-11360,708.0000,0.4157,0.8394,5.0000,143760.7208,11318.6018,4.0000,0.5177
APP-11361,744.0000,0.1643,0.9000,6.0000,216576.9439,34158.6124,4.0000,0.4260
APP-11362,819.0000,0.1485,0.6467,6.0000,203177.0272,29029.6446,2.0000,0.6200
APP-11363,837.0000,0.5092,0.2235,6.0000,206853.3849,19085.7557,4.0000,0.8171
APP-11364,577.0000,0.5362,0.4285,7.0000,45000.8481,9439.2648,4.0000,0.9442
APP-11365,585.0000,0.2730,0.3700,3.0000,92255.8291,30587.1180,0.0000,0.6627
APP-11366,774.0000,0.4198,0.6539,7.0000,144643.1855,41122.4021,2.0000,0.9377
APP-11367,547.0000,0.5083,0.1133,3.0000,142383.8509,36460.5785,4.0000,0.9533
APP-11368,786.0000,0.1269,0.6387,6.0000,196661.2069,44360.2562,4.0000,0.6473
APP-11369,552.0000,0.4491,0.4701,7.0000,232330.3417,8494.2741,2.0000,0.2875
APP-11370,627.0000,0.2574,0.2849,6.0000,187686.4310,29863.6492,1.0000,0.5182
APP-11371,798.0000,0.3250,0.1072,3.0000,135964.9668,17316.7758,1.0000,0.8961
APP-11372,548.0000,0.2959,0.0977,3.0000,159897.5840,16796.9283,0.0000,0.1345
APP-11373,518.0000,0.4951,0.8530,5.0000,30833.9402,16419.6816,2.0000,0.7376
APP-11374,765.0000,0.3578,0.5691,7.0000,129146.1467,30464.4696,0.0000,0.9372
APP-11375,783.0000,0.5180,0.5464,1.0000,55007.9113,35725.2777,2.0000,0.7134
APP-11376,763.0000,0.2733,0.0658,2.0000,190938.9398,25749.6286,0.0000,0.9392
APP-11377,662.0000,0.3977,0.7439,3.0000,201888.1249,32080.9405,2.0000,0.7178
APP-11378,767.0000,0.5988,0.2396,6.0000,249925.1515,17154.4352,0.0000,0.9766
APP-11379,741.0000,0.3409,0.3951,1.0000,131825.4242,23466.8128,1.0000,0.9517
APP-11380,632.0000,0.4170,0.6319,3.0000,49148.3236,8929.5568,1.0000,0.6250
APP-11381,760.0000,0.4688,0.1711,1.0000,60539.6170,4281.9532,3.0000,0.5981
APP-11382,567.0000,0.6018,0.7670,5.0000,229682.8736,21557.1403,3.0000,0.8889
APP-11383,648.0000,0.4499,0.8018,1.0000,73091.8662,43978.8638,3.0000,0.7649
APP-11384,789.0000,0.4368,0.5175,0.0000,109872.9048,41682.3974,2.0000,0.5959
APP-11385,551.0000,0.5584,0.3789,3.0000,59354.9590,40579.6414,0.0000,0.7097
APP-11386,647.0000,0.6455,0.2767,0.0000,210163.6529,17672.4898,4.0000,0.0791
APP-11387,715.0000,0.5944,0.7016,2.0000,96260.8173,34243.7790,3.0000,0.9461
APP-11388,709.0000,0.1687,0.3565,7.0000,111905.5887,42270.0114,3.0000,0.4265
APP-11389,834.0000,0.4720,0.7786,6.0000,193340.5026,4607.0547,2.0000,0.0979
APP-11390,731.0000,0.2807,0.7092,5.0000,161429.5294,21178.8604,2.0000,0.3813
APP-11391,508.0000,0.3280,0.3676,3.0000,161001.5445,17998.7768,4.0000,0.5137
APP-11392,848.0000,0.4549,0.2560,6.0000,41143.3545,38236.1894,1.0000,0.9868
APP-11393,579.0000,0.1798,0.3720,0.0000,78016.8189,26854.3886,3.0000,0.5980
APP-11394,708.0000,0.4810,0.3581,3.0000,90617.9068,44922.1952,4.0000,0.0544
APP-11395,806.0000,0.2614,0.9110,3.0000,248886.4146,4429.6696,4.0000,0.0808
APP-11396,712.0000,0.5506,0.6146,0.0000,79435.2006,15453.9952,3.0000,0.4097
APP-11397,524.0000,0.3044,0.6418,0.0000,112121.9528,25788.8427,3.0000,0.8570
APP-11398,622.0000,0.1275,0.3052,3.0000,72361.2160,11437.8711,0.0000,0.3630
APP-11399,503.0000,0.4293,0.3779,1.0000,134279.5413,43637.4802,2.0000,0.9747
APP-11400,647.0000,0.5124,0.4695,7.0000,30015.6262,31832.2490,4.0000,0.0240
APP-11401,807.0000,0.4392,0.9290,1.0000,206777.3135,28101.3914,1.0000,0.5464
APP-11402,590.0000,0.5283,0.6508,0.0000,224210.5842,7874.6347,1.0000,0.9672
APP-11403,768.0000,0.5423,0.1886,6.0000,137886.5468,36017.5619,3.0000,0.4837
APP-11404,514.0000,0.1232,0.9419,3.0000,215918.3234,43743.7077,4.0000,0.5077
APP-11405,588.0000,0.1010,0.2924,3.0000,31098.3368,36482.0643,2.0000,0.3230
APP-11406,700.0000,0.2234,0.6096,2.0000,126217.0880,26321.2422,4.0000,0.7943
APP-11407,838.0000,0.2236,0.8376,0.0000,67452.3362,31424.0869,2.0000,0.9217
APP-11408,716.0000,0.4096,0.6042,5.0000,115894.9602,24911.2238,3.0000,0.4286
APP-11409,749.0000,0.2260,0.8833,4.0000,122850.1355,3594.8858,4.0000,0.9046
APP-11410,770.0000,0.3007,0.8133,3.0000,179348.7030,39462.8181,4.0000,0.1468
APP-11411,541.0000,0.3495,0.0815,1.0000,206479.6252,12053.7649,4.0000,0.6714
APP-11412,835.0000,0.4305,0.6681,1.0000,237191.1063,15481.0005,4.0000,0.3113
APP-11413,661.0000,0.6482,0.6988,5.0000,95928.9002,41364.5765,2.0000,0.1138
APP-11414,608.0000,0.4787,0.3846,0.0000,181622.6711,34158.0192,0.0000,0.6147
APP-11415,802.0000,0.2462,0.8686,7.0000,214237.7026,25665.8570,0.0000,0.5425
APP-11416,671.0000,0.2929,0.7708,4.0000,118002.4867,12931.2367,4.0000,0.5659
APP-11417,733.0000,0.1240,0.3804,1.0000,153352.5523,37410.4094,4.0000,0.7328
APP-11418,629.0000,0.3307,0.2508,7.0000,181085.2833,24979.1800,1.0000,0.4762
APP-11419,705.0000,0.4240,0.2413,2.0000,47376.9564,25479.9965,0.0000,0.3833
APP-11420,553.0000,0.6222,0.2485,2.0000,166734.1423,10163.0028,2.0000,0.7364
APP-11421,645.0000,0.2474,0.5803,5.0000,149409.5172,20885.1002,2.0000,0.7190
APP-11422,658.0000,0.2339,0.6285,0.0000,97901.5896,17344.9739,2.0000,0.5264
APP-11423,586.0000,0.1095,0.1840,5.0000,248898.5112,14625.4328,1.0000,0.6175
APP-11424,819.0000,0.4161,0.5437,2.0000,47954.1041,22361.0111,0.0000,0.5084
APP-11425,714.0000,0.6477,0.2753,6.0000,239135.0363,38156.5201,1.0000,0.6235
APP-11426,804.0000,0.3041,0.8694,3.0000,170272.4442,15598.4236,2.0000,0.4016
APP-11427,553.0000,0.3738,0.8207,5.0000,43062.5655,12575.2578,3.0000,0.8076
APP-11428,648.0000,0.1320,0.1541,3.0000,69786.0170,39934.7211,1.0000,0.7027
APP-11429,783.0000,0.4141,0.2771,1.0000,202027.2418,35231.4943,4.0000,0.7087
APP-11430,557.0000,0.2155,0.9001,2.0000,73121.8941,26315.1171,4.0000,0.9714
APP-11431,573.0000,0.1085,0.3191,6.0000,40284.9891,31242.5113,3.0000,0.5044
APP-11432,823.0000,0.4761,0.7842,4.0000,150384.6157,5640.5490,1.0000,0.9415
APP-11433,542.0000,0.1813,0.0954,1.0000,249689.5677,33741.5137,2.0000,0.3985
APP-11434,660.0000,0.1556,0.3990,0.0000,113451.7407,40319.3711,4.0000,0.9017
APP-11435,525.0000,0.2255,0.6033,0.0000,127219.3201,22341.8036,3.0000,0.5647
APP-11436,618.0000,0.1756,0.4096,6.0000,200267.1250,38199.5310,2.0000,0.5687
APP-11437,785.0000,0.4426,0.7616,7.0000,161729.8771,26482.3022,3.0000,0.8670
APP-11438,627.0000,0.2469,0.9319,4.0000,89453.9554,3550.9799,4.0000,0.9454
APP-11439,663.0000,0.4690,0.5122,4.0000,150477.8365,2555.6923,2.0000,0.2056
APP-11440,820.0000,0.4003,0.4673,4.0000,131243.7304,7447.2670,1.0000,0.1373
APP-11441,639.0000,0.2945,0.6841,2.0000,33588.1968,43453.8984,1.0000,0.7716
APP-11442,710.0000,0.2064,0.7283,6.0000,53648.1989,43144.5713,4.0000,0.3610
APP-11443,682.0000,0.4700,0.1038,2.0000,163076.9459,3790.9267,2.0000,0.1454
APP-11444,751.0000,0.3884,0.4438,5.0000,62743.0604,17875.9363,1.0000,0.2363
APP-11445,705.0000,0.4965,0.4998,0.0000,199189.8903,42709.1551,3.0000,0.3515
APP-11446,790.0000,0.3784,0.3267,4.0000,138051.6471,25780.8684,4.0000,0.7675
APP-11447,808.0000,0.5411,0.7332,4.0000,48906.1882,36058.4103,3.0000,0.0822
APP-11448,845.0000,0.4024,0.8483,1.0000,239379.7090,10781.6218,4.0000,0.5065
APP-11449,620.0000,0.5473,0.8108,6.0000,214434.4377,6419.8237,4.0000,0.0272
APP-11450,562.0000,0.4023,0.6204,1.0000,170570.9439,16204.9742,3.0000,0.6947
APP-11451,565.0000,0.6290,0.7648,5.0000,194018.2947,31775.0362,4.0000,0.9541
APP-11452,775.0000,0.5693,0.2594,3.0000,176345.3806,41986.0050,1.0000,0.3597
APP-11453,804.0000,0.2398,0.0731,6.0000,32840.7937,35547.7504,4.0000,0.9145
APP-11454,584.0000,0.5005,0.5121,3.0000,166549.0337,19603.7008,1.0000,0.8770
APP-11455,668.0000,0.1726,0.4190,4.0000,83813.6098,18029.2421,4.0000,0.3513
APP-11456,506.0000,0.6011,0.8435,5.0000,238531.4011,39426.7731,3.0000,0.2141
APP-11457,702.0000,0.2901,0.7602,0.0000,119991.7825,24248.2169,3.0000,0.3335
APP-11458,745.0000,0.3626,0.3937,1.0000,185032.5355,21642.1398,4.0000,0.9072
APP-11459,555.0000,0.1113,0.0657,3.0000,62749.3825,14280.7027,4.0000,0.4271
APP-11460,824.0000,0.5772,0.2974,2.0000,134073.4744,31661.2156,4.0000,0.4984
APP-11461,801.0000,0.6214,0.3744,0.0000,52962.0535,8537.2171,2.0000,0.1535
APP-11462,835.0000,0.3588,0.6583,5.0000,119433.3108,18680.6320,2.0000,0.2336
APP-11463,828.0000,0.2033,0.8629,0.0000,153285.5173,34354.9251,0.0000,0.9177
APP-11464,528.0000,0.4816,0.2489,6.0000,169149.6616,31026.7257,1.0000,0.9060
APP-11465,656.0000,0.2633,0.7573,1.0000,117005.1355,7730.7602,4.0000,0.3004
APP-11466,648.0000,0.6280,0.7057,4.0000,64952.3420,17389.9672,2.0000,0.6962
APP-11467,507.0000,0.2711,0.3678,7.0000,175121.4076,18954.5765,0.0000,0.6830
APP-11468,827.0000,0.4166,0.0646,2.0000,32622.4035,12045.6693,1.0000,0.4233
APP-11469,509.0000,0.1272,0.0794,1.0000,207904.8758,10612.1844,2.0000,0.7095
APP-11470,743.0000,0.6444,0.6073,1.0000,178564.1771,23886.8802,1.0000,0.8873
APP-11471,605.0000,0.4169,0.8124,3.0000,200332.5417,16410.7316,4.0000,0.7690
APP-11472,709.0000,0.6364,0.6188,2.0000,244205.0562,28100.4156,4.0000,0.5496
APP-11473,672.0000,0.2654,0.7463,7.0000,101961.1109,29562.9538,3.0000,0.6326
APP-11474,577.0000,0.3899,0.5026,6.0000,147193.7048,43076.3711,4.0000,0.8310
APP-11475,651.0000,0.1101,0.2866,5.0000,169173.4077,27396.4585,1.0000,0.7447
APP-11476,747.0000,0.5240,0.0858,2.0000,158881.3851,37307.7517,0.0000,0.9302
APP-11477,699.0000,0.1916,0.7856,1.0000,169411.2100,41158.5918,1.0000,0.8328
APP-11478,578.0000,0.3339,0.4768,1.0000,237236.9137,20294.3341,0.0000,0.0661
APP-11479,590.0000,0.4685,0.8388,3.0000,136461.6040,9502.4027,3.0000,0.7122
APP-11480,743.0000,0.1452,0.3832,6.0000,219577.2268,14024.5032,1.0000,0.1412
APP-11481,573.0000,0.5310,0.2984,6.0000,168872.3742,31428.4369,3.0000,0.8271
APP-11482,708.0000,0.5432,0.6503,7.0000,202157.7670,15836.3546,4.0000,0.1081
APP-11483,840.0000,0.3922,0.5939,3.0000,102144.9990,7628.7860,3.0000,0.2919
APP-11484,701.0000,0.4327,0.6838,4.0000,102410.4845,7995.1740,1.0000,0.3184
APP-11485,598.0000,0.1518,0.1320,1.0000,235755.8245,16374.3364,3.0000,0.9242
APP-11486,734.0000,0.3468,0.1250,5.0000,213259.0501,8222.2828,0.0000,0.9784
APP-11487,831.0000,0.5626,0.5638,5.0000,141383.0914,41471.3238,0.0000,0.5380
APP-11488,727.0000,0.1491,0.5434,0.0000,131363.4932,2285.3832,3.0000,0.5216
APP-11489,700.0000,0.6438,0.1336,3.0000,85253.8241,11987.4668,3.0000,0.5395
APP-11490,714.0000,0.3673,0.4372,7.0000,75657.0570,41943.3908,3.0000,0.6373
APP-11491,524.0000,0.1070,0.6202,4.0000,79647.5830,36689.5907,3.0000,0.0775
APP-11492,508.0000,0.2869,0.5378,3.0000,237173.2715,41772.4911,2.0000,0.3005
APP-11493,708.0000,0.3753,0.2179,0.0000,88650.5273,39722.7559,2.0000,0.6096
APP-11494,667.0000,0.6274,0.8850,6.0000,128200.0617,20061.7101,3.0000,0.2400
APP-11495,844.0000,0.4879,0.0809,7.0000,180030.9374,6005.2744,4.0000,0.6071
APP-11496,666.0000,0.4196,0.2953,7.0000,172006.8802,37765.2989,2.0000,0.8927
APP-11497,793.0000,0.6316,0.1108,7.0000,199612.5813,18080.0870,2.0000,0.7631
APP-11498,730.0000,0.2622,0.3050,7.0000,113411.6858,6948.5987,1.0000,0.5330
APP-11499,606.0000,0.3088,0.6668,2.0000,103133.5727,35255.4627,0.0000,0.2833
APP-11500,802.0000,0.5225,0.0714,6.0000,140578.7361,3086.5539,3.0000,0.4134
APP-11501,533.0000,0.4270,0.0849,2.0000,169639.6380,11362.7833,0.0000,0.0942
APP-11502,743.0000,0.2204,0.2353,2.0000,248812.4278,30214.1110,0.0000,0.1522
APP-11503,661.0000,0.5131,0.0749,1.0000,159229.2095,12324.9476,2.0000,0.9886
APP-11504,753.0000,0.2470,0.4011,0.0000,198903.4316,4850.5384,3.0000,0.9085
APP-11505,534.0000,0.4074,0.2571,4.0000,233393.7824,31347.3861,3.0000,0.6152
APP-11506,570.0000,0.5709,0.3399,0.0000,30734.7003,15044.9034,4.0000,0.6266
APP-11507,604.0000,0.2513,0.8035,1.0000,85881.8408,41430.7375,4.0000,0.2850
APP-11508,697.0000,0.5186,0.4390,1.0000,30714.6993,4719.3042,1.0000,0.3937
APP-11509,821.0000,0.5737,0.0635,4.0000,228754.1627,17023.1946,2.0000,0.2110
APP-11510,817.0000,0.2744,0.5421,3.0000,115235.7662,40618.6126,1.0000,0.9413
APP-11511,728.0000,0.2081,0.1484,7.0000,157608.5520,5424.3262,2.0000,0.8089
APP-11512,539.0000,0.5762,0.1034,5.0000,136337.1078,39674.8249,3.0000,0.2978
APP-11513,774.0000,0.3565,0.3446,1.0000,195730.5511,37974.2994,4.0000,0.3653
APP-11514,797.0000,0.2712,0.2949,2.0000,111002.2451,7685.4432,1.0000,0.0208
APP-11515,689.0000,0.1057,0.1505,1.0000,32685.3079,26030.0899,3.0000,0.2725
APP-11516,523.0000,0.2067,0.3186,3.0000,108957.7161,7117.5906,0.0000,0.2700
APP-11517,558.0000,0.3820,0.4857,0.0000,133477.2246,41869.2535,4.0000,0.1606
APP-11518,782.0000,0.5559,0.2760,3.0000,119197.9923,44397.5403,0.0000,0.9071
APP-11519,552.0000,0.3763,0.0791,2.0000,90063.0130,16925.0495,3.0000,0.0327
APP-11520,618.0000,0.2521,0.8533,0.0000,51236.5216,43314.8943,0.0000,0.5594
APP-11521,768.0000,0.6110,0.6363,7.0000,36178.7615,13797.6180,4.0000,0.4190
APP-11522,553.0000,0.3031,0.6860,2.0000,230426.2199,27915.2859,4.0000,0.4023
APP-11523,650.0000,0.1896,0.4173,0.0000,44507.4377,12374.2129,3.0000,0.1575
APP-11524,739.0000,0.6199,0.5660,5.0000,117344.6835,2909.2692,2.0000,0.7873
APP-11525,674.0000,0.3180,0.6827,5.0000,47229.5894,17075.8942,0.0000,0.3276
APP-11526,806.0000,0.3653,0.3710,2.0000,54445.1840,20967.5997,4.0000,0.6807
APP-11527,562.0000,0.5564,0.7982,3.0000,172441.8854,10313.5790,1.0000,0.3195
APP-11528,700.0000,0.2583,0.7451,1.0000,233255.5512,24218.4872,0.0000,0.9003
APP-11529,626.0000,0.3908,0.3084,2.0000,106606.3134,42015.5042,2.0000,0.2329
APP-11530,695.0000,0.5765,0.3495,1.0000,194038.8967,37012.2166,0.0000,0.8256
APP-11531,546.0000,0.2409,0.2155,1.0000,201710.9410,19744.1001,4.0000,0.7387
APP-11532,740.0000,0.5919,0.5024,3.0000,170882.8013,20041.6037,2.0000,0.8627
APP-11533,571.0000,0.2053,0.7802,6.0000,221119.8027,39311.7670,1.0000,0.9770
APP-11534,783.0000,0.5699,0.5576,1.0000,71071.3490,26537.3099,1.0000,0.5762
APP-11535,811.0000,0.3164,0.3692,6.0000,46529.0586,19975.7090,2.0000,0.7253
APP-11536,619.0000,0.4015,0.4192,6.0000,130332.6223,13892.2252,0.0000,0.5691
APP-11537,750.0000,0.4033,0.6733,0.0000,147483.1489,42352.0138,1.0000,0.8864
APP-11538,691.0000,0.2127,0.5128,2.0000,111844.9339,22982.0625,1.0000,0.6146
APP-11539,798.0000,0.1951,0.5474,4.0000,232817.7674,16022.4339,1.0000,0.8392
APP-11540,824.0000,0.4913,0.5987,1.0000,57151.9973,40667.5035,0.0000,0.2693
APP-11541,805.0000,0.5540,0.7147,3.0000,235251.5974,31242.5904,1.0000,0.0541
APP-11542,590.0000,0.1753,0.6131,5.0000,122950.4182,40054.1689,1.0000,0.1069
APP-11543,706.0000,0.5133,0.6659,0.0000,213324.7399,14907.6180,4.0000,0.6495
APP-11544,532.0000,0.2798,0.6495,5.0000,113125.2169,44026.8255,4.0000,0.8287
APP-11545,606.0000,0.4269,0.8838,2.0000,141761.2691,39498.0763,4.0000,0.2474
APP-11546,627.0000,0.3940,0.7128,6.0000,181390.8006,29354.1979,0.0000,0.5885
APP-11547,672.0000,0.5089,0.5419,1.0000,134239.5632,43934.3728,3.0000,0.5248
APP-11548,791.0000,0.3981,0.8582,5.0000,222289.5444,20899.5738,0.0000,0.6557
APP-11549,506.0000,0.1514,0.8604,6.0000,148150.3704,23591.8454,0.0000,0.2359
APP-11550,672.0000,0.2536,0.3664,3.0000,33988.2101,27648.3423,0.0000,0.2277
APP-11551,786.0000,0.3189,0.7748,3.0000,205690.3593,35572.0735,4.0000,0.7740
APP-11552,580.0000,0.4146,0.9342,3.0000,138717.4337,32173.9938,1.0000,0.0575
APP-11553,780.0000,0.1932,0.2362,6.0000,178147.4980,41451.8405,0.0000,0.6901
APP-11554,526.0000,0.2856,0.4073,3.0000,101172.6306,22216.5668,0.0000,0.0801
APP-11555,677.0000,0.1348,0.4239,7.0000,183761.4890,26437.5861,0.0000,0.1111
APP-11556,845.0000,0.2774,0.5995,1.0000,188913.8577,19859.3100,0.0000,0.2480
APP-11557,632.0000,0.3817,0.9164,3.0000,249680.6495,35943.5218,0.0000,0.3446
APP-11558,724.0000,0.6150,0.3250,4.0000,110255.7798,32879.1131,2.0000,0.9770
APP-11559,560.0000,0.1978,0.7284,4.0000,78320.6679,43058.8152,1.0000,0.4573
APP-11560,647.0000,0.1152,0.7507,3.0000,136009.8626,43624.7761,4.0000,0.4304
APP-11561,526.0000,0.3075,0.6765,7.0000,182195.9047,26064.0162,0.0000,0.7654
APP-11562,540.0000,0.4342,0.5794,3.0000,135975.8360,3646.7340,0.0000,0.2743
APP-11563,613.0000,0.4342,0.5645,1.0000,219569.5891,27221.8113,0.0000,0.5950
APP-11564,843.0000,0.2901,0.3038,3.0000,241899.1361,29886.4709,1.0000,0.6958
APP-11565,828.0000,0.1207,0.1735,0.0000,245583.3274,4894.8969,1.0000,0.8490
APP-11566,520.0000,0.6054,0.3507,2.0000,57699.8847,9772.8771,4.0000,0.1299
APP-11567,524.0000,0.3760,0.2566,3.0000,83577.2398,39296.0351,4.0000,0.6517
APP-11568,740.0000,0.5271,0.6374,0.0000,94804.5643,20570.8018,0.0000,0.0147
APP-11569,832.0000,0.3183,0.8178,3.0000,234306.2143,41706.5434,4.0000,0.4969
APP-11570,677.0000,0.5573,0.1928,1.0000,201871.7180,15880.6119,4.0000,0.3634
APP-11571,685.0000,0.5316,0.6435,7.0000,56701.6866,44165.4438,4.0000,0.8084
APP-11572,710.0000,0.1524,0.1597,1.0000,126442.0728,30982.0204,4.0000,0.7227
APP-11573,654.0000,0.1282,0.3921,3.0000,234428.8632,34203.1827,3.0000,0.6877
APP-11574,760.0000,0.1822,0.2059,1.0000,75374.5550,27785.4452,1.0000,0.1761
APP-11575,543.0000,0.5526,0.3196,3.0000,151772.9882,25382.6306,3.0000,0.3139
APP-11576,520.0000,0.2482,0.8227,3.0000,181630.8138,33256.5351,1.0000,0.2919
APP-11577,524.0000,0.3177,0.4278,3.0000,44256.6407,10607.1756,2.0000,0.2001
APP-11578,577.0000,0.4181,0.1477,3.0000,125005.3439,22955.2688,0.0000,0.4229
APP-11579,690.0000,0.4585,0.2291,3.0000,231988.7017,42853.4225,4.0000,0.4267
APP-11580,591.0000,0.3345,0.8093,2.0000,32595.4410,40465.2098,0.0000,0.3529
APP-11581,709.0000,0.3470,0.4191,7.0000,169346.1640,42049.5514,1.0000,0.7882
APP-11582,506.0000,0.2805,0.8924,5.0000,222302.4936,36445.7287,0.0000,0.6868
APP-11583,651.0000,0.1517,0.5551,4.0000,124592.1060,35738.3783,3.0000,0.7890
APP-11584,551.0000,0.1816,0.5064,3.0000,86973.6900,41813.8018,3.0000,0.8021
APP-11585,600.0000,0.5894,0.4606,6.0000,189864.9338,34887.9529,0.0000,0.2263
APP-11586,726.0000,0.6362,0.7461,5.0000,110730.8740,5899.0682,2.0000,0.9373
APP-11587,504.0000,0.5540,0.8021,1.0000,103573.3071,26767.8361,0.0000,0.6475
APP-11588,769.0000,0.2682,0.1643,3.0000,87301.4250,3648.3777,3.0000,0.7923
APP-11589,593.0000,0.1981,0.4176,7.0000,241373.5035,9641.1112,2.0000,0.9198
APP-11590,801.0000,0.3801,0.3045,7.0000,193979.9905,31170.8776,0.0000,0.8089
APP-11591,750.0000,0.1520,0.8594,7.0000,60497.0265,41648.2259,4.0000,0.5584
APP-11592,816.0000,0.6032,0.7112,6.0000,95439.4668,2618.3697,0.0000,0.4803
APP-11593,712.0000,0.5224,0.3131,7.0000,227254.1698,34522.4985,4.0000,0.5470
APP-11594,643.0000,0.6355,0.4175,2.0000,212524.2138,21653.7279,3.0000,0.8670
APP-11595,555.0000,0.5708,0.4273,7.0000,107476.5352,37380.3416,0.0000,0.0748
APP-11596,525.0000,0.3248,0.8886,7.0000,186015.6235,29243.7276,1.0000,0.3892
APP-11597,777.0000,0.2728,0.4763,5.0000,52178.9732,27263.5021,1.0000,0.2886
APP-11598,725.0000,0.5588,0.0666,5.0000,62770.9234,20320.4013,4.0000,0.4476
APP-11599,551.0000,0.4233,0.7071,5.0000,228188.0163,16976.5687,4.0000,0.6001
APP-11600,533.0000,0.5833,0.1369,0.0000,149542.0241,23619.8157,1.0000,0.7670
APP-11601,778.0000,0.2789,0.6177,0.0000,59962.9632,30921.8130,2.0000,0.0183
APP-11602,520.0000,0.4006,0.5121,1.0000,137923.0008,18287.8138,1.0000,0.4330
APP-11603,679.0000,0.3543,0.7364,2.0000,132072.9140,22982.8918,0.0000,0.2945
APP-11604,613.0000,0.2008,0.5451,0.0000,249310.3503,27627.0840,1.0000,0.7315
APP-11605,750.0000,0.3976,0.2077,6.0000,33218.1952,2128.0885,2.0000,0.2789
APP-11606,520.0000,0.1459,0.8546,0.0000,192720.1936,11197.8375,0.0000,0.2395
APP-11607,529.0000,0.3062,0.8630,2.0000,196396.9346,9928.2340,3.0000,0.1794
APP-11608,548.0000,0.3934,0.4286,0.0000,200510.6365,39554.8593,3.0000,0.5031
APP-11609,759.0000,0.1799,0.5985,4.0000,201069.9295,40681.1524,3.0000,0.0611
APP-11610,749.0000,0.5145,0.5472,7.0000,186121.9712,9729.7250,3.0000,0.6938
APP-11611,752.0000,0.2049,0.5308,4.0000,123237.5166,32016.2198,4.0000,0.8766
APP-11612,701.0000,0.5007,0.1312,4.0000,40871.8787,19912.6146,0.0000,0.2020
APP-11613,561.0000,0.1132,0.4946,4.0000,242869.4400,25572.4949,0.0000,0.4951
APP-11614,579.0000,0.4789,0.2526,2.0000,83281.5052,19641.2543,2.0000,0.8726
APP-11615,548.0000,0.3202,0.7681,2.0000,97150.3797,22147.5534,1.0000,0.8454
APP-11616,543.0000,0.5346,0.8139,2.0000,63603.9899,31668.1224,3.0000,0.7763
APP-11617,762.0000,0.4091,0.0668,7.0000,102987.9745,14464.6583,1.0000,0.1929
APP-11618,659.0000,0.3090,0.7131,2.0000,102120.2083,2906.7495,2.0000,0.4383
APP-11619,645.0000,0.4651,0.1534,1.0000,109133.1733,23610.3577,1.0000,0.9736
APP-11620,551.0000,0.3133,0.0589,4.0000,118786.3637,6217.6645,4.0000,0.2472
APP-11621,726.0000,0.2959,0.0623,6.0000,176934.5749,43156.3221,2.0000,0.1407
APP-11622,791.0000,0.3341,0.4694,3.0000,243592.9247,16710.0904,3.0000,0.4149
APP-11623,503.0000,0.4907,0.7827,0.0000,144930.9270,2900.2659,2.0000,0.1581
APP-11624,826.0000,0.4382,0.3303,3.0000,248700.8937,22658.6270,3.0000,0.4714
APP-11625,564.0000,0.6041,0.8822,6.0000,42121.8081,15828.3802,1.0000,0.6168
APP-11626,818.0000,0.1002,0.4290,6.0000,112654.1989,31505.1026,4.0000,0.3972
APP-11627,761.0000,0.1885,0.2198,6.0000,36636.5301,32350.0964,2.0000,0.2577
APP-11628,811.0000,0.3717,0.4632,4.0000,161408.3660,32029.9294,1.0000,0.4612
APP-11629,569.0000,0.4683,0.6143,7.0000,245409.1278,18849.4741,1.0000,0.7850
APP-11630,697.0000,0.1493,0.5051,0.0000,76693.9191,38891.1171,3.0000,0.8113
APP-11631,528.0000,0.2618,0.4466,0.0000,187875.0163,4036.8255,4.0000,0.0161
APP-11632,656.0000,0.6437,0.2196,5.0000,197889.5161,22222.5546,2.0000,0.0541
APP-11633,561.0000,0.2802,0.6794,6.0000,52783.3717,42742.2658,2.0000,0.9089
APP-11634,524.0000,0.3091,0.3654,1.0000,125191.6601,19983.9454,4.0000,0.2332
APP-11635,791.0000,0.2313,0.9235,2.0000,60744.4165,44238.7427,2.0000,0.4082
APP-11636,764.0000,0.1096,0.4106,1.0000,107480.5894,32585.4365,4.0000,0.1202
APP-11637,621.0000,0.2570,0.2494,1.0000,207503.2976,19593.5788,1.0000,0.3378
APP-11638,644.0000,0.1886,0.8237,0.0000,93937.7507,31349.9663,0.0000,0.7560
APP-11639,685.0000,0.3096,0.2378,1.0000,235331.0599,42712.5588,1.0000,0.0619
APP-11640,712.0000,0.2278,0.2013,5.0000,200773.5515,38515.7484,0.0000,0.4494
APP-11641,702.0000,0.3221,0.6967,5.0000,87901.5952,10393.3828,3.0000,0.6135
APP-11642,606.0000,0.2482,0.3183,7.0000,123762.0588,37081.8060,0.0000,0.2908
APP-11643,630.0000,0.6036,0.4256,7.0000,165903.0602,11769.6514,2.0000,0.8148
APP-11644,846.0000,0.2603,0.4559,1.0000,163481.6657,6294.2967,3.0000,0.0136
APP-11645,532.0000,0.2037,0.7552,5.0000,153866.7544,19344.9742,1.0000,0.4286
APP-11646,641.0000,0.5191,0.5669,3.0000,112766.7574,27467.9712,4.0000,0.8449
APP-11647,589.0000,0.5465,0.7172,2.0000,237687.8625,15430.2746,0.0000,0.1243
APP-11648,585.0000,0.4097,0.9387,5.0000,49339.1891,38425.9338,3.0000,0.1982
APP-11649,555.0000,0.2897,0.6899,3.0000,169276.9116,16018.3250,4.0000,0.6521
APP-11650,534.0000,0.5588,0.3010,4.0000,37827.6151,7173.6286,1.0000,0.3182
APP-11651,818.0000,0.4684,0.7403,1.0000,152258.8029,23443.4870,1.0000,0.2520
APP-11652,804.0000,0.3096,0.8149,3.0000,70547.6552,29246.3042,3.0000,0.5216
APP-11653,759.0000,0.3154,0.4377,0.0000,48546.2692,13868.5584,0.0000,0.6294
APP-11654,824.0000,0.1013,0.6436,0.0000,41616.6541,40477.5677,3.0000,0.7108
APP-11655,788.0000,0.1318,0.4914,6.0000,240233.4019,4641.9301,3.0000,0.3845
APP-11656,544.0000,0.1741,0.1648,7.0000,58257.0059,27628.9218,4.0000,0.5874
APP-11657,784.0000,0.2360,0.7059,0.0000,109075.3493,38202.7878,4.0000,0.9096
APP-11658,782.0000,0.6093,0.4493,5.0000,133470.1829,36853.9342,1.0000,0.9415
APP-11659,500.0000,0.5519,0.3618,5.0000,35364.7825,30001.9820,3.0000,0.6299
APP-11660,807.0000,0.1224,0.4710,2.0000,233419.2927,3806.7334,3.0000,0.5372
APP-11661,762.0000,0.1082,0.5738,3.0000,33370.4515,5475.4934,1.0000,0.7376
APP-11662,847.0000,0.4223,0.7312,2.0000,230535.1736,22717.6000,4.0000,0.9004
APP-11663,668.0000,0.3071,0.8678,0.0000,36994.4939,42637.1619,3.0000,0.2305
APP-11664,759.0000,0.5410,0.6658,6.0000,120263.9258,5366.9159,2.0000,0.3752
APP-11665,771.0000,0.6351,0.9449,2.0000,202247.3840,38663.8354,1.0000,0.0318
APP-11666,733.0000,0.3718,0.1917,4.0000,35451.2637,36959.5893,0.0000,0.9579
APP-11667,835.0000,0.1976,0.1889,0.0000,208159.0055,43016.1521,2.0000,0.8112
APP-11668,549.0000,0.5910,0.7614,0.0000,133486.9529,8511.7921,0.0000,0.0850
APP-11669,625.0000,0.3322,0.6202,5.0000,133677.4951,6505.5301,0.0000,0.8616
APP-11670,533.0000,0.3294,0.8259,3.0000,70955.6366,18308.7447,3.0000,0.7032
APP-11671,711.0000,0.4872,0.6610,5.0000,81379.3341,24290.9742,1.0000,0.8555
APP-11672,508.0000,0.3035,0.0613,7.0000,205692.5504,38892.8751,2.0000,0.8441
APP-11673,606.0000,0.2292,0.6554,7.0000,32287.0159,41584.4211,2.0000,0.2526
APP-11674,758.0000,0.5079,0.2405,0.0000,100131.2044,15767.0626,2.0000,0.2959
APP-11675,812.0000,0.2022,0.4522,2.0000,100476.1203,37408.7073,0.0000,0.3414
APP-11676,577.0000,0.1216,0.6724,1.0000,89585.7257,38012.3565,2.0000,0.6915
APP-11677,588.0000,0.3737,0.6407,1.0000,98368.3189,19728.4929,3.0000,0.6567
APP-11678,509.0000,0.1187,0.3943,3.0000,56958.5842,21683.9319,4.0000,0.4883
APP-11679,622.0000,0.5350,0.6918,3.0000,66676.0971,39914.1821,2.0000,0.5434
APP-11680,746.0000,0.6376,0.8997,7.0000,152574.6710,39708.9507,2.0000,0.4519
APP-11681,810.0000,0.6218,0.2577,6.0000,153571.2351,43327.2258,2.0000,0.3284
APP-11682,647.0000,0.1819,0.1575,0.0000,234528.3494,28319.9203,3.0000,0.8078
APP-11683,535.0000,0.6126,0.1715,4.0000,147090.7573,22932.0160,2.0000,0.5699
APP-11684,612.0000,0.1615,0.4618,1.0000,126325.7001,37552.2919,3.0000,0.7603
APP-11685,672.0000,0.2949,0.3184,7.0000,50932.0862,5469.6479,3.0000,0.1660
APP-11686,712.0000,0.1464,0.4707,2.0000,191934.3159,39511.6044,3.0000,0.2517
APP-11687,703.0000,0.5525,0.1259,0.0000,128133.9161,11313.1291,3.0000,0.4073
APP-11688,780.0000,0.2231,0.2722,7.0000,197011.9931,22191.6290,4.0000,0.2299
APP-11689,702.0000,0.4657,0.3624,5.0000,72571.3592,31510.3108,3.0000,0.6080
APP-11690,641.0000,0.5195,0.8905,5.0000,165349.7868,3197.5970,4.0000,0.7101
APP-11691,542.0000,0.3094,0.3173,5.0000,189331.3441,18794.8454,1.0000,0.2325
APP-11692,827.0000,0.5341,0.0934,5.0000,109583.9638,14593.6351,3.0000,0.0228
APP-11693,513.0000,0.2791,0.3299,1.0000,135577.4062,4937.1379,3.0000,0.6045
APP-11694,615.0000,0.1815,0.8932,5.0000,44157.5307,9232.2156,1.0000,0.9715
APP-11695,645.0000,0.3529,0.4345,1.0000,89464.6511,8860.4230,2.0000,0.3308
APP-11696,811.0000,0.4907,0.7867,7.0000,66186.7814,34305.0549,2.0000,0.6316
APP-11697,658.0000,0.1218,0.2905,3.0000,112424.2364,19394.3266,0.0000,0.0570
APP-11698,644.0000,0.5434,0.1722,7.0000,49620.1824,3986.7645,1.0000,0.5674
APP-11699,829.0000,0.2406,0.4970,2.0000,212292.3228,11576.0358,0.0000,0.5588
APP-11700,627.0000,0.4747,0.6816,1.0000,191393.4722,33104.1259,4.0000,0.5659
APP-11701,764.0000,0.1627,0.8107,2.0000,220425.5259,11596.4724,2.0000,0.4860
APP-11702,511.0000,0.3142,0.2669,4.0000,238505.9196,20825.7675,2.0000,0.4515
APP-11703,709.0000,0.3558,0.9380,5.0000,154118.6699,30288.2867,2.0000,0.8576
APP-11704,754.0000,0.3576,0.4903,0.0000,193935.8015,43327.6522,1.0000,0.0230
APP-11705,573.0000,0.2503,0.5021,0.0000,137829.6484,4596.4721,3.0000,0.3772
APP-11706,765.0000,0.3911,0.8227,2.0000,202879.2675,11530.0318,2.0000,0.4184
APP-11707,815.0000,0.2526,0.4166,5.0000,148079.0505,11550.8201,3.0000,0.8223
APP-11708,518.0000,0.1916,0.7316,2.0000,191989.2586,39994.1281,2.0000,0.3919
APP-11709,567.0000,0.1733,0.5609,3.0000,90507.6645,25698.0260,2.0000,0.0975
APP-11710,550.0000,0.5921,0.1719,7.0000,181122.2133,34288.0630,1.0000,0.1301
APP-11711,831.0000,0.1719,0.0796,1.0000,157279.2223,21747.0547,2.0000,0.1279
APP-11712,601.0000,0.3174,0.8908,1.0000,84964.2614,22337.9984,1.0000,0.6018
APP-11713,831.0000,0.2385,0.8298,5.0000,180846.8395,43871.1202,1.0000,0.5295
APP-11714,632.0000,0.4388,0.9352,6.0000,111461.3829,9090.7859,1.0000,0.2543
APP-11715,842.0000,0.2902,0.6568,2.0000,168381.6934,19084.4563,4.0000,0.1952
APP-11716,696.0000,0.2575,0.6312,1.0000,174816.7555,44439.4939,1.0000,0.9014
APP-11717,599.0000,0.6330,0.2377,1.0000,177667.2941,13203.8465,3.0000,0.5842
APP-11718,677.0000,0.6482,0.6281,7.0000,180391.6359,6771.8621,1.0000,0.8365
APP-11719,548.0000,0.1729,0.4896,4.0000,121819.6435,14742.3346,1.0000,0.2693
APP-11720,569.0000,0.4810,0.3896,3.0000,167429.8477,37942.5832,1.0000,0.4752
APP-11721,720.0000,0.5894,0.6642,2.0000,229484.3088,44808.7864,3.0000,0.2619
APP-11722,763.0000,0.6340,0.1265,1.0000,44985.4955,28794.3465,1.0000,0.1664
APP-11723,647.0000,0.2640,0.5035,2.0000,202302.0323,44553.3553,2.0000,0.3914
APP-11724,799.0000,0.5314,0.7323,6.0000,58329.3199,9655.9661,2.0000,0.0130
APP-11725,635.0000,0.2803,0.7970,3.0000,132428.7129,29052.5963,2.0000,0.8822
APP-11726,630.0000,0.4419,0.4910,7.0000,66097.0267,27480.2654,0.0000,0.4509
APP-11727,694.0000,0.3821,0.3673,4.0000,202132.4614,7654.3069,4.0000,0.1311
APP-11728,637.0000,0.4891,0.5651,4.0000,38176.0917,28483.4546,1.0000,0.4676
APP-11729,741.0000,0.6020,0.1654,5.0000,184250.5946,25065.0276,3.0000,0.8631
APP-11730,815.0000,0.1620,0.1323,1.0000,118332.2464,34521.8894,1.0000,0.9482
APP-11731,616.0000,0.2226,0.7872,3.0000,88311.2658,37711.3936,4.0000,0.0117
APP-11732,670.0000,0.4222,0.1639,6.0000,241301.4351,11634.8017,4.0000,0.9652
APP-11733,617.0000,0.2965,0.4255,4.0000,94253.5915,6730.5190,2.0000,0.3271
APP-11734,706.0000,0.4068,0.4206,2.0000,76574.7631,41747.8019,4.0000,0.7029
APP-11735,713.0000,0.5305,0.9348,4.0000,124922.1792,33848.4395,3.0000,0.7477
APP-11736,657.0000,0.4847,0.6847,5.0000,96493.8784,17581.6050,4.0000,0.8983
APP-11737,524.0000,0.5216,0.7399,7.0000,190117.9523,25076.8267,2.0000,0.4116
APP-11738,824.0000,0.1887,0.6529,6.0000,36635.0260,37363.0343,3.0000,0.7610
APP-11739,744.0000,0.1167,0.2953,0.0000,182252.8305,8994.9179,2.0000,0.6815
APP-11740,752.0000,0.5795,0.3750,4.0000,122864.2308,2056.0178,3.0000,0.3289
APP-11741,779.0000,0.3483,0.2149,5.0000,202465.8572,25495.7170,2.0000,0.8196
APP-11742,509.0000,0.4496,0.5379,5.0000,103457.3639,6006.6141,2.0000,0.8840
APP-11743,807.0000,0.1401,0.1201,0.0000,33989.5319,43373.6000,3.0000,0.5655
APP-11744,530.0000,0.4892,0.8635,2.0000,197921.0872,10760.9570,4.0000,0.8127
APP-11745,763.0000,0.1559,0.2268,2.0000,59158.4481,33656.8680,0.0000,0.6223
APP-11746,834.0000,0.5330,0.2422,1.0000,135110.7542,32576.2746,4.0000,0.7833
APP-11747,677.0000,0.1334,0.4861,6.0000,213259.0217,9150.5299,3.0000,0.6158
APP-11748,750.0000,0.1458,0.3378,3.0000,233498.9004,3093.8763,0.0000,0.6891
APP-11749,805.0000,0.2888,0.1999,2.0000,84121.8868,11899.8923,2.0000,0.0468
APP-11750,698.0000,0.2166,0.9371,4.0000,214396.4168,25261.7749,4.0000,0.1044
APP-11751,671.0000,0.6414,0.3017,0.0000,200743.8142,7433.8029,3.0000,0.4152
APP-11752,782.0000,0.3482,0.7156,1.0000,233184.5175,42423.1391,2.0000,0.7836
APP-11753,775.0000,0.3579,0.7035,4.0000,209333.5801,35657.7669,0.0000,0.0724
APP-11754,529.0000,0.1256,0.2701,1.0000,49688.9375,11642.1148,2.0000,0.0234
APP-11755,522.0000,0.3703,0.2999,3.0000,237764.4703,6861.3159,1.0000,0.2237
APP-11756,749.0000,0.1352,0.5312,2.0000,35435.1474,4905.4637,4.0000,0.8531
APP-11757,748.0000,0.4455,0.8249,7.0000,105582.3378,37245.5419,2.0000,0.8794
APP-11758,784.0000,0.6399,0.7156,7.0000,115631.7411,39931.1483,1.0000,0.2985
APP-11759,529.0000,0.2813,0.3227,7.0000,136758.2689,24619.2068,2.0000,0.6782
APP-11760,554.0000,0.5444,0.0889,3.0000,81750.4209,26278.6635,3.0000,0.6993
APP-11761,509.0000,0.6310,0.5967,2.0000,57235.4309,20154.6758,0.0000,0.0109
APP-11762,599.0000,0.6324,0.4782,4.0000,214150.4480,36336.3848,2.0000,0.3766
APP-11763,675.0000,0.5103,0.3595,6.0000,171200.3009,39566.9583,0.0000,0.1571
APP-11764,626.0000,0.5785,0.6316,6.0000,134476.4843,15502.9152,0.0000,0.3492
APP-11765,541.0000,0.2933,0.9065,4.0000,200412.7508,40722.9897,2.0000,0.2699
APP-11766,693.0000,0.4211,0.8631,4.0000,231334.5604,12393.3039,2.0000,0.0848
APP-11767,613.0000,0.4646,0.6491,4.0000,79263.8459,11477.7413,2.0000,0.9763
APP-11768,600.0000,0.2196,0.9134,3.0000,101040.2905,38605.9513,4.0000,0.5011
APP-11769,770.0000,0.2724,0.4061,0.0000,235550.8619,24373.6005,1.0000,0.1521
APP-11770,611.0000,0.2988,0.1410,2.0000,149689.5395,4250.8932,3.0000,0.2397
APP-11771,692.0000,0.1361,0.4570,6.0000,91872.6387,6382.7318,4.0000,0.0461
APP-11772,523.0000,0.3511,0.6444,6.0000,64808.8498,14390.5889,3.0000,0.3041
APP-11773,756.0000,0.5308,0.7713,4.0000,247516.2578,9669.5409,1.0000,0.0731
APP-11774,689.0000,0.4574,0.8942,7.0000,147705.2577,44842.4050,0.0000,0.2526
APP-11775,774.0000,0.4438,0.5154,7.0000,219696.6632,32846.6444,3.0000,0.4366
APP-11776,605.0000,0.4333,0.3858,4.0000,169919.2609,20862.6549,1.0000,0.6682
APP-11777,668.0000,0.1124,0.3035,6.0000,127606.0873,36696.8133,0.0000,0.8259
APP-11778,649.0000,0.1018,0.5962,1.0000,218825.5888,14644.8793,4.0000,0.0640
APP-11779,844.0000,0.1930,0.6735,3.0000,108431.8106,3248.9695,0.0000,0.2517
APP-11780,535.0000,0.6023,0.6192,3.0000,199063.8608,17699.1738,1.0000,0.1429
APP-11781,570.0000,0.5714,0.2256,6.0000,129751.5297,17394.3948,3.0000,0.3511
APP-11782,839.0000,0.4172,0.4516,3.0000,227425.7671,8026.0251,4.0000,0.1828
APP-11783,529.0000,0.3120,0.1168,2.0000,140707.9514,29110.8472,4.0000,0.2405
APP-11784,597.0000,0.6300,0.5183,3.0000,101679.7339,18623.5033,3.0000,0.9091
APP-11785,611.0000,0.1363,0.2428,6.0000,189663.7446,14833.0235,1.0000,0.6386
APP-11786,775.0000,0.1534,0.8503,4.0000,219229.4482,27989.8245,1.0000,0.8592
APP-11787,766.0000,0.4416,0.7774,0.0000,217224.0224,33074.6222,2.0000,0.5426
APP-11788,803.0000,0.4011,0.7083,0.0000,135249.1298,44599.8728,3.0000,0.8134
APP-11789,533.0000,0.6397,0.1512,2.0000,126837.6173,40058.6649,3.0000,0.3527
APP-11790,575.0000,0.5414,0.4521,6.0000,62844.5199,2665.3551,4.0000,0.2496
APP-11791,663.0000,0.6160,0.2122,6.0000,38633.5340,8526.0101,3.0000,0.5478
APP-11792,755.0000,0.4969,0.0894,1.0000,234934.5214,25447.9120,0.0000,0.9333
APP-11793,699.0000,0.6098,0.4122,0.0000,189550.5697,21922.3134,3.0000,0.8283
APP-11794,682.0000,0.4777,0.3324,2.0000,156891.9681,39536.2738,4.0000,0.2483
APP-11795,782.0000,0.3891,0.8764,6.0000,158349.5734,37027.2025,4.0000,0.9456
APP-11796,569.0000,0.4190,0.8835,3.0000,35136.3048,24738.4985,1.0000,0.5245
APP-11797,796.0000,0.5957,0.8913,0.0000,129825.3296,42811.1394,0.0000,0.4225
APP-11798,730.0000,0.1576,0.0629,4.0000,232691.4345,17456.7592,1.0000,0.2924
APP-11799,583.0000,0.4110,0.5170,5.0000,131648.1944,30039.0016,3.0000,0.6246
APP-11800,653.0000,0.3157,0.0664,0.0000,157778.8193,31929.2187,0.0000,0.5773
APP-11801,595.0000,0.4646,0.5940,5.0000,112962.2579,23866.2411,4.0000,0.8185
APP-11802,608.0000,0.4321,0.5076,6.0000,53107.5822,11276.5031,4.0000,0.9065
APP-11803,739.0000,0.3198,0.4373,0.0000,101185.1269,8662.4642,1.0000,0.7415
APP-11804,606.0000,0.4791,0.0974,0.0000,48719.6061,8946.6153,2.0000,0.1913
APP-11805,800.0000,0.3948,0.1444,6.0000,157287.4984,18680.3837,3.0000,0.1398
APP-11806,534.0000,0.2031,0.3317,3.0000,245985.9068,30858.1712,3.0000,0.5353
APP-11807,558.0000,0.4509,0.2678,0.0000,109793.7146,15331.2379,3.0000,0.1605
APP-11808,819.0000,0.1147,0.2109,1.0000,218856.6567,39003.8141,0.0000,0.6148
APP-11809,752.0000,0.5526,0.8162,6.0000,39411.7911,27624.4203,1.0000,0.1684
APP-11810,653.0000,0.5986,0.0756,6.0000,141104.0732,21523.9575,0.0000,0.2376
APP-11811,583.0000,0.1429,0.2461,7.0000,173982.9958,15821.3627,2.0000,0.0920
APP-11812,589.0000,0.2412,0.8753,5.0000,100229.9437,6875.9728,3.0000,0.8304
APP-11813,563.0000,0.1697,0.8345,5.0000,51636.3850,25653.0269,4.0000,0.5878
APP-11814,814.0000,0.5245,0.3697,7.0000,77938.0892,18261.0830,4.0000,0.3495
APP-11815,618.0000,0.1391,0.7740,7.0000,45402.1446,43402.9099,2.0000,0.3987
APP-11816,827.0000,0.3976,0.1870,0.0000,225408.3272,33924.1436,2.0000,0.1420
APP-11817,778.0000,0.3135,0.6264,5.0000,31008.0492,7814.5870,1.0000,0.8410
APP-11818,625.0000,0.5130,0.8449,6.0000,45261.8557,25910.5495,4.0000,0.3090
APP-11819,759.0000,0.4515,0.4748,7.0000,205051.7504,39576.3722,4.0000,0.0798
APP-11820,666.0000,0.3993,0.2002,0.0000,95940.6110,42387.0808,2.0000,0.3620
APP-11821,667.0000,0.3769,0.5709,6.0000,110247.1686,42055.5602,1.0000,0.2482
APP-11822,769.0000,0.5263,0.7234,4.0000,97471.1446,37135.9978,4.0000,0.4094
APP-11823,749.0000,0.3625,0.8291,5.0000,225955.4885,13917.9214,0.0000,0.8531
APP-11824,576.0000,0.3309,0.3912,7.0000,234322.5555,29181.0326,2.0000,0.7400
APP-11825,642.0000,0.1139,0.3057,7.0000,234339.0239,32528.8217,0.0000,0.2488
APP-11826,827.0000,0.2477,0.6670,1.0000,97615.5307,37865.9183,2.0000,0.3250
APP-11827,573.0000,0.3034,0.2749,3.0000,74083.3653,40110.4616,4.0000,0.4344
APP-11828,749.0000,0.4183,0.2685,3.0000,212159.1682,24842.9681,0.0000,0.1682
APP-11829,795.0000,0.4703,0.2141,3.0000,216772.2715,15905.1166,1.0000,0.2893
APP-11830,710.0000,0.6295,0.3807,3.0000,107940.6085,24628.0319,0.0000,0.3123
APP-11831,518.0000,0.2522,0.4453,6.0000,157161.2258,41649.2666,4.0000,0.1951
APP-11832,797.0000,0.3994,0.7024,7.0000,115960.0882,24625.2262,0.0000,0.2779
APP-11833,815.0000,0.5158,0.1470,5.0000,33295.4849,8055.1543,4.0000,0.4262
APP-11834,725.0000,0.2708,0.4334,5.0000,120348.7126,20703.7128,1.0000,0.8408
APP-11835,776.0000,0.4017,0.6421,1.0000,226886.8848,34728.4209,0.0000,0.6764
APP-11836,515.0000,0.3302,0.5405,2.0000,218745.7315,43866.1947,2.0000,0.0756
APP-11837,753.0000,0.3185,0.7592,2.0000,52832.0908,20168.5611,3.0000,0.5082
APP-11838,781.0000,0.1345,0.8531,0.0000,97530.7785,36276.7336,1.0000,0.2401
APP-11839,699.0000,0.1133,0.2415,4.0000,46248.7438,13730.9493,2.0000,0.0112
APP-11840,683.0000,0.2625,0.8678,5.0000,95567.8019,17638.4293,1.0000,0.5642
APP-11841,783.0000,0.6018,0.8468,0.0000,95489.9168,14811.7242,3.0000,0.2051
APP-11842,731.0000,0.2060,0.3775,3.0000,41699.9035,31161.8497,0.0000,0.6440
APP-11843,509.0000,0.1347,0.7820,4.0000,226953.9530,41445.2734,2.0000,0.2655
APP-11844,564.0000,0.4411,0.5137,3.0000,214772.9586,37209.7794,4.0000,0.2472
APP-11845,706.0000,0.6272,0.7798,1.0000,234261.9748,27513.9301,0.0000,0.5890
APP-11846,711.0000,0.1314,0.7232,0.0000,193758.9432,24999.6635,1.0000,0.5888
APP-11847,591.0000,0.5100,0.9162,1.0000,197210.8970,38567.9095,0.0000,0.8418
APP-11848,548.0000,0.1597,0.2490,7.0000,203193.2487,42327.3398,2.0000,0.2044
APP-11849,723.0000,0.1744,0.7125,7.0000,178554.2430,35506.8495,0.0000,0.9772
APP-11850,608.0000,0.6148,0.0625,5.0000,68711.8086,30222.1395,0.0000,0.3719
APP-11851,736.0000,0.4857,0.8796,2.0000,69101.9059,36270.2149,1.0000,0.9606
APP-11852,731.0000,0.4076,0.2290,0.0000,140079.1241,22948.2633,3.0000,0.1623
APP-11853,575.0000,0.1906,0.3861,7.0000,181932.2887,20249.5030,3.0000,0.9437
APP-11854,768.0000,0.4075,0.8088,3.0000,36537.9537,43428.4745,2.0000,0.9548
APP-11855,554.0000,0.1342,0.4799,4.0000,150208.6977,25730.7387,1.0000,0.2946
APP-11856,639.0000,0.3169,0.6474,7.0000,225169.3706,26742.4390,4.0000,0.2091
APP-11857,705.0000,0.4874,0.3753,7.0000,57724.1342,7039.1854,1.0000,0.6009
APP-11858,810.0000,0.4126,0.5499,4.0000,98847.8177,24138.4939,2.0000,0.1446
APP-11859,829.0000,0.4713,0.8109,5.0000,247085.0040,18284.7165,2.0000,0.2992
APP-11860,742.0000,0.1637,0.8533,4.0000,102351.9307,14011.7497,4.0000,0.9733
APP-11861,732.0000,0.5172,0.4607,3.0000,36324.5083,43491.3747,3.0000,0.7597
APP-11862,675.0000,0.6260,0.6981,1.0000,180400.8311,41961.3700,2.0000,0.7901
APP-11863,669.0000,0.5991,0.4705,0.0000,246180.1455,44038.9895,4.0000,0.8660
APP-11864,694.0000,0.1484,0.8957,7.0000,80745.1536,17044.7637,3.0000,0.6856
APP-11865,827.0000,0.1542,0.7048,7.0000,77534.8392,29958.7607,1.0000,0.7123
APP-11866,727.0000,0.3824,0.4382,3.0000,125014.1652,15242.8872,0.0000,0.7279
APP-11867,786.0000,0.3882,0.4983,5.0000,147899.6214,21116.0110,3.0000,0.3936
APP-11868,693.0000,0.5714,0.2148,0.0000,209232.0001,13454.0024,3.0000,0.1081
APP-11869,756.0000,0.3029,0.8969,1.0000,248567.0803,27130.8853,1.0000,0.6078
APP-11870,797.0000,0.3830,0.2795,6.0000,208865.2739,14416.4312,3.0000,0.7939
APP-11871,653.0000,0.2120,0.2132,7.0000,93999.7146,14606.0612,3.0000,0.2398
APP-11872,725.0000,0.6206,0.4569,4.0000,202957.3755,20115.1103,3.0000,0.1887
APP-11873,671.0000,0.1665,0.7035,3.0000,168791.6243,2984.1804,4.0000,0.9479
APP-11874,678.0000,0.5972,0.6644,5.0000,138009.3116,40628.8347,2.0000,0.1457
APP-11875,592.0000,0.5899,0.2791,0.0000,169626.5509,11550.3454,1.0000,0.5478
APP-11876,792.0000,0.1278,0.2885,2.0000,126748.2125,29125.0252,2.0000,0.7363
APP-11877,785.0000,0.5265,0.2621,2.0000,169086.2192,4931.4796,2.0000,0.1031
APP-11878,822.0000,0.2856,0.5929,4.0000,192101.5652,18411.5979,0.0000,0.5594
APP-11879,599.0000,0.2236,0.9114,6.0000,33018.7526,3890.5961,1.0000,0.6766
APP-11880,849.0000,0.3213,0.8505,0.0000,165572.0811,44905.7732,1.0000,0.0528
APP-11881,746.0000,0.6082,0.5041,3.0000,63670.6471,39363.1534,2.0000,0.4214
APP-11882,619.0000,0.3194,0.3901,6.0000,104061.4162,38637.6237,2.0000,0.4748
APP-11883,806.0000,0.2335,0.4062,6.0000,127600.3439,10869.5646,2.0000,0.5548
APP-11884,695.0000,0.3885,0.7756,6.0000,243893.0472,26455.5802,0.0000,0.0489
APP-11885,693.0000,0.3253,0.6355,3.0000,101624.2801,39322.1693,4.0000,0.8856
APP-11886,764.0000,0.1105,0.0871,7.0000,210249.4077,18292.4189,4.0000,0.8533
APP-11887,554.0000,0.2025,0.1181,1.0000,104153.0773,3505.4188,3.0000,0.8462
APP-11888,662.0000,0.1095,0.4832,6.0000,80451.4950,20072.2640,3.0000,0.5193
APP-11889,508.0000,0.3872,0.5291,1.0000,125481.7913,40356.1027,2.0000,0.7823
APP-11890,649.0000,0.4527,0.9145,5.0000,49770.1436,6778.2176,0.0000,0.7952
APP-11891,735.0000,0.4951,0.1770,7.0000,210246.9311,5760.4595,0.0000,0.9539
APP-11892,845.0000,0.2143,0.7769,5.0000,139629.7924,27727.9524,1.0000,0.8099
APP-11893,578.0000,0.5428,0.8559,1.0000,181258.1583,11753.1745,1.0000,0.1270
APP-11894,806.0000,0.3261,0.3899,7.0000,205502.4368,18717.1095,1.0000,0.1498
APP-11895,513.0000,0.1270,0.1956,7.0000,119960.7280,19171.0215,2.0000,0.5084
APP-11896,504.0000,0.6102,0.2717,3.0000,129157.1358,32099.5169,2.0000,0.7053
APP-11897,620.0000,0.4814,0.6465,2.0000,85784.5611,3211.8954,4.0000,0.8286
APP-11898,601.0000,0.4094,0.1128,5.0000,187150.0218,30341.7434,0.0000,0.0216
APP-11899,703.0000,0.1221,0.8470,7.0000,213097.2930,23093.3274,3.0000,0.4349
APP-11900,567.0000,0.1077,0.7310,7.0000,156313.5346,24050.0121,1.0000,0.4250
APP-11901,693.0000,0.4107,0.7650,0.0000,38490.6370,32405.7918,1.0000,0.6906
APP-11902,845.0000,0.5833,0.7163,1.0000,186555.2356,29576.0213,2.0000,0.5532
APP-11903,558.0000,0.4561,0.1658,4.0000,176712.3265,31096.7512,4.0000,0.7967
APP-11904,651.0000,0.1030,0.7078,6.0000,105367.4377,14858.6603,4.0000,0.6961
APP-11905,711.0000,0.4509,0.5893,0.0000,120032.0907,38661.5135,4.0000,0.4810
APP-11906,650.0000,0.2917,0.0959,5.0000,138941.8164,28472.1858,0.0000,0.2430
APP-11907,643.0000,0.1671,0.3062,2.0000,203973.2989,21793.3370,2.0000,0.6414
APP-11908,513.0000,0.5464,0.4308,2.0000,179736.6862,23574.4867,4.0000,0.2323
APP-11909,667.0000,0.4170,0.5386,6.0000,143753.7004,12539.2317,3.0000,0.6446
APP-11910,824.0000,0.4983,0.2125,2.0000,207211.1888,35905.4906,1.0000,0.1582
APP-11911,806.0000,0.1908,0.5245,1.0000,219014.6117,13959.8991,0.0000,0.2178
APP-11912,779.0000,0.1639,0.9118,7.0000,41394.4812,26915.9162,2.0000,0.4311
APP-11913,527.0000,0.3830,0.3692,7.0000,45359.1069,42152.2711,4.0000,0.5184
APP-11914,543.0000,0.3903,0.1863,7.0000,134647.3156,25718.1901,1.0000,0.9446
APP-11915,684.0000,0.4201,0.4718,4.0000,201955.7070,3641.1546,0.0000,0.6054
APP-11916,604.0000,0.5093,0.4555,2.0000,54148.8805,43631.0802,4.0000,0.4262
APP-11917,560.0000,0.4650,0.8755,5.0000,219945.5363,26270.3569,4.0000,0.8215
APP-11918,564.0000,0.4719,0.4661,6.0000,60194.0776,9835.2150,3.0000,0.1465
APP-11919,563.0000,0.1962,0.2690,2.0000,183005.2179,23368.6097,2.0000,0.0245
APP-11920,532.0000,0.3300,0.2520,4.0000,206729.2045,17868.5831,2.0000,0.2605
APP-11921,713.0000,0.4300,0.0811,7.0000,40006.4936,20038.3856,3.0000,0.5322
APP-11922,644.0000,0.3853,0.7173,4.0000,216723.3613,22811.4451,0.0000,0.6337
APP-11923,734.0000,0.2673,0.2910,6.0000,215126.3637,37579.4018,1.0000,0.7955
APP-11924,575.0000,0.6193,0.7592,0.0000,62108.7024,12351.0639,0.0000,0.6012
APP-11925,712.0000,0.1771,0.5453,7.0000,75990.1405,30402.1106,2.0000,0.1238
APP-11926,564.0000,0.6360,0.6905,7.0000,219270.1568,32920.5917,4.0000,0.7857
APP-11927,823.0000,0.5301,0.2329,1.0000,242440.2634,44148.1873,2.0000,0.0222
APP-11928,560.0000,0.4279,0.1895,3.0000,136546.0567,15502.1125,0.0000,0.7013
APP-11929,778.0000,0.1701,0.4263,2.0000,57640.9412,10618.5821,2.0000,0.5209
APP-11930,739.0000,0.4101,0.3711,4.0000,91502.3374,42200.0696,2.0000,0.4953
APP-11931,569.0000,0.1484,0.5055,6.0000,104419.4698,42896.0869,2.0000,0.7403
APP-11932,531.0000,0.6126,0.7235,1.0000,168858.6317,35459.9932,2.0000,0.0532
APP-11933,722.0000,0.2571,0.8680,5.0000,188780.0472,18648.9615,4.0000,0.4124
APP-11934,515.0000,0.3197,0.5849,1.0000,163488.7443,43779.5754,1.0000,0.9327
APP-11935,717.0000,0.4502,0.2533,3.0000,225871.2220,27089.5338,2.0000,0.0235
APP-11936,737.0000,0.1103,0.3159,4.0000,32330.4973,11393.4782,1.0000,0.8698
APP-11937,726.0000,0.3981,0.8651,3.0000,115781.9436,37500.4160,0.0000,0.6456
APP-11938,841.0000,0.4932,0.2387,0.0000,94196.3558,22713.8626,4.0000,0.8999
APP-11939,650.0000,0.2140,0.1354,3.0000,195375.2059,4478.6122,2.0000,0.0550
APP-11940,675.0000,0.1847,0.8790,2.0000,179792.1665,35457.9919,2.0000,0.8012
APP-11941,831.0000,0.3682,0.0740,4.0000,225997.5494,37111.0797,4.0000,0.5307
APP-11942,801.0000,0.3951,0.7240,2.0000,98927.1045,38797.1729,1.0000,0.2535
APP-11943,662.0000,0.3415,0.1810,3.0000,218218.5998,8992.8247,1.0000,0.4716
APP-11944,647.0000,0.2626,0.6497,7.0000,148438.8623,16461.1086,4.0000,0.9146
APP-11945,776.0000,0.3254,0.2178,3.0000,63737.4464,36038.6288,1.0000,0.4406
APP-11946,697.0000,0.2718,0.8574,5.0000,212395.4977,34749.7996,2.0000,0.1441
APP-11947,668.0000,0.2373,0.0949,2.0000,81385.6190,40090.7848,1.0000,0.0742
APP-11948,785.0000,0.3597,0.3240,5.0000,197259.5451,25553.7166,1.0000,0.0240
APP-11949,775.0000,0.3176,0.7547,3.0000,148116.4148,15360.5668,1.0000,0.2170
APP-11950,645.0000,0.3395,0.5606,4.0000,143274.6178,19653.8614,1.0000,0.5484
APP-11951,638.0000,0.1001,0.4297,1.0000,147682.9420,14639.1845,2.0000,0.3533
APP-11952,734.0000,0.4810,0.4420,6.0000,244604.0989,29622.3632,4.0000,0.8675
APP-11953,500.0000,0.1258,0.5021,1.0000,158622.2131,23274.3569,1.0000,0.7803
APP-11954,773.0000,0.2137,0.9454,1.0000,39719.4087,26390.2610,1.0000,0.4655
APP-11955,674.0000,0.5419,0.6563,5.0000,240297.5524,30914.1678,0.0000,0.2357
APP-11956,805.0000,0.6413,0.4884,2.0000,91965.9031,12284.2824,2.0000,0.4164
APP-11957,691.0000,0.6453,0.3397,7.0000,133442.0886,40469.3843,1.0000,0.6352
APP-11958,635.0000,0.4257,0.5034,5.0000,211085.6996,4013.0945,1.0000,0.0328
APP-11959,540.0000,0.2427,0.8804,1.0000,48608.3811,12523.6854,2.0000,0.8814
APP-11960,500.0000,0.5592,0.2471,7.0000,81166.7520,7353.5047,2.0000,0.6516
APP-11961,732.0000,0.4577,0.3609,7.0000,222911.7810,19684.0587,2.0000,0.9533
APP-11962,569.0000,0.6424,0.1085,2.0000,55786.6173,42622.9376,0.0000,0.6609
APP-11963,798.0000,0.4020,0.6163,5.0000,143673.1127,37557.3693,3.0000,0.3655
APP-11964,673.0000,0.3894,0.7403,3.0000,70894.3433,23215.3780,2.0000,0.4393
APP-11965,803.0000,0.1241,0.6188,7.0000,107883.4794,19293.7074,3.0000,0.0168
APP-11966,663.0000,0.2069,0.7807,7.0000,203896.1672,3689.9709,3.0000,0.0661
APP-11967,631.0000,0.4668,0.7437,3.0000,240992.8516,23091.1338,4.0000,0.1109
APP-11968,549.0000,0.6466,0.9252,7.0000,156259.7191,12949.1485,3.0000,0.3956
APP-11969,643.0000,0.3616,0.4572,5.0000,109628.0393,2041.1664,1.0000,0.2912
APP-11970,787.0000,0.1160,0.1257,0.0000,47633.2300,38335.5522,0.0000,0.4027
APP-11971,800.0000,0.3197,0.5319,4.0000,118326.0821,33063.1103,3.0000,0.4080
APP-11972,667.0000,0.1695,0.7439,3.0000,209051.0471,42404.2540,0.0000,0.3539
APP-11973,849.0000,0.6278,0.4163,7.0000,196466.9601,22131.0165,0.0000,0.5135
APP-11974,512.0000,0.1777,0.4543,1.0000,108403.8285,23360.2710,3.0000,0.9269
APP-11975,518.0000,0.1648,0.7136,0.0000,67383.3114,26116.2890,3.0000,0.5224
APP-11976,521.0000,0.3518,0.0652,1.0000,149612.1086,39937.9775,0.0000,0.8138
APP-11977,521.0000,0.3981,0.6416,0.0000,213060.4641,10853.5609,4.0000,0.7739
APP-11978,501.0000,0.4945,0.6865,3.0000,153711.0181,4947.9480,0.0000,0.4191
APP-11979,518.0000,0.3024,0.9236,6.0000,149174.1486,30557.3581,4.0000,0.2449
APP-11980,778.0000,0.5933,0.7070,3.0000,185476.1004,23901.9141,4.0000,0.0410
APP-11981,661.0000,0.4292,0.1678,0.0000,58467.3756,27481.7375,3.0000,0.0646
APP-11982,773.0000,0.1260,0.4985,6.0000,166100.0002,40154.4361,1.0000,0.2247
APP-11983,774.0000,0.1188,0.4154,7.0000,47172.8034,40976.9345,1.0000,0.8696
APP-11984,741.0000,0.3578,0.4108,6.0000,65133.2610,18277.7794,2.0000,0.1133
APP-11985,532.0000,0.3417,0.7566,0.0000,41319.6287,31607.8028,0.0000,0.8189
APP-11986,542.0000,0.3488,0.5730,1.0000,165134.9925,23161.9532,3.0000,0.4581
APP-11987,741.0000,0.1315,0.7078,0.0000,242123.1208,25901.6778,2.0000,0.6426
APP-11988,834.0000,0.1293,0.7212,5.0000,62634.4376,36959.0069,2.0000,0.1509
APP-11989,559.0000,0.1334,0.6695,2.0000,133527.1898,14022.5989,1.0000,0.7881
APP-11990,722.0000,0.5037,0.7320,0.0000,226661.0509,5934.5548,0.0000,0.0979
APP-11991,511.0000,0.4308,0.2467,5.0000,217005.6740,31336.6030,3.0000,0.5226
APP-11992,569.0000,0.1751,0.1388,5.0000,123103.7752,15129.7581,3.0000,0.1110
APP-11993,708.0000,0.3370,0.1951,4.0000,193834.8730,14801.7790,0.0000,0.8480
APP-11994,728.0000,0.6186,0.7779,1.0000,39513.9114,7383.3983,1.0000,0.5866
APP-11995,707.0000,0.1380,0.9105,7.0000,196438.6857,42922.2665,0.0000,0.5447
APP-11996,658.0000,0.2040,0.8931,3.0000,189630.9125,37869.3478,1.0000,0.2772
APP-11997,599.0000,0.3143,0.0616,5.0000,158233.4840,33430.3467,3.0000,0.5108
APP-11998,779.0000,0.2297,0.9456,0.0000,55147.0325,25362.5927,2.0000,0.0302
APP-11999,612.0000,0.1872,0.8479,4.0000,95166.3512,3258.3237,3.0000,0.4812
APP-12000,749.0000,0.6353,0.2290,7.0000,67779.9750,43755.4052,2.0000,0.2201
APP-12001,623.0000,0.5215,0.5517,4.0000,42966.7724,10433.9023,1.0000,0.8842
APP-12002,680.0000,0.5010,0.9362,2.0000,227821.2572,32754.5446,2.0000,0.2769
APP-12003,825.0000,0.6128,0.4739,3.0000,69955.2470,25521.1948,3.0000,0.5111
APP-12004,639.0000,0.2029,0.9081,2.0000,75465.9001,14089.7578,3.0000,0.0131
APP-12005,803.0000,0.5894,0.5394,5.0000,184169.2394,21631.0970,2.0000,0.7380
APP-12006,521.0000,0.6405,0.3599,4.0000,100851.6709,26788.2963,3.0000,0.1675
APP-12007,684.0000,0.4225,0.1945,7.0000,119084.6190,32189.7945,3.0000,0.9888
APP-12008,679.0000,0.5968,0.1437,0.0000,42444.9948,34039.8724,2.0000,0.2970
APP-12009,837.0000,0.5489,0.6860,7.0000,233886.4352,3491.0823,4.0000,0.6621
APP-12010,592.0000,0.2748,0.3448,2.0000,249215.2113,39454.9445,0.0000,0.9507
APP-12011,703.0000,0.2828,0.4170,0.0000,111024.5711,32951.3242,3.0000,0.7512
APP-12012,705.0000,0.4717,0.8935,2.0000,77436.9944,35645.5572,2.0000,0.3527
APP-12013,535.0000,0.4037,0.2299,3.0000,185269.8536,16929.8074,4.0000,0.9124
APP-12014,848.0000,0.3117,0.3859,5.0000,196702.3263,31844.3201,0.0000,0.2184
APP-12015,670.0000,0.1259,0.8686,4.0000,63797.2507,28327.5984,0.0000,0.6318
APP-12016,652.0000,0.1126,0.8965,1.0000,137119.2928,16542.9497,0.0000,0.7401
APP-12017,813.0000,0.1539,0.7725,5.0000,73009.8534,9224.1122,0.0000,0.3598
APP-12018,523.0000,0.3223,0.3948,0.0000,81421.1124,27061.2899,2.0000,0.8246
APP-12019,731.0000,0.1151,0.1629,2.0000,138631.6233,35109.1772,3.0000,0.4731
APP-12020,506.0000,0.1815,0.7605,7.0000,117919.6460,16823.7104,4.0000,0.8543
APP-12021,833.0000,0.6324,0.8051,7.0000,134502.6900,39312.8875,3.0000,0.2203
APP-12022,783.0000,0.3478,0.6934,2.0000,114546.2492,39350.7550,1.0000,0.8877
APP-12023,685.0000,0.6133,0.3537,3.0000,46083.1198,34769.5599,2.0000,0.5324
APP-12024,637.0000,0.2045,0.6372,2.0000,46764.0818,7501.2930,0.0000,0.4301
APP-12025,819.0000,0.2972,0.6820,2.0000,87631.0857,24068.9446,2.0000,0.2407
APP-12026,585.0000,0.4692,0.8487,1.0000,145040.7632,44243.9699,3.0000,0.1110
APP-12027,768.0000,0.6444,0.1752,6.0000,76848.1073,13163.1445,1.0000,0.2954
APP-12028,644.0000,0.4849,0.2874,5.0000,167614.3938,3550.2422,2.0000,0.3997
APP-12029,787.0000,0.5962,0.4133,4.0000,197584.9627,24292.1559,1.0000,0.5971
APP-12030,761.0000,0.1270,0.7805,6.0000,226292.0379,13457.9310,4.0000,0.7189
APP-12031,847.0000,0.2671,0.8543,7.0000,237614.4626,33834.2708,0.0000,0.0519
APP-12032,711.0000,0.5855,0.3006,6.0000,110246.3764,42493.0525,3.0000,0.9424
APP-12033,605.0000,0.3878,0.5037,0.0000,237467.8375,20540.3831,0.0000,0.2537
APP-12034,810.0000,0.1934,0.5969,6.0000,222572.2295,36330.5200,2.0000,0.6750
APP-12035,719.0000,0.1934,0.1989,0.0000,99450.6520,32763.7433,3.0000,0.8006
APP-12036,746.0000,0.5173,0.7631,5.0000,111388.2043,30855.7980,2.0000,0.4190
APP-12037,589.0000,0.1869,0.4738,7.0000,66941.5053,3388.1654,2.0000,0.4390
APP-12038,685.0000,0.3737,0.8552,7.0000,221193.4734,33184.1998,3.0000,0.0569
APP-12039,798.0000,0.1997,0.5435,3.0000,146484.2314,35443.0265,3.0000,0.4100
APP-12040,628.0000,0.2146,0.7998,7.0000,75285.1384,5223.1266,0.0000,0.9284
APP-12041,705.0000,0.3185,0.0942,1.0000,208063.0343,41045.5203,1.0000,0.3718
APP-12042,572.0000,0.1649,0.4450,7.0000,217085.6297,21898.9873,2.0000,0.8894
APP-12043,561.0000,0.4626,0.4272,5.0000,170727.5243,35173.4937,4.0000,0.6969
APP-12044,769.0000,0.1914,0.2245,6.0000,116765.1847,32013.2957,3.0000,0.8772
APP-12045,647.0000,0.5136,0.5555,7.0000,78407.8589,36375.3103,1.0000,0.2020
APP-12046,571.0000,0.3867,0.7255,6.0000,198600.9347,2960.6529,4.0000,0.6653
APP-12047,563.0000,0.2906,0.4940,7.0000,199508.0774,29659.8491,1.0000,0.1074
APP-12048,543.0000,0.4378,0.7988,3.0000,142381.0564,15667.0998,4.0000,0.4876
APP-12049,660.0000,0.3242,0.3137,7.0000,193401.6305,18150.1536,2.0000,0.7198
APP-12050,608.0000,0.1454,0.3185,6.0000,73954.4260,7829.7901,3.0000,0.1685
APP-12051,527.0000,0.2700,0.2001,1.0000,146505.3789,26565.4139,2.0000,0.9496
APP-12052,668.0000,0.3886,0.7557,2.0000,101534.3604,33038.8171,3.0000,0.4704
APP-12053,837.0000,0.1573,0.1832,6.0000,248156.9777,12477.3674,3.0000,0.4486
APP-12054,842.0000,0.5028,0.1848,4.0000,123353.1004,8712.4523,2.0000,0.8783
APP-12055,708.0000,0.2961,0.0563,0.0000,75234.6183,42907.5484,2.0000,0.8530
APP-12056,702.0000,0.2126,0.3994,4.0000,73148.1325,12412.9866,2.0000,0.9084
APP-12057,846.0000,0.1044,0.4432,2.0000,249033.8940,16122.4439,4.0000,0.6664
APP-12058,765.0000,0.1467,0.4560,0.0000,249828.9213,39902.1460,2.0000,0.6587
APP-12059,560.0000,0.2305,0.7396,1.0000,205929.2748,19994.9379,2.0000,0.2351
APP-12060,684.0000,0.3018,0.4232,1.0000,135714.7686,16240.9336,1.0000,0.7374
APP-12061,634.0000,0.1843,0.0538,2.0000,176476.9063,4987.4095,0.0000,0.6191
APP-12062,550.0000,0.3997,0.5985,7.0000,184423.5958,35893.5658,0.0000,0.3462
APP-12063,825.0000,0.2069,0.2041,1.0000,58682.1241,33644.0255,2.0000,0.9573
APP-12064,706.0000,0.6251,0.0725,1.0000,61643.0019,13723.9795,0.0000,0.4865
APP-12065,742.0000,0.4106,0.7496,7.0000,116686.9150,28200.0161,3.0000,0.7189
APP-12066,777.0000,0.5381,0.2713,3.0000,112454.4650,4474.2577,1.0000,0.6626
APP-12067,524.0000,0.3320,0.7298,7.0000,132979.7620,11983.9170,2.0000,0.0203
APP-12068,610.0000,0.2127,0.6276,2.0000,96603.7981,36865.8964,2.0000,0.4576
APP-12069,809.0000,0.3473,0.8450,1.0000,165956.5916,42750.7526,1.0000,0.6048
APP-12070,571.0000,0.3268,0.3723,6.0000,196090.1077,35160.9401,3.0000,0.9899
APP-12071,566.0000,0.4430,0.6351,1.0000,221698.5910,32980.9822,2.0000,0.1612
APP-12072,715.0000,0.6008,0.5614,5.0000,120063.8794,30692.8006,1.0000,0.6783
APP-12073,591.0000,0.2305,0.7545,1.0000,94247.7731,5157.2598,3.0000,0.4379
APP-12074,790.0000,0.1531,0.3464,6.0000,63001.4806,25876.8743,1.0000,0.4711
APP-12075,756.0000,0.4934,0.5895,4.0000,153248.6865,30980.4497,3.0000,0.1652
APP-12076,769.0000,0.1002,0.5368,1.0000,38401.4998,34819.7167,0.0000,0.5295
APP-12077,748.0000,0.5370,0.0892,7.0000,218639.4850,32585.6840,2.0000,0.0549
APP-12078,552.0000,0.5003,0.0806,2.0000,134930.7405,16165.1983,2.0000,0.4158
APP-12079,731.0000,0.5542,0.8627,5.0000,164020.1182,26938.9814,1.0000,0.4074
APP-12080,560.0000,0.1498,0.6267,1.0000,118008.3228,36725.3438,4.0000,0.1801
APP-12081,501.0000,0.2120,0.6018,3.0000,30805.7357,23304.3219,4.0000,0.9877
APP-12082,841.0000,0.4034,0.7188,2.0000,203544.8791,19728.7706,3.0000,0.7082
APP-12083,587.0000,0.2800,0.0641,7.0000,134233.7622,5873.9840,1.0000,0.9465
APP-12084,743.0000,0.5652,0.2589,0.0000,119448.5853,25532.0323,1.0000,0.7376
APP-12085,620.0000,0.3521,0.6351,4.0000,196977.1473,32464.1470,1.0000,0.4940
APP-12086,745.0000,0.3362,0.6965,2.0000,106442.7646,17222.2715,3.0000,0.6105
APP-12087,640.0000,0.2016,0.6167,6.0000,172448.6686,34362.5970,3.0000,0.1745
APP-12088,654.0000,0.4091,0.4199,4.0000,189650.4868,44716.8690,0.0000,0.1599
APP-12089,525.0000,0.2903,0.5800,3.0000,246141.2321,10926.4357,2.0000,0.4866
APP-12090,662.0000,0.3478,0.6799,6.0000,199045.3554,28730.2355,2.0000,0.2090
APP-12091,736.0000,0.2492,0.4158,5.0000,35189.9654,16437.9590,1.0000,0.7646
APP-12092,749.0000,0.4349,0.5576,5.0000,167499.7720,12428.6608,0.0000,0.3010
APP-12093,811.0000,0.5609,0.1211,3.0000,165573.0940,26022.6501,0.0000,0.0956
APP-12094,706.0000,0.1113,0.2026,1.0000,57135.8255,18508.4310,4.0000,0.5837
APP-12095,846.0000,0.2270,0.7453,0.0000,195052.0555,28657.5040,2.0000,0.5543
APP-12096,719.0000,0.4725,0.3920,4.0000,112463.6472,30504.1970,0.0000,0.2659
APP-12097,779.0000,0.4887,0.7502,4.0000,167225.7383,19734.5273,4.0000,0.1362
APP-12098,551.0000,0.2619,0.6569,1.0000,89063.0139,2584.6488,4.0000,0.6260
APP-12099,570.0000,0.2574,0.3763,2.0000,68966.0645,41244.1084,4.0000,0.7355
APP-12100,705.0000,0.5107,0.7438,0.0000,117118.7514,43362.1107,2.0000,0.1953
APP-12101,678.0000,0.4071,0.1637,4.0000,75408.2207,13822.8814,3.0000,0.7410
APP-12102,672.0000,0.3139,0.1945,7.0000,247088.2730,39030.2389,4.0000,0.6524
APP-12103,820.0000,0.1305,0.4182,5.0000,189911.7247,41238.4692,2.0000,0.7690
APP-12104,666.0000,0.4592,0.6402,0.0000,38256.9398,11491.2458,4.0000,0.0726
APP-12105,523.0000,0.2611,0.3180,3.0000,114588.2616,22836.0752,4.0000,0.9567
APP-12106,683.0000,0.4174,0.3409,7.0000,230833.1369,5450.0930,3.0000,0.6564
APP-12107,579.0000,0.4973,0.8255,1.0000,161058.3407,21088.3891,4.0000,0.2636
APP-12108,511.0000,0.3548,0.8599,2.0000,136666.5493,15186.5290,2.0000,0.8696
APP-12109,592.0000,0.2393,0.8713,6.0000,148136.1282,9017.4923,1.0000,0.5791
APP-12110,500.0000,0.2178,0.0698,5.0000,96851.6209,25903.4768,4.0000,0.1673
APP-12111,713.0000,0.4877,0.7686,1.0000,115444.9058,7530.5720,2.0000,0.8455
APP-12112,662.0000,0.5903,0.7356,0.0000,73355.6719,17185.8154,3.0000,0.7177
APP-12113,833.0000,0.6390,0.2823,1.0000,186312.7196,39120.7117,4.0000,0.2847
APP-12114,521.0000,0.5418,0.2540,4.0000,82020.6713,31225.7424,0.0000,0.5429
APP-12115,668.0000,0.4315,0.0814,2.0000,123454.2591,36647.7666,4.0000,0.4012
APP-12116,820.0000,0.5754,0.7899,1.0000,233886.2330,12033.1896,3.0000,0.0167
APP-12117,697.0000,0.3143,0.5968,0.0000,119290.5564,26167.7413,4.0000,0.4782
APP-12118,626.0000,0.5852,0.0643,0.0000,104156.0964,14603.3994,1.0000,0.2409
APP-12119,723.0000,0.3366,0.2527,2.0000,122993.3103,21461.4524,4.0000,0.1613
APP-12120,595.0000,0.4274,0.7977,1.0000,84804.2412,28181.0368,0.0000,0.1008
APP-12121,798.0000,0.1935,0.5919,6.0000,191158.3284,18370.8200,1.0000,0.2290
APP-12122,732.0000,0.3735,0.8202,6.0000,179312.5221,24754.3365,2.0000,0.7543
APP-12123,600.0000,0.2878,0.1820,6.0000,85587.7474,27290.8098,2.0000,0.3616
APP-12124,526.0000,0.3016,0.9073,5.0000,122454.9523,7533.1645,4.0000,0.1463
APP-12125,719.0000,0.4290,0.2367,3.0000,147014.6615,2930.3704,0.0000,0.1762
APP-12126,814.0000,0.5850,0.3232,1.0000,220837.4972,5852.4629,4.0000,0.6493
APP-12127,823.0000,0.5543,0.8835,1.0000,103784.7177,39960.9115,2.0000,0.4053
APP-12128,732.0000,0.2919,0.3316,4.0000,157211.0286,44395.8976,3.0000,0.6196
APP-12129,828.0000,0.5036,0.5857,7.0000,236797.7941,8289.4788,0.0000,0.0612
APP-12130,785.0000,0.4012,0.3597,5.0000,87430.0574,17173.9922,0.0000,0.7239
APP-12131,633.0000,0.2916,0.7157,6.0000,190229.7130,16319.1605,2.0000,0.9535
APP-12132,796.0000,0.5994,0.3302,6.0000,174146.1689,27552.3673,2.0000,0.7808
APP-12133,539.0000,0.1887,0.4472,0.0000,62928.0841,15240.3048,2.0000,0.7173
APP-12134,811.0000,0.5428,0.1254,7.0000,246639.3095,43112.6638,0.0000,0.2046
APP-12135,823.0000,0.2167,0.8788,4.0000,202115.3815,9866.5693,3.0000,0.4075
APP-12136,697.0000,0.5908,0.8654,6.0000,124303.6931,22675.7601,1.0000,0.1626
APP-12137,822.0000,0.4967,0.7738,7.0000,153161.3002,11485.2619,1.0000,0.7568
APP-12138,546.0000,0.3557,0.8358,1.0000,109389.4637,19251.7184,0.0000,0.7373
APP-12139,534.0000,0.1425,0.5925,7.0000,87589.9918,10635.7635,4.0000,0.1307
APP-12140,620.0000,0.1991,0.1269,4.0000,227149.8641,5784.1405,3.0000,0.7403
APP-12141,528.0000,0.1907,0.1135,3.0000,158704.1129,40757.7242,0.0000,0.5697
APP-12142,583.0000,0.5189,0.7575,7.0000,111277.3830,27052.0620,0.0000,0.9711
APP-12143,564.0000,0.4421,0.5154,4.0000,217292.4484,30869.2227,3.0000,0.9798
APP-12144,659.0000,0.2197,0.2993,5.0000,127309.9839,19383.0341,3.0000,0.0891
APP-12145,726.0000,0.3022,0.0837,4.0000,70659.5651,8773.1284,4.0000,0.8301
APP-12146,569.0000,0.2701,0.9356,5.0000,63559.2952,43683.9656,4.0000,0.1673
APP-12147,605.0000,0.4589,0.1370,5.0000,236983.9516,16583.7324,4.0000,0.5489
APP-12148,758.0000,0.2817,0.3778,2.0000,114126.9132,33816.0835,4.0000,0.5050
APP-12149,584.0000,0.5227,0.6622,7.0000,116998.3590,40843.9080,2.0000,0.2784
APP-12150,616.0000,0.4822,0.6108,5.0000,148280.3126,26080.9726,4.0000,0.7177
APP-12151,779.0000,0.2334,0.1637,3.0000,156800.9953,19638.7085,0.0000,0.5351
APP-12152,638.0000,0.2781,0.6084,4.0000,125075.0397,13035.0117,2.0000,0.6197
APP-12153,585.0000,0.4022,0.3528,0.0000,235878.8940,4154.6832,0.0000,0.6873
APP-12154,780.0000,0.5993,0.2035,0.0000,102826.1864,5121.8326,3.0000,0.4064
APP-12155,836.0000,0.1613,0.6054,5.0000,54870.6380,30829.2213,3.0000,0.0506
APP-12156,815.0000,0.2972,0.8604,3.0000,248987.9238,41560.5106,4.0000,0.2625
APP-12157,653.0000,0.4295,0.7264,7.0000,78343.3837,34603.2583,0.0000,0.1821
APP-12158,507.0000,0.2785,0.1962,3.0000,237828.2426,15242.4252,3.0000,0.7483
APP-12159,647.0000,0.2593,0.2067,6.0000,216056.5264,6885.2199,0.0000,0.2546
APP-12160,767.0000,0.3376,0.4724,5.0000,201062.7442,10737.5552,0.0000,0.3679
APP-12161,830.0000,0.2059,0.0690,0.0000,59230.1399,38878.5333,2.0000,0.4472
APP-12162,524.0000,0.4319,0.0687,2.0000,37654.0570,12759.0998,4.0000,0.8286
APP-12163,542.0000,0.5831,0.2767,7.0000,67584.1802,25361.5112,0.0000,0.8376
APP-12164,600.0000,0.6009,0.1460,6.0000,118369.3401,44772.1392,1.0000,0.2255
APP-12165,540.0000,0.3593,0.5420,1.0000,204249.1003,44956.2878,4.0000,0.4102
APP-12166,561.0000,0.2614,0.0891,1.0000,116398.9135,11273.7584,4.0000,0.2496
APP-12167,651.0000,0.3103,0.2692,7.0000,36881.5256,43213.7305,2.0000,0.9665
APP-12168,588.0000,0.2256,0.1024,3.0000,45769.6344,15272.1727,1.0000,0.5325
APP-12169,705.0000,0.4292,0.5274,5.0000,131320.3140,37797.9968,4.0000,0.0108
APP-12170,831.0000,0.1741,0.3674,3.0000,36321.0216,12133.7759,2.0000,0.0988
APP-12171,677.0000,0.2750,0.1247,1.0000,196258.2677,3677.1572,1.0000,0.8489
APP-12172,677.0000,0.1938,0.3689,4.0000,83902.2298,36549.9731,1.0000,0.4001
APP-12173,834.0000,0.2129,0.0506,0.0000,137194.3882,21609.2943,4.0000,0.8972
APP-12174,712.0000,0.4693,0.7929,7.0000,204317.4534,44397.5429,2.0000,0.6600
APP-12175,847.0000,0.6460,0.3774,2.0000,151539.4716,17215.4038,4.0000,0.5326
APP-12176,823.0000,0.4715,0.6493,6.0000,224240.7957,17764.1394,0.0000,0.8087
APP-12177,514.0000,0.2343,0.6879,1.0000,216341.4848,26351.0788,2.0000,0.7258
APP-12178,828.0000,0.3242,0.5494,0.0000,68119.3686,36201.0926,2.0000,0.5802
APP-12179,557.0000,0.4454,0.5800,0.0000,34940.4908,2892.7457,0.0000,0.0933
APP-12180,593.0000,0.5771,0.4358,0.0000,220136.1398,29271.7649,4.0000,0.7964
APP-12181,693.0000,0.4928,0.4167,7.0000,174268.9337,12442.0609,0.0000,0.8247
APP-12182,770.0000,0.1800,0.3254,0.0000,232167.2932,11650.3992,0.0000,0.8859
APP-12183,832.0000,0.4322,0.1141,1.0000,48300.8363,5780.1660,4.0000,0.1096
APP-12184,661.0000,0.2084,0.3645,1.0000,247125.8394,2365.0590,1.0000,0.9627
APP-12185,597.0000,0.3059,0.4663,7.0000,246579.4572,15064.0272,2.0000,0.4388
APP-12186,634.0000,0.6307,0.1704,6.0000,88990.0130,29811.2992,0.0000,0.2235
APP-12187,628.0000,0.5906,0.8672,2.0000,42912.5601,20385.8176,1.0000,0.7066
APP-12188,602.0000,0.2412,0.0575,3.0000,111850.7761,7001.8272,4.0000,0.7690
APP-12189,580.0000,0.5007,0.2514,4.0000,125542.9594,23122.3900,1.0000,0.0105
APP-12190,748.0000,0.2812,0.6618,2.0000,89152.2011,37388.7473,4.0000,0.3286
APP-12191,838.0000,0.1043,0.7911,5.0000,41901.1714,37960.6239,4.0000,0.4690
APP-12192,708.0000,0.5676,0.4764,2.0000,220701.4363,26999.6447,4.0000,0.8421
APP-12193,553.0000,0.5524,0.5797,2.0000,76494.5161,25733.7736,4.0000,0.0295
APP-12194,733.0000,0.2618,0.2957,7.0000,222102.5045,17729.0992,2.0000,0.7467
APP-12195,697.0000,0.5247,0.9089,3.0000,86903.7938,23025.2474,1.0000,0.9228
APP-12196,640.0000,0.1173,0.6297,7.0000,216976.9643,35189.9539,3.0000,0.9328
APP-12197,508.0000,0.3969,0.1683,6.0000,92212.2888,20599.0703,2.0000,0.2307
APP-12198,771.0000,0.6399,0.7128,2.0000,52171.4828,38157.7107,0.0000,0.6151
APP-12199,710.0000,0.5337,0.1650,0.0000,210997.2889,28394.5937,4.0000,0.4772
APP-12200,582.0000,0.4166,0.4130,1.0000,91061.3952,19505.3594,4.0000,0.6138
APP-12201,637.0000,0.3012,0.4921,2.0000,97944.0562,41672.5987,3.0000,0.5455
APP-12202,684.0000,0.5044,0.7002,6.0000,119729.4060,40163.6706,2.0000,0.8965
APP-12203,697.0000,0.6365,0.9467,6.0000,163277.5544,19142.6030,3.0000,0.7280
APP-12204,729.0000,0.2057,0.3843,3.0000,169951.1640,33876.3484,0.0000,0.5451
APP-12205,528.0000,0.1272,0.6582,2.0000,46674.1384,41951.2763,4.0000,0.9874
APP-12206,687.0000,0.3075,0.6552,5.0000,239683.9968,27312.4697,4.0000,0.9300
APP-12207,531.0000,0.3843,0.2158,0.0000,41450.5007,42298.1245,4.0000,0.1567
APP-12208,557.0000,0.2349,0.6286,3.0000,213892.6996,5432.5706,2.0000,0.6331
APP-12209,532.0000,0.4391,0.8415,1.0000,187396.4945,42339.1477,3.0000,0.9271
APP-12210,717.0000,0.2682,0.5502,5.0000,93688.2799,31313.8435,0.0000,0.8381
APP-12211,792.0000,0.6401,0.4818,5.0000,161371.0579,8800.0160,2.0000,0.8862
APP-12212,838.0000,0.2459,0.6328,6.0000,150915.2688,7171.1754,2.0000,0.6144
APP-12213,753.0000,0.5416,0.7762,7.0000,176726.0499,33419.2166,4.0000,0.0865
APP-12214,773.0000,0.6306,0.2527,1.0000,192292.8228,12722.5125,4.0000,0.0267
APP-12215,544.0000,0.3747,0.1968,1.0000,143267.4489,3463.2462,3.0000,0.3056
APP-12216,502.0000,0.2096,0.6361,3.0000,187565.6200,10668.1309,0.0000,0.6140
APP-12217,610.0000,0.5897,0.0811,4.0000,73581.3073,6516.8570,0.0000,0.9170
APP-12218,626.0000,0.3213,0.7927,5.0000,182364.8915,9326.9664,4.0000,0.3963
APP-12219,652.0000,0.3993,0.3219,1.0000,124104.4380,24752.3791,2.0000,0.6243
APP-12220,732.0000,0.1270,0.1499,4.0000,237029.6221,24923.4785,4.0000,0.5329
APP-12221,534.0000,0.2915,0.7382,7.0000,218217.0255,21276.8303,2.0000,0.2413
APP-12222,536.0000,0.4058,0.2506,0.0000,30290.8969,34111.6234,0.0000,0.3174
APP-12223,793.0000,0.4811,0.4113,7.0000,197322.1954,2683.8966,4.0000,0.3757
APP-12224,702.0000,0.6231,0.4225,1.0000,162548.4445,40228.2643,4.0000,0.7593
APP-12225,627.0000,0.4209,0.7882,3.0000,187134.9223,44563.7478,2.0000,0.6652
APP-12226,791.0000,0.2493,0.2880,1.0000,86827.7404,42623.3706,1.0000,0.4750
APP-12227,734.0000,0.4064,0.6199,0.0000,205720.4263,13398.5439,1.0000,0.9815
APP-12228,793.0000,0.1390,0.9488,2.0000,60944.1616,39770.9377,4.0000,0.3025
APP-12229,724.0000,0.1815,0.5894,4.0000,227745.3793,33882.6433,0.0000,0.7285
APP-12230,676.0000,0.2935,0.1769,3.0000,125575.5517,22815.7472,2.0000,0.1184
APP-12231,820.0000,0.1122,0.3049,5.0000,53394.1593,44516.2584,4.0000,0.4526
APP-12232,846.0000,0.1414,0.5316,5.0000,184151.5693,11763.6351,2.0000,0.7726
APP-12233,759.0000,0.1040,0.3401,4.0000,115094.0433,27147.1515,2.0000,0.4786
APP-12234,720.0000,0.2000,0.5149,5.0000,85990.1054,11180.0422,2.0000,0.5841
APP-12235,512.0000,0.5540,0.5389,2.0000,177187.9603,12997.6060,1.0000,0.4782
APP-12236,804.0000,0.2933,0.7120,6.0000,103365.7787,37751.6915,1.0000,0.2312
APP-12237,554.0000,0.5963,0.6107,0.0000,77726.8356,29353.0637,2.0000,0.8637
APP-12238,511.0000,0.5867,0.6781,6.0000,162625.8586,32694.6219,2.0000,0.6605
APP-12239,655.0000,0.5749,0.2465,0.0000,107087.1670,17365.3012,0.0000,0.7384
APP-12240,527.0000,0.2165,0.4309,5.0000,41617.6669,41694.4940,4.0000,0.9401
APP-12241,532.0000,0.2883,0.7926,6.0000,79920.6197,21596.2068,0.0000,0.6886
APP-12242,662.0000,0.3576,0.7270,7.0000,129187.5873,16091.5681,1.0000,0.0737
APP-12243,637.0000,0.3374,0.2138,4.0000,156377.0583,10005.9412,1.0000,0.6268
APP-12244,544.0000,0.1439,0.1076,6.0000,137037.4854,13369.2067,4.0000,0.5050
APP-12245,842.0000,0.2314,0.6379,2.0000,232130.0754,35913.9759,3.0000,0.2271
APP-12246,572.0000,0.4411,0.4497,2.0000,105156.2666,16332.7402,0.0000,0.5914
APP-12247,571.0000,0.4721,0.4194,7.0000,220804.0470,15825.2993,3.0000,0.6696
APP-12248,782.0000,0.3006,0.0725,4.0000,135307.7480,18655.7566,2.0000,0.5580
APP-12249,746.0000,0.2633,0.3935,7.0000,179892.8433,16067.9464,0.0000,0.1602
APP-12250,624.0000,0.4223,0.2108,4.0000,148838.9036,24470.7998,2.0000,0.6323
APP-12251,590.0000,0.4649,0.0809,6.0000,53939.0989,44053.2144,3.0000,0.0343
APP-12252,819.0000,0.4910,0.4090,1.0000,122945.7485,42767.5357,2.0000,0.1662
APP-12253,511.0000,0.5460,0.7923,4.0000,178544.5035,42161.1866,3.0000,0.7922
APP-12254,724.0000,0.4211,0.8522,1.0000,90722.2068,27935.5225,4.0000,0.4900
APP-12255,534.0000,0.3084,0.2644,4.0000,102652.3745,44349.9769,1.0000,0.5888
APP-12256,501.0000,0.2913,0.2975,2.0000,184250.5608,17727.9316,2.0000,0.3424
APP-12257,536.0000,0.1189,0.1387,4.0000,191406.9298,10552.7106,0.0000,0.5648
APP-12258,696.0000,0.3290,0.8684,7.0000,147978.7506,40935.4345,2.0000,0.0471
APP-12259,604.0000,0.5778,0.1087,1.0000,191993.6123,37207.7005,3.0000,0.0334
APP-12260,741.0000,0.4452,0.8935,5.0000,215230.9398,18729.0105,2.0000,0.8958
APP-12261,836.0000,0.4262,0.6273,5.0000,141947.0341,12335.8271,2.0000,0.2906
APP-12262,513.0000,0.2231,0.7578,2.0000,183018.1316,17905.9719,2.0000,0.7975
APP-12263,717.0000,0.4278,0.2480,4.0000,32697.3391,20590.7644,1.0000,0.5160
APP-12264,818.0000,0.1992,0.5968,7.0000,36438.1368,37893.6786,3.0000,0.0838
APP-12265,543.0000,0.2876,0.1479,4.0000,162595.6662,18744.9923,2.0000,0.0715
APP-12266,646.0000,0.4215,0.6428,1.0000,169858.6822,22686.2827,1.0000,0.0708
APP-12267,524.0000,0.1250,0.5903,5.0000,94631.8897,9919.2792,4.0000,0.5024
APP-12268,537.0000,0.2713,0.7915,0.0000,165887.3483,33480.4029,3.0000,0.3370
APP-12269,839.0000,0.1487,0.6304,2.0000,52380.2435,28958.6652,0.0000,0.9684
APP-12270,587.0000,0.1902,0.9244,6.0000,199259.8240,8341.2835,3.0000,0.1154
APP-12271,559.0000,0.2937,0.4913,5.0000,107674.6386,14156.4594,2.0000,0.3988
APP-12272,813.0000,0.4811,0.5467,5.0000,155712.2020,15363.5450,3.0000,0.0236
APP-12273,594.0000,0.2471,0.1183,1.0000,245430.7816,28436.1511,1.0000,0.6116
APP-12274,597.0000,0.1110,0.1474,0.0000,143641.2528,2913.3568,0.0000,0.1026
APP-12275,794.0000,0.3195,0.2062,6.0000,145866.9832,27085.7804,1.0000,0.6771
APP-12276,765.0000,0.2216,0.1566,1.0000,52693.4112,13038.2094,2.0000,0.7144
APP-12277,694.0000,0.5281,0.1736,7.0000,39757.1166,41088.7255,3.0000,0.9763
APP-12278,796.0000,0.5521,0.2844,2.0000,232981.2706,37354.7771,1.0000,0.2267
APP-12279,579.0000,0.4690,0.3006,4.0000,220621.3762,26055.7887,3.0000,0.6534
APP-12280,778.0000,0.4371,0.6760,5.0000,208294.3664,14802.7700,3.0000,0.3097
APP-12281,732.0000,0.5018,0.4878,3.0000,248729.6911,13349.2229,4.0000,0.3083
APP-12282,699.0000,0.3068,0.8843,6.0000,51296.1471,4525.7205,3.0000,0.8495
APP-12283,630.0000,0.4581,0.3586,2.0000,198462.1019,18412.7550,1.0000,0.8826
APP-12284,542.0000,0.3308,0.1071,3.0000,54604.9589,8374.7629,2.0000,0.2736
APP-12285,703.0000,0.3364,0.8098,7.0000,169649.6933,29029.9864,2.0000,0.5963
APP-12286,781.0000,0.5338,0.8084,2.0000,187947.1083,39056.8311,1.0000,0.7354
APP-12287,533.0000,0.5351,0.3770,2.0000,182575.1923,5338.5683,0.0000,0.3425
APP-12288,556.0000,0.3202,0.1134,0.0000,88274.3562,40463.4129,2.0000,0.1609
APP-12289,808.0000,0.6154,0.8428,6.0000,224330.3916,19365.3351,4.0000,0.8101
APP-12290,802.0000,0.3978,0.8902,0.0000,154529.9382,3218.5363,2.0000,0.5225
APP-12291,708.0000,0.3679,0.9475,3.0000,230968.6100,5594.1128,3.0000,0.2822
APP-12292,660.0000,0.3759,0.4019,2.0000,127822.3069,2009.4922,3.0000,0.0370
APP-12293,501.0000,0.5287,0.1644,7.0000,105452.3224,27457.7522,4.0000,0.8507
APP-12294,819.0000,0.6321,0.3900,3.0000,227692.6887,13609.0719,2.0000,0.4459
APP-12295,695.0000,0.4795,0.5770,3.0000,209459.0539,22144.5158,3.0000,0.5536
APP-12296,527.0000,0.2877,0.0889,4.0000,48939.5091,33352.9138,4.0000,0.1415
APP-12297,626.0000,0.3842,0.2968,4.0000,126510.5358,20030.7542,0.0000,0.0910
APP-12298,792.0000,0.2690,0.8978,1.0000,46660.9736,10468.4279,0.0000,0.3589
APP-12299,816.0000,0.4595,0.0898,0.0000,221441.5339,38033.7027,2.0000,0.2345
APP-12300,722.0000,0.6496,0.1859,1.0000,135237.3535,10873.4998,4.0000,0.0436
APP-12301,548.0000,0.5757,0.5729,7.0000,87535.8576,33176.6410,4.0000,0.1826
APP-12302,556.0000,0.3600,0.9120,0.0000,45455.6251,31566.9175,2.0000,0.6507
APP-12303,616.0000,0.2882,0.8963,4.0000,94469.5157,36447.3584,0.0000,0.2559
APP-12304,766.0000,0.3490,0.2818,5.0000,110242.7656,21162.1812,3.0000,0.9565
APP-12305,767.0000,0.2739,0.6024,4.0000,243489.1025,41943.9098,1.0000,0.8928
APP-12306,762.0000,0.6454,0.9185,6.0000,247825.2490,7204.7271,0.0000,0.3488
APP-12307,578.0000,0.2110,0.6167,1.0000,131831.7542,25071.8940,3.0000,0.7855
APP-12308,609.0000,0.5454,0.2494,3.0000,231036.0208,32386.7728,4.0000,0.1861
APP-12309,609.0000,0.3279,0.6743,5.0000,205723.3463,39183.0014,2.0000,0.4659
APP-12310,755.0000,0.4584,0.5101,0.0000,199286.6808,29900.4925,1.0000,0.4305
APP-12311,769.0000,0.6076,0.4944,3.0000,89138.7226,30447.3219,0.0000,0.8655
APP-12312,510.0000,0.4256,0.4895,6.0000,193354.5174,43368.7072,4.0000,0.4070
APP-12313,749.0000,0.4393,0.1513,3.0000,248038.6614,19685.4646,0.0000,0.1693
APP-12314,635.0000,0.1198,0.7605,6.0000,214783.7188,24946.6455,3.0000,0.6948
APP-12315,625.0000,0.1709,0.3623,3.0000,149271.3322,30982.1364,0.0000,0.6376
APP-12316,677.0000,0.3973,0.2163,0.0000,30201.7513,13549.4462,2.0000,0.3256
APP-12317,663.0000,0.3039,0.4468,4.0000,112885.0112,18651.7948,2.0000,0.7369
APP-12318,842.0000,0.4350,0.6287,3.0000,173902.1950,31584.2808,4.0000,0.6374
APP-12319,693.0000,0.3113,0.5481,6.0000,60477.4497,18953.3721,4.0000,0.1615
APP-12320,788.0000,0.1962,0.7872,6.0000,119249.1445,41073.8250,4.0000,0.2081
APP-12321,810.0000,0.5382,0.8090,2.0000,186268.9839,26456.5936,2.0000,0.6590
APP-12322,843.0000,0.5648,0.6085,7.0000,226098.7964,31859.2149,2.0000,0.5982
APP-12323,731.0000,0.6324,0.5465,7.0000,184316.9117,8963.5983,2.0000,0.0442
APP-12324,831.0000,0.2104,0.5601,3.0000,164334.3737,43721.9989,1.0000,0.2606
APP-12325,707.0000,0.2713,0.4038,0.0000,79702.8671,44756.4165,1.0000,0.1009
APP-12326,629.0000,0.2544,0.4723,5.0000,177618.3735,30807.1891,0.0000,0.9646
APP-12327,783.0000,0.6116,0.5240,4.0000,214463.8527,11023.8865,4.0000,0.4835
APP-12328,808.0000,0.4286,0.7708,5.0000,126332.2283,25330.3553,3.0000,0.5067
APP-12329,606.0000,0.6073,0.7213,5.0000,225594.1616,6252.4602,4.0000,0.1535
APP-12330,836.0000,0.5897,0.2260,6.0000,104531.3684,4387.4767,1.0000,0.4692
APP-12331,655.0000,0.2349,0.9300,7.0000,169181.0136,15029.6284,3.0000,0.9544
APP-12332,580.0000,0.3353,0.9188,2.0000,215067.5297,11586.3665,0.0000,0.8576
APP-12333,740.0000,0.3275,0.3013,3.0000,225309.5651,43201.9345,2.0000,0.4820
APP-12334,585.0000,0.3678,0.9490,1.0000,133042.4309,34157.8393,2.0000,0.8731
APP-12335,641.0000,0.6487,0.5226,5.0000,131344.5401,32692.8855,4.0000,0.4233
APP-12336,686.0000,0.1956,0.2541,5.0000,237987.4492,34744.4215,2.0000,0.6102
APP-12337,667.0000,0.5248,0.6984,6.0000,132613.6203,17467.2825,2.0000,0.3847
APP-12338,540.0000,0.2252,0.0932,1.0000,30744.9431,44730.3143,4.0000,0.6771
APP-12339,556.0000,0.5067,0.6689,6.0000,136637.3560,26976.2472,1.0000,0.6979
APP-12340,527.0000,0.2115,0.8015,4.0000,162930.8036,10998.8215,4.0000,0.1118
APP-12341,713.0000,0.3899,0.3655,7.0000,193618.9134,30965.4816,0.0000,0.8906
APP-12342,847.0000,0.4673,0.3512,0.0000,47413.4341,25764.9614,4.0000,0.2556
APP-12343,724.0000,0.3375,0.2952,2.0000,156569.8000,28189.3131,0.0000,0.7567
APP-12344,695.0000,0.6314,0.4167,7.0000,164438.3065,13474.4641,2.0000,0.9333
APP-12345,799.0000,0.4881,0.5661,6.0000,179532.1786,27157.0570,2.0000,0.2974
APP-12346,508.0000,0.1865,0.7359,5.0000,89911.9578,5199.9501,0.0000,0.9656
APP-12347,529.0000,0.3047,0.8480,7.0000,198656.7070,37058.6784,1.0000,0.7688
APP-12348,846.0000,0.2727,0.5437,5.0000,203682.6491,28010.8845,0.0000,0.7288
APP-12349,814.0000,0.2625,0.4775,3.0000,60182.7624,30510.1959,1.0000,0.1139
APP-12350,694.0000,0.2165,0.3872,2.0000,199870.0182,26794.9640,3.0000,0.4641
APP-12351,530.0000,0.2021,0.5858,5.0000,165595.3882,44457.4981,2.0000,0.4740
APP-12352,566.0000,0.5786,0.1804,4.0000,126046.8043,5553.3954,3.0000,0.8872
APP-12353,760.0000,0.6441,0.4703,2.0000,201410.5036,22105.4764,3.0000,0.4905
APP-12354,580.0000,0.1880,0.5079,1.0000,58039.2635,30871.2883,3.0000,0.3880
APP-12355,706.0000,0.5352,0.6164,2.0000,108610.4171,27895.8477,3.0000,0.4259
APP-12356,765.0000,0.2252,0.1117,4.0000,226428.2252,33042.1254,2.0000,0.9544
APP-12357,642.0000,0.3869,0.4367,2.0000,61508.7941,44142.5375,3.0000,0.6116
APP-12358,664.0000,0.2084,0.7356,4.0000,234135.2430,22841.1734,4.0000,0.4981
APP-12359,823.0000,0.2491,0.7556,0.0000,168425.7598,36294.4571,4.0000,0.7586
APP-12360,843.0000,0.3259,0.5389,2.0000,31476.0349,23394.1944,2.0000,0.2853
APP-12361,659.0000,0.4878,0.8347,4.0000,64217.2069,33829.8847,0.0000,0.8483
APP-12362,571.0000,0.3607,0.7293,5.0000,41480.0222,23470.3536,1.0000,0.6207
APP-12363,508.0000,0.5455,0.7676,6.0000,199867.1885,21429.2244,4.0000,0.2690
APP-12364,563.0000,0.1531,0.7637,1.0000,85933.7343,43468.1020,3.0000,0.1056
APP-12365,682.0000,0.4145,0.7057,2.0000,155336.4589,31477.8316,0.0000,0.5024
APP-12366,842.0000,0.1587,0.8206,5.0000,217148.0126,31344.6021,1.0000,0.7573
APP-12367,686.0000,0.1648,0.1372,0.0000,228471.2639,24338.5778,3.0000,0.3308
APP-12368,844.0000,0.2699,0.5034,4.0000,215008.7198,4936.7020,4.0000,0.9538
APP-12369,760.0000,0.1577,0.7929,2.0000,140608.4934,17416.4813,2.0000,0.5350
APP-12370,528.0000,0.5265,0.1484,4.0000,61373.2044,4141.7142,4.0000,0.8437
APP-12371,625.0000,0.3791,0.1897,6.0000,106453.1758,33829.2859,2.0000,0.1313
APP-12372,703.0000,0.4545,0.4114,1.0000,103674.5494,36267.7448,3.0000,0.5445
APP-12373,525.0000,0.1309,0.5577,3.0000,247939.2028,3358.5699,4.0000,0.9684
APP-12374,506.0000,0.2236,0.7015,5.0000,207508.1004,23451.1465,2.0000,0.4358
APP-12375,622.0000,0.3878,0.5547,6.0000,100964.8993,40743.7282,3.0000,0.7727
APP-12376,812.0000,0.1451,0.2450,2.0000,120774.2639,6563.0915,0.0000,0.7010
APP-12377,710.0000,0.1883,0.8131,1.0000,89767.0444,17367.6575,0.0000,0.3440
APP-12378,683.0000,0.1120,0.2885,3.0000,118753.5868,7111.4150,2.0000,0.8236
APP-12379,690.0000,0.6013,0.8222,5.0000,47656.8277,23433.4416,3.0000,0.4438
APP-12380,690.0000,0.3372,0.4956,5.0000,213704.1149,24906.7816,1.0000,0.3869
APP-12381,796.0000,0.1248,0.0864,5.0000,147132.1683,18850.0978,2.0000,0.6601
APP-12382,611.0000,0.3533,0.4816,2.0000,163114.1729,38005.0665,2.0000,0.2195
APP-12383,594.0000,0.5882,0.6387,6.0000,73295.3804,19618.3964,2.0000,0.8993
APP-12384,599.0000,0.2045,0.8420,6.0000,129402.6967,6706.7765,3.0000,0.0754
APP-12385,699.0000,0.2308,0.5739,5.0000,131708.2742,36270.4575,0.0000,0.8895
APP-12386,593.0000,0.6402,0.9423,5.0000,51248.7923,11155.4515,1.0000,0.5405
APP-12387,841.0000,0.5697,0.3927,7.0000,36714.4683,33109.3825,4.0000,0.6656
APP-12388,741.0000,0.4017,0.2711,6.0000,165949.5598,20684.5966,4.0000,0.9480
APP-12389,609.0000,0.2023,0.4490,1.0000,155767.5288,11390.9347,1.0000,0.9517
APP-12390,591.0000,0.2207,0.6426,6.0000,172103.3169,6276.4053,2.0000,0.8456
APP-12391,652.0000,0.5738,0.1355,4.0000,227126.6736,37550.9368,4.0000,0.7585
APP-12392,800.0000,0.4715,0.1310,3.0000,249636.8630,11410.4607,2.0000,0.5677
APP-12393,847.0000,0.2930,0.6119,3.0000,214629.0103,44493.1155,4.0000,0.2312
APP-12394,686.0000,0.1143,0.3954,1.0000,35094.0528,24473.7469,0.0000,0.4414
APP-12395,550.0000,0.1748,0.7549,7.0000,97533.9392,33270.9577,4.0000,0.5771
APP-12396,514.0000,0.5011,0.2873,0.0000,201071.3859,26349.0450,2.0000,0.2486
APP-12397,700.0000,0.4568,0.4401,4.0000,228261.4038,44924.9285,2.0000,0.6005
APP-12398,718.0000,0.2973,0.5135,7.0000,230618.8274,12298.6598,1.0000,0.5616
APP-12399,629.0000,0.4256,0.8981,5.0000,177623.8309,18833.8511,4.0000,0.7136
APP-12400,811.0000,0.5153,0.0566,7.0000,216329.6016,39955.2242,1.0000,0.6283
APP-12401,516.0000,0.4541,0.2453,7.0000,65215.5880,10234.8123,1.0000,0.8575
APP-12402,607.0000,0.2317,0.1328,0.0000,116362.3934,29047.0807,2.0000,0.4212
APP-12403,766.0000,0.6233,0.9422,1.0000,48378.2124,40563.6274,2.0000,0.5751
APP-12404,585.0000,0.1130,0.1690,0.0000,93827.9190,44645.0705,0.0000,0.6030
APP-12405,569.0000,0.4060,0.7909,2.0000,200779.9394,36402.1253,2.0000,0.3509
APP-12406,755.0000,0.2228,0.5181,3.0000,70984.2677,5011.9278,1.0000,0.6587
APP-12407,812.0000,0.4891,0.7542,2.0000,193330.7363,26415.3141,2.0000,0.3338
APP-12408,564.0000,0.4090,0.3215,1.0000,199038.1987,31545.6377,1.0000,0.7724
APP-12409,646.0000,0.2076,0.4779,0.0000,223560.8836,15145.9524,2.0000,0.8997
APP-12410,841.0000,0.3782,0.9301,4.0000,242791.7014,31121.2738,0.0000,0.2575
APP-12411,550.0000,0.3859,0.1357,4.0000,194367.3201,41155.1371,3.0000,0.5835
APP-12412,548.0000,0.3312,0.6086,2.0000,178605.5083,29793.5663,1.0000,0.8539
APP-12413,586.0000,0.1232,0.9125,2.0000,202413.7646,23228.2803,0.0000,0.5824
APP-12414,667.0000,0.2137,0.1640,3.0000,71630.7110,34629.6821,0.0000,0.4222
APP-12415,791.0000,0.6328,0.8060,1.0000,192539.6678,14759.5046,4.0000,0.6900
APP-12416,652.0000,0.2037,0.2985,1.0000,230069.1253,30737.4683,3.0000,0.4043
APP-12417,630.0000,0.3523,0.2306,0.0000,129710.2537,23789.8333,2.0000,0.4788
APP-12418,797.0000,0.2617,0.1998,2.0000,34848.5424,28272.0386,1.0000,0.9829
APP-12419,589.0000,0.5163,0.7121,0.0000,104087.4109,23090.0025,3.0000,0.3819
APP-12420,628.0000,0.4179,0.0822,2.0000,51248.5565,19841.3114,2.0000,0.8993
APP-12421,587.0000,0.4935,0.4285,3.0000,167802.1317,4228.4328,4.0000,0.7372
APP-12422,538.0000,0.4503,0.6772,2.0000,213652.6455,28734.8387,3.0000,0.4219
APP-12423,704.0000,0.3770,0.1757,4.0000,50103.4687,44020.7228,4.0000,0.8941
APP-12424,839.0000,0.6283,0.2517,1.0000,124036.4687,17231.6102,4.0000,0.1576
APP-12425,589.0000,0.4868,0.1872,1.0000,177979.0948,28861.4769,2.0000,0.9445
APP-12426,525.0000,0.4789,0.0735,7.0000,229639.2765,33116.5575,0.0000,0.7024
APP-12427,827.0000,0.4798,0.4609,7.0000,78489.5676,27960.4946,4.0000,0.5456
APP-12428,537.0000,0.3567,0.4971,0.0000,146167.1252,40710.1690,1.0000,0.4486
APP-12429,517.0000,0.4535,0.9011,1.0000,33786.3870,42074.8797,2.0000,0.9213
APP-12430,757.0000,0.4325,0.7053,4.0000,115838.7636,39461.3619,3.0000,0.8036
APP-12431,554.0000,0.5886,0.9231,2.0000,105920.8160,20086.8553,1.0000,0.5485
APP-12432,848.0000,0.6384,0.7312,1.0000,68989.2446,8021.6189,3.0000,0.8090
APP-12433,650.0000,0.3657,0.9309,2.0000,61517.8890,19223.5373,2.0000,0.5575
APP-12434,734.0000,0.4305,0.2734,7.0000,111220.4724,24488.6155,4.0000,0.7231
APP-12435,572.0000,0.2596,0.2008,1.0000,43453.2605,3824.6446,0.0000,0.6343
APP-12436,574.0000,0.5650,0.4022,4.0000,229402.2346,38047.3138,1.0000,0.2009
APP-12437,772.0000,0.4909,0.4926,7.0000,239823.5340,40084.5779,3.0000,0.2231
APP-12438,678.0000,0.6082,0.7922,6.0000,219863.6630,29182.6613,4.0000,0.7175
APP-12439,820.0000,0.4328,0.5373,5.0000,30811.9495,26946.9621,1.0000,0.2847
APP-12440,822.0000,0.4898,0.9072,2.0000,105868.8291,18656.4866,3.0000,0.8855
APP-12441,710.0000,0.1523,0.3097,2.0000,126046.5163,44053.3725,2.0000,0.5317
APP-12442,773.0000,0.4337,0.5710,4.0000,102406.6312,20755.8450,4.0000,0.1459
APP-12443,798.0000,0.3072,0.6365,7.0000,206007.9959,10865.2536,1.0000,0.7609
APP-12444,703.0000,0.3795,0.1903,2.0000,178563.7034,43320.9973,4.0000,0.7442
APP-12445,780.0000,0.2796,0.7570,5.0000,72931.9862,37919.6296,1.0000,0.6478
APP-12446,509.0000,0.2580,0.6255,7.0000,49060.1066,16072.5932,4.0000,0.9008
APP-12447,555.0000,0.5514,0.2227,6.0000,161979.4228,26009.3554,3.0000,0.7412
APP-12448,666.0000,0.4067,0.4222,7.0000,215561.8145,27164.5858,1.0000,0.7667
APP-12449,527.0000,0.2393,0.6267,2.0000,169499.0693,39715.6064,1.0000,0.5043
APP-12450,661.0000,0.5217,0.7101,5.0000,83949.0997,25545.2687,0.0000,0.7590
APP-12451,720.0000,0.1411,0.4256,1.0000,152626.6294,19979.6809,4.0000,0.4287
APP-12452,628.0000,0.2612,0.7002,0.0000,146782.4903,27448.5867,0.0000,0.4503
APP-12453,843.0000,0.2850,0.2846,3.0000,203133.1062,43810.8048,0.0000,0.5987
APP-12454,805.0000,0.1977,0.3245,6.0000,123677.2854,4247.8309,2.0000,0.7518
APP-12455,791.0000,0.5635,0.0606,3.0000,188640.3685,29826.7806,2.0000,0.0996
APP-12456,749.0000,0.4706,0.4888,2.0000,87134.2986,5541.5451,3.0000,0.4847
APP-12457,715.0000,0.4687,0.2195,7.0000,35248.4745,13300.4640,2.0000,0.0231
APP-12458,731.0000,0.4260,0.5918,3.0000,199350.0154,31918.4716,1.0000,0.5017
APP-12459,538.0000,0.3081,0.9191,1.0000,247006.9302,32534.9530,2.0000,0.4344
APP-12460,828.0000,0.4625,0.9497,1.0000,247011.2434,37847.0130,4.0000,0.0706
APP-12461,772.0000,0.5050,0.3870,1.0000,195238.9052,25245.3052,0.0000,0.3574
APP-12462,601.0000,0.3962,0.7103,7.0000,176924.8428,36485.3186,1.0000,0.2864
APP-12463,739.0000,0.3589,0.9146,4.0000,112361.7808,23637.0179,4.0000,0.8852
APP-12464,644.0000,0.2229,0.5211,0.0000,233414.1261,10668.9361,4.0000,0.4393
APP-12465,826.0000,0.1462,0.3505,4.0000,135744.8689,21153.6523,1.0000,0.0958
APP-12466,687.0000,0.1227,0.1902,3.0000,189978.7773,9421.3221,4.0000,0.4022
APP-12467,748.0000,0.4928,0.2085,4.0000,154731.1516,25473.0424,1.0000,0.6394
APP-12468,566.0000,0.2918,0.8187,6.0000,227324.0216,24192.3993,3.0000,0.9081
APP-12469,536.0000,0.4896,0.2831,3.0000,181674.5255,13233.1670,2.0000,0.8652
APP-12470,815.0000,0.3793,0.2936,2.0000,97495.6152,22908.0758,2.0000,0.4405
APP-12471,713.0000,0.3458,0.7220,2.0000,231496.5289,27957.1880,0.0000,0.6304
APP-12472,732.0000,0.4459,0.8031,5.0000,68926.2196,20694.4299,1.0000,0.9581
APP-12473,641.0000,0.2008,0.2376,0.0000,76810.4882,11614.2248,3.0000,0.1560
APP-12474,720.0000,0.6388,0.6698,4.0000,109008.4530,43014.2216,3.0000,0.8755
APP-12475,647.0000,0.2816,0.4519,6.0000,110896.4359,36508.9769,1.0000,0.8396
APP-12476,722.0000,0.5231,0.2991,7.0000,211143.0748,11157.0679,0.0000,0.9064
APP-12477,721.0000,0.2363,0.5182,3.0000,126214.1372,22497.6994,3.0000,0.9575
APP-12478,577.0000,0.3574,0.7497,3.0000,222080.0544,18260.6730,1.0000,0.1714
APP-12479,814.0000,0.3746,0.1395,7.0000,102997.5462,44854.0844,1.0000,0.5594
APP-12480,830.0000,0.2687,0.1140,6.0000,115133.4022,33025.1611,2.0000,0.1722
APP-12481,765.0000,0.2917,0.8706,3.0000,197827.6079,29906.4615,3.0000,0.2751
APP-12482,507.0000,0.3394,0.9171,3.0000,84366.1076,8325.4985,1.0000,0.7885
APP-12483,507.0000,0.5599,0.5257,7.0000,57201.9098,10179.8506,2.0000,0.8716
APP-12484,781.0000,0.3750,0.1793,3.0000,60505.1600,42048.4029,4.0000,0.4581
APP-12485,551.0000,0.1487,0.1207,7.0000,81158.3405,21306.3012,4.0000,0.7428
APP-12486,842.0000,0.2192,0.1904,3.0000,162121.7464,2644.0067,2.0000,0.2104
APP-12487,627.0000,0.6423,0.3044,4.0000,38928.7711,23363.0125,1.0000,0.4535
APP-12488,561.0000,0.1494,0.6655,4.0000,175979.1450,28581.5217,1.0000,0.0141
APP-12489,739.0000,0.4563,0.1492,6.0000,198307.0402,14501.1844,2.0000,0.7731
APP-12490,740.0000,0.2161,0.1732,6.0000,194428.2632,20295.4465,1.0000,0.2712
APP-12491,721.0000,0.3376,0.6917,0.0000,169096.7670,13872.4447,2.0000,0.0435
APP-12492,768.0000,0.2964,0.2817,6.0000,126727.1577,21004.6582,2.0000,0.3546
APP-12493,676.0000,0.6374,0.2445,0.0000,246079.5818,44320.9224,0.0000,0.3607
APP-12494,610.0000,0.4032,0.5744,6.0000,49891.0404,21744.5046,2.0000,0.7152
APP-12495,650.0000,0.2375,0.1209,5.0000,196581.6089,36678.1997,2.0000,0.3690
APP-12496,720.0000,0.4320,0.6162,4.0000,114001.2971,7532.7384,4.0000,0.3049
APP-12497,776.0000,0.1393,0.0673,0.0000,211692.1543,35965.6881,2.0000,0.0180
APP-12498,651.0000,0.6097,0.2597,6.0000,168420.9350,23778.4931,2.0000,0.7760
APP-12499,533.0000,0.2893,0.4554,5.0000,60564.8772,17764.0249,0.0000,0.0817
APP-12500,640.0000,0.5859,0.6178,4.0000,214738.2633,26786.0689,0.0000,0.3458
APP-12501,708.0000,0.5451,0.2335,1.0000,46796.0638,17079.5133,3.0000,0.2514
APP-12502,770.0000,0.2027,0.8413,6.0000,208362.0074,36818.0065,2.0000,0.9460
APP-12503,782.0000,0.6293,0.8771,1.0000,154778.3694,35933.4845,2.0000,0.6042
APP-12504,776.0000,0.6454,0.4827,3.0000,63096.2321,11888.8441,1.0000,0.0385
APP-12505,595.0000,0.5429,0.2952,2.0000,160857.7717,20577.0610,0.0000,0.6720
APP-12506,508.0000,0.3483,0.1494,3.0000,152063.7280,7953.3004,4.0000,0.8751
APP-12507,570.0000,0.4699,0.8948,7.0000,99637.1210,2239.9013,3.0000,0.6648
APP-12508,541.0000,0.1444,0.1702,6.0000,208738.8639,14748.8361,2.0000,0.5231
APP-12509,735.0000,0.6066,0.3188,5.0000,57729.5471,26106.0405,2.0000,0.3302
APP-12510,594.0000,0.2220,0.3461,5.0000,60745.9019,34650.4077,0.0000,0.6168
APP-12511,561.0000,0.4942,0.2915,6.0000,83266.2755,42845.6253,4.0000,0.0504
APP-12512,688.0000,0.5408,0.0519,5.0000,220429.7097,20183.2031,3.0000,0.2304
APP-12513,670.0000,0.6333,0.2364,6.0000,66544.9331,2147.4447,2.0000,0.9120
APP-12514,746.0000,0.5531,0.7237,0.0000,207433.1259,29946.9855,4.0000,0.7065
APP-12515,822.0000,0.5499,0.2349,6.0000,200196.8674,10888.9337,1.0000,0.1028
APP-12516,529.0000,0.4880,0.7377,2.0000,164069.2776,26769.5329,1.0000,0.6671
APP-12517,521.0000,0.4172,0.4243,1.0000,133313.3180,21430.5562,3.0000,0.8916
APP-12518,785.0000,0.1230,0.1229,1.0000,108387.4302,13961.6508,4.0000,0.6673
APP-12519,818.0000,0.6350,0.7943,7.0000,77493.1821,14847.4321,2.0000,0.5889
APP-12520,617.0000,0.3469,0.6216,6.0000,182904.3216,16714.7427,0.0000,0.4948
APP-12521,566.0000,0.5382,0.6009,3.0000,131575.4178,9508.9252,4.0000,0.5892
APP-12522,604.0000,0.3075,0.1852,7.0000,90232.9975,32346.3908,0.0000,0.8637
APP-12523,668.0000,0.3508,0.6110,4.0000,101404.6671,18966.1470,2.0000,0.3196
APP-12524,504.0000,0.3543,0.7669,6.0000,60709.8055,32878.7463,2.0000,0.7668
APP-12525,546.0000,0.6445,0.9467,6.0000,39798.0692,27041.4364,1.0000,0.6382
APP-12526,512.0000,0.2162,0.6538,1.0000,126425.8022,11765.2279,4.0000,0.1380
APP-12527,748.0000,0.3760,0.4390,6.0000,244764.5885,15813.9801,2.0000,0.2439
APP-12528,655.0000,0.1851,0.7870,7.0000,237594.3114,41729.7267,3.0000,0.8760
APP-12529,849.0000,0.3718,0.0953,4.0000,59794.8102,20135.1846,0.0000,0.3278
APP-12530,655.0000,0.4003,0.4274,2.0000,151318.3751,6868.5552,4.0000,0.4111
APP-12531,605.0000,0.1752,0.7090,4.0000,106562.1706,29657.4282,1.0000,0.3361
APP-12532,607.0000,0.4840,0.3735,6.0000,172952.7051,16716.7592,0.0000,0.5549
APP-12533,823.0000,0.5554,0.1030,3.0000,35968.6894,22023.5410,2.0000,0.0747
APP-12534,565.0000,0.5488,0.1498,0.0000,149578.6223,10876.9243,2.0000,0.4428
APP-12535,755.0000,0.5011,0.2005,0.0000,131450.6782,2548.7047,3.0000,0.4998
APP-12536,807.0000,0.1775,0.7981,6.0000,153477.8078,27140.5726,3.0000,0.8079
APP-12537,837.0000,0.4418,0.6987,5.0000,63504.1035,20670.8256,1.0000,0.2184
APP-12538,529.0000,0.4841,0.7375,1.0000,166118.3276,19434.7077,1.0000,0.3903
APP-12539,735.0000,0.5176,0.8684,5.0000,95192.7703,41690.5204,0.0000,0.5263
APP-12540,783.0000,0.4902,0.3223,2.0000,141834.5324,13230.9770,4.0000,0.8035
APP-12541,738.0000,0.4458,0.7188,3.0000,221177.7792,27214.6266,1.0000,0.6979
APP-12542,794.0000,0.5003,0.3781,1.0000,50627.3081,37555.3657,4.0000,0.0541
APP-12543,830.0000,0.5688,0.7571,0.0000,117465.5532,21563.1985,2.0000,0.3523
APP-12544,808.0000,0.4131,0.6763,7.0000,150636.1820,34388.0107,4.0000,0.2231
APP-12545,754.0000,0.1799,0.9408,4.0000,120749.9290,26056.7522,2.0000,0.1304
APP-12546,567.0000,0.5488,0.7314,7.0000,135516.6697,17093.1153,4.0000,0.2799
APP-12547,796.0000,0.4636,0.0553,0.0000,188521.3447,41003.6306,4.0000,0.5700
APP-12548,739.0000,0.4776,0.6798,3.0000,177384.4394,18201.4463,0.0000,0.8106
APP-12549,599.0000,0.2618,0.1415,3.0000,134997.7877,21729.7235,0.0000,0.8773
APP-12550,726.0000,0.1823,0.5415,0.0000,86550.0222,29853.1900,0.0000,0.3388
APP-12551,559.0000,0.5294,0.1916,6.0000,86772.2203,27525.6021,2.0000,0.2358
APP-12552,791.0000,0.1272,0.4953,7.0000,198107.0075,24037.2161,0.0000,0.5723
APP-12553,724.0000,0.3213,0.7634,1.0000,129077.2792,31672.6783,0.0000,0.6631
APP-12554,725.0000,0.3799,0.3102,6.0000,102436.3365,31831.2635,1.0000,0.5517
APP-12555,588.0000,0.1096,0.1874,7.0000,180705.4629,24768.5497,4.0000,0.8234
APP-12556,553.0000,0.4284,0.3330,3.0000,140610.9306,23739.5474,1.0000,0.3979
APP-12557,650.0000,0.1658,0.2063,5.0000,127083.8438,9081.6025,3.0000,0.3351
APP-12558,622.0000,0.2328,0.2152,3.0000,60506.5610,32568.8293,1.0000,0.5654
APP-12559,799.0000,0.6465,0.6775,2.0000,228135.7084,44617.2503,1.0000,0.6567
APP-12560,844.0000,0.4081,0.6839,2.0000,212738.0917,14505.4636,0.0000,0.3377
APP-12561,720.0000,0.6325,0.5262,1.0000,214173.1450,10610.8904,2.0000,0.2586
APP-12562,779.0000,0.3709,0.2770,7.0000,71234.9325,42397.9601,2.0000,0.9574
APP-12563,830.0000,0.5419,0.5267,0.0000,140943.0801,19667.7642,4.0000,0.7037
APP-12564,757.0000,0.1209,0.9037,3.0000,238489.2023,31767.2983,4.0000,0.6108
APP-12565,624.0000,0.2602,0.3953,6.0000,234107.3289,22256.1976,0.0000,0.2891
APP-12566,581.0000,0.2558,0.4312,4.0000,38544.1709,26194.0505,2.0000,0.9131
APP-12567,598.0000,0.1384,0.4948,0.0000,31511.4304,16358.6456,1.0000,0.5281
APP-12568,610.0000,0.6237,0.2106,2.0000,142473.9980,35138.4272,3.0000,0.2747
APP-12569,574.0000,0.3776,0.2702,5.0000,76647.5901,23672.3149,2.0000,0.3643
APP-12570,736.0000,0.4261,0.6718,0.0000,76276.6553,22727.1023,1.0000,0.3748
APP-12571,841.0000,0.3863,0.1954,6.0000,132290.6037,26117.3330,1.0000,0.0435
APP-12572,590.0000,0.2367,0.5941,5.0000,40364.2270,42312.5344,2.0000,0.4109
APP-12573,650.0000,0.6084,0.3973,2.0000,177288.0911,37187.7024,0.0000,0.2655
APP-12574,829.0000,0.4679,0.3257,6.0000,107189.2059,4575.7698,2.0000,0.4532
APP-12575,822.0000,0.1680,0.5448,3.0000,46055.9281,17442.9685,0.0000,0.5594
APP-12576,509.0000,0.3540,0.2531,3.0000,216845.3190,8624.1803,0.0000,0.3389
APP-12577,620.0000,0.1008,0.3287,2.0000,145380.1501,41213.6309,1.0000,0.0399
APP-12578,622.0000,0.4711,0.5221,3.0000,231309.9224,12588.4774,3.0000,0.9190
APP-12579,600.0000,0.3880,0.6416,6.0000,30965.8597,34965.1378,3.0000,0.1252
APP-12580,829.0000,0.5973,0.8027,0.0000,158647.2029,28428.0063,4.0000,0.3536
APP-12581,769.0000,0.6210,0.7922,7.0000,133348.9064,34981.3763,4.0000,0.7227
APP-12582,522.0000,0.1540,0.4980,6.0000,236232.3445,30780.0150,1.0000,0.8718
APP-12583,716.0000,0.1492,0.1168,7.0000,68894.1609,14365.0431,1.0000,0.6432
APP-12584,701.0000,0.5945,0.2193,5.0000,150064.2647,23425.9696,4.0000,0.2456
APP-12585,683.0000,0.3817,0.0504,0.0000,67896.9142,9413.2460,4.0000,0.6602
APP-12586,752.0000,0.3583,0.2170,6.0000,218994.1196,11954.8508,3.0000,0.4044
APP-12587,654.0000,0.4139,0.0777,5.0000,103693.5608,7343.4683,2.0000,0.7399
APP-12588,749.0000,0.3565,0.6933,3.0000,129042.3023,39670.8616,1.0000,0.3976
APP-12589,663.0000,0.4378,0.5415,4.0000,181281.0870,14283.7002,0.0000,0.0960
APP-12590,830.0000,0.6220,0.0822,2.0000,89573.8545,7653.6101,4.0000,0.5262
APP-12591,792.0000,0.4333,0.6059,7.0000,56562.0411,12361.7508,2.0000,0.0514
APP-12592,518.0000,0.2764,0.7827,7.0000,128198.2704,13316.0112,0.0000,0.6209
APP-12593,553.0000,0.2174,0.0757,4.0000,111071.8135,7388.9954,1.0000,0.3210
APP-12594,639.0000,0.6314,0.1643,7.0000,108011.3290,31993.5868,3.0000,0.8745
APP-12595,517.0000,0.4187,0.4741,3.0000,31686.9168,30656.5750,1.0000,0.5009
APP-12596,524.0000,0.4117,0.0881,1.0000,201445.8393,27338.9888,4.0000,0.0434
APP-12597,502.0000,0.1183,0.0691,3.0000,192756.9581,39376.3629,1.0000,0.6357
APP-12598,814.0000,0.6051,0.5742,7.0000,184891.3610,4319.7537,4.0000,0.8245
APP-12599,673.0000,0.3583,0.5563,6.0000,120460.1127,28100.8750,2.0000,0.0540
APP-12600,773.0000,0.6499,0.7760,0.0000,139017.4393,27284.0810,4.0000,0.7400
APP-12601,786.0000,0.1923,0.1201,5.0000,176026.2303,32828.9116,2.0000,0.7563
APP-12602,558.0000,0.2794,0.8575,6.0000,240191.0737,15999.8732,3.0000,0.6770
APP-12603,734.0000,0.2155,0.0668,0.0000,92145.8152,20314.5808,1.0000,0.4903
APP-12604,716.0000,0.3084,0.3212,4.0000,194457.1072,16569.9005,1.0000,0.6445
APP-12605,846.0000,0.6371,0.0938,7.0000,165289.3746,18784.6890,0.0000,0.4898
APP-12606,805.0000,0.3281,0.2698,2.0000,169652.7405,29522.0018,2.0000,0.3788
APP-12607,713.0000,0.5549,0.7837,5.0000,50601.6035,13107.1551,2.0000,0.0587
APP-12608,736.0000,0.5154,0.1626,3.0000,198051.9926,39324.2172,3.0000,0.4964
APP-12609,678.0000,0.2639,0.2317,1.0000,120371.0398,44736.5197,4.0000,0.7774
APP-12610,704.0000,0.4189,0.6002,3.0000,102494.6290,20318.4077,4.0000,0.0599
APP-12611,703.0000,0.5684,0.0695,3.0000,125139.6990,44604.2170,1.0000,0.0465
APP-12612,809.0000,0.4362,0.5922,3.0000,221822.6826,22730.4263,0.0000,0.1760
APP-12613,808.0000,0.2457,0.8549,2.0000,173683.9242,2852.2227,2.0000,0.2993
APP-12614,577.0000,0.5747,0.1126,7.0000,32057.8620,40804.9442,4.0000,0.5000
APP-12615,505.0000,0.4059,0.0553,4.0000,81591.6310,16464.7860,3.0000,0.8221
APP-12616,591.0000,0.6390,0.4154,5.0000,182833.8468,4599.1426,2.0000,0.0391
APP-12617,663.0000,0.4606,0.8142,4.0000,222630.3086,9928.0739,2.0000,0.7762
APP-12618,577.0000,0.3469,0.8917,2.0000,148377.1103,33135.8878,4.0000,0.7101
APP-12619,643.0000,0.3397,0.7711,7.0000,160287.7429,12019.4547,3.0000,0.4992
APP-12620,651.0000,0.5841,0.6344,3.0000,91838.5410,33530.2577,4.0000,0.1985
APP-12621,833.0000,0.6393,0.4339,0.0000,60819.3047,37758.9809,0.0000,0.0933
APP-12622,653.0000,0.3257,0.7601,3.0000,126264.7110,41133.7355,1.0000,0.1650
APP-12623,565.0000,0.1897,0.7310,3.0000,148416.2769,40968.2801,0.0000,0.3362
APP-12624,643.0000,0.1219,0.2153,3.0000,154213.3342,9764.3623,2.0000,0.5302
APP-12625,508.0000,0.2773,0.6942,1.0000,71860.2578,26015.8126,0.0000,0.3524
APP-12626,510.0000,0.2881,0.7633,3.0000,46963.1924,39983.8205,4.0000,0.5576
APP-12627,721.0000,0.3342,0.8608,0.0000,103844.1607,12448.2792,4.0000,0.8738
APP-12628,588.0000,0.1798,0.7067,2.0000,206627.6883,44962.3720,4.0000,0.1372
APP-12629,718.0000,0.3710,0.7092,6.0000,90020.4888,33664.2394,0.0000,0.8865
APP-12630,512.0000,0.6189,0.8615,5.0000,180414.8467,42149.7806,2.0000,0.2004
APP-12631,611.0000,0.2279,0.2248,6.0000,87128.3011,15366.3401,4.0000,0.4927
APP-12632,700.0000,0.4766,0.5450,1.0000,81680.6928,10713.0072,2.0000,0.7290
APP-12633,688.0000,0.1209,0.8541,7.0000,76445.1669,42834.0500,0.0000,0.6929
APP-12634,707.0000,0.4541,0.6185,1.0000,124292.6396,14110.0053,3.0000,0.7530
APP-12635,708.0000,0.6156,0.8882,4.0000,89115.3302,40883.7942,2.0000,0.7094
APP-12636,612.0000,0.2553,0.0954,7.0000,109740.1064,9319.0430,4.0000,0.0257
APP-12637,623.0000,0.5489,0.2426,2.0000,156861.3853,17414.3408,2.0000,0.4961
APP-12638,642.0000,0.1453,0.2492,0.0000,212998.1023,29030.5832,1.0000,0.3816
APP-12639,647.0000,0.2970,0.1207,2.0000,198544.4862,41211.2709,3.0000,0.9194
APP-12640,775.0000,0.1037,0.6105,0.0000,126207.5106,21836.6969,3.0000,0.9456
APP-12641,549.0000,0.2953,0.4113,4.0000,96531.6724,27763.9324,0.0000,0.2611
APP-12642,696.0000,0.2704,0.2682,6.0000,174474.3339,16033.4785,1.0000,0.7078
APP-12643,769.0000,0.4810,0.7050,5.0000,125318.7098,10395.9481,3.0000,0.2424
APP-12644,619.0000,0.2620,0.6586,1.0000,196602.3980,33848.9996,4.0000,0.7436
APP-12645,636.0000,0.5527,0.0853,0.0000,219054.3930,33599.0038,4.0000,0.3031
APP-12646,737.0000,0.2603,0.4456,2.0000,93057.4290,39153.8963,0.0000,0.7260
APP-12647,725.0000,0.2228,0.6982,7.0000,114699.9613,8479.4956,4.0000,0.0366
APP-12648,693.0000,0.3720,0.1430,2.0000,36357.8294,4520.1207,2.0000,0.6987
APP-12649,649.0000,0.4611,0.7655,7.0000,124472.9220,28884.8862,4.0000,0.4223
APP-12650,516.0000,0.5888,0.6044,7.0000,126421.7695,23018.6982,1.0000,0.7338
APP-12651,556.0000,0.5474,0.6963,6.0000,231668.2488,28904.6188,4.0000,0.0998
APP-12652,670.0000,0.3885,0.2754,1.0000,119320.0007,12267.6176,2.0000,0.8607
APP-12653,745.0000,0.6381,0.7229,1.0000,123636.1007,37501.2857,1.0000,0.6621
APP-12654,570.0000,0.2631,0.2063,1.0000,102390.2419,21131.2619,1.0000,0.3734
APP-12655,646.0000,0.6497,0.8243,2.0000,52744.0075,31124.2021,0.0000,0.3447
APP-12656,586.0000,0.3119,0.2354,3.0000,162765.4223,10384.9817,4.0000,0.2996
APP-12657,564.0000,0.2443,0.2914,5.0000,76478.4777,4134.2644,2.0000,0.5870
APP-12658,814.0000,0.3105,0.6538,0.0000,144574.2268,17391.6255,3.0000,0.0486
APP-12659,826.0000,0.4222,0.3502,2.0000,199107.1778,20314.4901,1.0000,0.7077
APP-12660,844.0000,0.3607,0.3281,2.0000,191418.9595,20471.2042,1.0000,0.7810
APP-12661,812.0000,0.1276,0.1063,3.0000,54063.5797,12293.7301,4.0000,0.2583
APP-12662,641.0000,0.2958,0.7881,4.0000,122591.3680,22098.2412,0.0000,0.1472
APP-12663,754.0000,0.3705,0.4634,5.0000,205940.3637,23747.2450,2.0000,0.9621
APP-12664,599.0000,0.4648,0.4037,7.0000,31530.1640,14315.3501,2.0000,0.6313
APP-12665,701.0000,0.6242,0.2710,0.0000,62456.1134,16277.4553,1.0000,0.6901
APP-12666,588.0000,0.6257,0.5497,1.0000,121866.3973,26055.2317,2.0000,0.6297
APP-12667,718.0000,0.3827,0.5536,1.0000,141370.3627,3925.5274,4.0000,0.2543
APP-12668,647.0000,0.4130,0.0521,2.0000,144892.7007,3775.0381,1.0000,0.7956
APP-12669,626.0000,0.4839,0.1270,0.0000,226062.6746,20599.0403,1.0000,0.4818
APP-12670,530.0000,0.5594,0.6016,3.0000,194808.5915,4695.4540,1.0000,0.2682
APP-12671,592.0000,0.5099,0.3056,2.0000,239254.4782,34096.1233,2.0000,0.5916
APP-12672,654.0000,0.4963,0.9354,4.0000,242439.6536,27233.5862,4.0000,0.8760
APP-12673,707.0000,0.3460,0.2737,3.0000,41114.5120,3129.3339,2.0000,0.7707
APP-12674,792.0000,0.5779,0.1868,5.0000,52086.8512,16168.3496,3.0000,0.7074
APP-12675,759.0000,0.4644,0.0902,6.0000,207313.1223,5782.2795,4.0000,0.2721
APP-12676,690.0000,0.1876,0.6679,0.0000,235661.6188,40968.5169,0.0000,0.2834
APP-12677,673.0000,0.4291,0.3116,1.0000,180186.8400,15361.8512,2.0000,0.8243
APP-12678,663.0000,0.2708,0.2966,5.0000,32059.9061,18433.8635,4.0000,0.7937
APP-12679,813.0000,0.2117,0.1494,2.0000,50974.9483,35846.8739,1.0000,0.8540
APP-12680,793.0000,0.4569,0.0972,7.0000,242629.1470,11305.5726,1.0000,0.9397
APP-12681,635.0000,0.4532,0.2573,0.0000,49743.0371,10939.3802,0.0000,0.3682
APP-12682,697.0000,0.6251,0.4070,0.0000,228175.5661,36712.8636,0.0000,0.5979
APP-12683,631.0000,0.6369,0.6459,3.0000,112289.7615,24922.3404,2.0000,0.5630
APP-12684,698.0000,0.3248,0.1411,4.0000,234703.7950,13033.1994,3.0000,0.3075
APP-12685,648.0000,0.1982,0.3795,0.0000,73509.9021,8782.7360,3.0000,0.5452
APP-12686,797.0000,0.1773,0.9432,3.0000,243910.9213,36034.5035,2.0000,0.9746
APP-12687,746.0000,0.6358,0.6630,2.0000,144608.8313,10768.5013,1.0000,0.9269
APP-12688,561.0000,0.3177,0.9493,5.0000,198883.4179,23118.2648,2.0000,0.5189
APP-12689,509.0000,0.2885,0.1215,6.0000,76309.5156,10172.0978,3.0000,0.2499
APP-12690,836.0000,0.4416,0.4144,4.0000,59266.7810,18153.5717,1.0000,0.8284
APP-12691,623.0000,0.1315,0.2572,7.0000,81299.6723,5607.5462,2.0000,0.8497
APP-12692,552.0000,0.4557,0.8974,4.0000,194410.1923,2437.7090,2.0000,0.5617
APP-12693,760.0000,0.5817,0.8648,2.0000,30141.2841,26795.2015,0.0000,0.4686
APP-12694,665.0000,0.4983,0.5621,0.0000,181750.7582,26476.0696,3.0000,0.1883
APP-12695,694.0000,0.3296,0.3264,2.0000,52528.2103,10159.8743,0.0000,0.3332
APP-12696,722.0000,0.1639,0.5404,2.0000,175820.7179,10486.6177,2.0000,0.0243
APP-12697,608.0000,0.2327,0.8340,6.0000,96470.9513,35245.6732,0.0000,0.4397
APP-12698,698.0000,0.2460,0.5665,3.0000,228198.5321,21204.9764,1.0000,0.1356
APP-12699,729.0000,0.3117,0.7387,5.0000,99119.1794,27972.9439,2.0000,0.5171
APP-12700,714.0000,0.1733,0.6690,1.0000,230350.8375,14034.5490,0.0000,0.2532
APP-12701,815.0000,0.4166,0.1378,3.0000,154930.9617,27203.8611,4.0000,0.8790
APP-12702,636.0000,0.3015,0.7321,6.0000,77959.6184,19984.1389,4.0000,0.1308
APP-12703,676.0000,0.3730,0.2377,7.0000,217233.1532,13794.5791,1.0000,0.4408
APP-12704,762.0000,0.2568,0.8335,2.0000,96078.1863,25808.0724,2.0000,0.1461
APP-12705,758.0000,0.3496,0.3287,3.0000,164424.8509,4976.3797,3.0000,0.5683
APP-12706,848.0000,0.4920,0.5578,2.0000,149714.7704,7447.5607,2.0000,0.3189
APP-12707,569.0000,0.1485,0.3072,7.0000,202936.0698,21064.9595,4.0000,0.1124
APP-12708,822.0000,0.3806,0.0577,0.0000,86280.6346,15238.5786,4.0000,0.5985
APP-12709,665.0000,0.4401,0.7521,7.0000,57589.0384,36695.9694,2.0000,0.5374
APP-12710,575.0000,0.4672,0.6934,5.0000,230818.1782,10454.0813,3.0000,0.2161
APP-12711,601.0000,0.6075,0.8813,7.0000,98695.5574,7762.8725,4.0000,0.9575
APP-12712,623.0000,0.5296,0.5653,1.0000,166820.7594,4868.1409,4.0000,0.7826
APP-12713,847.0000,0.5064,0.2193,0.0000,221607.4147,37113.9374,1.0000,0.6149
APP-12714,538.0000,0.5774,0.2038,1.0000,47802.8539,38988.4844,4.0000,0.9346
APP-12715,576.0000,0.6029,0.4004,2.0000,94234.8546,40749.2536,2.0000,0.7419
APP-12716,750.0000,0.5616,0.3476,1.0000,48382.8969,40139.7503,4.0000,0.4831
APP-12717,831.0000,0.4377,0.4172,2.0000,232748.7607,39578.5397,2.0000,0.9539
APP-12718,527.0000,0.5637,0.2525,2.0000,236933.4556,43919.3309,4.0000,0.6392
APP-12719,643.0000,0.2795,0.9398,5.0000,229131.2454,19124.1269,0.0000,0.1437
APP-12720,643.0000,0.6236,0.1271,2.0000,110239.9464,30299.1486,3.0000,0.1066
APP-12721,674.0000,0.1954,0.7152,2.0000,135509.6771,3803.2927,2.0000,0.1004
APP-12722,767.0000,0.2261,0.5609,6.0000,231052.7153,39247.6756,0.0000,0.3583
APP-12723,683.0000,0.1872,0.5501,1.0000,224717.8564,8242.1846,3.0000,0.0182
APP-12724,548.0000,0.5274,0.6020,2.0000,32519.9665,31322.4113,2.0000,0.5576
APP-12725,584.0000,0.3390,0.8636,2.0000,69389.4831,16035.0240,0.0000,0.4377
APP-12726,758.0000,0.5059,0.6576,3.0000,119830.2268,27276.0871,0.0000,0.3666
APP-12727,583.0000,0.3805,0.2938,2.0000,195146.5308,36106.0551,3.0000,0.4309
APP-12728,673.0000,0.3218,0.2923,4.0000,114313.8527,23881.1984,4.0000,0.4259
APP-12729,631.0000,0.5930,0.7953,6.0000,75357.2289,42872.6135,2.0000,0.9784
APP-12730,653.0000,0.3377,0.4803,3.0000,212298.3964,15297.7814,1.0000,0.4203
APP-12731,760.0000,0.4401,0.6844,7.0000,105011.4785,26094.5893,1.0000,0.9136
APP-12732,585.0000,0.5722,0.3883,5.0000,54944.1698,38893.2782,3.0000,0.8466
APP-12733,745.0000,0.2169,0.7144,2.0000,169383.2695,25715.5495,1.0000,0.4292
APP-12734,766.0000,0.3215,0.4317,2.0000,220229.9533,24979.8686,2.0000,0.0514
APP-12735,849.0000,0.1797,0.4938,0.0000,156883.5122,18617.1311,4.0000,0.8413
APP-12736,658.0000,0.3985,0.8856,0.0000,249200.3634,35442.6202,3.0000,0.2180
APP-12737,530.0000,0.5343,0.4954,5.0000,222293.7001,17444.8946,4.0000,0.0673
APP-12738,733.0000,0.1303,0.2523,6.0000,83830.8733,12666.5314,3.0000,0.8636
APP-12739,765.0000,0.1332,0.5283,3.0000,102436.9894,7531.8046,1.0000,0.6552
APP-12740,510.0000,0.5077,0.0577,1.0000,73066.9372,20379.9346,0.0000,0.1845
APP-12741,568.0000,0.4903,0.3010,3.0000,152690.5191,14295.5643,2.0000,0.2932
APP-12742,620.0000,0.3212,0.5937,4.0000,173446.9150,44554.0639,1.0000,0.7408
APP-12743,678.0000,0.2984,0.1139,2.0000,194921.1348,28276.1347,2.0000,0.1309
APP-12744,680.0000,0.2551,0.4599,3.0000,146525.9162,44677.6404,4.0000,0.7182
APP-12745,568.0000,0.1340,0.5890,3.0000,56952.1168,31899.1558,3.0000,0.4593
APP-12746,569.0000,0.3825,0.2539,0.0000,85082.1713,38447.3444,0.0000,0.8304
APP-12747,827.0000,0.4388,0.2460,1.0000,133032.5165,6816.2882,1.0000,0.6402
APP-12748,751.0000,0.5760,0.6519,0.0000,89260.1637,31732.1751,0.0000,0.9724
APP-12749,677.0000,0.3980,0.9268,4.0000,41153.5414,7094.4155,1.0000,0.8499
APP-12750,615.0000,0.1836,0.3266,7.0000,225696.9443,8296.7208,4.0000,0.3468
APP-12751,664.0000,0.2695,0.2369,7.0000,144691.8163,5326.5035,0.0000,0.4819
APP-12752,837.0000,0.5318,0.9356,5.0000,160961.5802,28821.3115,3.0000,0.9307
APP-12753,607.0000,0.4400,0.8012,7.0000,52527.3714,29972.7712,0.0000,0.1591
APP-12754,615.0000,0.5241,0.8924,3.0000,230321.5282,14484.2840,0.0000,0.4188
APP-12755,657.0000,0.3274,0.0915,5.0000,219739.0520,40502.8416,0.0000,0.5748
APP-12756,565.0000,0.1371,0.8902,4.0000,115927.7592,41706.5857,2.0000,0.3542
APP-12757,538.0000,0.5907,0.8045,3.0000,73609.5842,36609.2446,0.0000,0.1023
APP-12758,812.0000,0.2921,0.3197,5.0000,204775.9242,28920.9318,0.0000,0.2123
APP-12759,739.0000,0.1459,0.6118,7.0000,156325.9153,27702.8302,1.0000,0.4343
APP-12760,617.0000,0.4228,0.2049,3.0000,212942.0469,18899.5967,3.0000,0.8648
APP-12761,699.0000,0.5092,0.4259,5.0000,136020.0677,21623.6686,1.0000,0.5706
APP-12762,673.0000,0.3629,0.5922,1.0000,226080.7613,8069.5981,0.0000,0.3025
APP-12763,534.0000,0.4376,0.1493,4.0000,187557.1264,43095.9798,0.0000,0.1747
APP-12764,764.0000,0.3295,0.9198,5.0000,107499.9452,27341.3871,0.0000,0.6160
APP-12765,535.0000,0.5475,0.8862,2.0000,196067.8917,18345.6505,4.0000,0.1870
APP-12766,699.0000,0.5310,0.8306,6.0000,100751.6719,10674.3113,2.0000,0.0793
APP-12767,602.0000,0.4960,0.1657,6.0000,124486.6230,19491.9380,0.0000,0.0424
APP-12768,652.0000,0.1109,0.6522,6.0000,117917.5581,9216.9453,0.0000,0.6937
APP-12769,665.0000,0.3840,0.8514,6.0000,122035.7081,36316.7111,4.0000,0.8786
APP-12770,652.0000,0.5319,0.1739,4.0000,189643.2053,33048.4095,4.0000,0.5295
APP-12771,577.0000,0.2347,0.6326,4.0000,84046.9725,34098.3554,3.0000,0.2836
APP-12772,529.0000,0.2426,0.2338,7.0000,101106.7122,31435.5429,2.0000,0.2103
APP-12773,545.0000,0.5973,0.6709,2.0000,142693.9794,40444.8861,3.0000,0.2808
APP-12774,754.0000,0.5629,0.6328,0.0000,90900.5616,9837.4811,2.0000,0.3091
APP-12775,533.0000,0.6435,0.8344,3.0000,59250.3125,24560.9879,1.0000,0.6018
APP-12776,677.0000,0.3736,0.4871,3.0000,184711.1334,28526.9391,2.0000,0.9150
APP-12777,606.0000,0.1683,0.7330,4.0000,161428.5166,44214.7639,4.0000,0.2296
APP-12778,743.0000,0.1045,0.2226,1.0000,238187.7659,17591.6498,1.0000,0.3621
APP-12779,720.0000,0.4884,0.6284,1.0000,193367.8533,13901.2094,1.0000,0.5926
APP-12780,564.0000,0.5492,0.8392,7.0000,155865.0982,4541.7471,3.0000,0.4442
APP-12781,737.0000,0.3356,0.7007,3.0000,88660.9392,43717.3673,0.0000,0.1243
APP-12782,730.0000,0.3342,0.8407,3.0000,73910.6029,12899.3875,2.0000,0.1634
APP-12783,599.0000,0.5621,0.6168,0.0000,145145.7160,6782.5224,0.0000,0.5769
APP-12784,794.0000,0.2023,0.5463,0.0000,131355.6186,40560.5688,0.0000,0.6064
APP-12785,654.0000,0.1349,0.8735,6.0000,119100.7411,42053.3720,1.0000,0.5868
APP-12786,511.0000,0.6311,0.3411,5.0000,127143.2287,25275.2928,3.0000,0.8089
APP-12787,719.0000,0.3983,0.7235,3.0000,76677.3187,13667.0429,0.0000,0.1986
APP-12788,657.0000,0.5248,0.6737,3.0000,122551.6398,23252.1275,0.0000,0.4519
APP-12789,626.0000,0.6251,0.7828,3.0000,38624.6552,6782.8172,4.0000,0.4662
APP-12790,657.0000,0.5457,0.4979,6.0000,153312.5406,7728.7309,4.0000,0.2209
APP-12791,842.0000,0.3572,0.4942,7.0000,152519.0963,22623.8321,2.0000,0.7054
APP-12792,635.0000,0.4565,0.0808,3.0000,176714.3688,38288.8433,2.0000,0.3160
APP-12793,742.0000,0.4477,0.8883,3.0000,187033.1523,8208.2177,4.0000,0.6167
APP-12794,797.0000,0.6090,0.3986,3.0000,178269.7061,29690.1821,1.0000,0.4228
APP-12795,702.0000,0.1776,0.5468,3.0000,206834.0137,16321.1664,2.0000,0.2452
APP-12796,811.0000,0.4826,0.2284,2.0000,59274.4606,4404.7391,0.0000,0.2127
APP-12797,674.0000,0.5746,0.6046,2.0000,224955.3052,12834.8192,0.0000,0.4921
APP-12798,578.0000,0.2975,0.3615,3.0000,115453.9337,4973.8585,1.0000,0.2457
APP-12799,672.0000,0.4896,0.5765,6.0000,176677.6249,10078.2688,2.0000,0.6706
APP-12800,543.0000,0.2374,0.7118,2.0000,56523.5575,15121.7613,0.0000,0.6147
APP-12801,602.0000,0.1484,0.5990,3.0000,79354.9789,9461.8604,0.0000,0.7842
APP-12802,571.0000,0.1140,0.0776,2.0000,234779.6412,19369.4706,0.0000,0.1405
APP-12803,527.0000,0.3915,0.7755,3.0000,60262.2953,2134.8863,4.0000,0.8745
APP-12804,553.0000,0.1284,0.5548,0.0000,132355.6848,3246.4964,1.0000,0.5227
APP-12805,793.0000,0.4258,0.2646,3.0000,50795.6673,34909.7961,3.0000,0.6482
APP-12806,800.0000,0.3065,0.3413,5.0000,50527.3418,35406.6494,4.0000,0.9695
APP-12807,816.0000,0.1038,0.7799,5.0000,248666.2407,18487.0668,1.0000,0.5187
APP-12808,508.0000,0.2246,0.8927,5.0000,170488.7821,44263.7643,0.0000,0.8723
APP-12809,841.0000,0.5061,0.7821,4.0000,169940.5728,13744.9854,3.0000,0.3283
APP-12810,619.0000,0.3083,0.8476,4.0000,89558.9196,34141.2807,1.0000,0.8235
APP-12811,641.0000,0.4991,0.4909,3.0000,63461.7159,21049.0756,3.0000,0.9268
APP-12812,563.0000,0.5482,0.4251,7.0000,165049.1500,16701.7473,4.0000,0.1937
APP-12813,831.0000,0.5383,0.7869,5.0000,84835.0801,14398.2663,4.0000,0.4984
APP-12814,849.0000,0.4688,0.4051,2.0000,89631.3916,11883.0072,1.0000,0.8873
APP-12815,745.0000,0.5106,0.6853,5.0000,122483.9336,30495.7696,3.0000,0.3592
APP-12816,526.0000,0.4134,0.6017,2.0000,79508.9290,3275.3554,2.0000,0.6921
APP-12817,647.0000,0.3556,0.1876,5.0000,236683.2226,40900.6421,3.0000,0.1097
APP-12818,597.0000,0.1339,0.3278,2.0000,157165.3767,12941.1823,1.0000,0.3048
APP-12819,821.0000,0.6363,0.2412,3.0000,45083.8340,22689.5068,2.0000,0.6563
APP-12820,727.0000,0.5621,0.1629,4.0000,136163.7688,18801.1883,0.0000,0.4430
APP-12821,838.0000,0.4696,0.4282,7.0000,153438.4606,42801.8643,1.0000,0.6553
APP-12822,792.0000,0.4543,0.2286,4.0000,108898.4058,9240.1745,1.0000,0.5516
APP-12823,686.0000,0.4172,0.1143,4.0000,222279.1448,17703.8482,1.0000,0.9208
APP-12824,598.0000,0.1519,0.2363,7.0000,144589.4212,30454.1498,0.0000,0.1278
APP-12825,772.0000,0.2757,0.6070,6.0000,82552.5110,14149.8359,3.0000,0.6211
APP-12826,743.0000,0.2868,0.7776,0.0000,149062.0579,25419.5878,4.0000,0.4569
APP-12827,771.0000,0.5365,0.4666,3.0000,189053.1640,3157.0600,4.0000,0.9182
APP-12828,826.0000,0.4327,0.5984,5.0000,97918.5869,40792.8931,3.0000,0.8494
APP-12829,713.0000,0.3190,0.6354,2.0000,221964.6152,38054.9147,3.0000,0.3203
APP-12830,733.0000,0.2804,0.6363,1.0000,42530.5248,7341.2401,1.0000,0.8273
APP-12831,647.0000,0.5696,0.9382,4.0000,95487.4109,33350.2061,4.0000,0.5738
APP-12832,672.0000,0.5321,0.5981,1.0000,234070.6690,4631.3991,2.0000,0.2948
APP-12833,547.0000,0.5472,0.5416,4.0000,88841.4163,41672.5290,3.0000,0.0996
APP-12834,567.0000,0.3175,0.8301,5.0000,46687.0951,7159.3938,0.0000,0.1735
APP-12835,849.0000,0.3636,0.6089,2.0000,39906.4778,17431.2925,3.0000,0.6264
APP-12836,562.0000,0.4153,0.4623,5.0000,195799.0496,38876.0487,0.0000,0.4979
APP-12837,525.0000,0.2055,0.7182,6.0000,103957.4712,10895.8433,0.0000,0.1412
APP-12838,779.0000,0.2993,0.2518,2.0000,198237.2286,41906.7911,4.0000,0.8857
APP-12839,547.0000,0.3701,0.6553,3.0000,173315.1333,30687.1963,3.0000,0.5767
APP-12840,661.0000,0.4687,0.7405,4.0000,195152.5854,22414.9130,0.0000,0.9562
APP-12841,631.0000,0.3472,0.6247,5.0000,231823.4331,7267.3397,0.0000,0.2798
APP-12842,645.0000,0.1850,0.2190,4.0000,209204.3516,30239.1917,3.0000,0.1902
APP-12843,639.0000,0.3338,0.5135,2.0000,63295.9141,27315.5822,2.0000,0.8647
APP-12844,512.0000,0.3923,0.7789,1.0000,229545.4966,20159.2304,0.0000,0.7459
APP-12845,593.0000,0.4579,0.4125,3.0000,103852.1117,19351.4266,2.0000,0.2177
APP-12846,724.0000,0.5696,0.8850,2.0000,206992.4011,27334.0746,4.0000,0.3543
APP-12847,527.0000,0.2279,0.0933,2.0000,144686.5035,19682.2245,3.0000,0.3219
APP-12848,592.0000,0.4079,0.6486,6.0000,68567.6432,31377.6656,4.0000,0.7009
APP-12849,814.0000,0.3296,0.2596,3.0000,181764.8906,20754.3452,4.0000,0.2211
APP-12850,729.0000,0.4778,0.6338,7.0000,177178.7730,44128.1785,4.0000,0.0854
APP-12851,679.0000,0.5808,0.9044,5.0000,229730.6188,25824.0242,2.0000,0.8119
APP-12852,691.0000,0.3624,0.5675,1.0000,120290.4691,8053.9967,4.0000,0.0213
APP-12853,839.0000,0.5643,0.4432,1.0000,191534.6942,43627.2704,2.0000,0.6060
APP-12854,517.0000,0.1011,0.8228,5.0000,143956.0782,44380.8525,1.0000,0.3124
APP-12855,807.0000,0.6017,0.4672,1.0000,151064.9455,44698.0337,2.0000,0.4248
APP-12856,667.0000,0.5337,0.5578,7.0000,105469.5376,15140.2729,4.0000,0.0760
APP-12857,672.0000,0.1736,0.3264,2.0000,109482.9188,16760.0978,1.0000,0.1723
APP-12858,580.0000,0.4714,0.5444,0.0000,206577.2506,2265.6583,2.0000,0.5012
APP-12859,635.0000,0.3828,0.6942,2.0000,169598.0667,40173.9661,1.0000,0.3857
APP-12860,689.0000,0.6339,0.5084,6.0000,180994.9576,32520.7064,1.0000,0.4515
APP-12861,589.0000,0.2674,0.2398,1.0000,234835.3851,14108.8365,0.0000,0.0151
APP-12862,622.0000,0.4350,0.0677,3.0000,181729.4552,10026.2221,4.0000,0.9195
APP-12863,847.0000,0.3876,0.2462,6.0000,191575.0604,40268.0551,4.0000,0.5195
APP-12864,785.0000,0.2216,0.8152,6.0000,200040.1034,17256.2455,4.0000,0.4365
APP-12865,711.0000,0.5475,0.9133,1.0000,124389.1905,26207.5942,0.0000,0.8604
APP-12866,602.0000,0.5087,0.5562,6.0000,131237.7927,8796.2325,0.0000,0.0713
APP-12867,794.0000,0.3993,0.7962,5.0000,245362.5223,9568.6623,4.0000,0.4477
APP-12868,800.0000,0.6192,0.0923,1.0000,153135.4411,18671.3656,4.0000,0.5747
APP-12869,844.0000,0.6097,0.8182,3.0000,112688.3252,12777.5746,1.0000,0.2819
APP-12870,733.0000,0.5499,0.3085,1.0000,42819.1303,11572.2715,2.0000,0.2644
APP-12871,578.0000,0.1838,0.2079,1.0000,77362.4161,19520.0698,3.0000,0.1683
APP-12872,631.0000,0.5918,0.2994,7.0000,201161.4799,11001.5341,1.0000,0.7019
APP-12873,823.0000,0.2682,0.4982,2.0000,233878.1114,42601.6855,3.0000,0.6651
APP-12874,536.0000,0.4135,0.5788,2.0000,202590.6775,27104.5854,3.0000,0.4111
APP-12875,778.0000,0.6361,0.0563,0.0000,205094.6686,3877.4942,1.0000,0.1081
APP-12876,675.0000,0.2270,0.3587,2.0000,222746.2623,11470.6490,0.0000,0.1917
APP-12877,659.0000,0.2099,0.6840,0.0000,127861.1705,21294.5951,2.0000,0.4054
APP-12878,556.0000,0.5686,0.7253,6.0000,60651.6538,20499.5368,4.0000,0.2532
APP-12879,832.0000,0.1072,0.2609,2.0000,166284.3045,31554.6238,2.0000,0.7318
APP-12880,573.0000,0.1958,0.2718,7.0000,230029.6204,35222.1092,0.0000,0.0877
APP-12881,706.0000,0.2800,0.6617,6.0000,127939.7103,26524.7748,0.0000,0.3929
APP-12882,692.0000,0.5061,0.5986,6.0000,209681.7741,17325.3245,4.0000,0.8799
APP-12883,637.0000,0.3643,0.4975,3.0000,222628.5141,10067.3184,0.0000,0.3413
APP-12884,550.0000,0.3163,0.5419,7.0000,47593.4083,3594.4961,0.0000,0.7562
APP-12885,555.0000,0.6053,0.4995,4.0000,123960.5793,4591.1560,3.0000,0.3045
APP-12886,723.0000,0.5158,0.4165,1.0000,129830.1942,19649.3269,0.0000,0.6428
APP-12887,754.0000,0.4481,0.7591,1.0000,125227.4512,2058.7921,2.0000,0.5569
APP-12888,584.0000,0.2870,0.8497,7.0000,88012.0636,16557.4160,0.0000,0.5216
APP-12889,770.0000,0.5724,0.6259,7.0000,137574.5074,2326.6725,4.0000,0.1547
APP-12890,739.0000,0.2392,0.2928,4.0000,189100.0191,39027.5067,0.0000,0.0602
APP-12891,572.0000,0.6203,0.9270,2.0000,179519.1978,11079.4872,1.0000,0.1405
APP-12892,634.0000,0.2433,0.1294,5.0000,234585.6118,30535.4096,1.0000,0.7496
APP-12893,630.0000,0.5510,0.9069,1.0000,191759.3844,40360.5112,1.0000,0.9880
APP-12894,694.0000,0.6028,0.5504,6.0000,195999.4734,40251.4008,1.0000,0.2644
APP-12895,519.0000,0.2246,0.6891,2.0000,93688.8396,37378.0392,3.0000,0.2693
APP-12896,833.0000,0.2262,0.4312,3.0000,36881.8327,29234.7984,2.0000,0.3865
APP-12897,695.0000,0.1432,0.3714,7.0000,142885.5516,11554.0627,3.0000,0.3633
APP-12898,740.0000,0.2877,0.2510,6.0000,201337.7993,20255.2098,2.0000,0.6350
APP-12899,710.0000,0.3751,0.1510,5.0000,117640.2576,19594.2536,1.0000,0.4485
APP-12900,639.0000,0.1473,0.3315,0.0000,209156.9891,27379.3454,4.0000,0.6225
APP-12901,796.0000,0.1805,0.2791,0.0000,166478.6025,18713.4836,0.0000,0.1054
APP-12902,613.0000,0.3322,0.5303,4.0000,103041.2491,5993.0749,4.0000,0.7370
APP-12903,509.0000,0.1991,0.8215,1.0000,105325.9856,3864.8010,0.0000,0.7655
APP-12904,696.0000,0.5254,0.1252,2.0000,180203.3682,19498.5392,2.0000,0.9410
APP-12905,541.0000,0.2773,0.7223,6.0000,156760.5424,39439.3283,0.0000,0.6517
APP-12906,787.0000,0.1255,0.2908,2.0000,44739.5399,32326.4057,2.0000,0.5744
APP-12907,511.0000,0.1850,0.6270,6.0000,151522.9952,15145.9669,1.0000,0.5797
APP-12908,573.0000,0.2690,0.6145,5.0000,39574.0484,42204.2880,0.0000,0.0999
APP-12909,830.0000,0.1802,0.7138,0.0000,150357.9698,30221.7831,1.0000,0.3330
APP-12910,591.0000,0.2186,0.0637,0.0000,234071.7892,38072.9063,2.0000,0.8827
APP-12911,679.0000,0.2136,0.0512,2.0000,50195.1273,37438.3065,0.0000,0.8765
APP-12912,805.0000,0.3303,0.2019,0.0000,136453.9386,28752.4689,2.0000,0.9455
APP-12913,586.0000,0.3882,0.9323,0.0000,200443.2584,42403.2810,3.0000,0.6679
APP-12914,605.0000,0.4424,0.3575,3.0000,124340.2848,21346.3190,1.0000,0.2288
APP-12915,506.0000,0.6002,0.6127,0.0000,109162.1627,35776.7353,1.0000,0.8242
APP-12916,780.0000,0.4784,0.3272,7.0000,157046.6434,10761.3181,2.0000,0.5772
APP-12917,533.0000,0.2092,0.4890,1.0000,217947.5686,42516.6300,2.0000,0.1042
APP-12918,842.0000,0.3471,0.4441,7.0000,220675.4800,33402.0272,3.0000,0.0675
APP-12919,752.0000,0.5012,0.2193,3.0000,89531.3179,13664.2789,4.0000,0.6210
APP-12920,609.0000,0.4053,0.3724,4.0000,242758.8486,27252.5305,3.0000,0.6555
APP-12921,668.0000,0.1931,0.2216,0.0000,65775.4801,2949.1314,1.0000,0.3127
APP-12922,681.0000,0.5331,0.3017,6.0000,76646.6499,24645.0107,4.0000,0.9274
APP-12923,757.0000,0.2082,0.4256,5.0000,184038.0629,34736.7114,1.0000,0.1830
APP-12924,629.0000,0.2894,0.7660,4.0000,220724.7397,17689.8106,3.0000,0.1616
APP-12925,592.0000,0.5035,0.2268,3.0000,70798.8304,33797.0060,1.0000,0.3721
APP-12926,546.0000,0.6331,0.2262,4.0000,101539.9701,33388.6532,1.0000,0.4984
APP-12927,653.0000,0.5897,0.2726,3.0000,47007.4844,42180.2129,0.0000,0.4666
APP-12928,668.0000,0.6334,0.7604,6.0000,131207.2536,43294.9305,4.0000,0.6879
APP-12929,718.0000,0.3182,0.2726,7.0000,143685.9045,10955.0205,1.0000,0.2049
APP-12930,791.0000,0.3397,0.7875,3.0000,159915.3511,15922.1698,0.0000,0.5187
APP-12931,574.0000,0.1896,0.3404,2.0000,71206.5000,11669.6549,4.0000,0.5023
APP-12932,578.0000,0.3599,0.3226,6.0000,90875.7747,18735.8291,4.0000,0.8969
APP-12933,600.0000,0.5292,0.3904,0.0000,196122.6726,3695.7196,0.0000,0.7991
APP-12934,557.0000,0.1379,0.4533,4.0000,54156.3396,22693.2757,4.0000,0.8719
APP-12935,549.0000,0.2755,0.4278,3.0000,30904.1491,40101.3810,1.0000,0.8678
APP-12936,779.0000,0.6091,0.4049,4.0000,115685.3649,33204.5014,3.0000,0.1085
APP-12937,749.0000,0.2004,0.9480,3.0000,157442.1362,26299.1838,0.0000,0.5043
APP-12938,790.0000,0.2634,0.6738,6.0000,226125.2837,12742.2368,0.0000,0.8635
APP-12939,703.0000,0.6143,0.8435,3.0000,38653.9229,12612.5883,0.0000,0.8187
APP-12940,785.0000,0.2896,0.8543,1.0000,103522.5621,5544.9240,3.0000,0.9072
APP-12941,655.0000,0.5570,0.4342,3.0000,218438.8734,5557.5986,1.0000,0.0515
APP-12942,808.0000,0.2579,0.7477,6.0000,186845.2488,34861.8187,0.0000,0.4216
APP-12943,698.0000,0.2414,0.4737,2.0000,169273.0762,42502.3119,4.0000,0.1235
APP-12944,511.0000,0.2029,0.5852,3.0000,32167.7185,38407.9087,1.0000,0.1301
APP-12945,559.0000,0.1345,0.7111,4.0000,132248.8489,42293.7779,0.0000,0.5574
APP-12946,680.0000,0.3284,0.5736,4.0000,245190.1607,5573.7133,4.0000,0.9761
APP-12947,784.0000,0.4924,0.5065,6.0000,177456.8195,17294.8766,3.0000,0.7510
APP-12948,551.0000,0.3779,0.0607,7.0000,209377.1775,12215.0960,3.0000,0.5368
APP-12949,764.0000,0.3240,0.9228,2.0000,142979.7606,6196.3851,0.0000,0.8294
APP-12950,811.0000,0.2124,0.0842,5.0000,109533.1443,12161.0997,0.0000,0.6286
APP-12951,563.0000,0.4759,0.1583,4.0000,100592.4258,29571.0705,3.0000,0.0937
APP-12952,693.0000,0.2391,0.0882,5.0000,205271.7397,22789.4524,3.0000,0.6243
APP-12953,809.0000,0.1176,0.6136,6.0000,131488.1074,41091.2476,4.0000,0.0859
APP-12954,608.0000,0.6305,0.3224,6.0000,100916.6318,7700.7819,4.0000,0.3754
APP-12955,637.0000,0.6184,0.8544,3.0000,174246.9669,31377.1775,1.0000,0.3700
APP-12956,657.0000,0.2180,0.5834,7.0000,249655.8248,27275.3015,2.0000,0.9764
APP-12957,662.0000,0.2312,0.7534,1.0000,124677.7785,33846.0743,2.0000,0.1349
APP-12958,616.0000,0.4191,0.1807,5.0000,66089.8059,22137.3160,2.0000,0.8405
APP-12959,685.0000,0.3351,0.4196,3.0000,171244.8657,3512.5953,2.0000,0.3075
APP-12960,594.0000,0.5883,0.6120,3.0000,118140.3039,18852.6101,4.0000,0.4809
APP-12961,777.0000,0.3348,0.2190,4.0000,159736.8016,11091.5732,1.0000,0.8792
APP-12962,738.0000,0.1747,0.3938,5.0000,249349.0446,15266.6251,2.0000,0.4220
APP-12963,557.0000,0.4007,0.7290,6.0000,130766.9833,11653.0645,0.0000,0.6730
APP-12964,797.0000,0.1623,0.6640,2.0000,96619.5348,29267.1902,2.0000,0.8762
APP-12965,592.0000,0.3460,0.8617,6.0000,245761.2805,41682.0162,0.0000,0.2049
APP-12966,685.0000,0.4175,0.5524,6.0000,176808.0443,8331.3731,4.0000,0.3338
APP-12967,827.0000,0.6199,0.2362,6.0000,97214.8386,18701.6407,1.0000,0.6055
APP-12968,738.0000,0.2613,0.8409,5.0000,99761.0338,14295.8297,1.0000,0.3757
APP-12969,828.0000,0.4572,0.9158,3.0000,163053.9068,6957.8514,1.0000,0.4434
APP-12970,710.0000,0.1001,0.4870,2.0000,109893.0710,19170.3916,1.0000,0.7104
APP-12971,783.0000,0.5793,0.1260,2.0000,200043.4971,36226.1891,2.0000,0.8605
APP-12972,662.0000,0.2744,0.2776,3.0000,72469.0905,13825.6880,1.0000,0.3794
APP-12973,558.0000,0.2325,0.7269,3.0000,71960.0341,13180.8527,0.0000,0.2708
APP-12974,562.0000,0.1564,0.0502,1.0000,81195.6517,41903.9390,0.0000,0.7273
APP-12975,708.0000,0.5319,0.3153,2.0000,222250.2126,29796.4982,3.0000,0.5951
APP-12976,550.0000,0.1311,0.3821,1.0000,50079.0710,14185.0186,1.0000,0.7381
APP-12977,656.0000,0.4398,0.7596,7.0000,162239.0022,3362.3167,0.0000,0.9312
APP-12978,662.0000,0.2735,0.4433,4.0000,220008.7337,44612.3658,3.0000,0.2348
APP-12979,528.0000,0.4911,0.5230,0.0000,68924.6214,43968.7572,0.0000,0.7532
APP-12980,796.0000,0.6312,0.6544,3.0000,232168.7729,30764.0361,3.0000,0.2764
APP-12981,526.0000,0.2512,0.7564,4.0000,186462.1922,7374.3879,1.0000,0.2508
APP-12982,610.0000,0.4408,0.3543,3.0000,80595.4157,33121.0068,2.0000,0.7157
APP-12983,799.0000,0.3038,0.2047,3.0000,245698.1663,21473.6328,3.0000,0.2908
APP-12984,513.0000,0.3802,0.2138,4.0000,213114.5272,4014.3142,2.0000,0.0225
APP-12985,531.0000,0.1458,0.1941,6.0000,42515.1077,7654.2003,0.0000,0.4235
APP-12986,795.0000,0.2124,0.1530,5.0000,211564.8467,3784.5003,3.0000,0.3646
APP-12987,594.0000,0.5368,0.4468,4.0000,156879.9521,6944.0793,3.0000,0.0336
APP-12988,818.0000,0.2897,0.2148,5.0000,225736.5888,25849.0277,1.0000,0.3525
APP-12989,552.0000,0.1006,0.7543,0.0000,159752.0738,33639.1474,3.0000,0.3640
APP-12990,557.0000,0.2765,0.0501,0.0000,205116.5050,44068.5142,0.0000,0.5312
APP-12991,701.0000,0.4683,0.9082,5.0000,213195.5205,44324.6880,1.0000,0.4924
APP-12992,833.0000,0.6344,0.0619,3.0000,205225.5046,36938.6441,4.0000,0.1707
APP-12993,766.0000,0.5698,0.3428,3.0000,42923.1959,4103.9178,0.0000,0.6930
APP-12994,713.0000,0.5163,0.7287,6.0000,176417.6117,21449.9065,1.0000,0.9051
APP-12995,592.0000,0.6111,0.8349,4.0000,227296.1525,4110.8425,4.0000,0.7887
APP-12996,524.0000,0.4627,0.1285,4.0000,235946.0889,29386.6783,2.0000,0.1655
APP-12997,773.0000,0.3855,0.7710,0.0000,198758.5461,8725.1726,1.0000,0.5516
APP-12998,541.0000,0.3968,0.7264,7.0000,98227.5621,30249.5931,3.0000,0.1949
APP-12999,561.0000,0.6193,0.4639,4.0000,218859.0127,12881.9612,3.0000,0.4010
APP-13000,654.0000,0.1012,0.6142,2.0000,35624.7046,30039.7868,2.0000,0.8694
APP-13001,624.0000,0.3836,0.3804,4.0000,199600.3081,33434.5516,3.0000,0.1246
APP-13002,803.0000,0.5230,0.3306,7.0000,136808.4464,14401.3541,3.0000,0.9321
APP-13003,585.0000,0.1210,0.0797,1.0000,223596.3597,44641.0509,2.0000,0.3404
APP-13004,728.0000,0.5527,0.0562,0.0000,140385.7012,11902.4310,0.0000,0.6167
APP-13005,659.0000,0.5642,0.5235,4.0000,123013.1758,6191.9424,2.0000,0.4939
APP-13006,583.0000,0.3880,0.0604,6.0000,215812.8438,27112.7028,4.0000,0.5524
APP-13007,843.0000,0.5558,0.1606,7.0000,102449.4611,19676.4263,1.0000,0.6245
APP-13008,778.0000,0.1784,0.1369,6.0000,137308.1132,37701.9195,0.0000,0.0971
APP-13009,757.0000,0.6187,0.6198,0.0000,215608.3439,24186.8141,2.0000,0.2062
APP-13010,660.0000,0.1269,0.6521,4.0000,32848.4508,12973.0933,1.0000,0.7481
APP-13011,572.0000,0.1205,0.7289,2.0000,106987.5910,24544.9571,4.0000,0.7452
APP-13012,726.0000,0.3882,0.9259,1.0000,213212.3048,39130.3519,3.0000,0.5541
APP-13013,838.0000,0.5044,0.9319,2.0000,223500.6439,12182.8647,3.0000,0.9370
APP-13014,593.0000,0.4850,0.2368,7.0000,65218.9933,7207.5916,2.0000,0.0530
APP-13015,738.0000,0.4026,0.3665,4.0000,127810.0782,39541.5010,1.0000,0.8943
APP-13016,800.0000,0.5310,0.5554,1.0000,105639.9613,39053.2017,3.0000,0.4346
APP-13017,658.0000,0.4342,0.0898,5.0000,244694.9959,38568.6601,3.0000,0.9041
APP-13018,527.0000,0.5676,0.2232,7.0000,154143.4082,13787.0206,1.0000,0.4668
APP-13019,820.0000,0.1637,0.8182,5.0000,117860.6031,36232.1813,3.0000,0.7648
APP-13020,537.0000,0.6398,0.4173,3.0000,221886.0409,13050.9766,4.0000,0.9743
APP-13021,766.0000,0.5844,0.4862,3.0000,185819.4589,28693.1388,2.0000,0.8666
APP-13022,667.0000,0.5924,0.7129,2.0000,186793.9275,7213.2201,1.0000,0.0975
APP-13023,755.0000,0.3000,0.7779,7.0000,164608.7090,20037.4958,2.0000,0.7791
APP-13024,746.0000,0.6208,0.8284,2.0000,121738.7466,41018.3476,2.0000,0.4639
APP-13025,570.0000,0.1778,0.8554,2.0000,51687.3862,2857.0344,2.0000,0.2933
APP-13026,534.0000,0.1428,0.3151,0.0000,169493.3243,8611.2589,3.0000,0.7079
APP-13027,544.0000,0.3193,0.6341,6.0000,121225.0883,29485.3233,3.0000,0.4353
APP-13028,570.0000,0.6132,0.1501,3.0000,129560.2640,36182.7132,3.0000,0.5862
APP-13029,802.0000,0.6323,0.9220,6.0000,233272.8040,20793.7252,3.0000,0.7767
APP-13030,530.0000,0.3714,0.2909,1.0000,188631.4692,34786.8601,3.0000,0.8161
APP-13031,738.0000,0.5136,0.4013,0.0000,201974.4142,43850.0729,4.0000,0.4678
APP-13032,634.0000,0.3960,0.8876,3.0000,197243.1757,31905.6715,1.0000,0.4416
APP-13033,786.0000,0.1624,0.6171,0.0000,125155.6701,21043.4249,4.0000,0.4149
APP-13034,709.0000,0.4592,0.3095,5.0000,152965.8295,29097.5536,0.0000,0.6732
APP-13035,768.0000,0.1808,0.1276,7.0000,149586.3811,15180.5263,4.0000,0.9387
APP-13036,789.0000,0.4609,0.4898,7.0000,82978.7842,6112.3235,2.0000,0.2726
APP-13037,816.0000,0.2322,0.5816,2.0000,169195.4887,8240.5129,4.0000,0.2901
APP-13038,780.0000,0.2448,0.6516,1.0000,112420.7647,20816.1467,4.0000,0.6449
APP-13039,631.0000,0.4712,0.1982,5.0000,41930.2301,14180.8586,0.0000,0.4490
APP-13040,821.0000,0.3557,0.6853,1.0000,243431.9627,3919.0709,2.0000,0.0563
APP-13041,622.0000,0.5566,0.3763,0.0000,121548.4992,18250.3308,1.0000,0.0810
APP-13042,704.0000,0.4742,0.8996,3.0000,106976.5845,38648.6073,0.0000,0.6024
APP-13043,582.0000,0.2622,0.6381,6.0000,168017.7061,5494.5933,1.0000,0.3802
APP-13044,784.0000,0.5274,0.8763,6.0000,129787.0925,40787.6496,3.0000,0.6218
APP-13045,536.0000,0.1356,0.0771,2.0000,245016.3203,8851.4079,3.0000,0.7477
APP-13046,836.0000,0.5042,0.8630,0.0000,41016.5503,21735.7801,0.0000,0.3447
APP-13047,669.0000,0.3120,0.8401,4.0000,209656.8958,40319.5738,2.0000,0.5800
APP-13048,796.0000,0.2662,0.5097,6.0000,34652.5841,5321.9288,3.0000,0.4241
APP-13049,674.0000,0.3875,0.9288,0.0000,70233.5463,27154.2739,4.0000,0.9143
APP-13050,549.0000,0.5989,0.7243,3.0000,68280.9411,34334.5320,1.0000,0.9558
APP-13051,540.0000,0.2412,0.9456,0.0000,104941.9102,26777.0899,3.0000,0.6722
APP-13052,809.0000,0.6497,0.7307,3.0000,222642.0574,3759.0826,3.0000,0.3839
APP-13053,711.0000,0.4239,0.8737,6.0000,83649.1821,25475.1728,2.0000,0.9401
APP-13054,549.0000,0.2387,0.2274,4.0000,143307.4639,8350.4215,1.0000,0.3388
APP-13055,627.0000,0.4801,0.2273,4.0000,135263.3444,19409.5852,4.0000,0.5289
APP-13056,700.0000,0.5045,0.5070,1.0000,82005.8652,11639.1741,0.0000,0.9315
APP-13057,659.0000,0.3923,0.7063,6.0000,131927.2789,34526.2703,3.0000,0.6063
APP-13058,525.0000,0.1718,0.2885,6.0000,215661.6643,36709.0988,4.0000,0.4030
APP-13059,678.0000,0.5483,0.4253,1.0000,183643.6821,10882.2356,0.0000,0.0415
APP-13060,560.0000,0.5456,0.2052,5.0000,116074.4173,29572.2846,3.0000,0.7845
APP-13061,608.0000,0.5209,0.8830,2.0000,89251.2239,36711.6655,2.0000,0.0948
APP-13062,733.0000,0.5156,0.7200,7.0000,143426.1121,20742.0280,3.0000,0.0984
APP-13063,739.0000,0.3097,0.0845,6.0000,79444.3868,41435.8437,4.0000,0.2328
APP-13064,527.0000,0.3710,0.0702,6.0000,64251.8733,11373.9823,1.0000,0.6280
APP-13065,678.0000,0.4638,0.9444,4.0000,39548.3313,7435.5299,3.0000,0.8854
APP-13066,589.0000,0.1911,0.4065,3.0000,32333.5816,8584.2005,4.0000,0.0182
APP-13067,654.0000,0.4323,0.5921,5.0000,244013.8194,41250.7252,0.0000,0.6744
APP-13068,781.0000,0.1606,0.9031,4.0000,109487.6260,28669.4563,4.0000,0.5212
APP-13069,643.0000,0.5663,0.9102,1.0000,38190.3183,7018.2664,0.0000,0.6187
APP-13070,705.0000,0.1659,0.1363,4.0000,157878.6445,18726.7636,0.0000,0.6863
APP-13071,508.0000,0.5248,0.6219,4.0000,133404.4247,15173.1523,3.0000,0.6559
APP-13072,672.0000,0.2221,0.9435,7.0000,156382.7592,39710.6789,4.0000,0.8239
APP-13073,769.0000,0.6106,0.2117,5.0000,149161.0484,17245.6867,3.0000,0.1169
APP-13074,727.0000,0.4619,0.6465,6.0000,52005.2178,5680.1119,0.0000,0.2289
APP-13075,838.0000,0.3371,0.7466,1.0000,194673.2196,2471.9507,4.0000,0.8377
APP-13076,774.0000,0.1240,0.1180,5.0000,112782.1489,26563.0880,1.0000,0.0797
APP-13077,545.0000,0.4339,0.3983,2.0000,249148.5686,8493.9122,1.0000,0.9709
APP-13078,521.0000,0.3079,0.2348,1.0000,160005.0327,44686.1996,3.0000,0.4556
APP-13079,601.0000,0.5391,0.1011,0.0000,137868.4645,40989.7989,4.0000,0.3564
APP-13080,784.0000,0.5360,0.1394,4.0000,109507.5223,24349.9120,3.0000,0.4448
APP-13081,796.0000,0.4779,0.3576,7.0000,148522.4365,32075.4579,4.0000,0.2895
APP-13082,753.0000,0.2473,0.5713,4.0000,134106.7194,10545.3012,1.0000,0.8192
APP-13083,748.0000,0.1951,0.9083,7.0000,145660.5462,2871.2662,2.0000,0.6138
APP-13084,734.0000,0.3734,0.8921,5.0000,243470.0462,3134.0052,2.0000,0.2923
APP-13085,609.0000,0.3488,0.8352,0.0000,119196.0854,26373.8335,2.0000,0.7743
APP-13086,738.0000,0.4701,0.7443,5.0000,91803.8870,9300.1539,4.0000,0.7044
APP-13087,727.0000,0.3930,0.0866,6.0000,123570.1615,32735.0159,1.0000,0.5854
APP-13088,528.0000,0.3722,0.4151,6.0000,41468.2270,32188.2877,0.0000,0.4447
APP-13089,821.0000,0.3644,0.7514,4.0000,130379.3558,43378.4065,1.0000,0.8407
APP-13090,765.0000,0.3773,0.9207,4.0000,232564.1142,35188.5955,0.0000,0.2133
APP-13091,576.0000,0.5797,0.4660,7.0000,74230.7288,26235.4153,0.0000,0.8983
APP-13092,600.0000,0.1940,0.6811,7.0000,49628.1133,16865.4842,1.0000,0.5946
APP-13093,737.0000,0.1103,0.9458,4.0000,33517.4369,43180.7903,1.0000,0.9359
APP-13094,585.0000,0.2220,0.6107,6.0000,171722.7161,10023.7253,4.0000,0.9268
APP-13095,784.0000,0.2707,0.7509,1.0000,198320.2249,10587.8852,0.0000,0.0919
APP-13096,664.0000,0.4368,0.9197,5.0000,177693.1320,29112.7917,1.0000,0.3378
APP-13097,533.0000,0.5634,0.6891,6.0000,170970.8071,44434.2155,3.0000,0.6522
APP-13098,741.0000,0.4922,0.1687,7.0000,209702.7254,5567.6091,3.0000,0.1364
APP-13099,827.0000,0.6491,0.9312,7.0000,217756.2553,44565.3677,0.0000,0.5460
APP-13100,616.0000,0.1004,0.7736,1.0000,103961.2512,18876.1453,2.0000,0.3445
APP-13101,835.0000,0.2046,0.2881,4.0000,157513.3691,29477.1222,4.0000,0.9894
APP-13102,752.0000,0.1479,0.9386,4.0000,174770.6815,31428.1696,1.0000,0.2064
APP-13103,756.0000,0.4650,0.1217,3.0000,105116.9282,25952.6061,4.0000,0.1184
APP-13104,626.0000,0.3348,0.8959,0.0000,169985.0363,41476.2626,4.0000,0.4564
APP-13105,680.0000,0.2712,0.8070,6.0000,175073.4691,15894.1240,1.0000,0.2490
APP-13106,577.0000,0.2720,0.2975,6.0000,30035.1381,33620.9996,1.0000,0.8027
APP-13107,711.0000,0.5911,0.8244,0.0000,48684.5382,25366.1271,4.0000,0.0270
APP-13108,800.0000,0.1415,0.1044,2.0000,191665.5593,34975.1478,2.0000,0.6492
APP-13109,726.0000,0.2724,0.9070,6.0000,46602.8778,39198.5980,2.0000,0.4094
APP-13110,805.0000,0.3749,0.5943,2.0000,141696.6539,18817.3737,2.0000,0.9230
APP-13111,553.0000,0.3264,0.5190,6.0000,39788.5355,2453.8661,4.0000,0.9054
APP-13112,712.0000,0.4781,0.9419,0.0000,212218.9911,35866.1615,0.0000,0.7947
APP-13113,603.0000,0.4341,0.0737,2.0000,151997.7302,7733.2597,3.0000,0.4310
APP-13114,697.0000,0.5403,0.5112,7.0000,74827.3555,14078.0101,0.0000,0.4278
APP-13115,535.0000,0.5643,0.7117,0.0000,219780.4733,26721.2166,0.0000,0.0308
APP-13116,634.0000,0.3200,0.1510,4.0000,56384.3240,10082.4167,0.0000,0.9191
APP-13117,629.0000,0.5763,0.0635,0.0000,229652.6609,38774.3158,3.0000,0.9677
APP-13118,684.0000,0.4477,0.6037,1.0000,243856.3622,14152.5120,4.0000,0.2166
APP-13119,760.0000,0.5732,0.3542,7.0000,174726.5469,16178.8701,3.0000,0.4734
APP-13120,700.0000,0.3560,0.4836,3.0000,214429.3069,33095.9370,2.0000,0.5769
APP-13121,809.0000,0.1141,0.6101,6.0000,211225.3772,6982.6849,4.0000,0.5390
APP-13122,599.0000,0.4619,0.3976,6.0000,129794.0375,30377.4709,1.0000,0.4801
APP-13123,629.0000,0.6313,0.2431,2.0000,56865.2728,3176.9804,3.0000,0.6042
APP-13124,665.0000,0.6117,0.2647,5.0000,48298.4243,31639.5062,3.0000,0.7836
APP-13125,715.0000,0.1836,0.2186,7.0000,52835.8012,19075.1443,3.0000,0.4159
APP-13126,797.0000,0.3693,0.6944,3.0000,142869.9365,34846.5994,1.0000,0.0830
APP-13127,708.0000,0.5800,0.1709,7.0000,37801.6806,4212.4288,3.0000,0.2802
APP-13128,835.0000,0.3291,0.9250,0.0000,135623.0197,41113.9576,0.0000,0.1271
APP-13129,665.0000,0.3850,0.0543,7.0000,93101.3110,16946.0658,4.0000,0.6019
APP-13130,685.0000,0.6487,0.3232,3.0000,221810.5354,18732.3863,0.0000,0.5089
APP-13131,742.0000,0.3655,0.7724,4.0000,49916.3204,9389.7128,3.0000,0.1568
APP-13132,551.0000,0.2045,0.1311,1.0000,179617.7744,7544.2003,2.0000,0.3430
APP-13133,552.0000,0.1213,0.5792,6.0000,47863.9977,4341.1014,3.0000,0.9047
APP-13134,616.0000,0.3538,0.3116,2.0000,146111.6500,6621.9313,0.0000,0.8642
APP-13135,526.0000,0.3830,0.9189,0.0000,103514.0462,25840.0131,0.0000,0.5850
APP-13136,645.0000,0.6060,0.2471,0.0000,150857.2334,33333.7595,1.0000,0.0268
APP-13137,621.0000,0.5356,0.1139,1.0000,46124.5362,6389.8871,4.0000,0.7832
APP-13138,716.0000,0.1346,0.6024,4.0000,140030.5806,7548.6355,2.0000,0.0606
APP-13139,839.0000,0.5492,0.3884,5.0000,141921.4863,5903.1228,4.0000,0.9071
APP-13140,698.0000,0.1382,0.8635,1.0000,215593.8550,23031.0990,1.0000,0.5808
APP-13141,833.0000,0.1077,0.8735,0.0000,42339.8353,11525.5294,2.0000,0.2593
APP-13142,711.0000,0.4008,0.7655,1.0000,57116.4982,8281.7135,2.0000,0.1034
APP-13143,721.0000,0.3914,0.1658,0.0000,245642.7075,20088.9439,4.0000,0.7321
APP-13144,792.0000,0.2740,0.6423,2.0000,137197.5372,27469.2561,2.0000,0.1404
APP-13145,702.0000,0.3533,0.1330,0.0000,186289.2335,9647.2661,2.0000,0.4665
APP-13146,839.0000,0.6062,0.0727,1.0000,94169.1154,35423.5183,1.0000,0.0310
APP-13147,721.0000,0.4720,0.2275,3.0000,168624.4147,27630.7097,2.0000,0.9052
APP-13148,617.0000,0.2883,0.4950,2.0000,123121.1204,34683.1653,2.0000,0.7671
APP-13149,650.0000,0.6137,0.4560,3.0000,212988.7959,16173.4490,4.0000,0.1649
APP-13150,726.0000,0.1896,0.7484,1.0000,125512.4374,18892.2501,2.0000,0.6359
APP-13151,600.0000,0.1964,0.5211,7.0000,178870.3779,44167.5083,1.0000,0.4780
APP-13152,756.0000,0.2282,0.2878,0.0000,103097.7224,28008.3751,3.0000,0.0950
APP-13153,501.0000,0.2279,0.1757,3.0000,75030.4043,8520.2837,3.0000,0.4666
APP-13154,755.0000,0.1390,0.5627,1.0000,77906.8227,32713.8546,1.0000,0.3733
APP-13155,506.0000,0.2703,0.6574,4.0000,154491.6276,33980.9715,4.0000,0.2361
APP-13156,557.0000,0.4018,0.2416,3.0000,137997.3633,43483.3331,1.0000,0.9274
APP-13157,840.0000,0.2225,0.6186,6.0000,184524.9588,25538.9081,4.0000,0.2326
APP-13158,790.0000,0.1588,0.8242,5.0000,216613.0794,27348.7947,1.0000,0.6619
APP-13159,760.0000,0.4578,0.2680,6.0000,38104.8318,15124.2226,3.0000,0.9639
APP-13160,824.0000,0.3310,0.7875,3.0000,205808.8625,25933.6810,1.0000,0.0300
APP-13161,741.0000,0.4593,0.9053,2.0000,219213.8156,3670.2887,1.0000,0.1469
APP-13162,537.0000,0.2364,0.8928,5.0000,186403.8344,37407.0614,0.0000,0.6979
APP-13163,795.0000,0.5158,0.1771,5.0000,179517.8434,31874.8495,3.0000,0.5482
APP-13164,582.0000,0.6350,0.0940,1.0000,236508.4972,31354.3378,2.0000,0.8084
APP-13165,712.0000,0.2437,0.7039,7.0000,225737.0657,31273.5314,0.0000,0.4794
APP-13166,812.0000,0.4517,0.3938,3.0000,110796.8699,11347.9670,1.0000,0.9075
APP-13167,733.0000,0.5208,0.2100,6.0000,171559.3461,3898.8358,3.0000,0.2177
APP-13168,513.0000,0.3988,0.4524,0.0000,147753.0496,24697.3335,3.0000,0.4870
APP-13169,776.0000,0.2601,0.5384,2.0000,53493.9457,25226.4127,3.0000,0.8518
APP-13170,780.0000,0.2179,0.1956,2.0000,80616.7035,38685.9168,4.0000,0.1431
APP-13171,543.0000,0.4556,0.0841,5.0000,141074.5640,31171.0669,4.0000,0.5767
APP-13172,829.0000,0.3639,0.7536,1.0000,129475.5956,16125.4572,1.0000,0.4092
APP-13173,565.0000,0.5605,0.4605,5.0000,156194.4407,24280.9495,1.0000,0.5875
APP-13174,518.0000,0.1491,0.2699,6.0000,205375.3999,24871.5863,1.0000,0.1593
APP-13175,694.0000,0.1180,0.9097,1.0000,206786.3842,32114.0023,3.0000,0.5773
APP-13176,736.0000,0.3040,0.7332,7.0000,89822.0136,34399.9092,3.0000,0.5842
APP-13177,533.0000,0.3609,0.4124,5.0000,88393.7797,28529.7101,2.0000,0.5853
APP-13178,554.0000,0.4518,0.2956,4.0000,165416.9951,38735.2725,3.0000,0.1847
APP-13179,730.0000,0.1627,0.7063,0.0000,113347.1839,15726.9080,3.0000,0.3922
APP-13180,528.0000,0.4230,0.7019,4.0000,241193.4220,37248.0666,4.0000,0.4549
APP-13181,791.0000,0.5472,0.8456,2.0000,169570.4382,3518.6925,3.0000,0.6538
APP-13182,595.0000,0.6003,0.0618,3.0000,86754.8497,37920.8825,2.0000,0.9402
APP-13183,793.0000,0.5949,0.6167,0.0000,53219.2628,15305.2972,0.0000,0.0904
APP-13184,759.0000,0.3852,0.3036,6.0000,189237.7312,31867.2536,2.0000,0.9394
APP-13185,613.0000,0.5946,0.9272,1.0000,100549.0964,32588.3187,3.0000,0.8515
APP-13186,779.0000,0.3957,0.0723,4.0000,72093.3578,18169.0464,4.0000,0.3911
APP-13187,570.0000,0.1403,0.4887,0.0000,85542.4412,11858.5193,0.0000,0.5584
APP-13188,668.0000,0.6355,0.6897,2.0000,182805.0313,34416.3201,1.0000,0.2681
APP-13189,835.0000,0.1014,0.7261,7.0000,174781.4039,15212.9999,4.0000,0.4957
APP-13190,811.0000,0.2572,0.6198,1.0000,52179.3100,15906.3434,4.0000,0.8099
APP-13191,819.0000,0.1255,0.4749,1.0000,176262.0663,29729.5627,0.0000,0.0173
APP-13192,552.0000,0.3990,0.8685,7.0000,165645.2825,31720.4735,1.0000,0.8837
APP-13193,609.0000,0.4121,0.5691,0.0000,206057.1030,2222.7473,4.0000,0.5306
APP-13194,526.0000,0.4509,0.5191,7.0000,49152.8490,23582.2292,0.0000,0.6114
APP-13195,812.0000,0.1772,0.8214,6.0000,89908.3397,37401.4487,1.0000,0.4766
APP-13196,774.0000,0.1096,0.4489,3.0000,206780.1070,19340.7365,4.0000,0.2487
APP-13197,808.0000,0.2461,0.5971,5.0000,126728.4393,17095.8451,2.0000,0.3803
APP-13198,540.0000,0.1283,0.3461,4.0000,229963.3746,28672.8285,4.0000,0.5022
APP-13199,618.0000,0.1194,0.2410,5.0000,182253.8096,10256.9221,2.0000,0.4285
APP-13200,750.0000,0.2452,0.4643,1.0000,41929.8373,41795.0643,1.0000,0.5831
APP-13201,627.0000,0.6494,0.3524,7.0000,129279.9697,12031.5112,2.0000,0.0408
APP-13202,602.0000,0.5419,0.0840,3.0000,95329.4273,31875.2509,3.0000,0.7093
APP-13203,826.0000,0.2990,0.4880,5.0000,197402.3364,31090.8975,3.0000,0.5465
APP-13204,687.0000,0.3069,0.6406,5.0000,62978.0376,32658.2572,2.0000,0.9043
APP-13205,759.0000,0.6114,0.0968,5.0000,224174.9972,38091.5209,3.0000,0.4941
APP-13206,770.0000,0.4641,0.5606,3.0000,190534.7428,24477.5617,0.0000,0.0461
APP-13207,716.0000,0.5603,0.3290,3.0000,158891.1825,40837.4862,1.0000,0.8058
APP-13208,758.0000,0.5754,0.0867,4.0000,153468.0415,28279.2987,3.0000,0.9328
APP-13209,833.0000,0.1931,0.1372,4.0000,239416.6519,43417.3858,3.0000,0.6113
APP-13210,674.0000,0.1089,0.6947,6.0000,220010.9638,5927.9849,4.0000,0.3847
APP-13211,802.0000,0.2475,0.5352,6.0000,232831.0345,38269.5919,2.0000,0.5478
APP-13212,523.0000,0.4269,0.9103,5.0000,210890.7455,28986.5617,2.0000,0.8611
APP-13213,526.0000,0.5997,0.6634,2.0000,107153.8309,40173.9861,3.0000,0.0924
APP-13214,637.0000,0.2697,0.9163,3.0000,67346.6631,17080.2857,0.0000,0.0647
APP-13215,674.0000,0.5676,0.3066,0.0000,95583.6493,30083.8219,3.0000,0.8269
APP-13216,615.0000,0.4642,0.5742,2.0000,241561.3237,24071.7918,1.0000,0.1747
APP-13217,813.0000,0.4600,0.5528,3.0000,241993.7724,34707.6031,3.0000,0.7001
APP-13218,507.0000,0.4940,0.5213,4.0000,74822.0802,30313.0098,4.0000,0.9060
APP-13219,538.0000,0.3813,0.8577,3.0000,79786.5647,40395.8049,0.0000,0.2460
APP-13220,720.0000,0.4705,0.5249,0.0000,174745.6644,20475.1189,1.0000,0.9273
APP-13221,525.0000,0.5363,0.2873,1.0000,151769.6286,27033.2751,3.0000,0.8033
APP-13222,568.0000,0.4242,0.6818,1.0000,154168.4632,38559.0246,0.0000,0.6809
APP-13223,800.0000,0.1216,0.2884,5.0000,229549.2118,25962.9901,2.0000,0.5327
APP-13224,785.0000,0.3808,0.1250,7.0000,152550.1456,20371.2974,3.0000,0.2283
APP-13225,772.0000,0.4283,0.5798,6.0000,157671.3032,22097.7460,0.0000,0.5809
APP-13226,620.0000,0.5814,0.1737,3.0000,175491.9487,35216.6624,4.0000,0.0550
APP-13227,558.0000,0.1029,0.6928,1.0000,142316.3376,42410.1860,0.0000,0.4128
APP-13228,611.0000,0.1267,0.4444,7.0000,157951.5359,10768.7207,3.0000,0.6393
APP-13229,563.0000,0.3024,0.8296,3.0000,194288.2837,12744.9631,1.0000,0.8805
APP-13230,583.0000,0.5416,0.4143,6.0000,231361.8709,10297.9851,2.0000,0.2011
APP-13231,791.0000,0.3664,0.4066,2.0000,235060.4243,10109.0418,4.0000,0.0510
APP-13232,585.0000,0.2679,0.4360,2.0000,176936.9803,4672.4613,4.0000,0.0135
APP-13233,573.0000,0.4813,0.6924,4.0000,89114.7303,36298.6899,3.0000,0.8093
APP-13234,589.0000,0.3774,0.1897,5.0000,220757.6916,16593.7633,1.0000,0.3646
APP-13235,550.0000,0.4155,0.3572,0.0000,182677.2669,20260.0811,0.0000,0.1240
APP-13236,802.0000,0.3356,0.2911,3.0000,110887.8092,39217.1656,3.0000,0.7982
APP-13237,817.0000,0.4988,0.3992,7.0000,168032.7800,41382.9159,4.0000,0.1078
APP-13238,570.0000,0.1086,0.8705,4.0000,122987.1368,25448.6135,1.0000,0.5564
APP-13239,781.0000,0.1009,0.6182,0.0000,213360.1228,6188.0210,3.0000,0.6443
APP-13240,594.0000,0.4756,0.5029,5.0000,104061.9647,21621.0875,1.0000,0.8937
APP-13241,641.0000,0.1147,0.1661,6.0000,126727.3737,41278.5637,2.0000,0.4346
APP-13242,849.0000,0.2855,0.5686,6.0000,204448.4782,40775.3665,0.0000,0.6755
APP-13243,719.0000,0.3015,0.7689,1.0000,74094.2271,15979.1630,4.0000,0.0243
APP-13244,783.0000,0.4376,0.3749,1.0000,154080.1820,43752.8596,4.0000,0.5196
APP-13245,650.0000,0.5248,0.8626,6.0000,128748.3649,15946.4523,3.0000,0.4447
APP-13246,717.0000,0.5520,0.3663,7.0000,110819.9929,37012.1980,0.0000,0.3012
APP-13247,596.0000,0.2541,0.1944,2.0000,54199.7825,42258.5031,2.0000,0.9113
APP-13248,757.0000,0.1893,0.7950,1.0000,32562.7383,7587.8002,2.0000,0.6560
APP-13249,845.0000,0.6394,0.5590,6.0000,165010.5354,14564.9709,3.0000,0.5641
APP-13250,554.0000,0.1241,0.5151,6.0000,153231.1193,26120.0488,3.0000,0.1385
APP-13251,690.0000,0.5476,0.8831,7.0000,235952.8889,17858.4400,0.0000,0.6771
APP-13252,594.0000,0.1111,0.7923,5.0000,96272.1716,44107.0852,4.0000,0.4581
APP-13253,723.0000,0.3668,0.9435,7.0000,38928.6562,19336.7437,2.0000,0.6965
APP-13254,659.0000,0.4528,0.6725,6.0000,131930.0402,38033.4513,0.0000,0.7316
APP-13255,642.0000,0.3627,0.5716,6.0000,39231.9754,10507.5234,1.0000,0.8170
APP-13256,636.0000,0.4106,0.5350,6.0000,86941.3737,44274.5938,3.0000,0.4464
APP-13257,675.0000,0.1140,0.3704,3.0000,177014.5713,33392.8863,1.0000,0.8693
APP-13258,572.0000,0.1848,0.2128,0.0000,130560.6918,2599.7890,2.0000,0.3681
APP-13259,600.0000,0.4043,0.7926,3.0000,101974.5970,9411.8557,2.0000,0.6601
APP-13260,524.0000,0.5552,0.0560,2.0000,205858.3461,6396.4405,1.0000,0.3612
APP-13261,650.0000,0.4016,0.8491,7.0000,104029.4914,27436.5066,1.0000,0.8847
APP-13262,714.0000,0.3747,0.2862,2.0000,65218.0628,37855.0091,2.0000,0.4255
APP-13263,719.0000,0.6435,0.2655,7.0000,91454.3304,35764.0002,0.0000,0.2158
APP-13264,573.0000,0.3144,0.0564,2.0000,239521.6136,26863.1893,3.0000,0.9741
APP-13265,784.0000,0.3120,0.3740,3.0000,85025.7495,28536.6440,4.0000,0.3050
APP-13266,645.0000,0.1407,0.1299,5.0000,109734.9581,42557.1196,3.0000,0.9006
APP-13267,780.0000,0.5307,0.2161,3.0000,68495.0850,21454.0516,0.0000,0.8325
APP-13268,787.0000,0.1372,0.6695,5.0000,172491.2819,34270.3110,2.0000,0.5368
APP-13269,503.0000,0.1749,0.4238,0.0000,90913.4230,6177.5751,4.0000,0.2890
APP-13270,516.0000,0.1312,0.0598,4.0000,76104.7479,5633.9206,3.0000,0.0780
APP-13271,687.0000,0.2058,0.3352,2.0000,159142.6267,9386.6527,3.0000,0.2581
APP-13272,793.0000,0.3414,0.0555,1.0000,198201.1126,43190.0915,3.0000,0.8795
APP-13273,630.0000,0.1231,0.8737,3.0000,160147.6834,34665.2967,0.0000,0.2877
APP-13274,713.0000,0.3263,0.8244,0.0000,139665.8535,41197.1856,3.0000,0.2386
APP-13275,712.0000,0.3646,0.3680,6.0000,244151.2008,16616.4280,1.0000,0.0659
APP-13276,766.0000,0.1609,0.2664,7.0000,92701.1839,9201.0214,0.0000,0.5171
APP-13277,808.0000,0.1303,0.1462,2.0000,134019.1151,4576.7078,3.0000,0.5439
APP-13278,699.0000,0.2729,0.6847,2.0000,72055.3883,20829.8622,3.0000,0.6841
APP-13279,771.0000,0.4578,0.1584,2.0000,140655.0693,43790.1882,0.0000,0.8598
APP-13280,710.0000,0.4339,0.6526,6.0000,136827.8868,3806.3120,3.0000,0.1129
APP-13281,615.0000,0.1696,0.2825,0.0000,199760.4800,41867.6587,3.0000,0.3753
APP-13282,699.0000,0.1506,0.7064,1.0000,130547.0476,13868.4416,1.0000,0.6129
APP-13283,758.0000,0.2028,0.4039,0.0000,61467.4482,4466.5052,1.0000,0.1973
APP-13284,813.0000,0.5809,0.1732,4.0000,238927.0283,9432.0736,4.0000,0.2756
APP-13285,535.0000,0.6124,0.2996,6.0000,88914.3185,6256.2419,0.0000,0.7893
APP-13286,617.0000,0.3869,0.6711,5.0000,83871.7625,31238.2206,3.0000,0.0437
APP-13287,544.0000,0.5962,0.6666,1.0000,228384.6003,43096.7132,3.0000,0.8855
APP-13288,559.0000,0.1723,0.5875,3.0000,175758.8605,44506.1717,1.0000,0.7788
APP-13289,578.0000,0.4615,0.3409,7.0000,224896.9003,5047.7785,1.0000,0.3282
APP-13290,815.0000,0.4568,0.6217,6.0000,93309.8860,25527.7506,2.0000,0.3500
APP-13291,639.0000,0.3471,0.0880,0.0000,41536.9580,20694.5127,1.0000,0.2485
APP-13292,821.0000,0.5058,0.5938,1.0000,125320.2775,14019.1322,0.0000,0.0172
APP-13293,678.0000,0.3612,0.7532,6.0000,83924.4739,25152.4757,2.0000,0.7025
APP-13294,506.0000,0.5711,0.1744,5.0000,190616.5835,12552.8918,3.0000,0.7897
APP-13295,639.0000,0.1747,0.7848,0.0000,77325.2037,12316.6599,2.0000,0.1897
APP-13296,754.0000,0.1095,0.8645,1.0000,47183.8894,43073.8094,3.0000,0.4005
APP-13297,719.0000,0.3080,0.9131,5.0000,134037.2983,34190.2893,3.0000,0.4553
APP-13298,628.0000,0.1707,0.0770,6.0000,92048.5434,34923.6786,2.0000,0.0976
APP-13299,543.0000,0.1985,0.8561,6.0000,86012.7733,23974.8116,3.0000,0.2942
APP-13300,765.0000,0.1263,0.1071,0.0000,99202.4823,20275.9364,0.0000,0.2937
APP-13301,682.0000,0.3368,0.3915,1.0000,97361.2587,18465.1595,4.0000,0.8498
APP-13302,776.0000,0.5055,0.5435,4.0000,127240.0130,7875.7107,0.0000,0.1141
APP-13303,595.0000,0.4062,0.2495,4.0000,156922.6442,43835.3310,3.0000,0.2419
APP-13304,554.0000,0.2962,0.3601,7.0000,148478.7264,31046.8141,3.0000,0.4551
APP-13305,627.0000,0.1064,0.8673,6.0000,160948.4111,23832.6449,4.0000,0.1458
APP-13306,583.0000,0.3800,0.2076,2.0000,58323.8540,29087.6497,1.0000,0.2083
APP-13307,678.0000,0.2802,0.5349,1.0000,43192.3275,44879.3118,1.0000,0.9457
APP-13308,675.0000,0.2314,0.7943,0.0000,234988.1650,12759.8864,1.0000,0.8611
APP-13309,546.0000,0.3483,0.2670,4.0000,79054.9217,39785.9834,2.0000,0.1352
APP-13310,663.0000,0.1935,0.8916,1.0000,212679.7639,6317.2866,1.0000,0.2765
APP-13311,635.0000,0.2769,0.9321,4.0000,44531.9263,2240.4471,4.0000,0.8627
APP-13312,681.0000,0.6094,0.2895,5.0000,178695.7086,41222.3464,3.0000,0.3540
APP-13313,766.0000,0.4360,0.4757,6.0000,162695.5269,5723.4435,4.0000,0.4429
APP-13314,659.0000,0.6444,0.0601,4.0000,131781.3935,31507.0900,2.0000,0.1889
APP-13315,597.0000,0.4453,0.9147,2.0000,112225.6840,22587.7112,4.0000,0.5460
APP-13316,816.0000,0.1533,0.1736,6.0000,220163.9229,19666.5157,0.0000,0.1523
APP-13317,767.0000,0.4662,0.4350,5.0000,184681.4424,44561.8976,2.0000,0.5233
APP-13318,836.0000,0.5762,0.6554,5.0000,172297.8717,15895.5037,3.0000,0.9104
APP-13319,580.0000,0.6020,0.6355,7.0000,234064.1112,6015.0105,2.0000,0.4777
APP-13320,715.0000,0.4050,0.6373,7.0000,44776.4316,12505.5160,3.0000,0.8149
APP-13321,763.0000,0.1661,0.0654,5.0000,194800.5924,43436.8984,0.0000,0.5726
APP-13322,812.0000,0.4537,0.7108,1.0000,242939.9238,42225.6045,4.0000,0.3699
APP-13323,568.0000,0.1786,0.7214,0.0000,243686.6125,14556.2713,0.0000,0.9333
APP-13324,588.0000,0.1308,0.5408,4.0000,68163.3454,25478.2045,0.0000,0.9869
APP-13325,832.0000,0.2164,0.7082,1.0000,208164.7167,27420.7420,2.0000,0.3288
APP-13326,698.0000,0.1534,0.0505,7.0000,42949.9983,44119.9117,3.0000,0.9790
APP-13327,553.0000,0.3450,0.1996,3.0000,182253.9000,28797.0824,1.0000,0.9744
APP-13328,567.0000,0.6192,0.1168,2.0000,171083.0458,38533.5701,4.0000,0.3224
APP-13329,849.0000,0.4632,0.3316,3.0000,130259.2338,8227.9301,1.0000,0.4566
APP-13330,814.0000,0.4820,0.2332,5.0000,105789.2047,23222.1286,3.0000,0.0501
APP-13331,580.0000,0.5420,0.2175,2.0000,82609.5992,34854.0206,0.0000,0.0257
APP-13332,693.0000,0.2316,0.4276,1.0000,106869.5370,3801.7930,3.0000,0.1650
APP-13333,748.0000,0.4148,0.6113,3.0000,51866.0458,20568.5965,3.0000,0.2731
APP-13334,656.0000,0.4921,0.5391,3.0000,96505.1076,42635.6350,0.0000,0.8839
APP-13335,606.0000,0.2672,0.8032,7.0000,141706.2633,35550.8432,4.0000,0.3308
APP-13336,745.0000,0.3132,0.4044,0.0000,143236.4282,7978.2356,3.0000,0.7127
APP-13337,528.0000,0.4857,0.4170,6.0000,156925.8419,23038.3210,2.0000,0.9378
APP-13338,572.0000,0.5447,0.0596,2.0000,189972.3103,21769.4291,4.0000,0.5258
APP-13339,508.0000,0.2989,0.7342,1.0000,55655.0017,7180.2120,4.0000,0.8326
APP-13340,811.0000,0.4441,0.5920,1.0000,217017.9573,15282.4070,1.0000,0.4174
APP-13341,551.0000,0.4654,0.1632,3.0000,110489.2295,9769.1374,4.0000,0.2601
APP-13342,804.0000,0.6109,0.2225,5.0000,72075.1146,44500.6020,4.0000,0.7669
APP-13343,642.0000,0.5331,0.2040,5.0000,69464.2103,23698.9676,0.0000,0.6406
APP-13344,536.0000,0.2070,0.4168,6.0000,207302.8781,8617.6972,3.0000,0.6580
APP-13345,703.0000,0.4441,0.0842,1.0000,135160.9767,22098.1481,4.0000,0.3334
APP-13346,611.0000,0.6268,0.7508,4.0000,86668.2067,5876.8950,0.0000,0.4965
APP-13347,667.0000,0.3080,0.3363,0.0000,234908.8001,38189.7057,0.0000,0.3921
APP-13348,842.0000,0.5209,0.8768,3.0000,158955.9661,29492.4564,3.0000,0.8954
APP-13349,720.0000,0.3966,0.2945,7.0000,169541.7638,24396.0708,0.0000,0.9229
APP-13350,506.0000,0.3408,0.3797,4.0000,84540.9138,33385.7799,1.0000,0.1209
APP-13351,533.0000,0.4136,0.8789,6.0000,117955.8606,15292.3181,2.0000,0.7042
APP-13352,769.0000,0.3338,0.2016,0.0000,97538.0912,19501.5841,4.0000,0.2673
APP-13353,736.0000,0.2749,0.8111,7.0000,84105.5184,5889.2304,3.0000,0.7107
APP-13354,671.0000,0.5186,0.1863,3.0000,227737.2354,12384.4319,1.0000,0.2606
APP-13355,774.0000,0.3930,0.4959,6.0000,58279.7253,3400.7714,2.0000,0.4461
APP-13356,578.0000,0.6142,0.8366,2.0000,49650.2051,6486.5634,2.0000,0.4119
APP-13357,580.0000,0.1048,0.1938,5.0000,113639.2522,30136.8415,1.0000,0.8103
APP-13358,642.0000,0.5231,0.0837,4.0000,174699.1801,11707.3575,2.0000,0.3551
APP-13359,777.0000,0.1865,0.2654,6.0000,99461.9451,2289.9906,3.0000,0.9051
APP-13360,843.0000,0.5187,0.2859,7.0000,74514.6072,10416.9832,0.0000,0.1119
APP-13361,587.0000,0.5786,0.4164,4.0000,41994.8700,15224.9456,4.0000,0.2401
APP-13362,716.0000,0.5312,0.7194,0.0000,213188.6373,8078.2812,3.0000,0.2415
APP-13363,655.0000,0.4266,0.0931,2.0000,192004.6966,11160.3059,3.0000,0.2606
APP-13364,808.0000,0.1675,0.5647,2.0000,171855.9921,43960.1481,2.0000,0.5962
APP-13365,782.0000,0.6282,0.7027,0.0000,191284.2906,3033.4429,1.0000,0.3917
APP-13366,560.0000,0.2795,0.7765,3.0000,215128.9961,26290.3357,3.0000,0.4586
APP-13367,740.0000,0.1155,0.9199,4.0000,88501.7542,35704.8372,4.0000,0.9790
APP-13368,506.0000,0.1010,0.7928,4.0000,203967.7244,44203.7096,0.0000,0.8186
APP-13369,676.0000,0.5062,0.1429,1.0000,52672.4097,17417.0663,1.0000,0.4339
APP-13370,593.0000,0.5582,0.2082,2.0000,235327.2565,15100.0635,4.0000,0.7433
APP-13371,629.0000,0.5417,0.6985,6.0000,154254.7943,20205.8016,4.0000,0.1366
APP-13372,615.0000,0.4075,0.2406,1.0000,197991.2678,28998.9092,4.0000,0.3259
APP-13373,697.0000,0.4475,0.2723,4.0000,137152.4158,20928.9637,0.0000,0.9242
APP-13374,797.0000,0.5987,0.8143,6.0000,118067.3569,16175.6450,0.0000,0.9694
APP-13375,681.0000,0.4650,0.4654,7.0000,185318.5948,41219.2351,4.0000,0.8533
APP-13376,803.0000,0.2932,0.4072,4.0000,102487.3393,19675.3413,4.0000,0.6416
APP-13377,840.0000,0.6227,0.4724,3.0000,161981.6100,9999.2369,1.0000,0.8054
APP-13378,578.0000,0.6311,0.2810,5.0000,30293.6851,44835.7475,1.0000,0.1493
APP-13379,789.0000,0.4453,0.1288,3.0000,214378.4596,26345.5285,2.0000,0.4047
APP-13380,576.0000,0.4114,0.9295,6.0000,66719.9903,38579.2701,0.0000,0.5951
APP-13381,540.0000,0.6153,0.3128,2.0000,164994.7494,15798.1383,4.0000,0.5929
APP-13382,573.0000,0.5279,0.5108,2.0000,218153.2751,11951.5494,4.0000,0.2769
APP-13383,644.0000,0.1653,0.1028,2.0000,179697.7756,10170.2766,3.0000,0.6287
APP-13384,559.0000,0.6270,0.1843,6.0000,134219.3050,34475.9004,0.0000,0.2884
APP-13385,705.0000,0.4984,0.1419,3.0000,140989.5787,43566.5167,2.0000,0.7477
APP-13386,708.0000,0.5065,0.0960,5.0000,126622.8632,42480.7677,2.0000,0.4792
APP-13387,746.0000,0.3205,0.6359,0.0000,37611.8204,32408.0214,3.0000,0.5398
APP-13388,819.0000,0.1046,0.0652,6.0000,200298.4643,33088.5605,0.0000,0.9353
APP-13389,562.0000,0.2495,0.4612,6.0000,240386.7981,13393.1104,2.0000,0.9668
APP-13390,843.0000,0.2821,0.6485,1.0000,188511.9857,18137.4630,4.0000,0.7997
APP-13391,790.0000,0.3507,0.3768,0.0000,227718.5553,4849.3676,0.0000,0.4360
APP-13392,518.0000,0.4857,0.1852,4.0000,221725.3771,26203.9665,4.0000,0.4518
APP-13393,720.0000,0.3478,0.2510,7.0000,108167.3055,43218.4699,2.0000,0.5160
APP-13394,590.0000,0.3047,0.1883,6.0000,109854.0449,30562.3438,0.0000,0.7634
APP-13395,523.0000,0.2365,0.3159,3.0000,131085.3507,20579.5471,3.0000,0.7259
APP-13396,738.0000,0.5227,0.3706,7.0000,50139.8581,15152.1334,3.0000,0.2826
APP-13397,520.0000,0.5331,0.4070,3.0000,39832.4492,23236.3002,0.0000,0.4553
APP-13398,562.0000,0.2998,0.2508,5.0000,30534.2901,16864.6256,2.0000,0.6736
APP-13399,740.0000,0.2197,0.2608,7.0000,146328.8854,41768.7991,1.0000,0.0835
APP-13400,529.0000,0.2210,0.6255,1.0000,148502.2237,32514.8832,4.0000,0.1149
APP-13401,764.0000,0.4645,0.0707,5.0000,47103.3420,13208.2096,1.0000,0.8177
APP-13402,509.0000,0.5249,0.4473,3.0000,69030.6900,20736.1777,0.0000,0.9208
APP-13403,608.0000,0.5317,0.8863,2.0000,193132.1631,2549.4431,2.0000,0.1853
APP-13404,589.0000,0.5789,0.7353,3.0000,147007.1443,2937.9595,4.0000,0.9084
APP-13405,556.0000,0.5150,0.3496,2.0000,201309.9013,21146.5955,1.0000,0.8484
APP-13406,686.0000,0.3673,0.5437,4.0000,74118.9178,20779.6564,4.0000,0.1538
APP-13407,576.0000,0.2470,0.9337,1.0000,155790.4393,2508.1433,1.0000,0.1534
APP-13408,552.0000,0.3056,0.6947,4.0000,82713.3066,17780.5828,4.0000,0.4910
APP-13409,637.0000,0.2561,0.5807,5.0000,241256.3529,13688.2218,2.0000,0.7813
APP-13410,673.0000,0.1547,0.5533,6.0000,233344.7113,14024.8523,2.0000,0.4915
APP-13411,721.0000,0.1791,0.8548,5.0000,101712.8566,16480.4109,3.0000,0.8155
APP-13412,529.0000,0.1070,0.2253,5.0000,64086.8818,27712.0190,2.0000,0.1401
APP-13413,565.0000,0.2082,0.5708,7.0000,62451.8314,33150.8551,1.0000,0.2524
APP-13414,517.0000,0.5594,0.3652,4.0000,68803.7941,18842.1191,1.0000,0.7240
APP-13415,776.0000,0.3954,0.4714,2.0000,168943.1152,44209.5052,1.0000,0.5089
APP-13416,695.0000,0.3142,0.0859,6.0000,69437.2227,27024.5480,2.0000,0.4115
APP-13417,587.0000,0.2306,0.7639,0.0000,70470.0370,31812.0877,2.0000,0.8290
APP-13418,686.0000,0.4244,0.2159,3.0000,118597.4126,21454.5883,3.0000,0.1471
APP-13419,783.0000,0.6354,0.5564,1.0000,204636.5283,42401.2764,1.0000,0.4100
APP-13420,766.0000,0.2914,0.8810,6.0000,59381.5645,25166.5682,1.0000,0.8953
APP-13421,823.0000,0.5661,0.2817,7.0000,64513.1620,34030.9855,4.0000,0.9021
APP-13422,580.0000,0.6165,0.3450,2.0000,46601.2020,24392.6072,4.0000,0.3697
APP-13423,557.0000,0.5328,0.4155,7.0000,44018.1872,39293.9272,4.0000,0.4281
APP-13424,767.0000,0.4253,0.5396,7.0000,66118.4925,34886.8570,1.0000,0.0847
APP-13425,821.0000,0.2661,0.2571,2.0000,205065.0156,37478.3696,1.0000,0.2198
APP-13426,561.0000,0.1184,0.7146,1.0000,246749.9029,4711.9871,3.0000,0.0273
APP-13427,746.0000,0.5051,0.6167,3.0000,75089.8450,26611.1381,0.0000,0.5328
APP-13428,701.0000,0.6258,0.1339,6.0000,70049.7147,24482.1407,4.0000,0.9785
APP-13429,810.0000,0.4791,0.5087,6.0000,66381.8299,18755.4705,1.0000,0.1535
APP-13430,567.0000,0.1199,0.3738,5.0000,39634.6078,13943.0588,1.0000,0.9411
APP-13431,621.0000,0.1767,0.3656,3.0000,214969.5258,37154.8320,3.0000,0.4090
APP-13432,717.0000,0.3161,0.9348,3.0000,142216.2673,14446.6913,1.0000,0.0593
APP-13433,802.0000,0.6441,0.4149,7.0000,102643.1649,26394.8603,2.0000,0.1671
APP-13434,788.0000,0.1467,0.0716,4.0000,76063.2838,23369.7386,4.0000,0.4541
APP-13435,666.0000,0.2748,0.3694,6.0000,68411.2790,23931.0717,0.0000,0.2107
APP-13436,629.0000,0.4035,0.5896,6.0000,54209.5163,42153.4720,0.0000,0.6653
APP-13437,566.0000,0.1616,0.5250,5.0000,176566.3184,40412.1358,3.0000,0.2418
APP-13438,640.0000,0.1647,0.1194,7.0000,175094.3980,27330.1538,0.0000,0.7694
APP-13439,848.0000,0.1378,0.2014,5.0000,58041.5745,10723.9101,3.0000,0.2153
APP-13440,579.0000,0.3765,0.7424,3.0000,76509.9093,9950.4221,1.0000,0.5856
APP-13441,831.0000,0.2576,0.0565,1.0000,210023.7598,6693.7086,1.0000,0.5221
APP-13442,597.0000,0.1217,0.2575,0.0000,147594.5551,21863.3334,1.0000,0.7974
APP-13443,543.0000,0.3760,0.9326,1.0000,69107.5819,10154.2673,0.0000,0.6059
APP-13444,751.0000,0.5017,0.6401,7.0000,173363.6987,21128.0945,4.0000,0.5148
APP-13445,659.0000,0.4679,0.2710,6.0000,215238.2293,17016.6939,2.0000,0.8973
APP-13446,756.0000,0.4764,0.2246,3.0000,102317.3548,3358.2140,1.0000,0.8737
APP-13447,845.0000,0.4028,0.4249,1.0000,197572.7806,35928.5641,2.0000,0.8747
APP-13448,551.0000,0.5297,0.6310,0.0000,214936.7536,42867.1510,1.0000,0.2421
APP-13449,691.0000,0.1343,0.2039,1.0000,106473.3266,19465.6049,2.0000,0.7141
APP-13450,593.0000,0.2049,0.7232,1.0000,233326.9043,15484.2754,0.0000,0.6374
APP-13451,673.0000,0.4868,0.0877,6.0000,118609.7995,4116.9152,4.0000,0.8421
APP-13452,589.0000,0.2847,0.2246,5.0000,53483.6885,2769.3804,3.0000,0.6292
APP-13453,568.0000,0.2314,0.5812,0.0000,196599.2866,29279.8299,1.0000,0.1981
APP-13454,681.0000,0.1149,0.6856,0.0000,68250.2124,25202.0276,2.0000,0.2915
APP-13455,646.0000,0.5777,0.6550,5.0000,75368.0978,35740.8260,2.0000,0.4851
APP-13456,768.0000,0.5609,0.2856,1.0000,174217.4293,25415.5450,0.0000,0.5525
APP-13457,674.0000,0.1333,0.3969,4.0000,141508.9420,10313.9078,3.0000,0.4284
APP-13458,711.0000,0.2674,0.0839,3.0000,47472.1772,39106.3958,2.0000,0.8546
APP-13459,749.0000,0.2180,0.0504,0.0000,206083.5296,40164.0263,3.0000,0.8452
APP-13460,519.0000,0.2137,0.4248,5.0000,34471.0940,35563.0335,1.0000,0.7442
APP-13461,657.0000,0.2419,0.5390,1.0000,72020.7471,42916.3984,4.0000,0.4465
APP-13462,683.0000,0.2634,0.7890,1.0000,167704.0260,39660.3112,3.0000,0.7571
APP-13463,722.0000,0.4886,0.9164,2.0000,199269.6272,22139.1645,1.0000,0.8516
APP-13464,513.0000,0.6334,0.5892,7.0000,130239.4090,38193.6612,2.0000,0.6039
APP-13465,535.0000,0.1250,0.7849,1.0000,129482.6741,33441.5768,4.0000,0.6037
APP-13466,797.0000,0.2776,0.1674,2.0000,236768.8428,23193.4926,0.0000,0.2400
APP-13467,767.0000,0.4671,0.7850,1.0000,96578.1808,19652.1382,0.0000,0.3580
APP-13468,647.0000,0.2683,0.2781,7.0000,150625.8466,31963.7049,4.0000,0.6815
APP-13469,501.0000,0.2051,0.4188,6.0000,171841.0789,5055.3280,0.0000,0.8940
APP-13470,590.0000,0.1923,0.0692,7.0000,234070.3038,31126.7723,1.0000,0.6837
APP-13471,724.0000,0.4289,0.4712,7.0000,198188.8362,20049.7843,4.0000,0.3452
APP-13472,738.0000,0.1831,0.6362,4.0000,56044.9339,18422.0900,3.0000,0.7808
APP-13473,789.0000,0.1531,0.2769,1.0000,198381.3306,22217.9385,1.0000,0.4813
APP-13474,693.0000,0.5123,0.7778,3.0000,166786.2564,42197.4167,2.0000,0.3628
APP-13475,768.0000,0.2891,0.8836,4.0000,200387.8588,44066.9134,3.0000,0.3549
APP-13476,582.0000,0.5920,0.5636,6.0000,51549.2278,43963.0354,1.0000,0.7938
APP-13477,551.0000,0.3730,0.2697,3.0000,232537.7009,29779.9358,3.0000,0.8486
APP-13478,617.0000,0.1725,0.6847,0.0000,204592.7983,36753.0455,4.0000,0.3304
APP-13479,795.0000,0.2060,0.3151,3.0000,216488.5492,9166.1334,3.0000,0.2113
APP-13480,810.0000,0.5848,0.1965,4.0000,223799.8499,24742.2934,3.0000,0.5358
APP-13481,527.0000,0.1691,0.3067,7.0000,51093.1895,15393.8491,1.0000,0.8368
APP-13482,568.0000,0.2735,0.4451,4.0000,205582.0421,9370.2410,4.0000,0.1140
APP-13483,523.0000,0.2669,0.2531,0.0000,184026.8667,32268.6824,2.0000,0.4879
APP-13484,767.0000,0.6432,0.3535,4.0000,179713.1999,2390.5830,2.0000,0.0104
APP-13485,787.0000,0.6359,0.4061,7.0000,114138.5815,39214.5950,4.0000,0.5904
APP-13486,824.0000,0.4806,0.7285,3.0000,88026.7997,44662.2102,1.0000,0.2637
APP-13487,563.0000,0.2295,0.8219,2.0000,163961.8444,15777.7244,0.0000,0.3749
APP-13488,681.0000,0.1986,0.7924,0.0000,92876.1774,7699.5696,0.0000,0.3247
APP-13489,656.0000,0.1331,0.2239,4.0000,231776.1142,35978.2574,2.0000,0.4919
APP-13490,841.0000,0.1337,0.7788,2.0000,163833.7988,36434.5352,2.0000,0.6769
APP-13491,827.0000,0.6174,0.6265,7.0000,108951.9164,35617.4473,0.0000,0.1078
APP-13492,792.0000,0.4319,0.2640,2.0000,34673.1594,32342.8857,3.0000,0.6512
APP-13493,573.0000,0.2091,0.3884,5.0000,65249.6644,35933.0983,0.0000,0.2830
APP-13494,616.0000,0.5297,0.3609,5.0000,93981.7315,39105.1527,3.0000,0.7451
APP-13495,773.0000,0.1420,0.4416,6.0000,65653.2905,3479.4197,2.0000,0.1145
APP-13496,713.0000,0.3873,0.8104,3.0000,149988.1925,44637.9413,4.0000,0.7906
APP-13497,704.0000,0.2077,0.4204,0.0000,188668.1380,34884.2123,1.0000,0.6872
APP-13498,526.0000,0.3467,0.0992,1.0000,224481.6285,25434.2105,3.0000,0.1061
APP-13499,641.0000,0.2260,0.7136,4.0000,171866.9565,19166.1474,4.0000,0.8797
APP-13500,841.0000,0.1751,0.7583,2.0000,157225.0440,44489.0057,4.0000,0.0836
APP-13501,660.0000,0.6098,0.5651,2.0000,82738.2987,5992.6772,2.0000,0.1442
APP-13502,809.0000,0.6060,0.4776,0.0000,222226.5954,35030.4011,2.0000,0.1936
APP-13503,643.0000,0.3713,0.7449,3.0000,99508.6755,7834.1831,3.0000,0.1972
APP-13504,796.0000,0.5324,0.0699,4.0000,184679.2798,26045.0737,2.0000,0.9073
APP-13505,789.0000,0.2110,0.5758,1.0000,194460.6727,22026.5240,3.0000,0.4113
APP-13506,717.0000,0.3183,0.9067,5.0000,39846.6379,6623.9634,2.0000,0.1680
APP-13507,784.0000,0.2240,0.7649,4.0000,173169.7098,9675.1854,4.0000,0.5471
APP-13508,516.0000,0.1461,0.2980,3.0000,234862.6193,17544.3636,4.0000,0.7385
APP-13509,630.0000,0.3331,0.8759,4.0000,182603.6594,15976.1056,1.0000,0.9689
APP-13510,531.0000,0.5097,0.2322,6.0000,134879.4092,12099.9837,0.0000,0.5962
APP-13511,744.0000,0.5096,0.5422,1.0000,118557.9735,22918.1845,3.0000,0.1261
APP-13512,602.0000,0.3439,0.6125,2.0000,62975.8578,27582.3389,0.0000,0.1338
APP-13513,686.0000,0.3455,0.0806,5.0000,79472.2493,32762.5941,0.0000,0.9175
APP-13514,794.0000,0.4316,0.1645,5.0000,225586.5320,15893.9773,4.0000,0.7607
APP-13515,761.0000,0.6132,0.5399,2.0000,115856.5015,29914.9323,4.0000,0.1549
APP-13516,733.0000,0.1825,0.2128,4.0000,65721.9003,28148.5789,0.0000,0.7860
APP-13517,517.0000,0.3227,0.4272,4.0000,117657.1012,32250.3956,4.0000,0.1054
APP-13518,715.0000,0.5981,0.6852,4.0000,126379.9803,43117.3823,4.0000,0.3770
APP-13519,617.0000,0.4018,0.6128,6.0000,104660.4142,40739.4149,4.0000,0.0306
APP-13520,846.0000,0.5361,0.8368,1.0000,33723.4985,38010.1436,1.0000,0.9654
APP-13521,617.0000,0.3544,0.8791,3.0000,110800.8594,32561.4784,1.0000,0.3431
APP-13522,762.0000,0.6066,0.8839,3.0000,227294.2325,14098.9984,3.0000,0.1322
APP-13523,708.0000,0.5896,0.4032,5.0000,90458.6289,8313.2593,0.0000,0.8052
APP-13524,617.0000,0.3453,0.1597,5.0000,109713.0565,31880.6411,4.0000,0.4190
APP-13525,572.0000,0.1028,0.6504,6.0000,187438.7333,27333.2669,4.0000,0.6182
APP-13526,590.0000,0.4114,0.8771,1.0000,64278.3050,26382.3261,4.0000,0.8547
APP-13527,686.0000,0.2122,0.7423,4.0000,215069.0784,32431.2661,2.0000,0.2654
APP-13528,810.0000,0.2323,0.6773,1.0000,149971.7088,29032.2031,4.0000,0.5375
APP-13529,842.0000,0.3364,0.7723,7.0000,147380.6739,11914.3058,2.0000,0.1726
APP-13530,610.0000,0.3475,0.4188,0.0000,58091.9626,41275.8661,1.0000,0.8439
APP-13531,515.0000,0.5734,0.5016,0.0000,44860.6474,39871.2835,2.0000,0.3240
APP-13532,577.0000,0.1172,0.2299,7.0000,216591.2479,7418.5478,1.0000,0.4873
APP-13533,676.0000,0.2623,0.6544,2.0000,78664.4435,27618.4430,0.0000,0.7196
APP-13534,640.0000,0.4478,0.3632,2.0000,125888.0484,41120.4784,2.0000,0.8956
APP-13535,548.0000,0.4421,0.2907,5.0000,141666.5201,30701.0693,3.0000,0.3510
APP-13536,560.0000,0.2748,0.2756,1.0000,35241.6336,24501.5343,3.0000,0.0932
APP-13537,703.0000,0.1979,0.5096,3.0000,184831.6104,41264.0284,2.0000,0.5233
APP-13538,593.0000,0.2524,0.5360,2.0000,149379.5443,35155.0840,4.0000,0.0229
APP-13539,584.0000,0.5908,0.7936,2.0000,229975.7192,30265.9933,4.0000,0.3947
APP-13540,631.0000,0.2446,0.8747,1.0000,58793.0264,20591.8006,0.0000,0.4100
APP-13541,815.0000,0.3705,0.3282,2.0000,67011.6290,35373.2218,3.0000,0.4667
APP-13542,795.0000,0.6183,0.3486,3.0000,86877.3932,39447.0551,3.0000,0.4102
APP-13543,611.0000,0.1651,0.3031,5.0000,97084.1219,9066.7332,4.0000,0.7333
APP-13544,768.0000,0.5789,0.3218,1.0000,237397.6782,31964.9556,4.0000,0.2422
APP-13545,835.0000,0.5089,0.7056,6.0000,154903.9754,32016.1414,0.0000,0.5190
APP-13546,598.0000,0.3670,0.6162,1.0000,89488.5349,8307.9626,1.0000,0.3285
APP-13547,501.0000,0.6219,0.1201,5.0000,77279.1358,38459.2367,3.0000,0.6188
APP-13548,580.0000,0.1409,0.5653,3.0000,144860.4336,39217.6871,1.0000,0.4235
APP-13549,791.0000,0.5700,0.8130,7.0000,74252.8139,7814.5975,4.0000,0.2122
APP-13550,537.0000,0.2087,0.1042,5.0000,47676.9983,33473.9131,2.0000,0.5919
APP-13551,591.0000,0.2948,0.8649,4.0000,167268.0488,12125.4131,3.0000,0.2528
APP-13552,833.0000,0.1673,0.2811,0.0000,177034.0686,11939.9284,4.0000,0.3985
APP-13553,570.0000,0.3724,0.3450,6.0000,46316.7178,7431.2085,3.0000,0.4174
APP-13554,667.0000,0.1930,0.4095,7.0000,141211.7095,31549.7851,2.0000,0.8904
APP-13555,809.0000,0.2403,0.1781,0.0000,155790.9018,41026.2420,0.0000,0.7346
APP-13556,796.0000,0.1328,0.1386,4.0000,169765.0139,26696.4341,4.0000,0.6268
APP-13557,606.0000,0.2678,0.2666,7.0000,31800.9176,13111.6305,1.0000,0.1201
APP-13558,587.0000,0.1901,0.0549,4.0000,204685.8707,10137.2915,1.0000,0.3129
APP-13559,704.0000,0.4769,0.5695,6.0000,146275.6101,9197.4493,3.0000,0.0588
APP-13560,612.0000,0.4510,0.1710,6.0000,120759.1045,10812.5344,0.0000,0.5383
APP-13561,757.0000,0.4660,0.1340,7.0000,126664.2883,25794.7862,2.0000,0.1255
APP-13562,736.0000,0.4718,0.5569,2.0000,129669.7968,44783.7948,3.0000,0.0385
APP-13563,646.0000,0.1567,0.5834,7.0000,217230.7824,42193.0447,4.0000,0.3596
APP-13564,643.0000,0.2176,0.6439,1.0000,181302.3698,6038.5089,1.0000,0.7392
APP-13565,535.0000,0.5056,0.5034,6.0000,92923.4911,10675.1919,3.0000,0.4273
APP-13566,742.0000,0.3652,0.8459,4.0000,32758.0791,31299.9763,4.0000,0.0949
APP-13567,822.0000,0.4466,0.1624,0.0000,112864.6621,31656.5658,2.0000,0.5392
APP-13568,806.0000,0.1311,0.7577,5.0000,71720.4712,11039.8326,4.0000,0.4505
APP-13569,726.0000,0.3125,0.4201,7.0000,163515.2888,43124.5670,3.0000,0.9517
APP-13570,754.0000,0.3409,0.8631,7.0000,170982.8735,27239.0644,1.0000,0.1445
APP-13571,812.0000,0.4808,0.2611,1.0000,100978.3006,24743.5919,3.0000,0.6791
APP-13572,576.0000,0.6016,0.9030,6.0000,219864.1735,37381.5208,3.0000,0.7162
APP-13573,768.0000,0.4160,0.8305,6.0000,246078.4382,18136.3831,3.0000,0.8415
APP-13574,536.0000,0.5186,0.2059,7.0000,133383.5940,32722.7961,0.0000,0.8397
APP-13575,770.0000,0.4539,0.4414,4.0000,133942.5973,41488.6888,3.0000,0.4062
APP-13576,576.0000,0.6004,0.2688,7.0000,47246.0086,42816.5961,4.0000,0.7425
APP-13577,706.0000,0.5459,0.1778,2.0000,223245.5577,3710.5567,2.0000,0.3938
APP-13578,500.0000,0.2360,0.3992,4.0000,61523.5893,5131.2723,2.0000,0.8868
APP-13579,502.0000,0.2223,0.5316,2.0000,168265.3385,32456.8060,0.0000,0.7008
APP-13580,727.0000,0.6015,0.4114,2.0000,171962.0059,2191.0727,1.0000,0.0515
APP-13581,808.0000,0.4286,0.3485,2.0000,105992.5479,30519.3964,4.0000,0.1947
APP-13582,538.0000,0.3473,0.3451,5.0000,51837.9766,37357.2515,4.0000,0.8961
APP-13583,790.0000,0.4851,0.1949,5.0000,173972.0589,5866.5602,0.0000,0.5621
APP-13584,764.0000,0.2549,0.2505,6.0000,105228.3907,3008.3216,3.0000,0.7716
APP-13585,754.0000,0.5447,0.5265,5.0000,63639.8237,23866.1962,0.0000,0.8440
APP-13586,595.0000,0.3903,0.1932,1.0000,231067.9139,44454.7826,3.0000,0.0569
APP-13587,807.0000,0.5790,0.7965,3.0000,137048.2038,25003.9520,4.0000,0.1170
APP-13588,713.0000,0.4540,0.7125,4.0000,184095.6643,43933.4148,2.0000,0.9288
APP-13589,564.0000,0.2431,0.9400,3.0000,96130.6605,32172.0882,2.0000,0.6065
APP-13590,808.0000,0.6310,0.3351,1.0000,62591.8852,15005.0933,1.0000,0.7150
APP-13591,598.0000,0.3213,0.2142,1.0000,37584.4070,12389.8294,4.0000,0.3967
APP-13592,674.0000,0.5213,0.1180,4.0000,105808.9571,28050.7414,4.0000,0.2471
APP-13593,554.0000,0.2405,0.3650,3.0000,41040.6527,16299.4741,1.0000,0.1079
APP-13594,636.0000,0.3294,0.8789,5.0000,247822.4410,12264.5423,3.0000,0.2198
APP-13595,726.0000,0.5061,0.5821,5.0000,81328.6233,18961.8524,2.0000,0.1106
APP-13596,814.0000,0.4829,0.9127,2.0000,57696.6449,24906.7504,1.0000,0.9191
APP-13597,653.0000,0.6164,0.8726,5.0000,210669.7797,41708.1098,3.0000,0.8638
APP-13598,716.0000,0.5388,0.3918,4.0000,205815.3767,43093.8406,2.0000,0.7496
APP-13599,535.0000,0.2783,0.4441,1.0000,249274.6491,33405.1237,2.0000,0.0317
APP-13600,583.0000,0.5748,0.3194,6.0000,83670.2391,12396.5438,4.0000,0.5211
APP-13601,701.0000,0.6066,0.7177,5.0000,40594.5182,21813.1976,4.0000,0.2449
APP-13602,514.0000,0.6248,0.5625,7.0000,189112.4750,6218.8853,1.0000,0.0839
APP-13603,618.0000,0.5953,0.1071,7.0000,207754.4424,26528.7097,3.0000,0.0305
APP-13604,520.0000,0.4825,0.8768,2.0000,107000.4744,29548.3833,2.0000,0.7124
APP-13605,671.0000,0.5377,0.7569,6.0000,235896.1435,19094.1489,2.0000,0.3814
APP-13606,591.0000,0.4563,0.8897,7.0000,199797.0938,11404.1617,1.0000,0.5870
APP-13607,591.0000,0.2758,0.2745,0.0000,120170.8093,44451.1991,4.0000,0.7690
APP-13608,661.0000,0.5489,0.7277,5.0000,188351.3386,3703.8596,0.0000,0.4493
APP-13609,556.0000,0.2252,0.6205,6.0000,30210.6293,33452.8685,2.0000,0.1366
APP-13610,765.0000,0.3372,0.1609,0.0000,104698.1297,31562.9622,2.0000,0.9345
APP-13611,657.0000,0.2889,0.2836,0.0000,67397.6466,26111.1981,1.0000,0.6439
APP-13612,815.0000,0.1947,0.2226,2.0000,97159.4285,10044.8214,1.0000,0.2050
APP-13613,579.0000,0.5394,0.1880,1.0000,75983.2261,38727.8849,0.0000,0.6791
APP-13614,521.0000,0.3596,0.6344,1.0000,187305.5030,28246.0984,0.0000,0.4298
APP-13615,641.0000,0.3898,0.8294,1.0000,212388.8891,31158.1525,1.0000,0.7866
APP-13616,536.0000,0.3761,0.9391,1.0000,69651.3449,32484.4507,0.0000,0.7156
APP-13617,633.0000,0.4792,0.2435,3.0000,121804.2329,7172.7165,3.0000,0.2659
APP-13618,770.0000,0.1967,0.6568,7.0000,161700.7018,22051.7303,2.0000,0.7358
APP-13619,829.0000,0.3754,0.1205,6.0000,61779.0924,35945.5782,4.0000,0.5494
APP-13620,660.0000,0.2431,0.2651,0.0000,109365.3650,19107.9718,4.0000,0.6693
APP-13621,565.0000,0.6344,0.8126,6.0000,73004.3698,33450.7677,3.0000,0.3973
APP-13622,635.0000,0.1331,0.8974,6.0000,153659.7277,18158.9605,2.0000,0.1115
APP-13623,600.0000,0.6106,0.9236,2.0000,228451.1075,36554.4542,3.0000,0.0452
APP-13624,542.0000,0.1330,0.4680,3.0000,131825.7548,38361.1886,0.0000,0.7860
APP-13625,777.0000,0.1601,0.7122,3.0000,177631.8095,37848.0761,1.0000,0.2854
APP-13626,755.0000,0.5984,0.3822,7.0000,188471.4580,30083.9649,3.0000,0.5874
APP-13627,603.0000,0.4563,0.6809,1.0000,247943.9257,23688.0121,3.0000,0.8342
APP-13628,669.0000,0.2784,0.1870,4.0000,168139.2566,38748.1831,0.0000,0.9412
APP-13629,668.0000,0.4236,0.1599,7.0000,70709.2772,18310.0742,2.0000,0.9605
APP-13630,650.0000,0.1914,0.9354,5.0000,32288.1324,43378.5538,1.0000,0.7995
APP-13631,766.0000,0.1357,0.3304,2.0000,60568.0527,37735.9128,3.0000,0.5216
APP-13632,744.0000,0.1271,0.8575,6.0000,57428.6008,13560.8024,3.0000,0.2709
APP-13633,501.0000,0.2485,0.0705,1.0000,145061.2316,18158.5530,1.0000,0.0271
APP-13634,578.0000,0.1987,0.7983,1.0000,126637.6066,40525.4438,4.0000,0.2311
APP-13635,834.0000,0.3218,0.8930,7.0000,165210.6387,12861.9422,2.0000,0.2418
APP-13636,644.0000,0.5822,0.0640,6.0000,47095.3621,5531.7778,1.0000,0.5257
APP-13637,661.0000,0.3082,0.4003,1.0000,210475.2020,5367.8556,2.0000,0.6249
APP-13638,766.0000,0.3192,0.7774,6.0000,53964.1054,39259.1728,4.0000,0.9705
APP-13639,765.0000,0.1664,0.0540,1.0000,180367.5746,17957.5947,1.0000,0.3929
APP-13640,697.0000,0.6438,0.3244,2.0000,182435.9669,11080.6827,1.0000,0.9297
APP-13641,822.0000,0.1799,0.2824,7.0000,154944.4534,13488.4852,2.0000,0.8011
APP-13642,706.0000,0.2861,0.1703,2.0000,68466.4428,27487.6937,1.0000,0.7028
APP-13643,806.0000,0.6202,0.1292,0.0000,164844.3860,20009.9533,1.0000,0.1815
APP-13644,659.0000,0.3502,0.2741,7.0000,233460.0662,8128.5869,2.0000,0.6156
APP-13645,577.0000,0.2860,0.2300,0.0000,207139.5413,23147.8958,0.0000,0.5910
APP-13646,538.0000,0.4933,0.9270,7.0000,58584.9821,30105.9425,4.0000,0.7846
APP-13647,694.0000,0.1182,0.0699,3.0000,102836.9139,18974.8780,0.0000,0.5776
APP-13648,811.0000,0.2767,0.1666,2.0000,203769.6498,28524.0640,3.0000,0.9542
APP-13649,643.0000,0.4191,0.7764,2.0000,73296.2787,32191.7818,2.0000,0.2051
APP-13650,754.0000,0.6451,0.7362,1.0000,187281.0590,29973.4347,1.0000,0.1722
APP-13651,686.0000,0.6322,0.4714,6.0000,232036.2103,8124.1755,0.0000,0.7220
APP-13652,782.0000,0.4444,0.3967,7.0000,92548.6029,20763.0313,1.0000,0.9858
APP-13653,772.0000,0.2871,0.3617,5.0000,50721.5712,41092.8796,1.0000,0.2432
APP-13654,744.0000,0.4025,0.9261,1.0000,131246.9383,8822.1978,0.0000,0.0628
APP-13655,624.0000,0.6136,0.8303,4.0000,98940.4905,39625.0867,3.0000,0.6542
APP-13656,644.0000,0.4669,0.2856,5.0000,141977.6666,21197.5082,3.0000,0.7423
APP-13657,667.0000,0.1821,0.4650,0.0000,96605.5362,27939.6637,2.0000,0.5102
APP-13658,787.0000,0.6343,0.7214,5.0000,140839.9462,15537.7674,0.0000,0.2333
APP-13659,712.0000,0.5962,0.7923,2.0000,64721.0773,33265.0214,2.0000,0.4963
APP-13660,560.0000,0.2192,0.1598,5.0000,68000.9636,9700.7927,3.0000,0.3115
APP-13661,594.0000,0.4613,0.9102,7.0000,114646.1448,34798.7965,3.0000,0.2233
APP-13662,609.0000,0.5830,0.7874,2.0000,49728.6637,8140.9772,1.0000,0.5011
APP-13663,712.0000,0.2213,0.5032,1.0000,246476.4499,9410.4731,0.0000,0.0568
APP-13664,767.0000,0.6080,0.5006,3.0000,100977.7232,2368.5331,2.0000,0.7125
APP-13665,552.0000,0.1990,0.5064,0.0000,73989.7639,39117.1984,1.0000,0.7603
APP-13666,753.0000,0.2964,0.7842,2.0000,184723.3863,38299.2447,3.0000,0.9756
APP-13667,717.0000,0.6187,0.5418,1.0000,122629.7719,18810.1441,2.0000,0.8712
APP-13668,572.0000,0.6207,0.7813,0.0000,240736.5953,2135.0045,3.0000,0.2988
APP-13669,550.0000,0.1128,0.8272,6.0000,41650.3136,42122.1138,1.0000,0.3081
APP-13670,551.0000,0.5765,0.6822,3.0000,135405.2748,9369.0284,1.0000,0.4450
APP-13671,771.0000,0.4815,0.0922,6.0000,81602.4077,8410.2228,2.0000,0.7197
APP-13672,582.0000,0.5794,0.4531,2.0000,184698.1801,11080.6843,3.0000,0.0502
APP-13673,567.0000,0.3541,0.2801,2.0000,150024.8768,13062.1063,4.0000,0.9525
APP-13674,646.0000,0.6398,0.0891,3.0000,82380.6086,42046.2728,4.0000,0.6986
APP-13675,726.0000,0.5115,0.6337,1.0000,145517.7633,29006.0822,0.0000,0.8436
APP-13676,654.0000,0.5176,0.5115,6.0000,201290.1554,16669.0219,3.0000,0.6863
APP-13677,703.0000,0.3348,0.1050,6.0000,244449.4883,34848.0008,1.0000,0.9124
APP-13678,628.0000,0.3158,0.6096,5.0000,79884.4688,35236.6528,1.0000,0.8107
APP-13679,648.0000,0.2131,0.2210,1.0000,41948.4966,12594.3601,4.0000,0.4372
APP-13680,704.0000,0.1320,0.8935,6.0000,154477.0547,9497.1386,0.0000,0.7047
APP-13681,725.0000,0.5958,0.6774,2.0000,97843.3982,8560.2944,2.0000,0.9333
APP-13682,758.0000,0.4249,0.0534,7.0000,193874.4102,17326.8483,3.0000,0.9361
APP-13683,796.0000,0.4070,0.8343,3.0000,199003.2359,3213.3658,4.0000,0.8922
APP-13684,615.0000,0.2859,0.1086,4.0000,71627.8876,20962.5554,2.0000,0.7451
APP-13685,542.0000,0.5068,0.0604,3.0000,128391.7035,10649.4601,0.0000,0.6320
APP-13686,532.0000,0.3238,0.4057,7.0000,35212.4417,34996.8561,2.0000,0.5488
APP-13687,736.0000,0.5451,0.1901,0.0000,189618.8579,16179.9703,3.0000,0.1963
APP-13688,650.0000,0.1439,0.7861,7.0000,150331.1562,29992.8309,2.0000,0.4595
APP-13689,643.0000,0.2361,0.9002,6.0000,245392.6883,31342.8782,4.0000,0.1420
APP-13690,756.0000,0.2559,0.7551,0.0000,104385.3688,36205.3067,3.0000,0.1605
APP-13691,735.0000,0.1128,0.3814,1.0000,174523.3429,22435.5295,4.0000,0.1646
APP-13692,819.0000,0.4649,0.3129,2.0000,156000.6522,19194.5538,3.0000,0.4733
APP-13693,806.0000,0.4859,0.3584,2.0000,152072.7035,13059.4693,0.0000,0.0952
APP-13694,762.0000,0.3274,0.1279,4.0000,123342.5598,2413.8821,0.0000,0.8520
APP-13695,728.0000,0.5375,0.8632,5.0000,112050.4415,8770.9368,2.0000,0.8984
APP-13696,813.0000,0.6246,0.2696,1.0000,80603.9635,11548.0929,4.0000,0.6724
APP-13697,555.0000,0.5052,0.2752,6.0000,182074.1444,30307.2094,2.0000,0.5179
APP-13698,834.0000,0.4703,0.6943,0.0000,184816.8081,36013.6163,0.0000,0.9447
APP-13699,645.0000,0.3473,0.6060,4.0000,176724.1574,21728.5874,3.0000,0.3253
APP-13700,586.0000,0.4044,0.9130,5.0000,245138.0073,37336.1959,3.0000,0.6020
APP-13701,692.0000,0.2585,0.9331,2.0000,101673.5743,18074.2247,0.0000,0.7922
APP-13702,812.0000,0.2343,0.4256,3.0000,65447.4847,30135.1331,3.0000,0.7316
APP-13703,544.0000,0.1144,0.8788,0.0000,43012.7209,25958.5889,2.0000,0.8370
APP-13704,560.0000,0.3645,0.9096,1.0000,59256.0692,8458.7600,0.0000,0.2384
APP-13705,725.0000,0.2238,0.8205,3.0000,88301.6426,21871.0788,0.0000,0.7957
APP-13706,734.0000,0.3570,0.8893,0.0000,43176.8063,43609.8513,2.0000,0.0447
APP-13707,749.0000,0.5468,0.5900,4.0000,237627.5980,8449.6348,1.0000,0.5504
APP-13708,814.0000,0.3019,0.1529,7.0000,101536.3843,19447.6746,1.0000,0.0195
APP-13709,766.0000,0.2770,0.8236,2.0000,234761.6995,16294.3947,4.0000,0.3523
APP-13710,784.0000,0.3458,0.3268,5.0000,112748.1926,34087.5120,1.0000,0.5777
APP-13711,541.0000,0.3725,0.8826,5.0000,148809.9237,3656.5058,2.0000,0.7062
APP-13712,624.0000,0.2500,0.5173,5.0000,160832.7378,21482.7973,2.0000,0.4981
APP-13713,746.0000,0.4300,0.4907,6.0000,117715.0875,13373.6140,4.0000,0.9392
APP-13714,786.0000,0.1159,0.7982,5.0000,108661.2038,14804.2087,4.0000,0.5112
APP-13715,628.0000,0.3674,0.3994,0.0000,175874.8547,19512.5096,0.0000,0.0803
APP-13716,703.0000,0.4570,0.1456,6.0000,228225.4905,14541.2574,1.0000,0.1879
APP-13717,573.0000,0.3564,0.7554,6.0000,194526.0396,26412.9509,3.0000,0.8384
APP-13718,802.0000,0.6380,0.3115,3.0000,126975.2077,14349.0251,3.0000,0.9363
APP-13719,683.0000,0.1853,0.8113,4.0000,202773.5426,41445.7141,0.0000,0.6657
APP-13720,533.0000,0.3492,0.8742,6.0000,169212.4202,21239.1756,1.0000,0.7392
APP-13721,700.0000,0.2605,0.4027,2.0000,142480.6348,8668.6270,0.0000,0.6166
APP-13722,592.0000,0.5968,0.6534,1.0000,224668.7630,14432.5556,0.0000,0.6359
APP-13723,659.0000,0.1988,0.0658,5.0000,141028.3960,36283.4786,4.0000,0.9063
APP-13724,621.0000,0.3868,0.7646,2.0000,126630.1032,6683.9650,4.0000,0.4370
APP-13725,794.0000,0.3334,0.4634,5.0000,176764.3706,18328.0370,0.0000,0.6637
APP-13726,796.0000,0.6045,0.2879,3.0000,125378.5046,42797.1077,4.0000,0.6702
APP-13727,554.0000,0.4067,0.8378,6.0000,93109.5086,2050.5815,1.0000,0.3983
APP-13728,613.0000,0.3561,0.4184,1.0000,143309.0861,43763.6365,4.0000,0.4497
APP-13729,642.0000,0.4226,0.7911,3.0000,236350.6641,17440.5722,4.0000,0.3239
APP-13730,799.0000,0.4913,0.4285,4.0000,140391.6429,11075.8244,2.0000,0.9447
APP-13731,593.0000,0.1176,0.9046,4.0000,247763.9709,37496.6126,0.0000,0.1390
APP-13732,745.0000,0.2357,0.6534,6.0000,210427.0035,22178.3686,0.0000,0.2586
APP-13733,517.0000,0.2296,0.6505,3.0000,136761.0329,6542.5600,4.0000,0.7672
APP-13734,835.0000,0.3286,0.1614,7.0000,104250.7258,30671.7593,3.0000,0.3459
APP-13735,618.0000,0.4170,0.7228,2.0000,172028.9992,35455.8432,0.0000,0.6891
APP-13736,594.0000,0.6037,0.5182,6.0000,240038.1070,21390.6355,4.0000,0.7223
APP-13737,751.0000,0.4112,0.6965,1.0000,121083.3069,32722.6337,1.0000,0.5518
APP-13738,714.0000,0.1998,0.8307,3.0000,76988.5162,6607.1205,0.0000,0.4103
APP-13739,683.0000,0.3892,0.6829,7.0000,58804.0966,3369.8971,3.0000,0.6971
APP-13740,825.0000,0.3357,0.4992,7.0000,143719.2798,11415.1542,2.0000,0.0201
APP-13741,646.0000,0.4552,0.8169,1.0000,127709.0887,44176.2444,0.0000,0.7043
APP-13742,688.0000,0.4503,0.7143,2.0000,143124.0181,9543.6277,2.0000,0.5747
APP-13743,666.0000,0.4631,0.7383,5.0000,136946.6855,41547.3548,3.0000,0.8367
APP-13744,560.0000,0.6485,0.8704,0.0000,156323.7949,14775.0899,1.0000,0.7361
APP-13745,609.0000,0.1152,0.1743,3.0000,99062.2014,23140.3528,4.0000,0.5607
APP-13746,711.0000,0.5192,0.4991,7.0000,134623.5963,32280.8064,1.0000,0.7753
APP-13747,542.0000,0.5702,0.1615,6.0000,124027.6896,9305.4986,1.0000,0.1765
APP-13748,755.0000,0.2348,0.7247,3.0000,145901.5755,10585.3276,3.0000,0.3985
APP-13749,706.0000,0.5166,0.4388,3.0000,128936.6989,12882.3828,3.0000,0.5310
APP-13750,727.0000,0.1577,0.6983,2.0000,173023.9589,22513.8516,4.0000,0.7661
APP-13751,785.0000,0.3984,0.1596,1.0000,186301.7465,16880.4172,1.0000,0.2037
APP-13752,669.0000,0.2773,0.6082,5.0000,118089.9375,5695.8212,0.0000,0.7016
APP-13753,776.0000,0.2254,0.1515,1.0000,190995.9012,13491.8294,3.0000,0.2805
APP-13754,762.0000,0.4559,0.3678,5.0000,230719.5382,37580.1591,4.0000,0.2046
APP-13755,581.0000,0.3214,0.5321,3.0000,199068.9682,24211.7416,2.0000,0.4011
APP-13756,594.0000,0.1913,0.6724,6.0000,200504.0758,42739.2837,2.0000,0.2028
APP-13757,652.0000,0.4336,0.5010,4.0000,191258.3098,13927.2951,2.0000,0.4376
APP-13758,533.0000,0.3787,0.7077,7.0000,116583.0907,13266.9776,1.0000,0.5414
APP-13759,693.0000,0.1232,0.2065,5.0000,240073.0385,20304.8573,0.0000,0.3740
APP-13760,819.0000,0.5514,0.6278,7.0000,72243.1659,5414.8172,4.0000,0.9317
APP-13761,780.0000,0.6427,0.3972,6.0000,94497.2409,15599.1365,3.0000,0.6706
APP-13762,755.0000,0.2882,0.1888,5.0000,75660.4582,17500.1399,3.0000,0.4056
APP-13763,568.0000,0.6430,0.8181,2.0000,136558.0457,28730.7885,2.0000,0.9378
APP-13764,780.0000,0.6477,0.9283,0.0000,194501.7868,8105.1502,1.0000,0.3214
APP-13765,546.0000,0.3554,0.2656,6.0000,86845.6534,40212.1832,1.0000,0.6366
APP-13766,644.0000,0.6064,0.1918,4.0000,241342.8497,39677.5706,1.0000,0.4709
APP-13767,826.0000,0.5303,0.7380,1.0000,175383.3089,24779.6918,2.0000,0.8652
APP-13768,766.0000,0.5590,0.9416,0.0000,235933.6854,20096.3386,0.0000,0.4398
APP-13769,551.0000,0.1674,0.4267,7.0000,163304.2908,32037.3490,1.0000,0.0488
APP-13770,682.0000,0.5292,0.7618,4.0000,159189.8944,10767.7339,4.0000,0.3117
APP-13771,846.0000,0.2301,0.1824,0.0000,242242.0758,26251.4667,1.0000,0.3195
APP-13772,656.0000,0.5111,0.2553,6.0000,238040.5448,14346.6110,1.0000,0.3970
APP-13773,709.0000,0.2297,0.1768,6.0000,182628.9566,41681.7762,0.0000,0.7261
APP-13774,633.0000,0.5312,0.6495,3.0000,55212.8399,22659.6504,4.0000,0.7040
APP-13775,674.0000,0.5916,0.5788,2.0000,55987.9598,23760.0727,1.0000,0.1162
APP-13776,681.0000,0.3760,0.6457,1.0000,37420.9515,34789.2423,4.0000,0.0654
APP-13777,566.0000,0.3383,0.2020,5.0000,62436.2417,35725.5351,0.0000,0.1957
APP-13778,829.0000,0.1801,0.1231,1.0000,150405.1358,12118.1912,1.0000,0.4504
APP-13779,801.0000,0.2298,0.5306,4.0000,128011.7409,28214.4417,0.0000,0.5740
APP-13780,535.0000,0.6457,0.5268,0.0000,182655.7822,39235.5804,3.0000,0.4606
APP-13781,560.0000,0.5019,0.4294,4.0000,226272.8634,19763.5985,3.0000,0.8058
APP-13782,725.0000,0.5230,0.6647,3.0000,112836.8850,6777.8514,4.0000,0.5077
APP-13783,640.0000,0.5477,0.4269,7.0000,221247.0548,39344.8654,0.0000,0.7351
APP-13784,737.0000,0.4210,0.8208,5.0000,227159.3640,40522.3828,4.0000,0.9788
APP-13785,516.0000,0.3426,0.7499,4.0000,179164.3293,8582.2448,1.0000,0.6535
APP-13786,763.0000,0.2914,0.3522,3.0000,213799.2585,11240.4618,0.0000,0.6160
APP-13787,507.0000,0.1150,0.8548,1.0000,233690.0640,12283.3196,3.0000,0.7592
APP-13788,568.0000,0.5453,0.4928,5.0000,130498.2003,37903.7945,1.0000,0.5046
APP-13789,755.0000,0.5757,0.4680,3.0000,140673.9937,43098.3736,3.0000,0.9091
APP-13790,621.0000,0.2886,0.6989,1.0000,143568.2669,18981.6851,1.0000,0.6303
APP-13791,572.0000,0.3833,0.9107,0.0000,131250.2661,42176.9590,0.0000,0.8929
APP-13792,809.0000,0.4179,0.0800,4.0000,238581.6355,2887.6267,4.0000,0.4874
APP-13793,710.0000,0.4616,0.2077,2.0000,50128.7396,19049.0583,4.0000,0.2357
APP-13794,600.0000,0.4574,0.7748,0.0000,109914.7882,6992.5629,2.0000,0.8349
APP-13795,753.0000,0.2082,0.4476,2.0000,229414.4943,44374.3472,0.0000,0.1865
APP-13796,546.0000,0.4777,0.8228,7.0000,200359.0331,10446.6345,2.0000,0.9533
APP-13797,672.0000,0.5139,0.3663,5.0000,93433.9223,42173.3198,2.0000,0.9071
APP-13798,566.0000,0.1095,0.9280,0.0000,175981.5408,35392.9841,3.0000,0.3834
APP-13799,729.0000,0.4398,0.2444,7.0000,30423.8268,40303.3848,4.0000,0.8565
APP-13800,595.0000,0.3292,0.9040,7.0000,147189.0508,23848.8879,4.0000,0.9014
APP-13801,584.0000,0.5868,0.7608,2.0000,232056.3821,24009.6022,2.0000,0.3797
APP-13802,589.0000,0.6191,0.9267,3.0000,166026.3708,8344.9257,3.0000,0.8815
APP-13803,786.0000,0.4211,0.1956,6.0000,230001.0132,7366.8762,4.0000,0.6663
APP-13804,803.0000,0.3198,0.3679,3.0000,46620.5046,30416.5580,1.0000,0.3195
APP-13805,572.0000,0.6159,0.2278,7.0000,147415.0167,13805.1928,3.0000,0.4645
APP-13806,554.0000,0.2484,0.7968,4.0000,180535.2725,22413.9527,4.0000,0.9100
APP-13807,706.0000,0.3709,0.2915,5.0000,37316.5586,7273.9397,1.0000,0.6362
APP-13808,724.0000,0.2942,0.5232,6.0000,220605.8059,27344.6762,0.0000,0.6451
APP-13809,792.0000,0.1845,0.2239,5.0000,86426.8040,5345.1798,0.0000,0.7221
APP-13810,787.0000,0.5919,0.6867,0.0000,220255.8021,9490.3481,1.0000,0.7420
APP-13811,777.0000,0.2378,0.7187,6.0000,91536.0839,8318.9570,4.0000,0.3400
APP-13812,515.0000,0.5374,0.1536,0.0000,245929.4917,7917.9215,2.0000,0.8429
APP-13813,517.0000,0.5143,0.6673,2.0000,225238.0170,28884.0557,4.0000,0.5861
APP-13814,565.0000,0.4668,0.1989,0.0000,218390.0624,3571.2317,3.0000,0.9646
APP-13815,628.0000,0.1599,0.9088,7.0000,181239.0407,30951.8077,3.0000,0.5534
APP-13816,758.0000,0.3204,0.8419,4.0000,118324.2827,30973.6560,0.0000,0.2003
APP-13817,798.0000,0.6098,0.2314,3.0000,130773.0773,10575.6033,1.0000,0.0777
APP-13818,751.0000,0.3013,0.3560,6.0000,159169.9808,22341.2721,2.0000,0.6841
APP-13819,797.0000,0.1112,0.5862,0.0000,88815.9627,9570.1971,2.0000,0.5618
APP-13820,630.0000,0.4991,0.7761,1.0000,86394.7099,14820.3514,3.0000,0.8607
APP-13821,722.0000,0.4782,0.8990,5.0000,136779.7372,35454.6987,0.0000,0.8436
APP-13822,547.0000,0.4191,0.4271,7.0000,146352.2292,23779.4753,3.0000,0.3810
APP-13823,537.0000,0.2996,0.4900,2.0000,205433.0363,43482.1834,2.0000,0.9833
APP-13824,789.0000,0.2775,0.1909,5.0000,193877.1805,42342.8446,4.0000,0.8415
APP-13825,641.0000,0.2262,0.3645,0.0000,167537.7218,11319.6261,4.0000,0.0796
APP-13826,754.0000,0.4255,0.9428,1.0000,173933.0521,36961.8538,0.0000,0.3410
APP-13827,836.0000,0.6479,0.8937,1.0000,221766.0099,16711.9083,1.0000,0.6472
APP-13828,701.0000,0.5309,0.4224,3.0000,42782.4579,18487.9900,4.0000,0.0534
APP-13829,537.0000,0.4602,0.2510,2.0000,155535.9813,27609.1949,3.0000,0.2932
APP-13830,729.0000,0.4132,0.5657,0.0000,43309.6197,23683.2893,0.0000,0.5508
APP-13831,780.0000,0.4879,0.4310,1.0000,54203.5823,42222.7382,0.0000,0.9489
APP-13832,596.0000,0.3761,0.7273,0.0000,134643.8986,40942.4125,1.0000,0.8617
APP-13833,646.0000,0.5661,0.6169,1.0000,116178.3143,21256.1108,3.0000,0.0446
APP-13834,719.0000,0.4200,0.6447,5.0000,191465.2692,37550.8023,1.0000,0.7866
APP-13835,760.0000,0.2361,0.3869,1.0000,210101.7668,41297.2266,2.0000,0.1545
APP-13836,563.0000,0.4098,0.6054,0.0000,203807.7856,33124.1274,4.0000,0.9134
APP-13837,519.0000,0.2350,0.6706,5.0000,157536.2228,32010.5825,1.0000,0.6618
APP-13838,723.0000,0.3946,0.6332,5.0000,31322.6602,26260.6748,2.0000,0.1516
APP-13839,503.0000,0.5425,0.6760,1.0000,35139.8318,31767.1932,2.0000,0.9747
APP-13840,658.0000,0.5002,0.8512,2.0000,71840.7219,8375.0436,2.0000,0.1162
APP-13841,605.0000,0.2487,0.2914,6.0000,89020.8360,10861.7005,4.0000,0.2037
APP-13842,653.0000,0.5011,0.1906,1.0000,131395.9060,17812.0029,4.0000,0.0837
APP-13843,804.0000,0.1681,0.0812,6.0000,113612.3383,42566.2309,4.0000,0.3761
APP-13844,827.0000,0.4549,0.6801,4.0000,63254.9462,14843.7733,2.0000,0.1807
APP-13845,737.0000,0.2732,0.3519,5.0000,51215.0521,7533.5110,1.0000,0.9821
APP-13846,630.0000,0.4394,0.5053,6.0000,34757.6181,21905.2754,4.0000,0.5342
APP-13847,714.0000,0.5743,0.1160,1.0000,45207.8644,16589.1763,3.0000,0.7711
APP-13848,548.0000,0.1736,0.8842,1.0000,30132.6724,44591.0245,3.0000,0.3015
APP-13849,849.0000,0.4831,0.5796,4.0000,37101.9081,18645.7741,1.0000,0.2675
APP-13850,805.0000,0.4758,0.1622,6.0000,128405.5547,26213.9200,4.0000,0.4929
APP-13851,621.0000,0.5163,0.4157,0.0000,178623.1507,43516.0805,2.0000,0.7718
APP-13852,508.0000,0.6331,0.3316,4.0000,122104.1354,40314.7029,1.0000,0.6272
APP-13853,797.0000,0.3656,0.8300,7.0000,87771.5854,40815.4134,3.0000,0.4802
APP-13854,510.0000,0.1750,0.8386,4.0000,165410.6143,36063.3343,1.0000,0.1501
APP-13855,538.0000,0.4828,0.7614,0.0000,169113.9986,17580.9456,1.0000,0.4966
APP-13856,502.0000,0.3999,0.3993,1.0000,186424.7199,35277.8349,1.0000,0.6380
APP-13857,559.0000,0.5465,0.8989,1.0000,92546.0867,27737.4903,1.0000,0.0734
APP-13858,821.0000,0.5361,0.2978,3.0000,240409.0861,17608.3315,0.0000,0.6228
APP-13859,667.0000,0.5032,0.6454,0.0000,67846.6763,24837.1805,0.0000,0.9518
APP-13860,558.0000,0.3184,0.5211,6.0000,241966.8714,39175.3028,4.0000,0.2116
APP-13861,835.0000,0.3616,0.4439,7.0000,169284.7555,4820.9889,3.0000,0.2355
APP-13862,645.0000,0.6038,0.2196,3.0000,89903.1596,40644.3847,1.0000,0.4461
APP-13863,746.0000,0.3398,0.2659,0.0000,73812.9149,32534.9413,4.0000,0.7141
APP-13864,690.0000,0.4226,0.7896,5.0000,80971.3441,16056.0928,0.0000,0.4852
APP-13865,539.0000,0.4759,0.6518,0.0000,172140.1961,19305.5905,4.0000,0.1562
APP-13866,748.0000,0.1637,0.8881,2.0000,240758.6043,20580.2392,3.0000,0.7231
APP-13867,834.0000,0.5232,0.6632,0.0000,220909.5735,20623.1897,4.0000,0.5297
APP-13868,841.0000,0.1082,0.1047,5.0000,245903.0879,2886.1645,2.0000,0.7623
APP-13869,768.0000,0.6401,0.1547,7.0000,100854.4795,9783.1218,3.0000,0.2666
APP-13870,734.0000,0.4126,0.7012,3.0000,115311.8100,20740.1292,1.0000,0.9733
APP-13871,757.0000,0.1924,0.2758,3.0000,194338.4822,5903.5250,2.0000,0.1669
APP-13872,839.0000,0.5313,0.2738,4.0000,85064.0165,8036.5422,4.0000,0.9558
APP-13873,693.0000,0.5645,0.4157,7.0000,104165.3760,41928.6543,4.0000,0.0965
APP-13874,817.0000,0.2126,0.7207,5.0000,93027.8593,26340.7759,2.0000,0.2678
APP-13875,637.0000,0.1227,0.6249,7.0000,119749.7049,40880.6558,1.0000,0.1479
APP-13876,610.0000,0.3885,0.2248,2.0000,199826.7647,29934.6736,2.0000,0.8178
APP-13877,538.0000,0.4523,0.8566,5.0000,31953.9341,17308.4221,2.0000,0.6922
APP-13878,661.0000,0.1925,0.9250,7.0000,35724.7468,36886.5714,3.0000,0.5094
APP-13879,716.0000,0.4089,0.7628,1.0000,30810.9532,26853.4010,4.0000,0.9303
APP-13880,642.0000,0.3895,0.2238,3.0000,170669.0757,24631.9385,0.0000,0.1845
APP-13881,544.0000,0.5750,0.7643,7.0000,110646.3233,5950.4941,2.0000,0.3655
APP-13882,654.0000,0.5487,0.5194,4.0000,133633.8951,10832.5249,1.0000,0.0194
APP-13883,706.0000,0.1726,0.0757,3.0000,132586.1917,3743.1951,3.0000,0.4232
APP-13884,541.0000,0.4889,0.6508,4.0000,74690.1324,5674.9004,1.0000,0.0601
APP-13885,688.0000,0.3766,0.9293,3.0000,203916.0648,40316.0151,3.0000,0.2201
APP-13886,633.0000,0.3564,0.4384,3.0000,71067.2459,36020.6430,0.0000,0.2018
APP-13887,708.0000,0.1893,0.1070,5.0000,180540.1764,11534.6684,4.0000,0.5642
APP-13888,502.0000,0.5112,0.2575,1.0000,192667.9366,12410.1679,1.0000,0.2933
APP-13889,789.0000,0.5776,0.5526,5.0000,86207.6199,23079.6674,0.0000,0.0904
APP-13890,639.0000,0.2130,0.7620,6.0000,186022.0724,16205.6453,2.0000,0.6667
APP-13891,643.0000,0.1162,0.2170,7.0000,77737.4339,25857.0455,1.0000,0.1735
APP-13892,538.0000,0.4350,0.2474,6.0000,145695.2148,11323.5596,4.0000,0.2335
APP-13893,652.0000,0.6397,0.8801,7.0000,187735.4175,19518.1227,4.0000,0.5542
APP-13894,639.0000,0.4733,0.8435,4.0000,62045.1153,41390.5763,3.0000,0.9679
APP-13895,520.0000,0.2390,0.8741,3.0000,178972.7552,21752.0585,4.0000,0.8159
APP-13896,702.0000,0.5800,0.2082,5.0000,59320.3999,39638.1008,0.0000,0.8108
APP-13897,600.0000,0.3959,0.8894,1.0000,45658.5908,24852.6964,2.0000,0.6508
APP-13898,624.0000,0.3804,0.3559,3.0000,106818.3047,20355.0946,3.0000,0.3013
APP-13899,528.0000,0.1315,0.5152,7.0000,78026.6579,23949.1032,1.0000,0.5867
APP-13900,724.0000,0.1334,0.4608,0.0000,62815.2855,33864.5734,2.0000,0.7920
APP-13901,549.0000,0.4186,0.9301,0.0000,86860.4298,44934.6533,4.0000,0.1857
APP-13902,708.0000,0.5437,0.2864,5.0000,197648.8382,3271.2883,4.0000,0.9465
APP-13903,649.0000,0.5142,0.9120,4.0000,219326.0054,24228.6606,4.0000,0.8054
APP-13904,760.0000,0.6174,0.9132,6.0000,236144.6103,30898.1823,3.0000,0.5726
APP-13905,642.0000,0.3765,0.8757,1.0000,239259.2430,19401.3605,1.0000,0.4890
APP-13906,729.0000,0.4414,0.3715,3.0000,168307.8744,26579.2160,0.0000,0.7428
APP-13907,827.0000,0.4450,0.3875,2.0000,182571.3633,4302.9986,3.0000,0.9491
APP-13908,590.0000,0.3091,0.2337,7.0000,97143.1636,14057.3603,0.0000,0.2570
APP-13909,541.0000,0.1016,0.4779,4.0000,226903.0417,18219.6185,4.0000,0.0992
APP-13910,712.0000,0.5614,0.2738,0.0000,106683.1978,19468.9447,1.0000,0.6346
APP-13911,552.0000,0.1369,0.6144,5.0000,191660.4426,31308.4356,2.0000,0.3527
APP-13912,576.0000,0.6276,0.8309,4.0000,202661.2776,40801.8980,4.0000,0.2913
APP-13913,762.0000,0.5641,0.9047,7.0000,245135.9775,4626.0556,0.0000,0.4368
APP-13914,739.0000,0.1571,0.4438,3.0000,37045.3479,21317.7418,2.0000,0.6165
APP-13915,507.0000,0.1671,0.4384,7.0000,85247.5558,19105.2337,4.0000,0.1970
APP-13916,706.0000,0.5054,0.5131,2.0000,133733.2626,43485.5777,0.0000,0.4685
APP-13917,727.0000,0.3990,0.8705,4.0000,205439.2053,32357.2379,3.0000,0.4677
APP-13918,612.0000,0.4569,0.1208,2.0000,189617.7862,43060.0333,3.0000,0.2305
APP-13919,761.0000,0.2595,0.3256,2.0000,46606.0336,23640.1940,3.0000,0.0113
APP-13920,752.0000,0.5860,0.2274,4.0000,218557.9677,28992.2817,1.0000,0.2115
APP-13921,720.0000,0.3986,0.7477,4.0000,120737.5184,38739.9328,3.0000,0.0355
APP-13922,587.0000,0.4110,0.3904,7.0000,218155.1273,3575.6275,2.0000,0.0444
APP-13923,600.0000,0.6448,0.9179,2.0000,224436.2747,41787.9261,2.0000,0.5725
APP-13924,691.0000,0.5244,0.9313,4.0000,231957.7436,22476.3947,2.0000,0.9803
APP-13925,536.0000,0.4788,0.8428,3.0000,202863.8735,43339.5211,4.0000,0.3332
APP-13926,643.0000,0.5767,0.5081,6.0000,195744.7102,2402.2285,0.0000,0.8273
APP-13927,847.0000,0.6450,0.8878,7.0000,142306.7290,6040.9665,3.0000,0.3981
APP-13928,724.0000,0.5469,0.3892,2.0000,152383.1859,5218.5577,2.0000,0.6562
APP-13929,800.0000,0.5435,0.4035,4.0000,143636.8786,4407.9573,2.0000,0.4774
APP-13930,613.0000,0.2052,0.4756,2.0000,143450.2991,7749.6448,4.0000,0.9724
APP-13931,755.0000,0.5803,0.6774,0.0000,76350.1199,16327.0110,2.0000,0.6322
APP-13932,757.0000,0.5847,0.1071,7.0000,102157.5005,7766.5569,4.0000,0.5600
APP-13933,565.0000,0.4284,0.5323,5.0000,69006.1870,8240.6314,3.0000,0.3521
APP-13934,577.0000,0.4578,0.9193,7.0000,187893.7975,21349.9191,4.0000,0.8083
APP-13935,650.0000,0.4431,0.1106,2.0000,122492.9456,28945.8162,3.0000,0.9859
APP-13936,722.0000,0.3997,0.1277,2.0000,83510.4850,3932.9845,0.0000,0.2788
APP-13937,748.0000,0.2009,0.8994,1.0000,205840.0409,26702.7040,0.0000,0.1387
APP-13938,841.0000,0.4617,0.7981,2.0000,226994.9820,27022.3914,2.0000,0.9621
APP-13939,535.0000,0.3087,0.0506,6.0000,31020.8204,15798.8380,1.0000,0.7042
APP-13940,724.0000,0.3951,0.4562,6.0000,223193.0780,10105.9167,1.0000,0.0676
APP-13941,835.0000,0.5956,0.3286,1.0000,35880.7069,29198.9344,2.0000,0.2094
APP-13942,559.0000,0.1600,0.2008,0.0000,186157.5359,35596.1027,2.0000,0.7535
APP-13943,834.0000,0.6255,0.0970,4.0000,222926.4203,14214.9552,0.0000,0.9059
APP-13944,794.0000,0.4125,0.2749,1.0000,81869.3962,23923.3227,2.0000,0.0733
APP-13945,552.0000,0.6224,0.6375,6.0000,237573.7097,6252.4779,4.0000,0.1239
APP-13946,574.0000,0.2104,0.3235,0.0000,188437.2094,35620.2360,0.0000,0.1380
APP-13947,568.0000,0.1299,0.3269,2.0000,246432.7439,30496.4918,3.0000,0.9220
APP-13948,532.0000,0.4416,0.2863,2.0000,73900.9075,20419.8596,3.0000,0.9223
APP-13949,627.0000,0.3898,0.1374,3.0000,58223.7555,28025.7562,3.0000,0.6215
APP-13950,654.0000,0.5042,0.5837,6.0000,175560.6618,43068.1096,0.0000,0.4144
APP-13951,657.0000,0.4308,0.7082,4.0000,143284.9867,26162.4038,2.0000,0.5585
APP-13952,791.0000,0.3829,0.9320,2.0000,209252.3226,20368.3884,4.0000,0.6422
APP-13953,654.0000,0.5964,0.2539,5.0000,124393.5183,21466.7724,1.0000,0.8413
APP-13954,567.0000,0.2779,0.1966,4.0000,30438.2581,9822.1891,2.0000,0.6671
APP-13955,740.0000,0.2493,0.6865,7.0000,136707.6632,41129.1784,4.0000,0.6776
APP-13956,724.0000,0.5422,0.3409,7.0000,176497.9159,25689.8734,2.0000,0.9630
APP-13957,664.0000,0.2934,0.5077,7.0000,98689.1305,18984.4772,1.0000,0.1724
APP-13958,725.0000,0.4097,0.6877,1.0000,140466.6391,42260.1671,0.0000,0.7485
APP-13959,564.0000,0.4377,0.4276,1.0000,162749.7372,25692.3967,2.0000,0.9356
APP-13960,772.0000,0.2620,0.3842,1.0000,187979.5028,8286.9615,2.0000,0.1885
APP-13961,591.0000,0.2957,0.4457,4.0000,81842.5627,31815.5660,1.0000,0.3773
APP-13962,516.0000,0.1224,0.4613,6.0000,89147.2333,43582.1859,1.0000,0.3741
APP-13963,643.0000,0.2537,0.0507,1.0000,181091.0905,37553.5608,4.0000,0.8510
APP-13964,584.0000,0.2794,0.2197,7.0000,107956.1129,18357.3860,3.0000,0.5932
APP-13965,681.0000,0.1092,0.5984,0.0000,195089.3914,36772.7267,3.0000,0.6259
APP-13966,662.0000,0.5527,0.0657,4.0000,88868.6835,22694.3973,0.0000,0.5991
APP-13967,823.0000,0.5869,0.2988,2.0000,196077.4906,19400.8082,4.0000,0.4404
APP-13968,645.0000,0.1975,0.4464,7.0000,64660.5811,25888.7392,1.0000,0.1884
APP-13969,533.0000,0.4330,0.4476,2.0000,129513.2696,5302.0356,4.0000,0.0545
APP-13970,679.0000,0.3431,0.0930,1.0000,72132.7524,13362.6330,4.0000,0.2841
APP-13971,781.0000,0.1703,0.8378,4.0000,143487.9241,26907.5623,1.0000,0.9705
APP-13972,592.0000,0.1137,0.1314,0.0000,184036.2098,7042.9274,1.0000,0.8097
APP-13973,608.0000,0.4650,0.8382,5.0000,146034.3947,19640.6611,3.0000,0.2146
APP-13974,563.0000,0.1438,0.9417,1.0000,65206.8563,37582.8252,2.0000,0.2875
APP-13975,754.0000,0.5901,0.2108,3.0000,232695.4075,40435.1815,2.0000,0.5233
APP-13976,558.0000,0.5343,0.1135,4.0000,31049.1886,9851.7355,2.0000,0.6605
APP-13977,590.0000,0.4984,0.1590,6.0000,190720.1630,42618.8650,3.0000,0.0789
APP-13978,530.0000,0.5635,0.8173,5.0000,188970.9624,22082.4999,3.0000,0.0740
APP-13979,634.0000,0.1586,0.9251,6.0000,227132.6802,8538.7643,2.0000,0.6401
APP-13980,803.0000,0.4448,0.5823,6.0000,219462.2582,34274.1140,2.0000,0.6032
APP-13981,655.0000,0.2135,0.9025,5.0000,63058.7374,5667.4122,0.0000,0.5480
APP-13982,541.0000,0.3859,0.7427,2.0000,238146.9148,33460.0598,1.0000,0.3224
APP-13983,762.0000,0.2972,0.5618,2.0000,63216.7582,32031.4489,3.0000,0.4887
APP-13984,624.0000,0.1673,0.8729,6.0000,154039.8536,29411.9498,3.0000,0.6602
APP-13985,558.0000,0.5040,0.4714,1.0000,64419.7862,37596.7529,2.0000,0.2368
APP-13986,506.0000,0.2660,0.4205,6.0000,113407.0401,37388.4588,3.0000,0.0409
APP-13987,621.0000,0.1676,0.6979,0.0000,204378.6252,20953.7698,0.0000,0.4927
APP-13988,554.0000,0.5837,0.7238,6.0000,235936.1168,24196.9196,3.0000,0.6989
APP-13989,684.0000,0.1740,0.3691,2.0000,100594.4922,19963.1956,3.0000,0.2029
APP-13990,651.0000,0.2130,0.4780,5.0000,125917.6324,28379.8069,2.0000,0.3654
APP-13991,730.0000,0.1130,0.2442,7.0000,206519.6885,24469.9593,0.0000,0.3239
APP-13992,596.0000,0.3852,0.1578,7.0000,161159.3548,14745.7404,4.0000,0.8203
APP-13993,526.0000,0.5539,0.3666,3.0000,227456.3999,20192.7783,4.0000,0.9670
APP-13994,539.0000,0.5682,0.4935,1.0000,102321.9338,26286.7678,4.0000,0.5044
APP-13995,533.0000,0.5091,0.1916,3.0000,71263.0214,36405.7802,0.0000,0.3994
APP-13996,593.0000,0.3592,0.1967,4.0000,150617.0601,7800.5691,0.0000,0.6228
APP-13997,751.0000,0.5892,0.1616,3.0000,132679.2507,26178.3136,2.0000,0.9684
APP-13998,691.0000,0.5219,0.8382,6.0000,223820.0685,42351.9978,4.0000,0.7422
APP-13999,628.0000,0.5891,0.6747,5.0000,49569.3342,19573.6177,1.0000,0.0792
APP-14000,583.0000,0.2317,0.1810,0.0000,40001.6521,4945.7877,1.0000,0.4219
APP-14001,557.0000,0.4307,0.6451,7.0000,68275.3961,38532.2850,4.0000,0.2026
APP-14002,551.0000,0.1119,0.4872,2.0000,177802.3626,11126.1055,0.0000,0.1628
APP-14003,592.0000,0.3868,0.5590,0.0000,101599.8329,31989.9506,3.0000,0.6777
APP-14004,674.0000,0.5823,0.7957,1.0000,51436.6896,21855.6239,2.0000,0.7357
APP-14005,709.0000,0.5062,0.4784,6.0000,225019.7409,42455.2582,1.0000,0.4862
APP-14006,830.0000,0.5269,0.3093,6.0000,197706.7108,35275.4457,3.0000,0.4514
APP-14007,833.0000,0.2744,0.7521,3.0000,224566.2762,36484.6885,1.0000,0.3657
APP-14008,591.0000,0.3190,0.1935,4.0000,54613.6917,27840.6720,4.0000,0.9395
APP-14009,756.0000,0.6424,0.8823,2.0000,99338.6030,7994.9213,3.0000,0.2847
APP-14010,545.0000,0.2470,0.8974,7.0000,167528.2571,9287.7484,0.0000,0.2202
APP-14011,778.0000,0.1474,0.3604,4.0000,47361.9241,3904.0707,4.0000,0.9359
APP-14012,825.0000,0.3140,0.7450,0.0000,248140.3775,29068.3826,3.0000,0.5588
APP-14013,712.0000,0.5220,0.8798,4.0000,248417.6379,31682.2780,2.0000,0.1380
APP-14014,688.0000,0.3880,0.8773,0.0000,144092.1585,10854.6722,3.0000,0.7924
APP-14015,629.0000,0.1240,0.1529,1.0000,248614.4864,38938.4942,4.0000,0.6154
APP-14016,809.0000,0.4656,0.2010,1.0000,236121.8153,17200.1936,2.0000,0.7971
APP-14017,836.0000,0.5046,0.4914,0.0000,163987.1974,11424.3618,3.0000,0.5997
APP-14018,747.0000,0.4315,0.5469,6.0000,48616.1213,34285.9238,4.0000,0.8564
APP-14019,528.0000,0.1942,0.3597,5.0000,57821.7514,28942.7142,3.0000,0.7312
APP-14020,807.0000,0.2051,0.1190,4.0000,95430.9437,10585.7886,2.0000,0.6786
APP-14021,783.0000,0.3240,0.4365,5.0000,211211.9617,37803.7691,1.0000,0.8494
APP-14022,625.0000,0.2970,0.3030,4.0000,148724.3475,6510.9695,1.0000,0.2835
APP-14023,590.0000,0.1560,0.4529,4.0000,212786.8994,10173.4910,0.0000,0.0870
APP-14024,768.0000,0.5726,0.2960,4.0000,186637.0170,35001.6675,2.0000,0.0526
APP-14025,712.0000,0.6085,0.4423,2.0000,209296.7433,25247.8717,2.0000,0.1958
APP-14026,763.0000,0.1791,0.5793,0.0000,88447.7703,20615.8559,1.0000,0.4625
APP-14027,843.0000,0.4093,0.3743,4.0000,184114.8590,8535.7602,3.0000,0.0174
APP-14028,629.0000,0.3364,0.2396,6.0000,47041.2205,5850.4728,1.0000,0.6644
APP-14029,794.0000,0.3250,0.4069,7.0000,181722.8820,20703.7660,2.0000,0.9435
APP-14030,664.0000,0.4192,0.2844,1.0000,137186.4989,44306.8776,3.0000,0.4220
APP-14031,797.0000,0.3502,0.1078,7.0000,103794.1742,28760.1866,1.0000,0.5452
APP-14032,585.0000,0.3483,0.6204,0.0000,183170.0095,15669.6793,0.0000,0.9484
APP-14033,788.0000,0.1790,0.6205,1.0000,31483.1746,44962.6797,1.0000,0.1282
APP-14034,747.0000,0.4909,0.3362,6.0000,199775.3951,44901.9207,2.0000,0.3993
APP-14035,658.0000,0.4190,0.9133,0.0000,147869.0694,16524.7638,4.0000,0.9773
APP-14036,821.0000,0.1308,0.7601,3.0000,124731.9767,11353.9607,0.0000,0.1475
APP-14037,637.0000,0.3065,0.8622,5.0000,146534.0579,10347.4460,0.0000,0.8734
APP-14038,759.0000,0.2198,0.4725,0.0000,89753.4471,27276.8517,1.0000,0.4090
APP-14039,681.0000,0.3145,0.5214,1.0000,165742.0463,15508.5121,0.0000,0.5167
APP-14040,549.0000,0.1654,0.6723,3.0000,80291.5768,35530.2778,4.0000,0.8178
APP-14041,599.0000,0.4358,0.5793,6.0000,234032.5619,17237.3279,0.0000,0.9753
APP-14042,780.0000,0.4198,0.6514,6.0000,201564.1183,28188.0172,3.0000,0.0361
APP-14043,667.0000,0.4260,0.4392,2.0000,224442.4064,12700.6445,2.0000,0.3510
APP-14044,797.0000,0.3014,0.1696,3.0000,187342.2895,22680.7564,4.0000,0.2961
APP-14045,544.0000,0.4971,0.7808,1.0000,47803.4492,30297.4444,2.0000,0.4612
APP-14046,769.0000,0.5635,0.3986,3.0000,144651.3667,44596.5569,4.0000,0.1625
APP-14047,812.0000,0.3290,0.5975,6.0000,184850.2211,15079.5644,3.0000,0.3221
APP-14048,847.0000,0.3382,0.3821,0.0000,165770.2825,34464.2490,4.0000,0.6156
APP-14049,757.0000,0.5941,0.4840,1.0000,180612.6406,28034.3523,2.0000,0.7967
APP-14050,665.0000,0.4328,0.6251,2.0000,147849.2633,34464.4177,0.0000,0.9518
APP-14051,521.0000,0.3803,0.5707,0.0000,169266.6292,28343.9443,3.0000,0.2645
APP-14052,571.0000,0.5054,0.1768,7.0000,153378.8686,6649.0330,1.0000,0.9650
APP-14053,730.0000,0.2706,0.2619,6.0000,47220.0176,12228.8606,0.0000,0.3068
APP-14054,808.0000,0.1180,0.2065,2.0000,158753.9080,32646.0591,2.0000,0.9184
APP-14055,765.0000,0.4861,0.5683,0.0000,132514.0114,33914.5009,2.0000,0.7428
APP-14056,712.0000,0.4553,0.4051,4.0000,141031.9964,29070.5873,4.0000,0.4138
APP-14057,801.0000,0.3357,0.2718,3.0000,46424.8681,10503.4030,3.0000,0.9642
APP-14058,607.0000,0.1252,0.0897,1.0000,228869.7732,6624.7945,3.0000,0.0387
APP-14059,615.0000,0.6170,0.7408,3.0000,214559.2349,33659.2050,1.0000,0.7789
APP-14060,530.0000,0.5019,0.0986,7.0000,41005.9095,29408.0767,2.0000,0.6701
APP-14061,720.0000,0.3121,0.3927,1.0000,227887.4683,26012.9907,1.0000,0.0986
APP-14062,564.0000,0.2106,0.4602,7.0000,215602.4673,2814.3060,2.0000,0.2890
APP-14063,596.0000,0.4054,0.4577,0.0000,200915.8007,28632.0045,1.0000,0.4494
APP-14064,532.0000,0.1117,0.1746,3.0000,234655.5588,35494.3775,1.0000,0.2474
APP-14065,797.0000,0.3515,0.6885,0.0000,175132.8491,21967.5814,1.0000,0.9249
APP-14066,572.0000,0.6436,0.2544,5.0000,56960.7305,4193.1276,4.0000,0.1614
APP-14067,806.0000,0.5066,0.6162,3.0000,65173.6634,14465.0805,0.0000,0.5580
APP-14068,581.0000,0.6417,0.3902,4.0000,45825.3362,9488.1404,4.0000,0.5465
APP-14069,526.0000,0.3178,0.5191,7.0000,122239.3748,28593.6153,4.0000,0.5335
APP-14070,842.0000,0.1479,0.4570,7.0000,66023.6334,7237.8051,1.0000,0.1455
APP-14071,599.0000,0.6308,0.9097,5.0000,37605.8273,3760.9231,1.0000,0.4912
APP-14072,752.0000,0.5759,0.3618,2.0000,143700.2683,37182.6079,1.0000,0.9123
APP-14073,535.0000,0.4094,0.1877,5.0000,97542.6567,41642.0342,4.0000,0.2149
APP-14074,565.0000,0.2264,0.3747,4.0000,73697.5595,38289.7474,0.0000,0.0828
APP-14075,639.0000,0.5063,0.4991,5.0000,184244.0167,27097.6740,0.0000,0.9400
APP-14076,764.0000,0.1106,0.1096,5.0000,156103.1138,17334.0674,0.0000,0.9140
APP-14077,501.0000,0.6029,0.8766,6.0000,151333.1041,5454.0709,1.0000,0.5561
APP-14078,721.0000,0.4834,0.2289,5.0000,107660.5381,18786.7511,3.0000,0.8791
APP-14079,773.0000,0.1967,0.8875,4.0000,196209.9034,9892.9112,2.0000,0.9647
APP-14080,535.0000,0.1905,0.4138,1.0000,63520.5334,36748.3827,2.0000,0.1800
APP-14081,651.0000,0.1319,0.5499,7.0000,127778.0169,37847.5100,0.0000,0.2239
APP-14082,831.0000,0.5238,0.6647,0.0000,115161.7244,22196.5642,3.0000,0.5335
APP-14083,687.0000,0.1703,0.1085,4.0000,205206.3538,15217.5335,4.0000,0.7001
APP-14084,762.0000,0.3860,0.4225,1.0000,70995.3052,32067.0684,1.0000,0.8053
APP-14085,759.0000,0.2970,0.3035,5.0000,247147.4182,28981.9840,2.0000,0.4925
APP-14086,644.0000,0.4020,0.2017,3.0000,64973.5463,26979.1797,1.0000,0.0329
APP-14087,749.0000,0.4821,0.6521,0.0000,126807.5497,41797.6407,4.0000,0.0805
APP-14088,831.0000,0.2155,0.1991,7.0000,163443.9467,14030.9512,2.0000,0.8303
APP-14089,610.0000,0.2103,0.5746,6.0000,122958.6127,16232.8738,1.0000,0.5617
APP-14090,516.0000,0.2857,0.4014,2.0000,222704.0818,4345.5091,1.0000,0.0625
APP-14091,773.0000,0.6144,0.9286,2.0000,171734.6011,11449.0490,0.0000,0.6912
APP-14092,609.0000,0.3442,0.8659,4.0000,179887.5736,22191.3243,4.0000,0.6278
APP-14093,724.0000,0.2413,0.0568,6.0000,223918.9020,37282.6942,4.0000,0.4271
APP-14094,555.0000,0.3858,0.7798,7.0000,58394.2712,10129.6979,2.0000,0.8517
APP-14095,576.0000,0.1992,0.2018,6.0000,128351.7075,24491.2913,1.0000,0.2971
APP-14096,765.0000,0.5209,0.4734,0.0000,118404.5542,15283.1029,0.0000,0.7516
APP-14097,510.0000,0.2756,0.7808,0.0000,195201.6525,35775.6974,1.0000,0.3336
APP-14098,674.0000,0.6405,0.3087,1.0000,215302.1896,29435.9845,0.0000,0.5561
APP-14099,764.0000,0.4464,0.7105,3.0000,128980.1353,4359.4909,3.0000,0.9860
APP-14100,664.0000,0.4364,0.2668,0.0000,55762.7552,8998.8867,0.0000,0.6106
APP-14101,557.0000,0.2598,0.8357,7.0000,197481.9863,34843.0164,1.0000,0.5615
APP-14102,722.0000,0.1981,0.4451,5.0000,202305.9503,31172.3339,1.0000,0.5696
APP-14103,539.0000,0.1428,0.2294,1.0000,90598.4195,6999.1584,3.0000,0.6918
APP-14104,703.0000,0.5706,0.0980,6.0000,67728.1098,14981.5114,2.0000,0.7961
APP-14105,647.0000,0.6388,0.5959,5.0000,61105.2227,13696.2275,4.0000,0.7889
APP-14106,689.0000,0.2184,0.6646,2.0000,52244.0765,22270.4341,1.0000,0.7587
APP-14107,822.0000,0.6464,0.6625,2.0000,93902.7994,3115.4915,2.0000,0.3415
APP-14108,809.0000,0.4388,0.4978,5.0000,187549.9203,24799.8803,2.0000,0.2469
APP-14109,751.0000,0.5327,0.4125,4.0000,92885.0174,9154.7529,1.0000,0.4044
APP-14110,673.0000,0.6436,0.6071,7.0000,214283.0150,33582.6571,3.0000,0.5193
APP-14111,779.0000,0.6364,0.0800,7.0000,103532.9672,25565.8664,4.0000,0.8060
APP-14112,535.0000,0.4124,0.2655,7.0000,185139.0196,35852.1496,0.0000,0.5234
APP-14113,594.0000,0.3899,0.2800,5.0000,76560.2463,29086.9635,4.0000,0.3701
APP-14114,662.0000,0.4717,0.7506,6.0000,55154.8848,41104.2897,4.0000,0.5365
APP-14115,792.0000,0.2209,0.4472,3.0000,83121.7399,43058.3951,3.0000,0.0821
APP-14116,635.0000,0.3138,0.0912,6.0000,167781.4282,28771.3302,3.0000,0.5374
APP-14117,645.0000,0.5552,0.8556,5.0000,176122.2539,28977.8614,3.0000,0.5172
APP-14118,832.0000,0.1604,0.3968,4.0000,166461.7565,17281.5441,1.0000,0.5886
APP-14119,842.0000,0.3525,0.1193,1.0000,122875.4846,42158.4508,3.0000,0.8572
APP-14120,513.0000,0.2736,0.4266,7.0000,153108.2513,37033.8189,2.0000,0.5672
APP-14121,699.0000,0.4204,0.9046,0.0000,237122.9887,12720.1992,2.0000,0.5613
APP-14122,742.0000,0.2042,0.7713,0.0000,46451.5563,13339.3102,4.0000,0.6764
APP-14123,712.0000,0.6104,0.5841,4.0000,48171.2836,33898.2104,1.0000,0.9612
APP-14124,838.0000,0.5354,0.7332,3.0000,138558.4501,17096.7037,0.0000,0.7213
APP-14125,820.0000,0.1447,0.5148,6.0000,206424.1007,37371.0908,0.0000,0.2015
APP-14126,587.0000,0.2792,0.7736,0.0000,223280.4029,41417.5700,2.0000,0.4349
APP-14127,831.0000,0.1238,0.8062,5.0000,190703.2787,6964.5550,0.0000,0.1421
APP-14128,647.0000,0.1678,0.3536,1.0000,78594.2204,24395.9845,4.0000,0.0424
APP-14129,506.0000,0.3330,0.4509,4.0000,196953.3458,40178.6553,0.0000,0.8128
APP-14130,626.0000,0.2812,0.2538,3.0000,77861.2290,25717.8139,3.0000,0.3586
APP-14131,581.0000,0.3863,0.6665,1.0000,33292.2989,8256.6918,1.0000,0.2711
APP-14132,823.0000,0.2600,0.1733,3.0000,63537.0658,36027.2535,3.0000,0.4852
APP-14133,714.0000,0.2827,0.4748,0.0000,243002.0649,10828.9418,0.0000,0.2109
APP-14134,608.0000,0.6270,0.9199,6.0000,187156.3824,23302.0983,4.0000,0.0563
APP-14135,501.0000,0.5812,0.4694,2.0000,62312.1871,43613.4865,0.0000,0.6656
APP-14136,628.0000,0.1074,0.1115,0.0000,98314.3148,40252.9438,1.0000,0.2250
APP-14137,611.0000,0.4313,0.0665,7.0000,224271.2729,28210.0640,2.0000,0.0359
APP-14138,656.0000,0.1782,0.9051,4.0000,186993.2547,8748.3466,3.0000,0.7332
APP-14139,568.0000,0.5342,0.6864,3.0000,83624.0015,18604.0382,1.0000,0.9385
APP-14140,687.0000,0.5598,0.6886,3.0000,244943.6244,12195.4311,0.0000,0.1240
APP-14141,683.0000,0.4632,0.3829,6.0000,158057.0754,31072.1520,4.0000,0.4660
APP-14142,752.0000,0.4702,0.5010,3.0000,150865.1281,34731.1606,4.0000,0.2145
APP-14143,709.0000,0.5683,0.5526,0.0000,159041.6078,28839.1989,3.0000,0.0519
APP-14144,753.0000,0.1560,0.7403,5.0000,191228.7713,28151.5507,1.0000,0.3947
APP-14145,566.0000,0.4892,0.5085,3.0000,87938.5500,15458.8279,4.0000,0.7959
APP-14146,547.0000,0.1660,0.3261,0.0000,35268.8591,21458.9070,0.0000,0.3133
APP-14147,687.0000,0.1233,0.5293,1.0000,173123.3881,44244.9766,0.0000,0.1037
APP-14148,846.0000,0.4512,0.6631,2.0000,134257.5905,41089.5106,3.0000,0.6007
APP-14149,638.0000,0.2496,0.1021,7.0000,208505.2997,32652.4504,1.0000,0.8338
APP-14150,755.0000,0.1252,0.4763,6.0000,234021.3064,39297.7377,3.0000,0.3484
APP-14151,846.0000,0.1347,0.3601,1.0000,164360.1965,32445.4752,3.0000,0.4495
APP-14152,533.0000,0.6388,0.8565,1.0000,160931.6098,29476.6777,0.0000,0.1757
APP-14153,522.0000,0.2227,0.3995,0.0000,169940.3517,34550.9866,3.0000,0.9814
APP-14154,731.0000,0.3243,0.6160,1.0000,47235.3989,12623.0534,2.0000,0.9567
APP-14155,794.0000,0.2466,0.4599,1.0000,109865.2918,43455.8576,1.0000,0.7953
APP-14156,734.0000,0.6144,0.7819,4.0000,174642.5035,20670.2988,2.0000,0.0810
APP-14157,849.0000,0.1406,0.8868,0.0000,145936.4446,3895.3358,4.0000,0.3047
APP-14158,513.0000,0.3988,0.1252,4.0000,202628.9051,10062.7942,0.0000,0.2028
APP-14159,689.0000,0.3628,0.0677,2.0000,56048.8525,30472.6773,2.0000,0.1247
APP-14160,747.0000,0.4807,0.6842,5.0000,170091.7819,30584.3782,3.0000,0.4225
APP-14161,738.0000,0.5941,0.6183,7.0000,214644.1528,25307.2361,4.0000,0.4191
APP-14162,512.0000,0.1002,0.5490,7.0000,175933.4550,23590.5878,2.0000,0.9499
APP-14163,544.0000,0.1091,0.4377,7.0000,46963.5502,29254.5462,2.0000,0.7224
APP-14164,848.0000,0.3075,0.7248,4.0000,175869.2046,33023.4560,0.0000,0.0873
APP-14165,622.0000,0.3209,0.6833,4.0000,217106.1529,10679.9663,2.0000,0.0604
APP-14166,564.0000,0.5898,0.4250,4.0000,62671.3600,10839.5656,4.0000,0.9408
APP-14167,563.0000,0.2534,0.3425,6.0000,166116.2526,3557.1256,1.0000,0.7975
APP-14168,560.0000,0.5666,0.9157,2.0000,136981.4329,27970.0615,2.0000,0.0486
APP-14169,704.0000,0.1491,0.4152,3.0000,79387.2851,18047.5954,0.0000,0.8508
APP-14170,676.0000,0.1426,0.2381,2.0000,127213.1316,42271.2095,1.0000,0.4911
APP-14171,829.0000,0.5098,0.9141,7.0000,123033.4466,16416.1175,0.0000,0.7395
APP-14172,667.0000,0.5195,0.6856,1.0000,155728.9001,26290.6219,4.0000,0.5817
APP-14173,510.0000,0.1520,0.5525,1.0000,194615.8009,16876.5159,1.0000,0.6790
APP-14174,685.0000,0.6462,0.7410,2.0000,51306.5222,17317.5523,4.0000,0.3297
APP-14175,673.0000,0.1443,0.2498,3.0000,74275.7852,17603.1987,4.0000,0.5192
APP-14176,614.0000,0.5863,0.5522,5.0000,171257.5658,28241.5487,0.0000,0.2034
APP-14177,753.0000,0.2067,0.2962,0.0000,57062.6329,17761.3311,1.0000,0.3987
APP-14178,829.0000,0.1121,0.8267,1.0000,174600.1065,8358.0687,2.0000,0.1017
APP-14179,650.0000,0.5701,0.1731,7.0000,174536.8005,9095.7922,4.0000,0.6583
APP-14180,753.0000,0.2014,0.2458,5.0000,104058.7167,24670.3491,4.0000,0.0685
APP-14181,688.0000,0.3912,0.2694,2.0000,247509.3424,20661.7425,4.0000,0.3004
APP-14182,754.0000,0.5547,0.4439,7.0000,134255.5479,39535.9216,2.0000,0.1094
APP-14183,658.0000,0.1851,0.1697,1.0000,241607.2893,3806.4680,2.0000,0.6624
APP-14184,590.0000,0.5076,0.5400,5.0000,69323.0512,13388.1104,0.0000,0.4691
APP-14185,709.0000,0.3923,0.7095,1.0000,235782.1774,31757.8197,2.0000,0.3673
APP-14186,637.0000,0.2407,0.0573,5.0000,156806.0894,31424.1634,0.0000,0.4748
APP-14187,524.0000,0.1229,0.8485,3.0000,247751.9830,5292.8955,4.0000,0.1680
APP-14188,759.0000,0.2446,0.8170,1.0000,161528.6554,12614.5362,1.0000,0.8833
APP-14189,691.0000,0.3336,0.0957,4.0000,234884.2229,11801.6679,2.0000,0.3496
APP-14190,713.0000,0.3024,0.1115,3.0000,106886.3771,43255.6468,1.0000,0.6675
APP-14191,679.0000,0.4943,0.5665,5.0000,169230.5502,41596.8610,4.0000,0.9368
APP-14192,810.0000,0.3254,0.3322,7.0000,37052.7478,44223.4625,3.0000,0.1321
APP-14193,563.0000,0.3092,0.4914,6.0000,158283.2168,8295.4164,3.0000,0.6734
APP-14194,528.0000,0.5467,0.5607,2.0000,112498.0294,31902.1637,4.0000,0.0177
APP-14195,687.0000,0.3552,0.6240,5.0000,211283.9866,24474.7384,1.0000,0.9396
APP-14196,804.0000,0.6420,0.7085,4.0000,139297.4034,34308.8683,4.0000,0.3419
APP-14197,662.0000,0.4160,0.8213,3.0000,145085.5414,11095.5031,3.0000,0.2947
APP-14198,646.0000,0.6155,0.5960,1.0000,246309.3963,3279.5821,0.0000,0.3108
APP-14199,707.0000,0.5852,0.1445,4.0000,225912.9945,6869.6885,0.0000,0.9802
APP-14200,619.0000,0.3277,0.1726,2.0000,234934.5531,23737.4089,3.0000,0.3004
APP-14201,697.0000,0.4370,0.6023,7.0000,67328.9539,44121.9016,2.0000,0.9033
APP-14202,837.0000,0.1774,0.6879,3.0000,223646.8942,3505.8536,4.0000,0.8908
APP-14203,641.0000,0.3899,0.7287,3.0000,124116.2498,27253.2464,0.0000,0.8480
APP-14204,669.0000,0.3332,0.5168,0.0000,217498.2115,10494.2065,3.0000,0.1654
APP-14205,773.0000,0.3661,0.5904,2.0000,141898.7530,5111.1911,2.0000,0.6566
APP-14206,735.0000,0.2014,0.9271,7.0000,176681.5723,28829.7779,0.0000,0.3823
APP-14207,625.0000,0.5764,0.3634,5.0000,85181.0395,18119.3086,4.0000,0.4734
APP-14208,683.0000,0.1440,0.2428,5.0000,72814.1473,33958.0136,0.0000,0.1611
APP-14209,666.0000,0.5297,0.9221,5.0000,152628.8504,17852.2696,0.0000,0.9677
APP-14210,639.0000,0.6193,0.8769,3.0000,61524.4386,6303.5785,4.0000,0.2703
APP-14211,649.0000,0.1585,0.0564,7.0000,167446.0957,33507.7959,1.0000,0.8513
APP-14212,505.0000,0.3385,0.4117,2.0000,37199.6172,30082.7812,4.0000,0.0690
APP-14213,670.0000,0.4217,0.7114,2.0000,73991.3447,40841.1105,2.0000,0.7865
APP-14214,609.0000,0.6452,0.2097,5.0000,90540.7068,31950.9138,2.0000,0.7909
APP-14215,780.0000,0.5760,0.0787,4.0000,67118.6806,2551.4936,1.0000,0.2657
APP-14216,720.0000,0.3278,0.0828,3.0000,56028.7192,37645.6682,0.0000,0.5661
APP-14217,748.0000,0.6324,0.5583,4.0000,198014.3498,25782.4413,0.0000,0.3017
APP-14218,593.0000,0.2822,0.2573,6.0000,122102.5173,2492.4359,0.0000,0.2164
APP-14219,514.0000,0.2870,0.2821,5.0000,86047.1163,36501.1470,0.0000,0.6159
APP-14220,634.0000,0.3784,0.0636,3.0000,97024.7532,35133.4854,4.0000,0.7208
APP-14221,673.0000,0.5288,0.7033,0.0000,204627.2918,44984.8161,1.0000,0.7084
APP-14222,651.0000,0.2057,0.8093,6.0000,79703.6223,22756.7532,4.0000,0.8317
APP-14223,543.0000,0.5084,0.7102,7.0000,197593.4359,35487.0135,1.0000,0.7109
APP-14224,570.0000,0.1015,0.1727,5.0000,190586.6082,32668.3743,2.0000,0.3848
APP-14225,755.0000,0.2444,0.9115,1.0000,44856.6138,23288.0461,2.0000,0.9696
APP-14226,816.0000,0.6360,0.9159,6.0000,229335.2713,9478.0617,4.0000,0.9467
APP-14227,845.0000,0.4611,0.2832,1.0000,154095.3596,21096.4632,4.0000,0.4529
APP-14228,677.0000,0.3544,0.9348,6.0000,214492.3473,8723.0821,0.0000,0.9617
APP-14229,716.0000,0.5025,0.4498,5.0000,100000.9818,15098.9854,2.0000,0.9735
APP-14230,712.0000,0.3394,0.0875,4.0000,181785.8237,39521.8788,4.0000,0.7387
APP-14231,632.0000,0.1587,0.5679,1.0000,162539.9037,12899.8682,0.0000,0.8014
APP-14232,615.0000,0.3737,0.5240,3.0000,89407.4906,37539.3293,4.0000,0.1219
APP-14233,525.0000,0.6255,0.8225,1.0000,217355.7055,3391.1262,1.0000,0.2749
APP-14234,512.0000,0.2499,0.3701,5.0000,209052.4017,23006.0443,3.0000,0.1300
APP-14235,616.0000,0.1291,0.7400,7.0000,177410.3912,33853.5216,1.0000,0.1602
APP-14236,628.0000,0.5077,0.7581,6.0000,220995.4191,39217.0307,2.0000,0.7717
APP-14237,683.0000,0.3499,0.0815,5.0000,78183.0616,3081.6170,2.0000,0.2106
APP-14238,839.0000,0.2841,0.6558,7.0000,186245.8828,36242.4596,1.0000,0.3804
APP-14239,808.0000,0.3681,0.4815,7.0000,93397.9724,40325.8011,3.0000,0.4377
APP-14240,568.0000,0.6115,0.2322,7.0000,236683.3089,8600.3484,0.0000,0.0770
APP-14241,679.0000,0.2376,0.4252,0.0000,154233.0740,4250.4695,0.0000,0.8541
APP-14242,694.0000,0.2103,0.8215,7.0000,216804.7672,10782.9577,3.0000,0.8388
APP-14243,844.0000,0.3937,0.6708,0.0000,69521.8566,12184.7904,2.0000,0.0288
APP-14244,641.0000,0.3548,0.6145,3.0000,99981.9197,10182.7373,2.0000,0.5903
APP-14245,629.0000,0.1824,0.1234,2.0000,197870.2404,27400.2541,1.0000,0.5965
APP-14246,766.0000,0.4194,0.6500,6.0000,108929.3663,12880.8146,0.0000,0.6226
APP-14247,500.0000,0.4160,0.7327,0.0000,49784.4606,33015.7385,3.0000,0.2635
APP-14248,533.0000,0.4330,0.9050,7.0000,174572.5907,24147.9858,1.0000,0.1758
APP-14249,720.0000,0.3275,0.7682,3.0000,54209.9705,21626.1105,1.0000,0.0949
APP-14250,616.0000,0.2595,0.1219,0.0000,152238.7459,39323.9261,4.0000,0.7168
APP-14251,576.0000,0.2806,0.8992,7.0000,214061.0703,27618.4954,4.0000,0.4925
APP-14252,789.0000,0.5589,0.7627,0.0000,158407.0877,13370.6507,1.0000,0.6105
APP-14253,585.0000,0.4438,0.0530,2.0000,140126.9549,5843.5724,1.0000,0.5565
APP-14254,509.0000,0.3189,0.6914,2.0000,80257.3913,25166.5507,4.0000,0.6547
APP-14255,506.0000,0.4373,0.3236,5.0000,65839.7651,34136.5641,1.0000,0.7014
APP-14256,818.0000,0.2923,0.5945,1.0000,34100.6204,30989.7713,2.0000,0.2174
APP-14257,686.0000,0.5745,0.3045,5.0000,206159.0490,36609.2649,0.0000,0.6842
APP-14258,504.0000,0.5002,0.7070,0.0000,36686.7004,35479.6414,4.0000,0.2805
APP-14259,586.0000,0.1555,0.2181,0.0000,218914.4467,24339.6229,0.0000,0.0371
APP-14260,614.0000,0.1309,0.8011,0.0000,117308.1715,13385.0126,1.0000,0.8125
APP-14261,848.0000,0.1184,0.1156,1.0000,230250.6149,37459.4379,3.0000,0.7466
APP-14262,688.0000,0.1151,0.0717,3.0000,64343.6689,20906.9108,4.0000,0.7475
APP-14263,792.0000,0.3733,0.1687,5.0000,208204.2152,7977.9352,2.0000,0.3782
APP-14264,657.0000,0.1995,0.3961,4.0000,220427.8467,40400.4083,4.0000,0.7681
APP-14265,752.0000,0.4710,0.6410,0.0000,121922.0657,10839.4154,2.0000,0.2941
APP-14266,512.0000,0.3655,0.4825,2.0000,246160.7670,9162.9422,2.0000,0.3021
APP-14267,623.0000,0.1514,0.4781,3.0000,76504.1252,10212.4413,0.0000,0.3686
APP-14268,661.0000,0.1032,0.8290,3.0000,54535.2260,10938.4727,1.0000,0.7191
APP-14269,525.0000,0.1202,0.5533,5.0000,243692.3274,13903.4245,0.0000,0.2533
APP-14270,593.0000,0.3933,0.5068,3.0000,86405.6342,26344.9371,1.0000,0.0829
APP-14271,734.0000,0.4226,0.4275,2.0000,36252.4925,11153.7556,2.0000,0.2641
APP-14272,739.0000,0.2942,0.9306,1.0000,116489.7376,39184.4616,4.0000,0.4600
APP-14273,507.0000,0.1434,0.2685,2.0000,248083.1140,20480.3898,4.0000,0.3225
APP-14274,592.0000,0.6141,0.1900,6.0000,214938.1959,22327.8014,2.0000,0.7153
APP-14275,654.0000,0.3231,0.4931,5.0000,51192.7361,31674.5285,2.0000,0.0858
APP-14276,595.0000,0.3361,0.6600,3.0000,109167.0152,4421.8732,1.0000,0.6528
APP-14277,518.0000,0.3098,0.0695,3.0000,148013.5672,15565.6979,4.0000,0.3175
APP-14278,513.0000,0.1327,0.8213,2.0000,205204.4172,31509.4600,1.0000,0.1902
APP-14279,695.0000,0.4907,0.3048,4.0000,72305.5589,18479.9019,4.0000,0.2386
APP-14280,628.0000,0.4656,0.6308,7.0000,49999.8146,5987.0965,2.0000,0.2046
APP-14281,695.0000,0.1905,0.2060,1.0000,191405.6835,23105.0404,0.0000,0.8537
APP-14282,747.0000,0.2477,0.8347,4.0000,34703.1474,11348.8464,2.0000,0.2995
APP-14283,685.0000,0.4008,0.3730,6.0000,143416.8616,39915.8555,4.0000,0.8066
APP-14284,694.0000,0.3072,0.2183,0.0000,185391.8944,7122.9425,1.0000,0.2943
APP-14285,750.0000,0.6489,0.0678,4.0000,176734.0792,5266.8363,3.0000,0.0137
APP-14286,563.0000,0.3731,0.3279,4.0000,142218.9780,26081.0996,4.0000,0.0167
APP-14287,579.0000,0.5852,0.3913,7.0000,201886.9708,10625.2410,0.0000,0.3704
APP-14288,754.0000,0.2125,0.0816,3.0000,159821.0473,38964.8368,4.0000,0.8471
APP-14289,584.0000,0.4059,0.5498,6.0000,211157.4505,9650.5602,3.0000,0.5899
APP-14290,805.0000,0.2770,0.4592,0.0000,157774.9724,22375.2261,3.0000,0.6759
APP-14291,645.0000,0.6140,0.4938,4.0000,125135.5031,34324.8721,2.0000,0.4164
APP-14292,528.0000,0.4031,0.1701,2.0000,161501.5525,4186.4500,3.0000,0.2798
APP-14293,745.0000,0.4597,0.3948,4.0000,123513.8581,44985.0955,0.0000,0.6401
APP-14294,649.0000,0.1418,0.9211,4.0000,76103.0219,34987.0110,4.0000,0.5779
APP-14295,540.0000,0.3682,0.3717,2.0000,133708.2828,16445.0180,1.0000,0.0441
APP-14296,574.0000,0.4187,0.7637,6.0000,238577.7970,22260.4406,0.0000,0.5520
APP-14297,810.0000,0.2597,0.1617,3.0000,159342.0168,8693.9231,3.0000,0.6281
APP-14298,660.0000,0.5047,0.1605,2.0000,190241.3337,18928.4247,0.0000,0.3711
APP-14299,588.0000,0.3566,0.9490,5.0000,174604.2187,15527.2376,1.0000,0.3451
APP-14300,689.0000,0.4087,0.6335,4.0000,131506.4857,15221.2096,1.0000,0.7817
APP-14301,544.0000,0.2985,0.6484,4.0000,119585.6157,35139.3236,4.0000,0.3735
APP-14302,636.0000,0.4721,0.4333,1.0000,73643.1769,36460.9666,1.0000,0.2907
APP-14303,709.0000,0.1567,0.7350,7.0000,33402.7712,17741.8191,4.0000,0.7790
APP-14304,834.0000,0.3784,0.8854,2.0000,219896.0686,6989.6612,2.0000,0.9751
APP-14305,596.0000,0.5926,0.1238,4.0000,91072.2705,3863.3110,2.0000,0.1911
APP-14306,789.0000,0.2294,0.2052,1.0000,160203.2872,42919.7484,3.0000,0.3809
APP-14307,643.0000,0.5776,0.8295,0.0000,131694.1875,6436.2406,3.0000,0.0126
APP-14308,812.0000,0.5868,0.1212,5.0000,54008.6243,30099.1998,1.0000,0.4860
APP-14309,521.0000,0.2267,0.3732,1.0000,37801.5146,5888.9880,4.0000,0.2872
APP-14310,547.0000,0.1444,0.1249,5.0000,237148.0164,36131.6421,0.0000,0.8191
APP-14311,662.0000,0.5204,0.4172,0.0000,109625.2519,17508.6276,1.0000,0.9075
APP-14312,775.0000,0.6272,0.4524,2.0000,99111.7122,16162.5585,1.0000,0.1238
APP-14313,606.0000,0.2406,0.2121,7.0000,48694.5680,3062.6750,4.0000,0.8565
APP-14314,541.0000,0.6022,0.1235,4.0000,30630.5008,43474.3806,2.0000,0.2207
APP-14315,559.0000,0.2145,0.4256,2.0000,189245.0134,22818.5456,2.0000,0.3118
APP-14316,601.0000,0.2976,0.5130,0.0000,225061.5377,8432.3273,0.0000,0.8780
APP-14317,635.0000,0.5872,0.7133,6.0000,86029.1689,7470.5491,4.0000,0.3679
APP-14318,701.0000,0.2672,0.7034,4.0000,128402.6709,31299.4447,2.0000,0.0265
APP-14319,769.0000,0.5156,0.1129,3.0000,166551.2374,10926.1807,0.0000,0.0608
APP-14320,544.0000,0.1808,0.4442,6.0000,66736.2045,23312.1350,1.0000,0.3409
APP-14321,767.0000,0.3083,0.8094,7.0000,111462.3166,10324.6262,3.0000,0.8767
APP-14322,845.0000,0.6174,0.5873,5.0000,137691.0822,18488.3592,0.0000,0.0969
APP-14323,626.0000,0.2245,0.8194,3.0000,171803.5775,34932.9195,4.0000,0.2017
APP-14324,571.0000,0.4859,0.9058,5.0000,246035.7873,3192.9001,2.0000,0.9580
APP-14325,840.0000,0.6058,0.3508,6.0000,139316.2311,11823.8377,3.0000,0.4132
APP-14326,818.0000,0.5317,0.1697,2.0000,86586.0279,41619.1027,3.0000,0.8652
APP-14327,544.0000,0.6214,0.1255,5.0000,173744.5031,30333.7067,1.0000,0.3857
APP-14328,795.0000,0.6191,0.1638,4.0000,55245.0762,39986.6731,2.0000,0.5179
APP-14329,799.0000,0.1625,0.6642,2.0000,31232.9639,3043.8350,0.0000,0.9380
APP-14330,606.0000,0.4309,0.1576,1.0000,112752.6007,39749.3679,2.0000,0.9473
APP-14331,842.0000,0.3348,0.9072,4.0000,45312.2042,35597.3870,3.0000,0.1722
APP-14332,566.0000,0.4755,0.6431,1.0000,135007.4445,7412.1140,0.0000,0.6732
APP-14333,700.0000,0.5084,0.9100,2.0000,101900.0127,21030.5451,0.0000,0.4257
APP-14334,746.0000,0.2349,0.5572,3.0000,226725.4776,18669.6056,0.0000,0.1568
APP-14335,521.0000,0.5399,0.2321,1.0000,69233.1017,39153.0859,4.0000,0.0353
APP-14336,821.0000,0.3251,0.2014,2.0000,182625.1964,30498.7655,4.0000,0.5076
APP-14337,822.0000,0.4612,0.7411,2.0000,168939.6429,33746.3302,2.0000,0.1019
APP-14338,631.0000,0.3352,0.0501,0.0000,248931.8034,41300.4979,2.0000,0.9296
APP-14339,652.0000,0.2904,0.8378,2.0000,155166.7508,15466.9423,1.0000,0.2549
APP-14340,629.0000,0.4816,0.0766,5.0000,207600.7414,4934.5107,2.0000,0.4410
APP-14341,560.0000,0.3980,0.5940,3.0000,107272.0611,20724.8316,1.0000,0.7218
APP-14342,809.0000,0.5691,0.4000,2.0000,45885.5768,42396.3329,2.0000,0.5075
APP-14343,811.0000,0.5323,0.6004,5.0000,118989.7215,31047.9777,0.0000,0.3798
APP-14344,700.0000,0.5776,0.7539,1.0000,177953.8215,3566.3530,2.0000,0.6270
APP-14345,649.0000,0.5212,0.1508,7.0000,85956.0048,44315.7135,4.0000,0.2037
APP-14346,737.0000,0.6043,0.9017,0.0000,60521.6952,25216.8641,3.0000,0.4909
APP-14347,674.0000,0.1862,0.5862,3.0000,53066.0721,19031.8027,3.0000,0.9539
APP-14348,763.0000,0.4523,0.3938,6.0000,146366.6228,23265.1918,1.0000,0.7791
APP-14349,699.0000,0.1453,0.9312,6.0000,103696.1963,25096.4599,3.0000,0.3380
APP-14350,560.0000,0.3748,0.7805,3.0000,198056.2334,41569.5779,4.0000,0.9044
APP-14351,817.0000,0.5737,0.1959,3.0000,170545.5586,17636.4525,4.0000,0.8674
APP-14352,649.0000,0.4991,0.1297,7.0000,236313.3933,30457.5655,4.0000,0.2760
APP-14353,676.0000,0.4206,0.8806,3.0000,245638.1705,6925.3761,1.0000,0.9255
APP-14354,731.0000,0.4817,0.5764,0.0000,30132.7601,20234.0437,1.0000,0.4856
APP-14355,810.0000,0.1953,0.4671,3.0000,81741.2177,41939.4120,0.0000,0.9242
APP-14356,646.0000,0.6119,0.1196,0.0000,83171.3267,34817.3910,4.0000,0.5487
APP-14357,559.0000,0.2169,0.5376,7.0000,223411.1726,41962.3842,2.0000,0.1048
APP-14358,536.0000,0.1918,0.2943,1.0000,59172.4143,7536.3604,2.0000,0.1464
APP-14359,715.0000,0.1770,0.2238,1.0000,121857.1746,22056.6098,2.0000,0.4979
APP-14360,646.0000,0.6149,0.4020,5.0000,41715.6482,24562.2510,3.0000,0.0343
APP-14361,683.0000,0.3535,0.0821,2.0000,135189.4439,6049.9522,0.0000,0.7630
APP-14362,796.0000,0.3932,0.5881,5.0000,38451.1312,24396.3394,1.0000,0.3115
APP-14363,613.0000,0.3085,0.6090,5.0000,189413.8543,18325.0345,2.0000,0.0407
APP-14364,726.0000,0.1150,0.6755,4.0000,143980.9750,2385.8105,0.0000,0.6457
APP-14365,574.0000,0.1367,0.0706,2.0000,249560.5133,6691.3839,2.0000,0.6036
APP-14366,743.0000,0.1087,0.2080,2.0000,246982.5853,23002.8098,3.0000,0.1340
APP-14367,524.0000,0.3964,0.7451,0.0000,202593.8335,6659.3150,0.0000,0.1876
APP-14368,572.0000,0.2064,0.5672,7.0000,94395.0863,19170.8232,4.0000,0.7386
APP-14369,591.0000,0.3212,0.0581,1.0000,54695.3439,44463.3526,3.0000,0.1581
APP-14370,565.0000,0.3532,0.7076,3.0000,64464.2589,20907.2963,0.0000,0.0163
APP-14371,738.0000,0.3929,0.4249,0.0000,181800.5722,26302.5475,1.0000,0.9897
APP-14372,638.0000,0.5910,0.2868,4.0000,59565.3840,19948.5368,3.0000,0.2944
APP-14373,597.0000,0.1238,0.7288,2.0000,92432.0004,6605.5653,2.0000,0.8832
APP-14374,593.0000,0.3718,0.3743,4.0000,50334.4532,36781.8770,0.0000,0.4158
APP-14375,754.0000,0.1725,0.4583,2.0000,41351.5403,33561.7848,3.0000,0.9535
APP-14376,691.0000,0.6096,0.8247,6.0000,115621.3937,21108.4657,1.0000,0.4313
APP-14377,806.0000,0.6046,0.1847,7.0000,121290.0546,10201.7680,1.0000,0.7443
APP-14378,676.0000,0.1770,0.5591,5.0000,72246.5073,33430.0110,0.0000,0.9563
APP-14379,743.0000,0.1645,0.1436,6.0000,232448.3535,16161.4064,3.0000,0.2867
APP-14380,821.0000,0.1604,0.9301,3.0000,163677.4621,22965.5605,1.0000,0.0391
APP-14381,781.0000,0.1539,0.3307,0.0000,94234.0418,12987.6932,3.0000,0.4497
APP-14382,764.0000,0.1870,0.8692,2.0000,213644.7708,20135.1716,2.0000,0.7561
APP-14383,700.0000,0.1856,0.3803,0.0000,151630.2412,41200.2017,0.0000,0.5627
APP-14384,804.0000,0.1899,0.8116,0.0000,127964.2756,14844.2520,0.0000,0.8285
APP-14385,831.0000,0.1817,0.7381,7.0000,195314.3259,18670.9362,0.0000,0.2714
APP-14386,541.0000,0.3079,0.2593,3.0000,110734.1910,23827.4375,0.0000,0.0766
APP-14387,767.0000,0.2396,0.6322,5.0000,206650.9791,14220.5426,0.0000,0.2265
APP-14388,504.0000,0.3294,0.2600,3.0000,30946.0230,43656.2140,0.0000,0.2342
APP-14389,612.0000,0.5916,0.0671,5.0000,84142.9014,6500.9039,4.0000,0.3386
APP-14390,783.0000,0.2936,0.3204,2.0000,146688.5117,7279.6836,4.0000,0.3155
APP-14391,753.0000,0.2576,0.6895,4.0000,213988.2960,29027.5901,1.0000,0.2395
APP-14392,715.0000,0.6029,0.2107,4.0000,193645.2408,28189.5545,0.0000,0.1294
APP-14393,735.0000,0.2769,0.6150,1.0000,235501.5027,14237.3742,2.0000,0.5214
APP-14394,554.0000,0.1671,0.7384,4.0000,87368.4989,5271.8773,3.0000,0.7072
APP-14395,762.0000,0.4404,0.3293,2.0000,232961.8961,7656.8184,2.0000,0.9002
APP-14396,535.0000,0.2550,0.1419,4.0000,55238.1276,11555.1340,2.0000,0.2803
APP-14397,611.0000,0.3860,0.5869,3.0000,73786.5388,19199.3853,2.0000,0.6573
APP-14398,529.0000,0.5224,0.1682,2.0000,132731.7820,26082.5444,0.0000,0.5270
APP-14399,678.0000,0.4111,0.0523,3.0000,76387.2665,28642.8336,1.0000,0.8762
APP-14400,801.0000,0.5448,0.1677,0.0000,36947.0723,31908.7488,0.0000,0.6912
APP-14401,808.0000,0.2896,0.2900,7.0000,170683.6550,4093.0107,1.0000,0.1893
APP-14402,503.0000,0.1928,0.6596,4.0000,119684.1839,25510.6462,0.0000,0.2710
APP-14403,841.0000,0.3171,0.3493,0.0000,233012.5282,3899.6013,1.0000,0.6220
APP-14404,572.0000,0.3266,0.8767,1.0000,246429.8447,30014.8076,1.0000,0.7462
APP-14405,625.0000,0.4938,0.7180,0.0000,233620.6092,15704.4244,1.0000,0.0871
APP-14406,598.0000,0.4778,0.9387,2.0000,143569.0268,28133.1445,0.0000,0.6434
APP-14407,670.0000,0.2702,0.6488,7.0000,97787.3100,22510.9133,3.0000,0.1770
APP-14408,502.0000,0.6111,0.0693,5.0000,240136.1352,37062.2643,1.0000,0.9341
APP-14409,615.0000,0.2516,0.1840,7.0000,112161.2700,6204.2156,3.0000,0.9545
APP-14410,606.0000,0.6481,0.2926,3.0000,113353.9596,24969.1637,2.0000,0.8520
APP-14411,751.0000,0.1180,0.6830,2.0000,169715.8196,15406.0106,1.0000,0.8533
APP-14412,800.0000,0.4706,0.6307,3.0000,169514.3149,2542.1198,0.0000,0.9519
APP-14413,513.0000,0.4411,0.2347,2.0000,53007.4608,25139.0738,0.0000,0.2903
APP-14414,643.0000,0.4217,0.6783,6.0000,72148.4840,35631.7057,4.0000,0.5222
APP-14415,833.0000,0.5285,0.3011,4.0000,30002.9221,28394.4229,3.0000,0.1412
APP-14416,824.0000,0.4250,0.6516,6.0000,51772.2421,4019.7463,2.0000,0.4571
APP-14417,692.0000,0.4355,0.3297,1.0000,105407.2869,29850.9837,0.0000,0.1126
APP-14418,762.0000,0.5825,0.2393,7.0000,238702.1320,32825.8276,2.0000,0.6878
APP-14419,594.0000,0.2027,0.4954,7.0000,205857.8441,5099.6701,2.0000,0.0842
APP-14420,781.0000,0.3921,0.9327,4.0000,80116.0986,18586.1678,4.0000,0.8524
APP-14421,513.0000,0.4917,0.6319,2.0000,55564.5292,14837.7019,2.0000,0.8445
APP-14422,679.0000,0.2693,0.3665,4.0000,249714.1986,34231.2582,0.0000,0.9563
APP-14423,696.0000,0.2207,0.5166,0.0000,188444.3547,17834.2589,3.0000,0.0367
APP-14424,560.0000,0.1709,0.4447,1.0000,145130.2961,10941.9338,2.0000,0.8122
APP-14425,705.0000,0.2445,0.0782,4.0000,245250.1259,24834.8528,3.0000,0.2970
APP-14426,828.0000,0.4663,0.6569,7.0000,239903.8219,34657.6594,4.0000,0.2020
APP-14427,743.0000,0.4382,0.2349,5.0000,55488.7307,18875.3189,4.0000,0.7455
APP-14428,550.0000,0.1945,0.5308,1.0000,169920.9014,40549.7924,2.0000,0.1277
APP-14429,683.0000,0.3701,0.1138,7.0000,181783.5082,29984.3854,1.0000,0.8683
APP-14430,746.0000,0.2176,0.7613,3.0000,219996.8221,6995.7246,2.0000,0.8678
APP-14431,680.0000,0.6148,0.0657,4.0000,139699.5121,43980.6408,0.0000,0.5548
APP-14432,553.0000,0.4983,0.3393,6.0000,179563.6643,33111.1328,3.0000,0.4243
APP-14433,606.0000,0.1953,0.3950,0.0000,108008.6576,12148.4944,2.0000,0.8817
APP-14434,660.0000,0.2593,0.7451,1.0000,118265.9184,15315.4786,4.0000,0.7081
APP-14435,567.0000,0.5692,0.9262,5.0000,153910.5168,22293.9289,1.0000,0.0415
APP-14436,648.0000,0.4064,0.2222,3.0000,77101.3964,2931.3318,3.0000,0.4138
APP-14437,587.0000,0.2958,0.1752,0.0000,204296.7054,40481.8330,2.0000,0.4312
APP-14438,548.0000,0.4291,0.6095,1.0000,139449.2605,5457.9210,2.0000,0.8490
APP-14439,631.0000,0.3142,0.2456,1.0000,217285.7391,9362.1514,4.0000,0.8751
APP-14440,506.0000,0.6013,0.0718,3.0000,203113.9223,25049.7682,1.0000,0.5427
APP-14441,770.0000,0.5804,0.2586,2.0000,153660.4625,36268.8135,1.0000,0.1200
APP-14442,514.0000,0.1882,0.2611,7.0000,181292.4718,42352.7137,2.0000,0.6069
APP-14443,541.0000,0.4726,0.5464,0.0000,216599.3430,6963.0468,2.0000,0.4612
APP-14444,605.0000,0.5607,0.4550,3.0000,104519.6011,2666.4076,0.0000,0.4245
APP-14445,725.0000,0.2162,0.3501,2.0000,190377.5020,32063.0457,0.0000,0.9746
APP-14446,655.0000,0.5793,0.3102,1.0000,233251.1338,13627.6032,2.0000,0.9859
APP-14447,513.0000,0.3308,0.2911,6.0000,36860.8608,7685.8025,3.0000,0.4114
APP-14448,617.0000,0.2692,0.8256,6.0000,139852.2824,2183.8896,0.0000,0.9259
APP-14449,515.0000,0.6412,0.4647,0.0000,61859.1269,43452.9431,2.0000,0.2497
APP-14450,649.0000,0.4784,0.8194,4.0000,114802.7445,33554.1683,4.0000,0.1996
APP-14451,595.0000,0.2598,0.9462,3.0000,212326.0186,16762.1111,1.0000,0.6536
APP-14452,813.0000,0.3913,0.4960,0.0000,73783.9596,27707.3224,4.0000,0.5005
APP-14453,625.0000,0.4539,0.8856,1.0000,37902.0523,40282.5845,2.0000,0.7409
APP-14454,706.0000,0.4916,0.2071,2.0000,92602.1093,41209.3996,3.0000,0.1177
APP-14455,566.0000,0.2152,0.3288,4.0000,201491.1109,24994.9037,1.0000,0.4828
APP-14456,668.0000,0.4391,0.6430,3.0000,53666.4772,42362.3878,4.0000,0.6781
APP-14457,810.0000,0.5660,0.2642,3.0000,158964.7089,34584.4625,2.0000,0.5010
APP-14458,508.0000,0.5420,0.5826,5.0000,193361.4978,25521.7063,2.0000,0.2906
APP-14459,606.0000,0.2619,0.8591,1.0000,155487.0186,18393.3785,1.0000,0.5008
APP-14460,625.0000,0.6336,0.9263,0.0000,235669.5248,42277.9872,3.0000,0.5835
APP-14461,663.0000,0.1069,0.5314,6.0000,196600.6868,10372.1676,1.0000,0.5493
APP-14462,644.0000,0.5285,0.7130,1.0000,49368.5595,25402.1751,4.0000,0.5646
APP-14463,847.0000,0.2744,0.5929,4.0000,218253.1917,7711.5151,0.0000,0.4439
APP-14464,549.0000,0.6177,0.4279,0.0000,150535.1241,7742.2361,4.0000,0.3344
APP-14465,588.0000,0.5736,0.3708,7.0000,242893.0888,4576.7071,1.0000,0.0790
APP-14466,664.0000,0.5846,0.6027,5.0000,246752.5759,15333.5651,0.0000,0.0555
APP-14467,716.0000,0.2385,0.3611,7.0000,66026.0489,36359.5376,1.0000,0.5331
APP-14468,528.0000,0.5380,0.7241,7.0000,84657.3939,9918.1623,1.0000,0.8516
APP-14469,761.0000,0.2830,0.1636,2.0000,173771.6674,37795.4713,3.0000,0.7800
APP-14470,684.0000,0.3460,0.6967,3.0000,42257.3665,44728.3029,4.0000,0.5355
APP-14471,594.0000,0.5974,0.5100,7.0000,118217.2654,24593.1083,3.0000,0.6367
APP-14472,633.0000,0.4962,0.1236,4.0000,247451.4964,35869.0470,3.0000,0.9669
APP-14473,520.0000,0.4523,0.8056,5.0000,145704.8832,30724.0813,0.0000,0.9579
APP-14474,732.0000,0.1709,0.5449,3.0000,102892.0806,21761.3902,1.0000,0.9849
APP-14475,776.0000,0.3961,0.7114,3.0000,70851.7869,14248.9918,3.0000,0.0262
APP-14476,849.0000,0.1679,0.1613,3.0000,195030.1262,30871.1070,3.0000,0.6335
APP-14477,601.0000,0.1413,0.1896,6.0000,234666.6436,11917.1344,2.0000,0.7402
APP-14478,595.0000,0.6206,0.8408,3.0000,233375.3414,17848.9349,4.0000,0.1110
APP-14479,612.0000,0.4258,0.4701,3.0000,44326.2910,8648.6297,2.0000,0.3660
APP-14480,546.0000,0.1034,0.3163,4.0000,46660.9143,26843.3974,4.0000,0.1718
APP-14481,645.0000,0.3580,0.5170,3.0000,247937.5317,9080.3015,0.0000,0.3869
APP-14482,543.0000,0.2577,0.3844,1.0000,239718.8400,36489.3744,4.0000,0.4424
APP-14483,513.0000,0.1847,0.9264,2.0000,78277.9280,22452.7776,2.0000,0.1848
APP-14484,618.0000,0.5505,0.2273,5.0000,73487.6811,32685.9463,4.0000,0.4962
APP-14485,797.0000,0.1845,0.5271,6.0000,159710.8384,21529.4973,0.0000,0.1938
APP-14486,839.0000,0.1915,0.3492,3.0000,99781.0450,35302.0885,0.0000,0.9138
APP-14487,802.0000,0.2279,0.1986,7.0000,188002.9842,40060.1507,1.0000,0.1761
APP-14488,835.0000,0.4918,0.6633,7.0000,75262.2294,22136.5353,2.0000,0.5123
APP-14489,804.0000,0.2049,0.1733,1.0000,207367.7237,17882.4720,4.0000,0.3474
APP-14490,728.0000,0.2767,0.2971,1.0000,92122.8591,32928.1207,3.0000,0.4243
APP-14491,563.0000,0.5963,0.4886,4.0000,60617.0586,43518.7535,0.0000,0.3916
APP-14492,783.0000,0.4108,0.4314,2.0000,105277.8582,9574.3374,2.0000,0.9691
APP-14493,841.0000,0.1952,0.8695,0.0000,34351.8846,34097.7705,3.0000,0.6603
APP-14494,673.0000,0.5729,0.6359,6.0000,171885.9813,2151.5287,3.0000,0.0578
APP-14495,731.0000,0.3817,0.1125,7.0000,44916.7450,44191.6928,1.0000,0.8284
APP-14496,634.0000,0.5588,0.1789,1.0000,62467.0512,36265.4202,2.0000,0.5445
APP-14497,707.0000,0.1433,0.5776,1.0000,204551.0764,42683.6630,1.0000,0.1242
APP-14498,507.0000,0.1890,0.2529,6.0000,141230.8414,6602.0640,1.0000,0.4722
APP-14499,752.0000,0.1505,0.2261,0.0000,160443.9782,4198.5383,2.0000,0.1408
APP-14500,682.0000,0.3647,0.9388,0.0000,91881.0905,20784.5257,2.0000,0.5564
APP-14501,764.0000,0.3131,0.6885,5.0000,243893.9550,4551.5574,1.0000,0.3733
APP-14502,631.0000,0.3288,0.3222,1.0000,247149.1535,4334.8310,0.0000,0.0755
APP-14503,645.0000,0.3016,0.0750,5.0000,110436.0867,5943.6377,4.0000,0.6505
APP-14504,551.0000,0.3333,0.7656,3.0000,203341.1399,4645.2393,4.0000,0.2387
APP-14505,704.0000,0.3097,0.5695,3.0000,206487.9893,6195.7949,0.0000,0.7610
APP-14506,822.0000,0.1878,0.3302,7.0000,231016.5216,17763.3413,2.0000,0.8957
APP-14507,704.0000,0.4130,0.5246,4.0000,219573.5656,23565.9485,3.0000,0.2479
APP-14508,813.0000,0.5780,0.8569,2.0000,126674.2487,6459.9173,2.0000,0.3097
APP-14509,502.0000,0.6467,0.1071,6.0000,109413.2587,29548.5457,4.0000,0.0556
APP-14510,758.0000,0.1645,0.7088,1.0000,235705.3054,28147.4167,3.0000,0.4819
APP-14511,503.0000,0.3262,0.8265,1.0000,119771.7476,14703.1317,1.0000,0.8335
APP-14512,650.0000,0.2326,0.5185,3.0000,144432.8211,15052.8549,1.0000,0.1180
APP-14513,664.0000,0.4118,0.9148,2.0000,51144.5147,44344.2289,3.0000,0.1744
APP-14514,663.0000,0.2982,0.2585,7.0000,94692.5504,14910.7920,4.0000,0.7397
APP-14515,695.0000,0.5828,0.6991,3.0000,65845.7025,40947.8865,2.0000,0.6353
APP-14516,768.0000,0.6144,0.4324,3.0000,48119.0017,10780.7215,1.0000,0.2053
APP-14517,747.0000,0.2788,0.3912,5.0000,111568.9283,9720.3315,4.0000,0.1778
APP-14518,518.0000,0.2960,0.6227,3.0000,143400.0968,38990.1105,1.0000,0.0791
APP-14519,763.0000,0.3942,0.5985,4.0000,201446.8492,28101.9502,1.0000,0.0273
APP-14520,639.0000,0.4495,0.3805,3.0000,163700.8688,34924.2084,4.0000,0.4241
APP-14521,705.0000,0.5139,0.3879,3.0000,211381.5881,26747.3945,1.0000,0.1157
APP-14522,821.0000,0.1550,0.4819,7.0000,81215.8117,43836.9192,3.0000,0.2963
APP-14523,599.0000,0.1281,0.9436,5.0000,204914.8916,3247.2249,4.0000,0.8665
APP-14524,712.0000,0.4730,0.7687,0.0000,41356.6720,8458.0011,4.0000,0.0584
APP-14525,716.0000,0.3633,0.3797,0.0000,90980.9449,6775.6691,3.0000,0.7908
APP-14526,676.0000,0.4700,0.3769,3.0000,127621.7308,30866.2161,0.0000,0.3840
APP-14527,590.0000,0.2659,0.8571,2.0000,240577.7774,15498.1679,3.0000,0.4136
APP-14528,761.0000,0.1947,0.7513,4.0000,49959.0178,35825.8129,4.0000,0.9632
APP-14529,786.0000,0.1612,0.6382,4.0000,87768.6721,7336.0222,2.0000,0.5671
APP-14530,830.0000,0.5325,0.6927,6.0000,63533.2110,11895.1780,3.0000,0.0459
APP-14531,648.0000,0.3217,0.1013,2.0000,123564.2495,4828.2406,2.0000,0.7880
APP-14532,546.0000,0.1456,0.1334,5.0000,102353.5277,44709.6355,4.0000,0.5534
APP-14533,813.0000,0.2357,0.3342,7.0000,50261.7007,32852.4496,4.0000,0.7715
APP-14534,713.0000,0.5738,0.4753,1.0000,135873.8310,6685.6324,3.0000,0.1582
APP-14535,544.0000,0.3648,0.6899,7.0000,136819.8163,29818.4989,2.0000,0.2673
APP-14536,772.0000,0.5693,0.7539,7.0000,168648.2939,20904.7665,3.0000,0.9023
APP-14537,746.0000,0.6199,0.8463,2.0000,215016.9391,41396.1306,3.0000,0.4313
APP-14538,791.0000,0.1368,0.2938,6.0000,244134.8513,7765.9267,0.0000,0.5105
APP-14539,650.0000,0.6188,0.7232,1.0000,52851.7132,3198.6050,4.0000,0.6403
APP-14540,665.0000,0.3041,0.9452,0.0000,104451.5253,8622.1066,3.0000,0.5277
APP-14541,544.0000,0.4840,0.2374,1.0000,243911.9571,42313.0299,3.0000,0.7456
APP-14542,650.0000,0.3217,0.1127,0.0000,154868.5733,41952.2537,0.0000,0.2287
APP-14543,695.0000,0.4380,0.8569,3.0000,117319.0752,4949.9171,3.0000,0.9124
APP-14544,803.0000,0.4684,0.1714,2.0000,125674.6259,24500.3300,1.0000,0.0626
APP-14545,574.0000,0.1731,0.6978,7.0000,215386.8507,31430.7727,0.0000,0.4995
APP-14546,515.0000,0.3371,0.3986,4.0000,220024.4296,2184.0326,4.0000,0.9877
APP-14547,602.0000,0.2136,0.3700,1.0000,94923.0288,2705.2993,1.0000,0.6556
APP-14548,570.0000,0.1656,0.8965,2.0000,97944.5041,4854.3292,1.0000,0.4825
APP-14549,659.0000,0.4256,0.3660,2.0000,183959.6179,32284.9289,3.0000,0.9435
APP-14550,747.0000,0.4741,0.4169,0.0000,44857.2433,42422.3393,1.0000,0.0864
APP-14551,627.0000,0.2417,0.0641,4.0000,216112.2141,4931.6579,4.0000,0.4239
APP-14552,619.0000,0.1040,0.2152,0.0000,31523.2695,8187.6706,2.0000,0.8955
APP-14553,636.0000,0.6339,0.3753,4.0000,131427.7555,22093.9119,2.0000,0.6766
APP-14554,842.0000,0.3612,0.6493,5.0000,204356.4740,21031.8038,3.0000,0.3711
APP-14555,638.0000,0.4585,0.1075,5.0000,231139.3758,11127.9566,3.0000,0.9680
APP-14556,750.0000,0.1414,0.3646,0.0000,167935.8320,10615.0581,2.0000,0.7540
APP-14557,505.0000,0.4411,0.3787,5.0000,146769.0993,8001.2866,0.0000,0.9678
APP-14558,538.0000,0.5194,0.7619,3.0000,183396.6167,12773.8627,0.0000,0.5820
APP-14559,628.0000,0.1261,0.2975,6.0000,215264.9423,38182.2687,0.0000,0.0180
APP-14560,686.0000,0.3880,0.8527,3.0000,32852.8282,21673.2440,2.0000,0.9625
APP-14561,637.0000,0.1781,0.8996,3.0000,163379.3271,41465.1911,0.0000,0.8176
APP-14562,593.0000,0.1808,0.2494,3.0000,198715.1855,38193.3324,4.0000,0.5493
APP-14563,707.0000,0.4381,0.3900,0.0000,233595.9458,24742.0842,0.0000,0.1677
APP-14564,591.0000,0.4406,0.7101,3.0000,117908.5670,37444.6389,3.0000,0.8733
APP-14565,668.0000,0.4046,0.2918,5.0000,228381.4971,9066.4500,0.0000,0.6346
APP-14566,538.0000,0.3806,0.7934,6.0000,168608.5255,29554.0628,4.0000,0.0130
APP-14567,560.0000,0.3585,0.9265,4.0000,103346.8391,42437.3572,0.0000,0.4939
APP-14568,817.0000,0.3647,0.6182,3.0000,246351.5125,28640.9121,3.0000,0.9727
APP-14569,705.0000,0.2840,0.1952,1.0000,42897.5488,23099.5797,3.0000,0.5843
APP-14570,607.0000,0.2415,0.0517,6.0000,221347.3101,30192.0526,2.0000,0.7065
APP-14571,512.0000,0.2461,0.4189,6.0000,146239.2233,7878.0035,2.0000,0.6549
APP-14572,773.0000,0.5995,0.2542,2.0000,158635.3409,14662.8645,4.0000,0.5184
APP-14573,616.0000,0.2467,0.7465,5.0000,213113.7849,12845.5690,2.0000,0.6882
APP-14574,659.0000,0.3060,0.4728,6.0000,233961.1234,7086.7895,0.0000,0.2018
APP-14575,717.0000,0.3772,0.6190,3.0000,227001.5825,32446.2829,1.0000,0.3412
APP-14576,526.0000,0.5085,0.5956,4.0000,132630.3055,29269.9653,2.0000,0.8816
APP-14577,718.0000,0.5274,0.0827,7.0000,186655.5732,39524.5001,2.0000,0.2745
APP-14578,849.0000,0.4969,0.6872,4.0000,195514.6756,32015.9602,1.0000,0.4184
APP-14579,563.0000,0.2667,0.7931,5.0000,106191.3466,36908.8573,0.0000,0.1113
APP-14580,827.0000,0.1897,0.4741,7.0000,96754.9656,7985.1188,1.0000,0.9219
APP-14581,618.0000,0.5494,0.5738,7.0000,210733.3414,4818.4424,3.0000,0.2739
APP-14582,502.0000,0.5810,0.1794,6.0000,147880.0219,17933.1945,4.0000,0.5793
APP-14583,660.0000,0.6021,0.6428,5.0000,79075.8985,7631.7340,0.0000,0.4008
APP-14584,570.0000,0.5721,0.8957,1.0000,223707.0030,35009.9772,1.0000,0.3498
APP-14585,644.0000,0.2988,0.6908,5.0000,138833.5814,20633.9426,4.0000,0.1748
APP-14586,559.0000,0.1844,0.0630,2.0000,221873.6704,42356.4087,1.0000,0.9861
APP-14587,739.0000,0.4687,0.3285,1.0000,66231.4633,5787.7803,1.0000,0.2934
APP-14588,627.0000,0.4572,0.9085,7.0000,226015.8048,42684.3633,2.0000,0.3985
APP-14589,759.0000,0.2363,0.6514,3.0000,119025.7039,33275.5921,1.0000,0.1989
APP-14590,573.0000,0.4411,0.3422,5.0000,94362.0759,36557.2423,4.0000,0.6250
APP-14591,514.0000,0.6490,0.5904,5.0000,111178.5284,23179.4525,0.0000,0.0944
APP-14592,613.0000,0.1927,0.1970,4.0000,162609.8382,17656.0777,3.0000,0.6597
APP-14593,760.0000,0.3082,0.8822,6.0000,96090.9645,33152.3528,0.0000,0.5030
APP-14594,844.0000,0.3151,0.4010,6.0000,171601.3234,44100.0791,4.0000,0.6445
APP-14595,807.0000,0.2174,0.2229,7.0000,140892.9188,3123.1042,1.0000,0.0146
APP-14596,502.0000,0.5334,0.1174,7.0000,174210.7212,27676.9457,3.0000,0.6700
APP-14597,819.0000,0.4890,0.0815,0.0000,104203.5654,12638.9368,4.0000,0.0548
APP-14598,639.0000,0.2193,0.6306,3.0000,87049.9344,19203.5553,2.0000,0.9091
APP-14599,519.0000,0.5718,0.6633,5.0000,178252.4232,26701.1119,0.0000,0.7876
APP-14600,583.0000,0.3342,0.6427,6.0000,146443.9831,11326.3953,1.0000,0.1314
APP-14601,809.0000,0.4030,0.3327,2.0000,61327.5736,2450.0804,2.0000,0.5551
APP-14602,709.0000,0.4767,0.7633,6.0000,173621.8042,4959.7294,0.0000,0.9477
APP-14603,557.0000,0.5808,0.8059,5.0000,90913.8835,3105.9125,1.0000,0.2478
APP-14604,779.0000,0.2248,0.5928,4.0000,110170.8163,3935.5895,2.0000,0.0812
APP-14605,618.0000,0.4258,0.6039,2.0000,218137.3452,9103.1837,3.0000,0.4241
APP-14606,541.0000,0.4694,0.2232,4.0000,74506.2306,21096.5418,0.0000,0.1454
APP-14607,633.0000,0.5875,0.8223,4.0000,124773.4157,21451.8862,3.0000,0.7720
APP-14608,768.0000,0.5248,0.1261,2.0000,48890.3243,2515.8862,3.0000,0.9039
APP-14609,604.0000,0.6029,0.7721,4.0000,129067.2146,3142.7245,0.0000,0.4506
APP-14610,556.0000,0.1414,0.4268,4.0000,232620.2962,12878.2150,2.0000,0.9880
APP-14611,603.0000,0.3340,0.1383,6.0000,152896.1310,4131.2592,0.0000,0.1963
APP-14612,778.0000,0.2685,0.1053,1.0000,221031.2763,10829.1457,4.0000,0.9094
APP-14613,559.0000,0.3735,0.9396,5.0000,149255.1924,3511.1658,3.0000,0.3270
APP-14614,661.0000,0.5459,0.5621,0.0000,42889.4435,5722.6815,2.0000,0.8938
APP-14615,730.0000,0.3709,0.4500,1.0000,140980.9686,30406.0237,3.0000,0.8964
APP-14616,521.0000,0.1193,0.8829,6.0000,81181.6868,7790.9200,4.0000,0.3519
APP-14617,703.0000,0.4690,0.4667,5.0000,125175.6568,21181.9817,3.0000,0.0299
APP-14618,773.0000,0.1057,0.8123,1.0000,82187.1458,36729.1948,1.0000,0.3066
APP-14619,714.0000,0.1538,0.8183,5.0000,54873.2557,4494.7552,3.0000,0.4376
APP-14620,564.0000,0.5003,0.7251,7.0000,76579.3125,13622.6748,3.0000,0.9741
APP-14621,682.0000,0.5571,0.1356,2.0000,118293.8497,28899.9485,4.0000,0.6859
APP-14622,815.0000,0.2750,0.9092,5.0000,211054.9577,9459.0820,2.0000,0.6322
APP-14623,577.0000,0.4130,0.6146,2.0000,199275.5134,24359.2060,1.0000,0.6423
APP-14624,556.0000,0.4010,0.4177,2.0000,38075.5164,31799.6837,2.0000,0.3983
APP-14625,705.0000,0.1306,0.7398,7.0000,200913.1755,42803.3624,1.0000,0.6858
APP-14626,646.0000,0.3997,0.1165,0.0000,36760.8725,43887.8914,1.0000,0.2841
APP-14627,728.0000,0.1060,0.2106,1.0000,46695.2225,9015.1955,4.0000,0.7473
APP-14628,711.0000,0.5510,0.6599,0.0000,197580.6110,39671.3588,4.0000,0.6488
APP-14629,518.0000,0.5115,0.6166,1.0000,116508.6699,4251.0614,1.0000,0.7414
APP-14630,753.0000,0.2560,0.5220,6.0000,100722.1258,21359.2663,2.0000,0.1583
APP-14631,845.0000,0.2443,0.6571,4.0000,112597.2403,22200.5732,4.0000,0.5512
APP-14632,548.0000,0.2046,0.9049,0.0000,145314.4062,5624.4893,1.0000,0.1979
APP-14633,702.0000,0.6240,0.1673,2.0000,163441.1277,15587.4400,3.0000,0.3156
APP-14634,630.0000,0.5652,0.3586,6.0000,177476.8570,35433.6418,4.0000,0.7861
APP-14635,723.0000,0.5608,0.3141,4.0000,51159.0736,11208.1705,3.0000,0.4190
APP-14636,706.0000,0.3564,0.8917,5.0000,66175.5927,28792.5105,2.0000,0.0588
APP-14637,699.0000,0.5463,0.2185,2.0000,125511.6901,43417.1011,4.0000,0.8842
APP-14638,548.0000,0.4254,0.3810,7.0000,220106.5385,4269.3821,1.0000,0.1152
APP-14639,741.0000,0.2647,0.8653,2.0000,197791.2267,2639.4007,3.0000,0.4973
APP-14640,735.0000,0.3367,0.6530,7.0000,71070.5838,13419.8529,1.0000,0.4758
APP-14641,729.0000,0.3250,0.0780,3.0000,93235.6530,6162.6598,0.0000,0.4011
APP-14642,567.0000,0.2935,0.9142,5.0000,113301.7968,5608.7241,4.0000,0.0151
APP-14643,779.0000,0.2333,0.1041,4.0000,219179.3537,19705.0557,2.0000,0.2591
APP-14644,575.0000,0.3190,0.5197,4.0000,245230.7324,30041.2068,3.0000,0.1625
APP-14645,556.0000,0.4296,0.2679,0.0000,46794.6126,33925.7476,1.0000,0.1703
APP-14646,614.0000,0.2079,0.6187,6.0000,137107.1022,6677.5274,2.0000,0.1339
APP-14647,557.0000,0.1780,0.3053,3.0000,109745.9299,26556.0997,2.0000,0.8176
APP-14648,616.0000,0.4796,0.7858,2.0000,100783.5317,32826.4650,2.0000,0.1089
APP-14649,576.0000,0.3895,0.5587,5.0000,139795.7181,28491.4828,1.0000,0.3364
APP-14650,527.0000,0.2937,0.3316,6.0000,188112.0055,21972.5035,1.0000,0.5782
APP-14651,837.0000,0.5993,0.8291,5.0000,159906.3480,20964.6704,1.0000,0.0501
APP-14652,737.0000,0.3537,0.7495,7.0000,123358.1176,35508.7554,3.0000,0.5245
APP-14653,624.0000,0.2825,0.4938,2.0000,188894.6434,11927.7211,2.0000,0.4645
APP-14654,633.0000,0.2189,0.4921,1.0000,120527.3432,9988.0068,4.0000,0.8509
APP-14655,610.0000,0.2777,0.4711,4.0000,173371.5425,4571.2852,3.0000,0.1238
APP-14656,762.0000,0.2506,0.5361,2.0000,66944.1673,19301.2877,1.0000,0.0673
APP-14657,580.0000,0.5767,0.8223,3.0000,104702.9344,30574.2065,0.0000,0.1542
APP-14658,531.0000,0.5906,0.1164,5.0000,155104.9169,24546.2117,0.0000,0.4768
APP-14659,668.0000,0.3269,0.3996,0.0000,231938.5465,5646.7712,1.0000,0.1129
APP-14660,577.0000,0.2435,0.7251,3.0000,34238.0472,44677.0770,3.0000,0.6134
APP-14661,816.0000,0.1717,0.9177,3.0000,189907.6941,17966.8639,3.0000,0.7876
APP-14662,625.0000,0.4939,0.1878,0.0000,136462.9643,2121.3186,1.0000,0.5544
APP-14663,735.0000,0.5835,0.0891,5.0000,193841.0546,28049.0287,3.0000,0.3613
APP-14664,638.0000,0.3261,0.7746,6.0000,55264.5829,2317.0890,1.0000,0.4477
APP-14665,565.0000,0.5812,0.9234,7.0000,160181.5289,40765.3079,0.0000,0.2476
APP-14666,611.0000,0.2361,0.6932,7.0000,122788.3524,27829.8574,2.0000,0.8450
APP-14667,793.0000,0.4348,0.5486,0.0000,98538.0987,16157.4606,0.0000,0.3270
APP-14668,527.0000,0.1446,0.2600,1.0000,37147.0410,16432.0939,4.0000,0.8515
APP-14669,830.0000,0.4097,0.9125,3.0000,145594.2549,6454.5698,2.0000,0.9566
APP-14670,507.0000,0.4513,0.7000,4.0000,105213.9752,20092.2372,3.0000,0.2606
APP-14671,749.0000,0.4544,0.6747,7.0000,232841.4472,23573.1884,4.0000,0.8507
APP-14672,741.0000,0.5283,0.8438,2.0000,195238.2674,8528.4110,3.0000,0.8297
APP-14673,707.0000,0.1521,0.8381,3.0000,49146.3477,31168.9759,1.0000,0.6091
APP-14674,523.0000,0.2532,0.1226,5.0000,98196.6387,15701.7671,1.0000,0.8272
APP-14675,735.0000,0.4812,0.0680,7.0000,87141.7197,4924.9030,4.0000,0.4270
APP-14676,524.0000,0.4256,0.2504,5.0000,180489.5855,12639.6636,2.0000,0.6008
APP-14677,757.0000,0.6222,0.8693,5.0000,156535.9612,3553.5163,4.0000,0.4076
APP-14678,771.0000,0.5313,0.5303,7.0000,108977.3965,41119.5084,2.0000,0.9889
APP-14679,800.0000,0.3590,0.6328,6.0000,78794.2071,21793.4124,3.0000,0.5312
APP-14680,635.0000,0.3936,0.3614,6.0000,126906.5402,43271.9821,2.0000,0.2425
APP-14681,730.0000,0.4628,0.4324,6.0000,85202.3584,28421.5236,4.0000,0.6667
APP-14682,564.0000,0.1056,0.3200,2.0000,71686.6060,3828.3264,2.0000,0.7529
APP-14683,686.0000,0.3003,0.8963,0.0000,209452.4537,9413.4900,1.0000,0.8541
APP-14684,752.0000,0.1670,0.4208,6.0000,243039.0024,24867.9066,2.0000,0.0224
APP-14685,563.0000,0.2317,0.8023,6.0000,196099.6688,2365.5375,2.0000,0.7423
APP-14686,790.0000,0.5562,0.1899,4.0000,43735.7734,28318.2313,1.0000,0.5300
APP-14687,630.0000,0.4017,0.3355,1.0000,236470.3866,39580.0645,3.0000,0.7219
APP-14688,823.0000,0.5733,0.2133,7.0000,129794.3254,15705.3133,1.0000,0.5268
APP-14689,529.0000,0.5888,0.3141,5.0000,88405.6045,38096.3971,0.0000,0.3331
APP-14690,578.0000,0.5433,0.6508,5.0000,199790.9878,41752.3060,1.0000,0.0444
APP-14691,754.0000,0.5191,0.1773,3.0000,30826.7545,12918.8008,3.0000,0.3239
APP-14692,568.0000,0.1914,0.5324,0.0000,36687.4692,22292.4836,3.0000,0.6529
APP-14693,847.0000,0.2481,0.0528,5.0000,196893.3973,15486.7454,4.0000,0.0195
APP-14694,829.0000,0.4872,0.9348,3.0000,65303.3355,14262.4162,4.0000,0.9130
APP-14695,533.0000,0.2656,0.0820,0.0000,133906.2556,2392.8136,2.0000,0.4013
APP-14696,795.0000,0.3063,0.7290,0.0000,145452.8287,11916.4375,2.0000,0.0716
APP-14697,654.0000,0.6150,0.8323,0.0000,248619.6429,36107.6972,1.0000,0.8743
APP-14698,794.0000,0.4882,0.9466,2.0000,102480.7308,40673.9607,4.0000,0.1871
APP-14699,745.0000,0.1586,0.6351,0.0000,96846.0054,14619.9887,0.0000,0.0671
APP-14700,609.0000,0.4967,0.5959,1.0000,134215.9363,3531.4620,4.0000,0.0869
APP-14701,510.0000,0.5366,0.5518,3.0000,136464.6641,34290.0109,1.0000,0.5274
APP-14702,610.0000,0.6023,0.7382,0.0000,150639.7021,32201.7482,4.0000,0.2902
APP-14703,653.0000,0.4768,0.8337,1.0000,223222.6003,14183.1584,1.0000,0.8350
APP-14704,687.0000,0.1526,0.5249,3.0000,185985.5182,37016.7263,3.0000,0.5447
APP-14705,778.0000,0.5209,0.6981,0.0000,219620.6350,34586.1587,4.0000,0.2825
APP-14706,785.0000,0.4610,0.9162,1.0000,115040.8169,5980.8544,3.0000,0.5826
APP-14707,602.0000,0.3509,0.1507,7.0000,199624.8706,22944.1230,0.0000,0.9351
APP-14708,568.0000,0.5183,0.5808,3.0000,241443.3828,9195.2067,4.0000,0.8551
APP-14709,730.0000,0.3888,0.1106,6.0000,47329.7640,9223.4709,4.0000,0.1438
APP-14710,759.0000,0.6128,0.4421,3.0000,125724.8678,18105.3236,3.0000,0.8645
APP-14711,712.0000,0.6124,0.7035,4.0000,161202.3327,8812.5574,3.0000,0.3689
APP-14712,715.0000,0.2240,0.3923,1.0000,158858.1845,37678.6046,2.0000,0.3868
APP-14713,745.0000,0.3423,0.1401,5.0000,142878.6497,21104.4328,3.0000,0.5040
APP-14714,643.0000,0.2092,0.7969,2.0000,210930.1518,39468.5318,4.0000,0.7628
APP-14715,584.0000,0.2819,0.2696,2.0000,76295.9460,25547.0997,3.0000,0.4241
APP-14716,776.0000,0.2227,0.5021,2.0000,242434.2402,27824.9984,1.0000,0.6578
APP-14717,558.0000,0.3816,0.1848,5.0000,207915.3867,26498.4666,0.0000,0.1767
APP-14718,520.0000,0.1004,0.9404,5.0000,94464.1952,9934.4734,3.0000,0.2992
APP-14719,505.0000,0.5353,0.3944,4.0000,37173.3113,7865.6412,3.0000,0.9389
APP-14720,638.0000,0.1874,0.7895,2.0000,188611.8106,14864.6865,4.0000,0.4217
APP-14721,668.0000,0.2508,0.3961,0.0000,35815.4320,30838.2109,1.0000,0.7219
APP-14722,689.0000,0.1962,0.3647,6.0000,137059.7428,39191.1375,3.0000,0.0879
APP-14723,565.0000,0.2947,0.2664,5.0000,158051.1749,8623.9737,0.0000,0.0397
APP-14724,649.0000,0.1424,0.4141,4.0000,245314.7247,5563.5245,3.0000,0.0616
APP-14725,727.0000,0.5724,0.8377,7.0000,99072.7455,38405.5144,4.0000,0.6974
APP-14726,601.0000,0.3282,0.6455,0.0000,188035.0839,17423.8745,1.0000,0.0656
APP-14727,692.0000,0.6083,0.0978,2.0000,239959.5074,12848.2781,1.0000,0.6000
APP-14728,596.0000,0.1258,0.5370,7.0000,131839.2468,2363.7861,4.0000,0.2557
APP-14729,791.0000,0.1949,0.4980,0.0000,56563.1431,10635.2891,3.0000,0.1476
APP-14730,655.0000,0.5597,0.6683,2.0000,57085.4351,3821.9857,2.0000,0.6889
APP-14731,780.0000,0.3551,0.7298,6.0000,115695.7257,31782.8846,0.0000,0.5430
APP-14732,618.0000,0.1327,0.5592,4.0000,101397.3011,4955.5629,4.0000,0.8834
APP-14733,626.0000,0.1257,0.8383,2.0000,99629.4004,34319.9530,0.0000,0.7227
APP-14734,765.0000,0.5922,0.6278,2.0000,136603.0302,31505.6687,2.0000,0.3263
APP-14735,603.0000,0.2439,0.3542,3.0000,148214.8058,3430.0396,2.0000,0.1340
APP-14736,751.0000,0.3260,0.3887,2.0000,88396.4903,44675.8636,3.0000,0.6345
APP-14737,528.0000,0.5934,0.8227,0.0000,126844.2711,44103.7178,0.0000,0.3505
APP-14738,794.0000,0.4672,0.2838,4.0000,173364.7738,42737.1284,0.0000,0.1722
APP-14739,764.0000,0.5237,0.1783,0.0000,152532.5622,12571.1050,3.0000,0.5716
APP-14740,696.0000,0.3593,0.7271,5.0000,196119.9278,30733.3676,1.0000,0.6585
APP-14741,673.0000,0.4824,0.4347,5.0000,90301.4547,21272.3687,0.0000,0.2898
APP-14742,630.0000,0.4214,0.2540,7.0000,112888.3777,16351.0169,3.0000,0.7173
APP-14743,617.0000,0.1937,0.7966,7.0000,151758.6122,20258.5957,2.0000,0.0767
APP-14744,608.0000,0.4150,0.2165,7.0000,229752.5575,31921.5375,3.0000,0.7251
APP-14745,746.0000,0.6091,0.7092,4.0000,164634.7287,6660.1466,1.0000,0.1136
APP-14746,570.0000,0.2899,0.3562,0.0000,93328.5034,21113.1214,1.0000,0.6869
APP-14747,595.0000,0.3716,0.6911,6.0000,38113.1720,42269.7909,1.0000,0.4365
APP-14748,636.0000,0.3288,0.7456,7.0000,143227.1673,28275.8473,4.0000,0.1588
APP-14749,667.0000,0.4787,0.1915,1.0000,239121.2270,41450.2605,3.0000,0.0307
APP-14750,593.0000,0.4449,0.7923,2.0000,176754.9146,3107.5315,4.0000,0.8384
APP-14751,652.0000,0.3624,0.6066,0.0000,123383.7043,26422.2357,2.0000,0.8721
APP-14752,782.0000,0.1260,0.8232,2.0000,46902.1805,31980.3663,4.0000,0.3726
APP-14753,594.0000,0.2455,0.0783,2.0000,55608.8696,16549.1321,0.0000,0.6561
APP-14754,560.0000,0.2730,0.7312,6.0000,193599.0954,7311.8105,3.0000,0.8623
APP-14755,776.0000,0.5029,0.9373,1.0000,99491.1365,5864.4479,1.0000,0.0978
APP-14756,594.0000,0.3180,0.6826,1.0000,94416.3784,25225.7718,0.0000,0.5059
APP-14757,747.0000,0.3081,0.8760,4.0000,80785.7786,10277.9065,1.0000,0.4264
APP-14758,833.0000,0.3452,0.4233,5.0000,227392.4085,4150.7075,3.0000,0.2212
APP-14759,681.0000,0.3376,0.6814,7.0000,97192.7554,37688.5887,2.0000,0.2558
APP-14760,691.0000,0.4947,0.5605,6.0000,68920.3307,36607.9574,4.0000,0.9096
APP-14761,741.0000,0.4687,0.3517,1.0000,110789.5875,34124.5186,3.0000,0.6910
APP-14762,543.0000,0.5196,0.6109,5.0000,186303.1160,25549.0918,2.0000,0.6220
APP-14763,531.0000,0.2141,0.3748,7.0000,121138.4413,24195.9971,1.0000,0.6443
APP-14764,563.0000,0.5078,0.9044,6.0000,198324.0546,25626.1673,4.0000,0.4150
APP-14765,650.0000,0.2629,0.7679,4.0000,180040.6671,35225.7090,1.0000,0.7818
APP-14766,793.0000,0.1000,0.8338,2.0000,108237.4408,30408.1634,0.0000,0.7409
APP-14767,710.0000,0.4518,0.6221,0.0000,222533.3069,8200.1011,3.0000,0.4376
APP-14768,800.0000,0.1065,0.8064,2.0000,46255.0607,16964.1501,3.0000,0.1538
APP-14769,637.0000,0.1539,0.3802,4.0000,191736.5387,31384.0354,0.0000,0.1055
APP-14770,782.0000,0.1226,0.6453,7.0000,141721.4907,25694.7969,4.0000,0.7890
APP-14771,749.0000,0.4335,0.3504,3.0000,100520.1308,42054.8228,3.0000,0.6987
APP-14772,535.0000,0.2143,0.5850,5.0000,119909.8248,13975.5860,2.0000,0.4508
APP-14773,682.0000,0.5450,0.1143,5.0000,159312.4240,33055.5869,4.0000,0.1434
APP-14774,721.0000,0.2960,0.7628,3.0000,90158.5546,32569.0507,3.0000,0.7679
APP-14775,634.0000,0.2843,0.4295,5.0000,163523.8007,34492.7110,3.0000,0.3620
APP-14776,769.0000,0.3831,0.9356,6.0000,146609.6102,29612.2635,2.0000,0.7712
APP-14777,645.0000,0.5263,0.8224,5.0000,199133.2047,40186.5146,1.0000,0.6952
APP-14778,748.0000,0.4830,0.6029,5.0000,69464.2220,35587.6371,0.0000,0.9215
APP-14779,750.0000,0.2136,0.2893,5.0000,108446.2773,37073.8580,0.0000,0.0765
APP-14780,577.0000,0.5199,0.6169,7.0000,142364.5999,21172.7088,1.0000,0.6405
APP-14781,523.0000,0.3787,0.7310,4.0000,190051.8981,4999.7171,1.0000,0.7867
APP-14782,807.0000,0.6431,0.4750,0.0000,103924.2729,25516.3383,1.0000,0.2956
APP-14783,793.0000,0.3842,0.5832,1.0000,97241.2869,22618.9711,0.0000,0.7322
APP-14784,833.0000,0.2574,0.8387,2.0000,226465.7676,41928.5831,1.0000,0.3018
APP-14785,520.0000,0.5186,0.1735,7.0000,53968.2661,31139.9184,2.0000,0.6323
APP-14786,744.0000,0.1161,0.4995,0.0000,189993.9601,36031.3582,2.0000,0.6769
APP-14787,546.0000,0.4985,0.8293,1.0000,206951.9345,32035.8087,2.0000,0.8872
APP-14788,669.0000,0.3987,0.4020,5.0000,87503.8737,29361.9738,4.0000,0.9419
APP-14789,783.0000,0.1966,0.8457,4.0000,126165.1099,41286.6429,3.0000,0.9869
APP-14790,588.0000,0.1133,0.5524,0.0000,144362.3583,4890.9005,2.0000,0.6900
APP-14791,631.0000,0.1256,0.4112,6.0000,199529.5051,39571.6210,3.0000,0.5774
APP-14792,671.0000,0.1450,0.9424,0.0000,222286.6630,36569.5956,4.0000,0.6792
APP-14793,660.0000,0.3682,0.1957,0.0000,116388.3595,44705.8197,1.0000,0.7423
APP-14794,507.0000,0.4892,0.3626,6.0000,106641.7557,7837.3689,4.0000,0.8094
APP-14795,630.0000,0.1736,0.2478,3.0000,107276.6289,38235.3230,1.0000,0.2951
APP-14796,795.0000,0.1874,0.9347,4.0000,73013.9228,12502.2702,4.0000,0.7047
APP-14797,532.0000,0.5477,0.1852,0.0000,42237.0877,4657.6479,2.0000,0.1982
APP-14798,621.0000,0.2254,0.1574,1.0000,225594.8584,12806.5603,3.0000,0.1110
APP-14799,712.0000,0.5553,0.2875,1.0000,98627.6027,8407.6854,3.0000,0.7873
APP-14800,634.0000,0.1523,0.5977,2.0000,32445.5598,14327.9344,1.0000,0.5786
APP-14801,741.0000,0.5603,0.2883,5.0000,61933.0217,41341.4579,2.0000,0.4765
APP-14802,593.0000,0.5029,0.3444,3.0000,237334.8827,30199.8245,1.0000,0.4003
APP-14803,566.0000,0.1812,0.5307,7.0000,43438.3368,26551.9342,1.0000,0.2605
APP-14804,823.0000,0.2859,0.6225,1.0000,182246.5925,39497.9849,4.0000,0.5845
APP-14805,763.0000,0.2832,0.5718,2.0000,201794.3407,40647.4388,4.0000,0.0935
APP-14806,604.0000,0.1736,0.6035,0.0000,194606.4728,43432.1577,0.0000,0.6928
APP-14807,534.0000,0.3074,0.6538,6.0000,103352.5412,39709.4592,0.0000,0.4878
APP-14808,653.0000,0.4728,0.8395,4.0000,170710.6307,37180.5370,4.0000,0.6280
APP-14809,771.0000,0.5018,0.6576,4.0000,91986.5559,3381.5937,3.0000,0.0410
APP-14810,714.0000,0.2116,0.6989,6.0000,121639.4787,25961.7112,3.0000,0.3768
APP-14811,745.0000,0.4970,0.4069,6.0000,212822.4351,18866.6390,1.0000,0.4017
APP-14812,684.0000,0.2467,0.9002,3.0000,163452.6465,4696.7280,2.0000,0.5762
APP-14813,819.0000,0.1234,0.7774,6.0000,133081.4199,5903.8588,2.0000,0.8938
APP-14814,541.0000,0.2070,0.5745,2.0000,181135.3478,20432.2853,0.0000,0.7124
APP-14815,784.0000,0.2882,0.4536,5.0000,192853.8291,42659.3470,4.0000,0.8000
APP-14816,838.0000,0.1197,0.0670,3.0000,234616.5647,21540.6439,4.0000,0.7536
APP-14817,795.0000,0.1524,0.9379,3.0000,199049.1696,35238.4276,2.0000,0.2017
APP-14818,598.0000,0.2959,0.1774,5.0000,135317.0948,11128.5339,0.0000,0.5132
APP-14819,835.0000,0.6085,0.5082,4.0000,77968.0268,12151.4793,3.0000,0.7303
APP-14820,837.0000,0.4497,0.3576,7.0000,133494.2004,38244.1810,1.0000,0.5351
APP-14821,795.0000,0.6139,0.3434,5.0000,126776.5324,14482.6600,3.0000,0.9404
APP-14822,611.0000,0.1205,0.4275,3.0000,161800.3662,29913.3244,0.0000,0.5177
APP-14823,778.0000,0.5775,0.5652,6.0000,167598.2312,2106.7175,3.0000,0.5469
APP-14824,799.0000,0.1746,0.0590,7.0000,77713.2891,3202.5572,2.0000,0.1274
APP-14825,568.0000,0.2303,0.1887,4.0000,207347.5096,22417.9749,2.0000,0.0875
APP-14826,590.0000,0.1552,0.6019,2.0000,120925.0697,27356.4335,4.0000,0.0677
APP-14827,764.0000,0.3262,0.7154,6.0000,203195.8222,5384.8357,0.0000,0.1567
APP-14828,783.0000,0.2113,0.6576,5.0000,33440.9383,35872.1115,4.0000,0.6685
APP-14829,721.0000,0.5066,0.9419,3.0000,199356.9237,4810.6716,4.0000,0.1845
APP-14830,689.0000,0.5152,0.0930,3.0000,150845.7089,30335.7391,4.0000,0.1159
APP-14831,836.0000,0.2598,0.5137,6.0000,123107.2789,30989.3277,2.0000,0.6105
APP-14832,619.0000,0.5399,0.4266,5.0000,61376.7856,20885.9828,0.0000,0.8512
APP-14833,752.0000,0.1900,0.2290,4.0000,225069.7162,21879.6592,4.0000,0.0424
APP-14834,834.0000,0.1221,0.8514,6.0000,41681.4077,2099.4458,3.0000,0.5060
APP-14835,590.0000,0.1908,0.1792,0.0000,55010.0807,24967.8143,3.0000,0.1979
APP-14836,525.0000,0.2352,0.5041,2.0000,216122.8824,14996.3827,1.0000,0.9061
APP-14837,557.0000,0.1277,0.2229,4.0000,181497.7208,11755.0011,3.0000,0.4201
APP-14838,733.0000,0.1604,0.4428,2.0000,215667.2716,6640.1875,0.0000,0.6443
APP-14839,598.0000,0.2665,0.7615,6.0000,243809.6347,28377.6881,3.0000,0.4360
APP-14840,749.0000,0.5688,0.6805,2.0000,104828.7266,38802.5780,3.0000,0.8115
APP-14841,668.0000,0.5705,0.6804,5.0000,207992.1135,7371.2437,4.0000,0.4928
APP-14842,801.0000,0.6465,0.2436,3.0000,38445.3942,33346.1923,4.0000,0.9370
APP-14843,728.0000,0.1539,0.0706,4.0000,230573.6376,22644.7789,3.0000,0.3618
APP-14844,707.0000,0.1010,0.6981,0.0000,170124.4965,2428.4014,3.0000,0.7170
APP-14845,575.0000,0.4111,0.1455,6.0000,228726.1307,23043.6861,2.0000,0.0968
APP-14846,613.0000,0.4318,0.4012,2.0000,154081.1427,38369.0901,3.0000,0.1688
APP-14847,581.0000,0.2299,0.8095,7.0000,168832.4111,43186.9692,1.0000,0.5290
APP-14848,521.0000,0.5384,0.4185,7.0000,234588.3870,22072.1319,3.0000,0.2641
APP-14849,605.0000,0.6258,0.4689,1.0000,96512.3856,21340.9971,1.0000,0.0678
APP-14850,832.0000,0.2824,0.9121,0.0000,105774.3166,16777.7098,4.0000,0.2527
APP-14851,782.0000,0.6202,0.8682,2.0000,217374.8244,18279.2717,0.0000,0.2755
APP-14852,582.0000,0.1574,0.1318,2.0000,242303.4227,22470.8958,0.0000,0.6207
APP-14853,627.0000,0.3616,0.8302,7.0000,176904.5035,5421.9833,1.0000,0.1729
APP-14854,753.0000,0.2084,0.4951,0.0000,124616.4621,29863.4019,2.0000,0.9198
APP-14855,527.0000,0.4214,0.7682,1.0000,54444.1115,17341.8766,0.0000,0.2912
APP-14856,752.0000,0.1391,0.3669,1.0000,163614.1575,30406.6069,2.0000,0.9543
APP-14857,690.0000,0.3774,0.9115,6.0000,211325.3124,29203.5159,0.0000,0.4251
APP-14858,749.0000,0.1952,0.7669,5.0000,54173.6823,40106.0763,3.0000,0.7276
APP-14859,502.0000,0.3296,0.4545,4.0000,93930.7836,14092.6404,1.0000,0.6747
APP-14860,827.0000,0.4784,0.3746,6.0000,52383.6687,42230.1351,4.0000,0.2854
APP-14861,735.0000,0.2836,0.2399,3.0000,104556.2672,30347.7411,3.0000,0.4447
APP-14862,560.0000,0.3972,0.2979,2.0000,156985.5589,28733.4998,4.0000,0.2347
APP-14863,794.0000,0.6343,0.4479,5.0000,58603.2483,25864.2443,0.0000,0.8769
APP-14864,510.0000,0.5814,0.3688,7.0000,134175.6005,10782.0136,2.0000,0.8786
APP-14865,558.0000,0.6483,0.6297,6.0000,32986.9450,2309.3209,3.0000,0.3626
APP-14866,776.0000,0.1974,0.6220,0.0000,211306.5023,25984.3648,1.0000,0.4105
APP-14867,795.0000,0.3718,0.2241,2.0000,178661.6605,41338.9737,4.0000,0.3067
APP-14868,534.0000,0.5313,0.2847,7.0000,172787.3213,38436.8680,4.0000,0.3030
APP-14869,737.0000,0.6110,0.0907,0.0000,216506.3272,5323.3749,2.0000,0.0957
APP-14870,783.0000,0.2325,0.3942,3.0000,60546.0615,15365.3520,4.0000,0.6371
APP-14871,534.0000,0.6433,0.4761,6.0000,242892.7350,22551.2871,1.0000,0.7627
APP-14872,526.0000,0.3427,0.1446,6.0000,40318.7315,22999.9176,4.0000,0.3439
APP-14873,579.0000,0.5247,0.1266,5.0000,128039.4269,9959.8764,3.0000,0.5017
APP-14874,577.0000,0.3851,0.2910,7.0000,30415.5141,31342.8704,0.0000,0.0315
APP-14875,579.0000,0.2637,0.4923,0.0000,232579.4927,22835.0166,3.0000,0.6274
APP-14876,777.0000,0.1599,0.9351,2.0000,135024.1963,38961.3706,4.0000,0.3285
APP-14877,572.0000,0.1890,0.8736,0.0000,90161.1185,12787.9215,1.0000,0.1548
APP-14878,685.0000,0.4561,0.4086,6.0000,127665.9095,41107.4013,3.0000,0.0209
APP-14879,617.0000,0.4046,0.5505,5.0000,239259.4972,37481.0294,1.0000,0.4284
APP-14880,611.0000,0.3380,0.5537,7.0000,80658.1003,19821.8654,4.0000,0.6664
APP-14881,817.0000,0.4444,0.3588,4.0000,105948.5013,36813.2450,4.0000,0.2452
APP-14882,611.0000,0.3791,0.8212,4.0000,32287.8235,29292.5839,2.0000,0.1746
APP-14883,578.0000,0.1777,0.3125,6.0000,78272.3244,21496.4886,2.0000,0.6107
APP-14884,579.0000,0.2439,0.4344,3.0000,224544.1369,23986.9863,0.0000,0.5917
APP-14885,824.0000,0.3375,0.8662,6.0000,135456.3815,25592.1170,4.0000,0.3089
APP-14886,792.0000,0.3188,0.3613,7.0000,51730.2634,11785.9331,3.0000,0.8437
APP-14887,692.0000,0.5964,0.5100,5.0000,212936.7711,8589.5756,2.0000,0.5951
APP-14888,692.0000,0.6181,0.8335,2.0000,216240.0684,35830.0807,1.0000,0.8090
APP-14889,680.0000,0.3937,0.3448,5.0000,245196.9350,5732.5054,0.0000,0.9153
APP-14890,705.0000,0.2461,0.9155,7.0000,43455.1913,31622.9340,1.0000,0.6716
APP-14891,735.0000,0.5394,0.2332,4.0000,126795.9864,39803.0036,3.0000,0.2964
APP-14892,520.0000,0.2000,0.6658,6.0000,224737.1227,20766.8732,1.0000,0.6738
APP-14893,781.0000,0.3707,0.1040,4.0000,56155.1678,35319.0752,4.0000,0.4226
APP-14894,764.0000,0.6468,0.5334,3.0000,109746.8381,39162.8933,4.0000,0.1878
APP-14895,835.0000,0.5811,0.1935,7.0000,229214.5273,14174.0484,0.0000,0.1808
APP-14896,649.0000,0.6113,0.6156,2.0000,50269.0542,12769.0806,4.0000,0.1606
APP-14897,500.0000,0.1538,0.6051,0.0000,189622.7035,24851.3340,1.0000,0.4657
APP-14898,630.0000,0.3542,0.4248,6.0000,238910.3246,41044.8435,2.0000,0.5925
APP-14899,639.0000,0.5230,0.8823,4.0000,162443.1612,31869.7534,2.0000,0.9651
APP-14900,713.0000,0.1858,0.8523,0.0000,223410.0275,9893.6929,1.0000,0.6698
APP-14901,562.0000,0.5229,0.7115,1.0000,205882.7010,19204.6528,4.0000,0.2374
APP-14902,527.0000,0.2880,0.6977,6.0000,207418.6432,26921.4341,1.0000,0.8286
APP-14903,553.0000,0.5880,0.1114,5.0000,168510.0310,17987.6444,4.0000,0.9742
APP-14904,739.0000,0.3297,0.3412,4.0000,45442.2348,10274.9397,4.0000,0.4147
APP-14905,551.0000,0.2376,0.2328,5.0000,117903.0169,36896.5000,3.0000,0.8725
APP-14906,722.0000,0.6043,0.3997,7.0000,213350.2956,31640.8663,3.0000,0.7393
APP-14907,748.0000,0.4920,0.1483,2.0000,74770.3560,35789.3664,3.0000,0.3198
APP-14908,699.0000,0.3546,0.3364,1.0000,96110.7714,8971.1700,3.0000,0.0166
APP-14909,517.0000,0.6286,0.5638,6.0000,142835.6226,8585.7874,0.0000,0.6943
APP-14910,539.0000,0.4313,0.1996,3.0000,122961.1993,6114.4448,1.0000,0.9560
APP-14911,792.0000,0.4229,0.1452,5.0000,209838.1748,30178.9313,2.0000,0.1429
APP-14912,717.0000,0.2987,0.6860,4.0000,244155.0903,40817.6208,2.0000,0.9068
APP-14913,763.0000,0.5591,0.2722,7.0000,53480.6472,38705.4668,3.0000,0.2128
APP-14914,829.0000,0.4219,0.4804,0.0000,33998.8081,13144.1563,4.0000,0.5407
APP-14915,643.0000,0.4419,0.8046,6.0000,200359.3223,16471.1172,1.0000,0.5515
APP-14916,814.0000,0.6149,0.3907,7.0000,46410.8806,22639.2689,4.0000,0.2264
APP-14917,648.0000,0.2485,0.1387,6.0000,82772.3777,2834.3504,0.0000,0.0335
APP-14918,816.0000,0.5350,0.7568,7.0000,106858.3846,30921.5971,4.0000,0.1802
APP-14919,737.0000,0.5459,0.7147,1.0000,95682.5431,11353.2998,2.0000,0.3927
APP-14920,577.0000,0.1349,0.5992,7.0000,172719.8540,37013.1162,4.0000,0.1954
APP-14921,503.0000,0.4973,0.5341,7.0000,90931.8860,24189.2299,4.0000,0.6676
APP-14922,820.0000,0.5567,0.7270,7.0000,163603.6229,8668.8787,0.0000,0.4883
APP-14923,635.0000,0.3950,0.3679,6.0000,183079.1492,34231.7287,4.0000,0.3570
APP-14924,801.0000,0.1612,0.3467,2.0000,34779.4874,36762.5626,4.0000,0.2382
APP-14925,563.0000,0.1434,0.6147,6.0000,110817.8142,38773.4976,2.0000,0.6590
APP-14926,660.0000,0.1130,0.1998,0.0000,41286.6681,6551.1119,2.0000,0.8840
APP-14927,563.0000,0.3014,0.6199,6.0000,198436.6659,22217.2227,2.0000,0.6478
APP-14928,541.0000,0.4417,0.8304,1.0000,42873.3491,4225.2883,2.0000,0.4108
APP-14929,692.0000,0.4136,0.5136,6.0000,219514.5575,43210.0805,3.0000,0.0374
APP-14930,654.0000,0.3804,0.1246,1.0000,216458.3039,22082.7567,0.0000,0.7844
APP-14931,586.0000,0.3295,0.6466,4.0000,143682.7925,34817.6672,0.0000,0.5242
APP-14932,617.0000,0.4745,0.8324,1.0000,237419.7376,12751.3105,0.0000,0.0741
APP-14933,631.0000,0.5858,0.2272,0.0000,110636.3074,11036.3069,2.0000,0.7227
APP-14934,577.0000,0.5546,0.6010,0.0000,96564.2987,22708.3533,2.0000,0.2355
APP-14935,751.0000,0.4933,0.2274,3.0000,55099.2470,28144.4514,3.0000,0.3029
APP-14936,603.0000,0.2608,0.7877,6.0000,190061.7741,13722.7377,1.0000,0.6481
APP-14937,717.0000,0.6172,0.2776,1.0000,123566.6404,16980.2224,0.0000,0.1950
APP-14938,758.0000,0.5737,0.6165,1.0000,245297.1076,19858.8431,1.0000,0.3254
APP-14939,615.0000,0.6213,0.5804,2.0000,221457.1770,2431.9246,4.0000,0.6937
APP-14940,522.0000,0.4405,0.3873,1.0000,142785.2335,12331.4384,2.0000,0.3189
APP-14941,517.0000,0.2831,0.8604,2.0000,129345.5517,35250.4341,2.0000,0.0999
APP-14942,705.0000,0.3487,0.8612,2.0000,81795.0595,36958.6404,0.0000,0.1080
APP-14943,509.0000,0.2801,0.3561,5.0000,63562.5498,33664.7327,4.0000,0.5404
APP-14944,543.0000,0.2930,0.3633,4.0000,83198.2801,7996.9443,0.0000,0.9884
APP-14945,670.0000,0.3341,0.6394,6.0000,151147.9431,8100.3416,2.0000,0.5227
APP-14946,599.0000,0.6143,0.3056,2.0000,61219.7673,15357.6831,4.0000,0.9679
APP-14947,647.0000,0.3736,0.3234,6.0000,224503.9932,11205.6894,1.0000,0.8984
APP-14948,745.0000,0.3224,0.0685,5.0000,242897.2712,2972.8011,2.0000,0.8698
APP-14949,778.0000,0.4517,0.1345,6.0000,88615.8967,11520.4494,1.0000,0.4482
APP-14950,634.0000,0.2575,0.6422,5.0000,171779.1974,22869.2547,1.0000,0.5639
APP-14951,528.0000,0.1048,0.3387,0.0000,120251.0714,28141.3171,4.0000,0.6323
APP-14952,569.0000,0.5014,0.1231,1.0000,145134.1765,5852.2718,3.0000,0.0184
APP-14953,797.0000,0.2828,0.8872,6.0000,199486.8065,18152.3448,2.0000,0.0528
APP-14954,504.0000,0.2306,0.3161,1.0000,164012.9928,18196.6702,3.0000,0.9503
APP-14955,574.0000,0.3943,0.2382,7.0000,176371.2038,7720.2337,2.0000,0.4410
APP-14956,838.0000,0.1886,0.5201,2.0000,61938.8344,42757.1357,4.0000,0.8289
APP-14957,622.0000,0.2529,0.7976,6.0000,82661.6227,44728.6669,3.0000,0.1301
APP-14958,511.0000,0.3818,0.8354,2.0000,220239.4651,6867.5274,1.0000,0.2625
APP-14959,800.0000,0.6359,0.3246,0.0000,243285.7137,13747.6259,4.0000,0.0613
APP-14960,758.0000,0.2342,0.7179,2.0000,152107.7631,2500.7528,2.0000,0.7572
APP-14961,793.0000,0.3569,0.5209,7.0000,75656.5050,35945.8279,4.0000,0.2635
APP-14962,736.0000,0.3904,0.5858,4.0000,142481.1732,20019.0907,0.0000,0.7851
APP-14963,680.0000,0.4921,0.4460,4.0000,134499.3063,44210.2265,3.0000,0.7734
APP-14964,748.0000,0.3871,0.2095,4.0000,175903.1511,23300.6589,3.0000,0.1108
APP-14965,528.0000,0.5034,0.7884,4.0000,102096.7938,4938.2551,1.0000,0.2901
APP-14966,535.0000,0.5753,0.5397,5.0000,223718.3425,37284.3856,3.0000,0.5350
APP-14967,706.0000,0.2555,0.4117,2.0000,245232.6679,35698.2174,0.0000,0.8005
APP-14968,664.0000,0.5596,0.6578,0.0000,230447.9075,10656.8627,0.0000,0.7919
APP-14969,766.0000,0.2445,0.4331,6.0000,247513.6939,9812.0921,2.0000,0.5383
APP-14970,826.0000,0.5451,0.8142,2.0000,60312.6147,42135.3855,4.0000,0.6913
APP-14971,591.0000,0.4502,0.1721,7.0000,85381.7635,44805.0904,0.0000,0.9304
APP-14972,616.0000,0.4127,0.0769,4.0000,198310.8939,32800.4612,1.0000,0.4125
APP-14973,564.0000,0.3552,0.5625,6.0000,132607.2829,9350.5209,4.0000,0.1386
APP-14974,781.0000,0.4000,0.2812,5.0000,241365.8168,10504.2498,2.0000,0.1433
APP-14975,673.0000,0.2290,0.1564,1.0000,62751.7636,30649.2735,4.0000,0.3773
APP-14976,620.0000,0.3739,0.0773,1.0000,97654.5972,5684.2570,1.0000,0.1239
APP-14977,762.0000,0.4347,0.7433,1.0000,172107.8967,10568.1843,2.0000,0.8734
APP-14978,662.0000,0.3099,0.9138,1.0000,120150.2193,2371.8466,1.0000,0.5400
APP-14979,676.0000,0.3100,0.6042,7.0000,109646.8155,25263.1297,0.0000,0.7637
APP-14980,791.0000,0.2911,0.7454,0.0000,151340.6017,28501.8000,4.0000,0.9837
APP-14981,583.0000,0.5498,0.8046,6.0000,207061.8720,43666.1307,1.0000,0.4059
APP-14982,729.0000,0.3114,0.7749,3.0000,125259.3171,6117.8093,0.0000,0.7961
APP-14983,804.0000,0.4192,0.3441,6.0000,37562.4095,41404.9659,1.0000,0.7297
APP-14984,807.0000,0.6347,0.0521,6.0000,202028.3251,15118.5088,2.0000,0.2593
APP-14985,805.0000,0.1166,0.6153,6.0000,188776.8498,39901.0385,1.0000,0.1234
APP-14986,574.0000,0.2209,0.9028,2.0000,141244.4213,31148.8483,1.0000,0.0197
APP-14987,730.0000,0.6089,0.8488,0.0000,162695.0694,16193.4815,3.0000,0.8203
APP-14988,700.0000,0.4942,0.0543,4.0000,111034.5992,40029.1764,3.0000,0.9702
APP-14989,526.0000,0.3071,0.8638,4.0000,53277.4042,27631.6138,4.0000,0.3893
APP-14990,688.0000,0.1494,0.0598,2.0000,205398.7042,30115.5141,0.0000,0.5330
APP-14991,581.0000,0.3827,0.5283,0.0000,116491.9120,40339.1477,0.0000,0.2021
APP-14992,681.0000,0.5311,0.8174,3.0000,246782.0542,21537.9579,4.0000,0.7716
APP-14993,716.0000,0.3326,0.4244,3.0000,244997.9947,6841.7373,4.0000,0.0305
APP-14994,744.0000,0.5642,0.6655,1.0000,100275.3116,5474.2705,3.0000,0.1422
APP-14995,773.0000,0.2598,0.2592,1.0000,72896.0502,15898.4721,4.0000,0.9306
APP-14996,704.0000,0.3723,0.9231,3.0000,197053.3612,38873.6523,3.0000,0.3089
APP-14997,665.0000,0.1496,0.0897,3.0000,198198.3163,42850.0756,4.0000,0.5396
APP-14998,840.0000,0.3891,0.6190,4.0000,36964.5272,26238.1740,2.0000,0.4464
APP-14999,606.0000,0.5736,0.0813,5.0000,148184.6986,26526.5494,2.0000,0.1839
