trade_date,AAPL,MSFT,GOOGL,AMZN,NVDA,META,TSLA,JPM,V,MA,BAC,WMT,PG,DIS,NFLX,HD,PYPL,ADBE,CRM,INTC,CSCO,CMCSA,PEP,KO,ABT,TMO,AVGO,COST,NKE,MRK,XOM,CVX,MCD,QCOM,TXN,HON,UPS,UNH,BMY,SBUX,AMD,GS,MS,BLK,SCHW,AXP,C,SQ,COIN,HOOD
2025-01-01,0.018433,-0.005772,0.026456,0.029878,-0.022170,-0.010491,0.015249,0.007256,0.012646,-0.002407,0.028777,0.026948,0.014137,0.033239,0.021363,-0.002519,0.019586,-0.004312,0.028760,0.012050,0.009621,0.000691,0.034954,0.010167,0.005238,0.006610,0.022530,0.019526,0.020377,0.020703,0.051498,0.005633,0.003728,-0.001700,0.024036,0.033270,0.010897,-0.002175,-0.001892,0.024659,0.026327,0.022725,0.000969,0.017127,0.015049,0.016885,0.028634,0.016973,0.025169,0.014165
2025-01-02,-0.004580,0.001579,-0.036013,-0.015538,-0.018251,-0.021284,-0.014737,0.017125,-0.025369,0.007645,-0.040076,-0.015812,-0.006854,0.000768,0.003018,0.004496,-0.016061,-0.018106,0.005660,-0.013228,-0.032746,-0.030183,-0.026334,-0.000835,-0.007220,0.002645,-0.017475,-0.006930,0.001477,-0.015352,-0.001562,-0.021699,-0.016319,-0.016655,-0.031309,-0.001019,-0.018233,-0.009559,-0.001131,-0.001746,0.002193,-0.011557,-0.017403,-0.011219,-0.040156,-0.035832,-0.033593,-0.027734,-0.002588,-0.026083
2025-01-03,-0.002226,0.027967,-0.001831,0.017857,-0.012224,0.000883,-0.012519,-0.001521,0.019707,-0.026510,0.012401,0.008861,-0.006113,-0.021448,0.005880,-0.004950,0.008769,0.004975,0.033413,0.000273,-0.013842,0.007808,0.008541,0.029047,0.019613,0.011005,0.030921,-0.016816,-0.006934,-0.012097,-0.002435,-0.020199,0.016014,0.000581,-0.021893,-0.013699,0.010225,0.019668,0.040522,0.057031,0.012041,-0.013230,-0.033796,0.009400,-0.010052,-0.002895,-0.006436,0.002047,0.023769,0.007408
2025-01-04,0.003477,-0.012309,-0.023812,-0.002421,0.005364,0.038155,0.008677,0.024022,-0.002655,-0.014997,-0.011040,-0.006722,0.044645,-0.008453,0.021425,-0.009920,0.023101,0.013261,0.003513,0.005599,-0.005454,0.014362,-0.001857,-0.015729,-0.016671,0.009439,0.034756,0.009212,0.004197,0.011477,0.029840,0.010281,-0.001064,0.026246,0.014050,0.033976,0.009631,-0.015708,-0.018295,0.036049,0.037358,0.003101,-0.000565,0.032638,-0.013595,-0.009773,0.017912,-0.000771,0.006240,0.003390
2025-01-05,0.004223,0.023482,-0.000222,0.009738,-0.038756,-0.002730,-0.017031,-0.023791,-0.017660,-0.007867,0.014633,-0.025728,-0.001301,-0.010568,-0.007751,0.016197,0.007833,0.022220,-0.004634,-0.014380,-0.005882,0.002512,0.001325,-0.021372,-0.000224,0.002255,0.043462,0.031930,-0.017211,-0.007026,-0.028195,-0.012486,0.003828,0.019853,-0.014976,-0.013627,-0.040504,-0.004781,-0.020976,-0.011383,-0.017636,-0.003550,-0.033492,-0.028260,0.036474,-0.025026,-0.021595,0.031212,0.050438,-0.022941
2025-01-06,-0.004765,0.008012,0.032980,-0.015900,-0.002551,0.015856,0.009690,-0.004907,-0.000545,-0.022884,-0.002423,-0.002931,0.006043,-0.008132,0.010352,0.020093,0.004662,0.008195,0.002821,0.001865,-0.011124,0.007561,0.000113,0.039541,0.030184,0.008809,-0.011871,-0.018160,0.023304,0.006593,0.010506,-0.029539,0.018558,0.010043,-0.018124,-0.006624,0.006611,0.002808,-0.003395,0.000001,-0.002672,0.004610,0.028351,-0.044336,-0.002399,0.005041,0.007192,-0.004831,-0.029757,0.007768
2025-01-07,0.033659,-0.025042,0.018116,-0.003346,0.001463,-0.016385,-0.003453,0.025968,0.013055,0.033749,0.023760,0.010471,0.033958,0.010469,0.017471,-0.002771,0.003765,-0.009987,0.020380,-0.018642,0.016649,-0.000865,0.023650,0.016083,0.035339,0.015721,-0.025730,0.001362,-0.018529,-0.006762,0.029769,0.014043,-0.010014,-0.015680,0.003157,-0.019331,-0.009513,0.008183,0.023363,0.013525,-0.038676,0.008046,0.003864,0.010017,0.031659,-0.034571,-0.008073,0.013203,-0.025902,0.029134
2025-01-08,-0.002485,0.006123,-0.019393,0.005532,0.010117,-0.004924,-0.004896,-0.004249,-0.024656,-0.011771,-0.011861,-0.002215,0.008881,-0.028169,-0.011366,0.017551,-0.022500,-0.023916,-0.005474,0.006083,-0.008910,0.014806,0.006307,0.006037,0.000858,0.032782,-0.012809,-0.045179,0.019761,-0.017354,-0.007174,0.014456,-0.037956,-0.031645,-0.037939,-0.023410,-0.001202,0.000320,-0.004143,-0.034545,-0.050697,-0.008137,-0.017608,-0.000847,0.003520,-0.006627,0.004567,-0.004990,0.000426,-0.021800
2025-01-09,-0.010079,-0.003304,0.007924,-0.013933,0.002535,-0.011631,-0.008961,0.008086,-0.042721,-0.030182,-0.033525,-0.048851,-0.019054,0.006644,-0.011973,-0.003285,0.012760,0.017053,-0.008090,0.017519,-0.005187,-0.021919,-0.017545,-0.033495,-0.022832,-0.013290,0.007619,0.024128,-0.031725,0.000225,-0.025575,0.001699,-0.009205,-0.039802,0.009864,-0.017736,-0.016456,-0.026101,-0.018623,0.000856,-0.010252,-0.000930,-0.000331,0.016926,-0.013016,-0.033429,0.012364,-0.012812,0.013217,0.000055
2025-01-10,-0.000540,0.008099,0.036939,0.039206,0.003069,0.004704,0.021193,-0.013401,0.007816,0.001355,0.007471,-0.013180,-0.026792,-0.035493,-0.018292,-0.006436,-0.003457,0.036691,0.021728,-0.015497,0.008079,-0.005507,-0.003298,0.005156,0.012966,-0.004286,0.020970,-0.018734,0.001935,0.048579,0.005836,0.027618,0.003468,0.012275,0.000798,-0.001247,-0.012210,0.009566,-0.013507,0.013801,0.021356,0.008418,-0.003332,0.009992,-0.003736,0.018660,-0.031145,-0.004220,-0.034014,-0.025091
2025-01-11,0.025845,0.017409,-0.011655,-0.025749,-0.052066,-0.008487,0.044863,0.009124,-0.008777,0.009667,-0.026802,-0.004056,0.003086,-0.000254,0.015530,0.007499,0.013326,-0.011095,0.017456,0.030617,-0.016167,-0.014683,0.025340,-0.002148,0.026564,-0.006670,0.027487,0.003662,0.005944,0.029461,-0.005216,-0.015644,-0.006778,0.009438,-0.026888,0.012770,-0.008402,0.021956,-0.041801,-0.012862,-0.029061,-0.013576,0.005754,-0.001930,-0.003265,-0.001570,0.004957,-0.016858,0.014019,0.013224
2025-01-12,0.002409,0.005496,0.000814,0.032110,-0.006089,-0.010049,-0.018085,-0.023102,-0.026922,-0.020520,-0.005794,0.001496,-0.003601,-0.018301,0.011682,0.008788,-0.007395,-0.016274,0.005350,-0.001138,-0.030588,-0.005745,0.000195,-0.020716,-0.001104,-0.030708,0.019530,0.017941,-0.009067,0.002021,-0.047900,-0.025336,-0.009810,-0.023820,0.008337,0.031430,-0.025701,-0.019596,-0.000284,0.024478,-0.026524,-0.000039,0.028262,-0.034253,-0.027581,-0.012147,-0.013892,0.010105,-0.000172,-0.036471
2025-01-13,0.004138,-0.015535,0.017801,-0.016436,-0.016599,0.004601,0.008593,0.002926,-0.035480,0.004545,-0.023757,-0.000905,-0.030767,0.002894,-0.019658,-0.028227,0.007709,-0.000790,-0.016191,0.020982,-0.013071,-0.004562,-0.000299,-0.016293,0.003341,-0.014742,-0.012549,0.019388,-0.023870,-0.048570,0.023857,0.040748,-0.012434,-0.040003,-0.010728,-0.010292,-0.008558,-0.025180,0.005293,0.004302,-0.032039,0.007446,0.031809,-0.002044,-0.011211,-0.007696,0.005935,-0.036292,-0.002180,-0.012168
2025-01-14,0.033194,-0.003202,0.029956,-0.019934,0.010504,0.005683,-0.015709,0.003127,0.021759,-0.005895,-0.030522,-0.000383,-0.016310,-0.006229,-0.001535,-0.030768,-0.029148,0.008611,-0.009475,-0.046232,0.014061,0.004836,-0.012916,-0.023769,0.014978,0.006222,0.042820,0.007497,0.006912,-0.003071,0.014636,0.011185,0.022465,-0.009450,-0.007904,-0.008690,0.014168,0.026904,-0.008326,-0.007712,0.005587,-0.004490,0.017071,-0.040598,-0.014947,-0.014150,-0.041833,-0.017412,-0.016539,-0.003686
2025-01-15,0.026994,0.002549,-0.011594,0.005935,0.025845,-0.010607,-0.009430,0.017014,0.002973,0.018615,0.006715,0.019590,-0.011671,0.006743,0.003168,-0.014926,-0.021182,0.019304,0.000643,-0.011441,0.005229,0.027265,-0.034093,-0.019979,-0.009652,0.033262,0.012047,0.020772,-0.013563,-0.013191,0.015021,0.008009,0.016838,0.003582,0.011967,0.009806,0.020960,0.021486,-0.022197,-0.033491,0.024992,0.028339,-0.011411,-0.026517,0.008743,0.023715,0.039317,0.016254,0.000269,-0.009116
2025-01-16,0.000235,-0.005357,-0.018242,0.036907,0.032162,0.020478,-0.016546,0.015420,0.011543,0.007995,0.022523,0.011466,0.013350,0.011494,0.006164,-0.032076,0.001534,-0.009982,-0.023008,0.030302,0.031151,0.024495,0.004623,0.024341,0.000246,0.003680,-0.019653,0.007175,0.001116,-0.023418,-0.000892,-0.001406,0.032385,0.016125,0.000235,0.004507,0.000825,-0.003623,-0.019454,-0.002690,-0.013400,-0.022476,0.009231,0.007072,-0.032131,-0.002179,0.017952,0.019095,0.018494,0.000730
2025-01-17,-0.002947,-0.007243,0.018467,0.019091,0.035436,0.032063,0.009884,-0.010132,0.006520,0.016174,0.008626,0.001862,0.016816,0.003192,0.000958,0.017870,0.005028,0.016658,0.017181,-0.008246,0.003601,0.038144,-0.008654,-0.025836,-0.021250,0.012788,0.012820,0.010147,0.034119,-0.035847,0.019390,0.040370,-0.008036,0.005427,-0.001288,-0.003835,0.006391,0.037958,0.045337,0.006217,0.046555,0.012904,0.043830,0.010584,0.014623,0.018842,0.069483,0.027587,-0.000467,0.029706
2025-01-18,-0.010943,-0.013245,0.011925,-0.003870,0.000584,-0.004178,0.001629,0.003219,-0.039295,0.007568,-0.022106,-0.030391,-0.005481,-0.002918,-0.016913,0.010529,-0.028589,-0.011755,-0.014958,-0.005268,0.000590,-0.022572,0.008607,-0.003296,-0.038485,-0.039685,-0.004652,-0.008407,-0.006291,-0.004934,-0.000370,0.012628,-0.024430,-0.025525,-0.024110,0.000771,0.017979,-0.012194,-0.049461,-0.035102,-0.019425,-0.014469,-0.011781,-0.003735,-0.010041,0.014458,-0.016598,-0.019952,0.004190,-0.032071
2025-01-19,0.008985,0.003816,-0.000684,0.030559,-0.009229,0.039056,-0.002087,-0.021016,0.003229,-0.017402,-0.011561,0.009117,0.011971,-0.009229,0.019744,0.022806,0.027824,0.011500,0.026512,-0.031884,-0.003752,-0.013636,0.004116,-0.008316,-0.001020,0.035850,-0.001085,0.009419,-0.002210,0.003333,0.002079,0.010040,0.022946,0.031623,0.007544,0.012582,-0.018745,0.000389,0.018896,0.017558,0.005779,0.017925,0.010804,0.023576,0.007179,-0.004432,0.008016,-0.050780,0.008862,-0.063701
2025-01-20,-0.032993,0.006161,0.006625,-0.022895,-0.014789,0.022699,-0.010683,0.038402,-0.002005,0.005374,0.027133,0.000388,-0.020013,-0.003946,-0.002612,-0.026536,-0.006576,-0.015330,0.014668,-0.001348,-0.007061,-0.003882,0.002045,0.009132,-0.019966,-0.020720,0.017913,-0.009393,-0.027474,0.006018,0.006370,-0.029524,0.002160,0.011270,0.004768,0.009405,-0.027248,0.003988,-0.007418,-0.010661,0.013699,0.024656,0.030328,0.021696,-0.003946,0.004378,0.011832,0.000210,0.000383,0.012857
2025-01-21,0.003746,-0.008314,-0.002647,0.016224,0.004867,0.010937,0.016875,-0.001934,0.018426,0.011632,-0.017413,0.030775,-0.004200,-0.024978,-0.013997,-0.013565,0.005752,-0.000116,-0.001250,0.015968,0.010931,0.010502,0.012190,0.015904,-0.033130,-0.001747,-0.034430,0.005462,0.004730,0.023633,0.026191,0.008463,-0.004193,0.013546,-0.004689,0.004788,0.022564,-0.005227,0.019316,0.017007,-0.012373,0.022343,0.017388,0.006648,-0.008909,-0.010652,-0.004865,0.014580,-0.012388,0.012689
2025-01-22,-0.027399,-0.008721,-0.003074,0.038965,-0.029839,0.021449,-0.002350,0.002354,-0.002917,0.002958,-0.007814,0.021125,-0.013264,0.015333,-0.016646,-0.006132,-0.024343,0.003143,0.020965,-0.006440,-0.008591,-0.025111,-0.009175,-0.033718,-0.021479,-0.000965,0.018695,0.045518,-0.015606,0.020788,-0.000660,-0.007770,0.002739,-0.003933,-0.003060,-0.012397,-0.030213,-0.032833,0.006711,-0.010028,-0.015777,-0.004894,0.009261,-0.001801,-0.016856,0.017026,0.023378,0.003855,0.012479,0.017308
2025-01-23,0.034799,0.025511,0.025228,0.023811,-0.005295,0.027070,-0.009947,0.000154,0.037921,0.029581,0.041230,0.009567,-0.006283,0.010129,0.016294,0.015879,0.034864,0.007954,0.020794,-0.003338,0.022563,0.014513,0.000961,0.010212,0.011142,0.009594,0.046341,0.012685,0.010067,-0.023297,-0.001638,0.009722,0.002112,0.039328,0.011488,0.037649,0.015568,0.015127,0.012859,0.014526,0.045396,-0.027296,-0.021571,0.004680,0.014719,0.026879,0.022973,0.007541,0.032800,0.033001
2025-01-24,-0.008279,0.005735,-0.006685,-0.021699,0.000968,-0.009601,-0.011568,0.014921,-0.055708,-0.037111,-0.032960,-0.018131,-0.016175,-0.038724,-0.029325,-0.027088,0.032641,0.020839,-0.019004,-0.018137,-0.032278,-0.045939,-0.013696,-0.029554,-0.013120,-0.040396,-0.025308,-0.008917,-0.005001,-0.004078,-0.035361,0.003792,-0.025996,-0.000201,-0.011784,-0.036367,-0.017284,-0.005016,-0.000559,-0.014130,0.015980,0.006543,-0.016212,0.001910,0.023216,0.023696,-0.033696,-0.028270,0.015136,-0.030641
2025-01-25,-0.010874,0.004180,0.020496,0.011088,0.001221,0.000796,0.000109,-0.002900,0.054001,0.018287,0.028893,0.004128,0.009584,0.000087,-0.034799,-0.011873,-0.019660,-0.027565,-0.008585,0.036781,0.012132,0.036162,0.020329,0.027018,-0.003285,0.022363,0.026048,0.002552,0.023003,0.023123,0.003040,-0.007278,-0.008383,0.014489,0.018818,-0.001334,0.013410,0.023201,0.024059,0.040865,0.035917,-0.005092,0.043236,0.003374,0.031739,0.014155,0.005513,-0.019607,0.009843,-0.015137
2025-01-26,0.018639,0.028530,-0.013116,0.006663,-0.011829,-0.010085,0.015169,0.000534,0.032542,-0.007452,0.019216,0.002981,0.015552,-0.006821,0.000336,-0.000851,-0.013821,0.013145,0.012932,0.011912,0.028893,0.027316,-0.005521,0.007943,-0.009997,0.001648,-0.009568,0.030389,0.007774,-0.002697,0.022713,-0.037843,-0.035026,0.015553,0.002316,0.005736,-0.022647,0.000810,0.037291,0.016064,0.004283,-0.006675,-0.005874,-0.037098,0.005865,0.016447,-0.027133,-0.010678,-0.019606,-0.016148
2025-01-27,0.005520,-0.032962,0.015614,0.018127,0.000038,-0.040095,-0.013378,0.026750,-0.045446,-0.001698,-0.016683,0.019040,-0.007595,0.011829,0.014736,0.037610,0.000905,0.011326,-0.022174,0.025985,-0.009132,-0.005536,0.004157,-0.023574,0.008675,0.021972,0.009830,-0.024043,0.002329,0.017914,-0.029246,-0.014788,0.020335,0.009419,0.011973,0.038028,0.012991,0.016399,0.053351,0.000709,-0.009804,0.012258,0.012459,-0.004923,-0.014026,0.046135,0.010441,-0.008624,0.021044,0.002593
2025-01-28,0.005637,0.020309,-0.013065,0.016536,0.044622,0.018580,0.003417,0.001061,0.002802,0.005617,0.003388,0.026682,-0.021009,0.025705,0.003354,0.016974,-0.010097,0.034104,0.032610,0.027461,-0.017077,0.025113,0.017476,-0.018706,0.009751,0.016750,0.020198,0.013379,0.015431,0.036714,0.032257,-0.041418,0.004475,0.007225,-0.021349,0.011884,0.032666,-0.009370,0.016244,-0.006296,-0.001906,0.036782,0.000423,0.018508,-0.023493,0.043710,0.021036,0.006904,0.020548,-0.015188
2025-01-29,0.028041,0.000923,0.003082,-0.002095,-0.003697,0.019259,0.011361,0.018487,0.006597,0.015993,-0.000784,0.046890,-0.021468,0.029452,0.031377,-0.008584,0.046882,0.024674,0.024236,0.007260,0.002845,0.002986,0.013785,0.031977,0.010019,-0.009651,0.021595,0.023336,0.018539,0.020174,0.001878,-0.009967,-0.008872,-0.022683,0.011020,0.005253,-0.001165,-0.046446,-0.015697,0.026930,-0.005208,0.013246,-0.018277,0.032652,0.004163,0.011976,0.048619,0.034051,0.001237,-0.003923
2025-01-30,-0.010536,0.004502,-0.006570,-0.011791,0.021733,-0.006732,0.036716,-0.003043,0.027460,0.001756,0.012657,-0.017719,-0.020044,0.003599,0.013118,-0.003952,-0.027831,-0.029161,-0.030365,-0.036493,-0.002705,0.015575,-0.004918,-0.045364,-0.008110,-0.007607,0.033052,-0.030905,-0.011708,0.026029,0.003423,0.005463,-0.002614,0.001263,0.009321,-0.019247,0.011129,-0.029390,0.001234,-0.001459,-0.015769,-0.005085,-0.015882,-0.023967,-0.011041,-0.024548,0.001134,-0.025378,0.008139,-0.025943
2025-01-31,-0.005293,-0.006342,0.028753,0.010846,0.001089,0.013878,-0.033029,0.004124,0.040856,0.007283,0.006123,0.014767,0.021022,-0.031054,-0.025381,0.008686,-0.007967,0.028517,-0.000772,-0.029921,-0.017924,-0.044594,0.000686,0.001510,-0.002740,0.024320,0.026474,0.001834,-0.033524,0.016012,0.014897,0.010470,0.022567,-0.016066,0.041058,-0.012369,0.018387,-0.025472,-0.011844,0.032195,0.000204,0.020019,0.009166,0.003011,0.029450,0.000641,-0.027153,-0.009558,0.014822,0.012020
2025-02-01,-0.014181,0.000988,0.003555,0.007447,-0.010741,0.002715,0.000911,0.027913,0.028590,0.011401,0.006969,0.016544,-0.000673,-0.006617,-0.002898,0.002599,-0.006917,0.016943,0.027161,-0.014542,0.014478,0.010067,0.020173,0.013793,-0.012139,-0.008697,0.014555,0.032544,-0.025830,0.020249,0.035439,0.011271,0.023929,0.001371,0.011877,-0.015151,-0.028172,0.030996,-0.003704,0.005826,-0.010930,-0.011354,0.010897,0.000893,0.020829,0.022172,0.019801,0.018321,0.042426,-0.005191
2025-02-02,-0.006797,0.014580,0.016953,-0.031400,-0.011431,0.018638,0.003337,-0.002294,-0.009727,-0.012717,-0.000621,-0.010351,-0.006575,-0.004394,-0.018014,0.003770,0.046648,-0.037794,0.000024,-0.019492,0.004585,-0.004970,0.007905,0.015351,-0.002345,0.014568,-0.048006,0.022820,0.000943,0.013593,-0.027766,-0.020762,-0.003182,-0.006115,-0.000713,0.013713,-0.037582,0.011720,-0.005659,-0.009477,-0.032289,0.003246,-0.049262,0.005863,-0.032666,-0.004846,-0.007954,0.015243,-0.009024,-0.018303
2025-02-03,0.006714,0.038745,0.025486,0.008891,0.011577,-0.012377,0.022825,-0.015844,0.029365,0.018148,0.058798,-0.003970,0.013985,0.048202,0.037278,0.003301,0.019864,0.015869,0.020908,0.003256,0.014225,-0.012932,0.018265,0.023933,0.011739,-0.013238,0.033626,0.022394,0.002764,0.010782,-0.011179,-0.002625,0.006152,0.037944,0.004322,0.027357,0.006143,0.020296,0.013288,0.031548,0.006206,-0.012473,-0.009042,0.006259,-0.006650,0.023217,0.007449,0.058576,-0.015446,0.019498
2025-02-04,-0.016946,-0.005524,0.005903,-0.038500,0.007620,0.037609,-0.004805,0.008034,0.021806,0.000406,-0.007100,-0.037606,0.014895,0.001320,-0.014871,0.005636,-0.007149,-0.006155,0.014270,-0.020734,0.022209,-0.021801,-0.008572,0.037970,0.023649,0.005114,-0.013572,-0.006170,0.004676,0.004032,0.001721,0.002802,-0.000502,-0.022599,-0.005940,0.019820,-0.021273,-0.000055,-0.011399,0.005361,-0.003638,0.029950,0.012476,-0.020255,0.015439,-0.010587,-0.007029,0.009006,-0.005494,0.019428
2025-02-05,-0.016480,-0.013680,-0.014354,-0.012721,0.017246,0.008779,0.028240,0.038278,-0.021092,-0.001272,-0.023711,-0.016536,-0.013881,-0.021568,-0.021473,-0.005136,-0.024440,0.012619,-0.019059,0.048033,-0.010664,-0.001243,-0.025855,0.028170,0.017612,0.002805,-0.026782,0.001253,-0.022725,0.023783,0.012026,-0.000821,-0.046394,-0.020241,0.009840,0.019293,0.017426,-0.031195,0.002889,0.015740,-0.032389,-0.002682,0.002390,-0.007953,-0.035878,-0.008402,-0.008431,-0.005205,-0.012682,-0.010513
2025-02-06,-0.006566,0.002112,-0.011331,-0.013225,-0.004189,-0.040428,0.002735,-0.005862,-0.005137,0.011442,-0.041002,-0.041381,-0.000923,-0.005980,-0.002788,-0.014170,0.006107,0.010936,0.002860,-0.010547,-0.043790,0.007995,0.016139,0.005750,-0.021685,0.006277,0.009638,0.022207,-0.021622,-0.009928,0.007599,-0.004818,-0.025964,0.001611,0.004564,-0.004268,-0.001899,-0.010508,0.020757,-0.022064,-0.016423,-0.005654,0.009969,-0.032804,-0.029437,-0.042531,-0.005263,-0.025981,-0.012774,0.006053
2025-02-07,-0.012575,0.003135,-0.006416,0.011070,0.007525,-0.013482,-0.004063,0.017760,0.006053,-0.026173,0.010773,-0.020551,0.024398,0.017406,0.004190,0.001803,-0.004790,0.011186,-0.007702,0.003213,0.014667,-0.011140,-0.012119,-0.022526,-0.020188,-0.033939,0.012109,0.031533,0.024628,-0.030297,0.012020,0.024570,-0.009250,0.000798,-0.037170,0.003774,-0.020172,0.002566,-0.029129,0.008744,0.017414,-0.015125,-0.021492,-0.039836,-0.005823,-0.011496,-0.028946,0.007127,-0.009127,-0.020391
2025-02-08,-0.023480,0.005785,-0.002645,-0.015838,-0.002354,-0.034394,-0.012915,-0.010846,-0.021955,-0.005660,-0.027546,-0.004321,-0.003565,-0.066007,0.007927,-0.068355,-0.024587,0.004958,-0.019209,-0.039889,-0.033185,0.004986,-0.048085,0.006824,-0.014490,-0.034961,-0.023994,-0.031808,0.002094,-0.000314,-0.044443,-0.020763,-0.029035,0.009785,-0.037800,0.015378,-0.014097,-0.034413,-0.025689,-0.027927,-0.036441,-0.011791,-0.035600,-0.052745,-0.020332,-0.045949,-0.027037,-0.029862,-0.029180,0.022519
2025-02-09,-0.001394,0.002007,-0.034385,-0.014181,0.001466,-0.020851,0.013935,-0.024058,-0.007564,-0.012959,0.000548,-0.013939,-0.007286,-0.006660,-0.015629,0.006322,0.001881,-0.004005,-0.010158,0.011928,-0.006655,-0.007930,-0.000525,0.028129,-0.026536,0.011448,-0.036487,0.001501,0.025942,0.006386,0.000661,-0.012498,-0.001851,-0.006947,-0.016557,-0.007628,0.001161,-0.016220,-0.016923,-0.026894,0.004623,0.007406,0.001760,0.014963,-0.000828,0.004646,0.003059,-0.004057,-0.011965,0.037445
2025-02-10,-0.009448,-0.013299,0.006499,0.003220,-0.026599,0.018895,-0.003009,-0.021310,0.020085,0.009949,-0.024075,0.030676,0.010545,-0.001497,0.027311,0.001554,-0.001819,-0.013198,0.009160,0.007266,-0.001049,-0.015533,0.001026,-0.002569,-0.025316,-0.027806,0.008860,-0.048147,0.002384,-0.009919,0.022235,-0.010196,0.010558,-0.008458,0.000734,0.011950,-0.009639,0.016625,-0.019200,0.003990,0.015294,0.010568,0.033183,-0.015055,-0.026138,-0.019211,0.010575,0.007650,0.000528,-0.021526
2025-02-11,0.006648,-0.029200,0.013705,0.044278,-0.000560,0.003340,-0.016027,-0.039740,-0.018005,-0.026828,-0.033202,0.023847,-0.002244,-0.000321,-0.012718,-0.010267,0.010206,-0.007738,0.002397,-0.010684,-0.013315,-0.032480,-0.042755,-0.011864,-0.006139,-0.030306,-0.007776,-0.006188,-0.045964,-0.023628,0.000175,-0.000189,-0.027922,-0.004304,0.011248,0.006832,-0.008871,-0.015579,-0.018484,0.001265,-0.003644,0.004173,-0.004782,0.007582,-0.005453,0.006969,0.008519,-0.021637,-0.039702,0.020627
2025-02-12,0.010584,-0.024896,-0.006884,0.019858,0.000930,-0.003253,0.031180,-0.012887,-0.008402,0.009769,0.012993,0.014899,0.022367,0.009539,0.014773,0.001299,0.007093,0.007900,0.009836,0.019870,0.015957,0.006760,-0.008600,0.007183,0.005460,0.009442,0.045682,-0.003463,0.013566,0.025197,0.007729,0.048046,-0.000840,0.011798,-0.008414,-0.000363,0.010445,0.021198,0.011708,0.028629,0.004255,-0.000015,0.054636,0.013061,-0.006986,-0.006532,-0.011004,0.022823,-0.000594,0.008257
2025-02-13,-0.002138,0.012172,-0.016237,-0.020355,0.003042,0.009822,0.004990,-0.015565,0.011200,-0.014385,-0.010383,-0.017986,0.022426,0.010406,0.009895,0.021455,0.049633,-0.031761,-0.014286,-0.012086,-0.016310,-0.020392,-0.006389,-0.022894,0.005036,-0.000065,0.007663,0.008144,0.009859,-0.007716,0.037185,0.003225,-0.034520,-0.019038,-0.032324,-0.000683,-0.003188,-0.009427,0.035202,0.008887,0.012075,-0.017754,-0.018980,-0.000333,0.002119,-0.034409,-0.004241,-0.000742,-0.004868,-0.015636
2025-02-14,-0.013709,-0.007181,-0.002363,0.006889,0.015458,-0.009296,-0.012209,0.003880,0.006997,-0.011813,0.010229,0.013635,0.019253,0.028012,-0.019593,-0.003748,-0.003795,-0.005763,-0.015684,-0.030738,-0.002329,-0.017828,-0.002450,-0.018291,-0.023792,0.000220,-0.001281,0.006429,0.035348,0.000993,0.004734,-0.023394,-0.027162,0.024493,-0.020620,-0.022789,-0.004702,-0.005621,-0.020243,-0.009487,0.018131,-0.018506,-0.029084,0.012969,0.004864,-0.015167,-0.032477,-0.017401,-0.004982,0.016984
2025-02-15,-0.020421,-0.003284,0.010390,-0.044625,0.016846,-0.023047,0.004214,0.002678,0.017760,0.008154,-0.044554,-0.015888,0.000725,-0.005272,0.006835,0.012446,0.009190,-0.005619,-0.034996,-0.009961,0.005732,-0.021390,0.009601,0.014589,0.000521,-0.056910,-0.024768,0.032189,-0.011600,-0.037477,0.020472,-0.001522,0.018127,0.003223,0.006492,0.004772,0.010792,0.039231,0.015716,-0.030209,0.006278,0.018784,0.019886,-0.009441,0.019207,0.014937,0.044543,-0.015262,-0.010896,-0.007273
2025-02-16,-0.005687,-0.012884,-0.046591,-0.004688,0.009785,-0.005741,0.037974,0.003378,0.026375,0.007842,0.018012,0.008163,0.027775,0.004144,0.012067,0.009731,-0.002052,0.010426,0.043356,-0.001730,0.010687,0.025777,0.023661,0.003348,-0.039764,0.012437,-0.036814,0.029596,0.006187,0.021131,-0.013101,-0.024808,0.007830,0.002532,-0.005711,0.004661,0.052951,0.018158,0.022028,0.018328,0.029767,-0.000285,-0.033849,-0.000258,0.017748,-0.014320,-0.000038,-0.009315,0.030173,0.016627
2025-02-17,0.012835,0.012296,0.000437,0.004663,-0.020226,-0.038249,0.003809,0.006939,0.022874,0.029391,0.029367,-0.016857,-0.005234,0.009753,0.046681,0.027749,0.021256,-0.005873,-0.014790,0.015308,-0.018705,-0.003185,-0.000959,0.029780,-0.005277,-0.042799,0.010187,-0.011475,0.001875,-0.000453,-0.003819,0.015333,-0.026484,-0.008199,0.013420,-0.009946,-0.027851,0.013141,0.021323,0.000297,-0.034188,0.013815,-0.028771,0.006666,-0.014867,-0.019770,-0.006847,-0.002192,-0.010489,0.011704
2025-02-18,-0.012496,0.013176,0.000594,-0.017023,-0.020054,-0.034122,0.000766,-0.010850,-0.047167,-0.014110,-0.020686,0.023895,-0.035117,-0.030411,0.015512,0.019955,-0.017877,-0.015845,0.006625,-0.046355,-0.037969,-0.009520,0.023431,-0.012310,-0.002650,0.015941,0.033457,-0.014850,-0.004770,0.028330,-0.031867,0.014029,-0.022797,-0.002623,-0.008834,-0.021711,-0.022163,0.000508,0.013453,-0.006802,-0.003205,0.005814,-0.021956,0.008847,0.010281,0.042398,-0.011237,-0.012712,0.009374,0.010277
2025-02-19,-0.008147,-0.005772,0.011225,-0.013412,-0.005905,0.003097,0.019412,-0.009398,-0.031678,-0.033014,-0.021185,-0.022152,-0.001298,-0.019915,-0.011165,-0.012449,-0.006444,0.025290,0.013400,0.001775,-0.006814,-0.006313,0.007384,0.012000,-0.014852,0.002141,-0.035084,0.005296,0.015203,-0.003557,0.034182,-0.014378,0.005399,0.000840,-0.000321,-0.000573,0.003413,0.016748,0.026284,0.001444,0.016160,-0.011147,0.015272,-0.012231,0.021117,0.041276,-0.000713,-0.037981,-0.008381,0.023658
2025-02-20,0.010171,0.004696,0.018371,0.008935,0.022134,0.016765,0.027606,0.006673,0.016510,-0.005313,-0.010611,0.030937,0.004107,0.014703,0.002442,-0.010342,0.000413,0.026063,0.010209,-0.030591,-0.003659,0.032296,-0.003633,-0.032193,0.034290,0.012498,-0.001045,-0.006470,0.019697,-0.009541,0.020884,0.009975,0.004619,0.002834,-0.002934,0.019037,-0.015361,-0.028980,0.011275,0.011577,0.008859,0.007554,-0.005555,0.014390,-0.000605,-0.008553,-0.005399,0.036587,-0.031014,0.009211
2025-02-21,-0.037848,-0.009572,-0.015429,-0.045155,-0.000621,-0.014465,-0.045410,0.007488,0.018206,0.019198,-0.001163,-0.006795,0.016283,0.022659,0.012780,-0.024572,-0.004000,0.000287,-0.040197,0.000824,0.033290,0.003895,0.018897,-0.004332,-0.008942,-0.000761,-0.022309,-0.024972,0.015169,0.017078,-0.025464,0.009800,-0.009189,-0.001508,0.000660,0.010274,-0.006135,0.017759,-0.002055,0.003611,-0.022623,0.031232,0.000833,0.005210,-0.036571,-0.022433,0.014658,-0.002460,-0.042072,0.011065
2025-02-22,-0.011285,0.023906,-0.003078,0.002187,0.019724,-0.017652,-0.019368,-0.005034,0.013392,-0.025453,-0.031522,0.013330,-0.012351,-0.008557,-0.034920,-0.013719,-0.001633,0.015250,-0.015379,0.028336,-0.013819,-0.013793,0.026175,0.002309,-0.011434,-0.004290,0.022858,0.024894,-0.016200,-0.002261,0.000126,-0.019250,-0.002500,-0.001401,0.019027,0.020236,-0.007423,-0.005348,0.010460,-0.012031,0.009098,-0.003080,-0.018946,-0.018720,0.024550,-0.004313,0.028029,-0.010743,0.003744,0.041571
2025-02-23,-0.014282,-0.029409,0.027910,-0.010131,0.004379,-0.005795,0.009578,-0.012358,0.001512,0.012848,-0.013398,-0.007850,-0.001502,-0.020967,-0.002855,0.006890,-0.002441,-0.000134,0.004393,-0.007052,0.017190,0.030599,-0.003608,0.013485,0.000438,0.011330,0.032935,0.013907,-0.027170,0.012923,0.026943,0.000763,0.022673,-0.007671,-0.021988,0.007292,-0.026865,0.000435,0.027914,-0.029624,-0.018280,-0.013825,0.003611,-0.001832,0.029936,0.021930,0.013666,0.007373,0.011829,-0.010764
2025-02-24,0.020129,-0.015317,0.019736,0.026050,0.008495,0.001528,0.011905,-0.046808,0.010140,0.002659,0.003788,0.017417,0.003354,-0.015824,0.002154,0.005915,0.006768,0.007614,0.023408,-0.014849,0.007862,0.027918,-0.026524,0.007933,-0.005837,-0.001973,-0.011587,0.001647,0.037842,-0.018060,-0.016354,-0.018735,0.035793,-0.003623,0.004238,-0.002551,-0.012300,0.000467,0.048948,0.029757,-0.010653,0.016356,-0.010268,-0.027275,0.023051,0.025581,0.023528,-0.003758,0.001697,0.018195
2025-02-25,0.005971,-0.008161,-0.030219,0.000974,0.018346,-0.022632,0.010422,0.004892,0.012427,0.014620,-0.013576,-0.030181,-0.010679,0.014929,-0.010832,-0.013569,-0.033860,0.030472,0.013787,0.012782,0.016343,0.009305,-0.005474,-0.004023,-0.008772,0.046350,0.008931,-0.009424,0.007303,-0.019271,0.026005,-0.012975,0.007944,0.018112,0.005850,0.000625,-0.000881,-0.002092,-0.011456,-0.009166,0.025557,-0.003029,-0.015220,-0.010369,0.018731,0.011085,0.009010,-0.005711,0.009245,-0.012660
2025-02-26,0.000780,0.022909,0.021190,-0.012222,-0.009947,0.007409,0.036523,-0.029027,0.010463,-0.019316,-0.005965,-0.001107,-0.002116,-0.004156,0.005582,-0.004182,-0.020871,0.019490,0.019004,0.020630,-0.022280,0.010833,0.017620,-0.013109,0.005618,0.003360,0.038611,0.040094,-0.024506,0.050343,-0.011021,0.023105,0.022922,-0.012470,0.014332,0.003517,0.015431,0.009605,0.026987,0.006810,0.002431,0.025182,0.015900,0.018625,-0.006510,-0.013362,-0.004766,-0.005722,0.019604,0.023020
2025-02-27,-0.009268,0.019281,0.018157,-0.002094,-0.021270,0.021881,-0.007574,-0.004205,-0.012589,-0.022492,-0.032911,0.004916,-0.020577,0.048596,-0.026025,-0.029109,0.002707,0.021052,-0.005313,0.003825,-0.039660,-0.018671,-0.025801,-0.040587,-0.004370,-0.046847,-0.030275,-0.016145,-0.021439,0.000660,-0.000975,0.009613,0.007067,0.014059,-0.006510,-0.001013,0.002732,-0.003926,-0.013625,-0.012460,-0.021192,0.001113,-0.008168,-0.018413,-0.018396,-0.028263,0.011143,-0.005061,-0.022006,0.008078
2025-02-28,-0.016341,-0.031570,0.012129,-0.015920,-0.013613,-0.005511,0.014314,-0.005892,-0.027837,0.003537,-0.014983,0.027730,-0.006273,-0.046483,0.000180,0.028750,0.022114,0.026704,-0.024608,0.010166,-0.019249,-0.002216,-0.029166,-0.017853,-0.018425,0.009921,0.008160,-0.001270,-0.030560,-0.011862,-0.019683,0.009401,0.014955,0.012762,-0.019847,-0.055564,-0.038058,0.019337,-0.013475,-0.019766,0.023315,0.016520,-0.005813,-0.011534,-0.008631,-0.002164,0.022548,0.001352,0.006816,0.014794
2025-03-01,-0.022283,0.012358,-0.006531,-0.046519,-0.039536,-0.019555,0.008333,0.000819,0.002090,0.033888,-0.024073,-0.001723,0.004251,-0.014482,-0.000719,-0.030028,0.024149,-0.013498,0.035336,-0.001814,0.017276,-0.002188,-0.001782,-0.011742,0.000915,0.004495,-0.015346,-0.003480,-0.012211,0.040165,-0.002844,0.026585,-0.004750,0.003438,-0.025014,-0.009276,0.002561,0.027319,0.002767,0.023678,0.010304,0.028064,-0.002292,0.041795,-0.009966,-0.015025,-0.023010,0.040729,0.013521,-0.007243
2025-03-02,0.033845,0.023741,0.046753,-0.016499,0.006586,0.003037,-0.024164,0.030448,0.006495,0.024676,0.053838,0.005004,0.003782,0.013498,0.029133,0.001162,0.000005,0.030392,0.018178,-0.025443,-0.010695,0.038385,0.018597,-0.002357,0.008295,0.011601,0.024606,-0.013086,-0.003775,0.016276,0.009565,0.021656,-0.010769,0.017791,0.031011,0.020125,0.013866,0.009637,-0.003665,0.010067,0.034037,0.009220,-0.004654,0.002502,0.014978,0.004639,0.020098,0.020774,0.027364,0.036987
2025-03-03,0.019681,-0.015061,-0.014508,0.000392,-0.006366,-0.018734,-0.006195,-0.006786,-0.010338,-0.003929,0.022968,0.005342,0.046248,0.004825,-0.003466,0.001830,0.006372,0.009590,0.039136,-0.013460,0.017218,0.005495,-0.026524,0.015628,0.024573,-0.013674,0.001595,-0.029301,-0.020903,0.020620,-0.006640,-0.018203,0.005886,-0.007648,-0.006719,0.015063,-0.019156,-0.014541,0.004529,0.019205,0.024042,-0.010216,0.018628,-0.012359,0.034627,-0.018652,0.025668,-0.010061,0.037994,0.012399
2025-03-04,-0.019691,-0.010803,0.012659,0.017545,-0.002676,-0.000599,0.012248,0.000970,-0.024686,-0.016036,0.002830,0.020476,0.027685,0.012629,0.003769,0.012076,-0.013404,-0.004161,-0.016237,-0.023880,0.004601,0.001937,0.010975,0.008427,0.002965,0.008616,-0.002171,0.006029,-0.014473,0.005252,0.010629,-0.013457,-0.000470,-0.012627,-0.010880,-0.021651,0.021381,0.017780,0.008271,0.034097,-0.004809,0.053169,-0.005498,0.003191,-0.008563,0.005299,0.013638,-0.003453,0.030578,0.002902
2025-03-05,0.016567,-0.004664,0.019231,0.009285,0.000749,-0.002279,0.059790,0.006955,-0.014528,-0.000870,0.010770,0.021538,0.021684,0.023877,0.000090,0.017826,-0.004071,0.000544,-0.004821,-0.009693,0.030854,0.024093,0.029278,0.012405,0.025680,-0.020005,0.027233,0.014886,0.022986,0.018538,-0.006069,-0.015267,-0.001119,0.021866,0.024119,-0.012925,-0.005962,-0.001320,0.005266,-0.012819,-0.013899,-0.003095,0.013250,-0.009553,0.009613,0.030752,-0.011734,0.007982,0.030143,0.004169
2025-03-06,-0.011812,0.019457,-0.006998,0.018395,0.006235,-0.007657,0.007148,0.004282,0.016890,-0.011356,-0.000744,-0.002593,0.011189,-0.019939,0.016820,0.006908,-0.025191,0.020263,0.038728,0.016547,0.024200,0.000051,-0.031393,-0.034680,0.003106,-0.012142,-0.017948,-0.002615,0.009595,-0.027636,-0.009566,0.025692,-0.020841,0.014170,-0.010211,0.008338,0.018266,0.011857,0.014879,-0.022215,0.018560,-0.016834,0.003186,0.003162,0.007246,0.004579,-0.016675,-0.025784,0.014216,0.001859
2025-03-07,0.037359,0.015865,-0.008623,0.034060,0.010003,0.022826,0.005016,0.046268,0.000892,0.010596,0.018604,-0.002989,0.022619,0.045684,0.007842,0.023783,-0.032820,0.015969,0.011035,0.001937,0.036136,0.010798,0.013475,0.009881,-0.017833,-0.003706,0.033970,-0.021309,0.002876,0.009475,0.048055,0.030505,0.006641,0.040151,0.003341,0.034834,-0.007790,0.035989,0.009360,-0.001843,0.012761,0.021662,0.007765,0.026641,0.006176,0.027837,0.024630,0.015573,0.008725,0.019398
2025-03-08,0.006803,0.034011,0.013808,0.014467,0.052492,0.006186,0.005622,0.009571,-0.021263,-0.011091,-0.012212,0.008556,-0.006236,-0.000613,0.016473,0.012435,-0.006012,-0.015161,0.017334,0.010829,-0.032014,-0.008738,-0.000122,0.010918,0.013281,0.002009,0.007433,-0.001947,-0.015231,-0.007804,-0.002759,-0.003725,-0.037042,-0.010256,-0.002090,-0.008166,-0.007544,0.005683,-0.022522,-0.032406,-0.009368,0.010653,0.027275,0.010977,-0.029530,-0.007284,0.001518,0.000095,0.006606,-0.019608
2025-03-09,-0.005535,0.000861,0.008158,-0.021207,-0.012917,-0.055373,-0.017891,-0.016144,-0.025057,-0.003723,-0.007711,-0.047370,-0.002825,-0.023414,0.002038,-0.029778,-0.006164,-0.011801,-0.001249,-0.004460,-0.011297,-0.034357,-0.033294,-0.017214,-0.006853,-0.017653,0.004549,-0.011730,-0.024075,-0.011710,-0.002639,-0.000857,0.027106,-0.018745,-0.008027,0.000966,-0.007126,-0.015716,-0.034591,-0.015899,-0.026031,-0.037783,-0.021027,-0.025552,0.003804,0.004115,-0.022974,-0.011389,-0.040153,-0.015603
2025-03-10,0.006564,0.014231,-0.013453,0.018316,-0.027900,-0.023075,0.012156,0.029462,0.008264,-0.001344,-0.040131,-0.037022,0.001712,-0.007063,-0.020523,0.000562,0.001455,0.016382,0.001841,0.021493,-0.000474,-0.002694,0.018540,-0.018230,0.050042,0.006137,0.006237,0.008834,0.033171,0.013647,-0.029509,0.024645,-0.006754,0.001311,-0.023644,0.008854,-0.012343,0.001185,-0.005732,0.034032,0.035063,0.000219,0.000534,-0.007340,0.019290,-0.006538,-0.008202,0.016997,-0.010307,-0.001297
2025-03-11,-0.029677,0.011462,0.033722,0.011769,0.025099,-0.016443,0.003040,-0.018190,-0.005313,0.012686,0.000619,-0.026641,-0.024884,-0.026074,0.007633,0.035937,0.023311,-0.035341,0.024366,0.015642,-0.029029,-0.006671,0.018506,0.008694,-0.024777,0.009780,-0.039688,-0.005224,0.019270,-0.000882,-0.010194,0.014795,0.016332,0.022367,0.014525,0.018251,0.011979,0.003566,0.000398,-0.005484,-0.023036,-0.018409,-0.006290,0.003133,0.024721,-0.001966,0.016849,0.018214,-0.005379,0.009491
2025-03-12,-0.009619,0.018563,0.006210,-0.026664,-0.002328,0.024430,-0.008498,0.002823,0.004590,-0.023895,0.003957,-0.030325,-0.016497,0.014127,0.001186,-0.010716,0.002801,-0.006317,-0.005009,0.006587,-0.018328,-0.004510,-0.010856,-0.033776,-0.021804,0.022992,0.001689,-0.029060,-0.032962,-0.007255,0.022866,-0.008597,0.018290,0.001099,0.003247,-0.029279,0.011640,-0.011264,0.010300,-0.019891,-0.002049,0.001100,-0.008008,0.002046,-0.010031,-0.016919,0.023663,0.013646,-0.018931,0.004996
2025-03-13,0.005946,-0.002010,0.037923,-0.011360,0.035998,0.014765,0.015506,0.026690,0.029776,0.004440,0.032233,0.021355,-0.003295,0.016256,0.044177,0.049493,0.032226,-0.002112,0.028145,0.034630,0.032377,0.033443,0.025853,0.018011,0.008364,-0.014849,0.025428,0.022663,0.029351,-0.004762,0.030925,0.056296,0.020726,0.018204,0.024876,0.055896,0.000889,0.022972,0.004920,0.009468,0.018422,0.043566,0.051732,0.027381,0.012536,0.064184,0.011618,0.009034,-0.012635,0.044444
2025-03-14,0.020303,0.046395,-0.022137,0.029121,0.004137,0.017384,-0.026786,0.029300,0.017031,0.002174,0.014486,-0.010905,-0.007556,-0.005468,-0.030475,0.018386,0.024323,-0.009750,0.009142,-0.001906,0.008783,-0.008422,-0.013028,0.021811,0.001724,0.039272,0.003708,-0.013795,0.024959,0.014229,0.015958,0.024305,-0.008876,0.000584,-0.000212,-0.020359,-0.001871,0.026929,0.007146,-0.021355,-0.025131,0.032840,0.001248,-0.008779,-0.002058,-0.023717,0.028490,-0.004201,0.027487,0.003804
2025-03-15,0.029654,0.008543,0.019281,0.016866,0.015142,0.010185,-0.000269,0.038400,-0.012402,0.004000,0.004191,0.011167,-0.003808,0.009588,0.000883,-0.024553,0.004095,-0.015888,-0.027296,0.006386,0.012704,0.013403,0.014132,-0.030864,-0.020576,0.039446,-0.014927,0.014918,-0.008442,0.005357,-0.007476,0.014030,0.006385,-0.004147,-0.014981,0.008743,-0.017906,0.011617,0.051199,0.028226,0.016853,0.002382,-0.030975,-0.019879,0.027013,-0.010293,-0.008664,0.000941,-0.015194,-0.018159
2025-03-16,-0.003654,-0.018793,-0.016084,-0.016807,0.006657,-0.006924,-0.005960,0.007999,-0.005302,-0.007754,0.005723,0.009282,-0.005393,-0.001295,-0.016818,-0.018238,0.011099,0.005263,0.005450,0.002310,-0.001914,0.009790,0.014086,0.013657,-0.004560,0.022220,0.001367,0.008637,0.002332,0.001701,-0.015989,0.009879,0.048470,-0.009492,-0.001468,-0.010777,-0.011530,0.025055,-0.014859,-0.011279,-0.031320,-0.016383,-0.033497,0.008627,0.047649,-0.009346,-0.032747,0.013454,-0.015830,0.020643
2025-03-17,-0.008656,-0.014952,-0.006782,0.010061,-0.007673,-0.012520,-0.007158,-0.026473,0.003567,-0.035740,-0.011573,0.010090,0.001876,0.007047,-0.004750,0.017476,0.013065,0.004451,0.013117,0.009928,-0.011490,-0.027769,0.003987,0.006250,0.016049,-0.020433,-0.019895,0.004699,-0.004860,-0.037523,0.003173,-0.036923,-0.020594,0.020751,0.029269,-0.025461,-0.009508,-0.002812,0.028483,-0.012451,-0.012163,0.024298,-0.010325,0.009420,-0.030168,-0.006661,-0.033452,-0.022577,0.011526,-0.004478
2025-03-18,0.002220,-0.005513,0.003992,0.013384,0.025657,-0.039289,-0.007008,0.010828,0.006184,0.015225,0.012780,0.002476,-0.001519,0.003545,0.028641,-0.005212,0.006833,0.011264,0.036050,0.002558,0.025223,0.030140,0.006816,0.004171,0.002041,0.003359,0.023340,0.012122,0.012199,-0.012290,-0.009451,0.046546,0.004763,-0.005982,0.033724,0.013037,0.018371,0.005479,0.002228,0.004911,-0.016925,0.006381,0.013293,0.041272,0.009512,-0.034051,0.006272,0.057275,0.023559,-0.006632
2025-03-19,-0.000846,-0.024842,-0.035855,-0.017757,-0.009839,-0.045185,-0.032171,-0.011300,-0.018833,-0.004379,-0.033350,0.001368,-0.032794,0.018083,-0.042370,-0.031152,-0.003973,0.018470,-0.005815,-0.001355,-0.011170,-0.029961,-0.020309,-0.033300,-0.034503,-0.004255,-0.031703,-0.005734,-0.034919,-0.006151,-0.020282,0.013833,-0.005659,0.010758,-0.025088,-0.010475,-0.029146,-0.018931,-0.016204,-0.024552,-0.033365,-0.036929,-0.053602,-0.030500,-0.000191,-0.040259,-0.036112,0.020750,-0.022943,-0.005707
2025-03-20,0.003913,0.004277,-0.035050,-0.011808,-0.036777,0.036385,-0.036356,-0.026510,-0.026379,-0.034589,0.016698,0.035955,-0.016212,-0.031416,-0.047913,-0.012043,-0.013343,-0.019372,-0.003664,-0.000536,-0.001833,-0.013339,-0.027478,0.004336,-0.007423,0.008342,0.006573,-0.033240,-0.033465,-0.021248,-0.026661,0.005946,-0.001325,0.012137,-0.000512,-0.003893,0.013947,0.000806,-0.006423,0.019000,-0.005575,-0.013127,-0.022729,0.005006,0.014618,-0.008559,0.015894,-0.043109,-0.008647,-0.008370
2025-03-21,-0.014287,0.041709,-0.002392,-0.008540,-0.000733,-0.037251,-0.014878,0.016498,-0.012522,-0.016120,0.022371,0.022924,0.008105,-0.009393,-0.005511,-0.015675,-0.019107,-0.020000,-0.012326,-0.019826,-0.029347,0.002749,0.003022,0.029414,-0.013231,0.004129,0.004428,-0.005770,0.012197,0.012754,0.004693,-0.005802,-0.007636,-0.025820,-0.015707,-0.012397,-0.021432,0.006718,0.020339,-0.017546,0.003901,-0.019815,-0.006689,-0.013627,0.009634,-0.013419,0.017009,-0.005624,-0.012893,-0.023760
2025-03-22,0.014865,0.026421,0.015227,0.050607,0.036044,0.004772,0.004583,0.018762,-0.004777,0.031301,0.016816,0.014924,0.022673,0.041318,0.013385,0.008273,0.037464,0.027723,0.004530,0.010401,0.013824,0.016820,-0.014111,-0.017457,-0.005665,-0.007058,-0.001281,0.021732,0.007267,0.013843,-0.011730,0.001998,0.020878,0.021017,-0.002735,0.013217,0.049887,0.009991,-0.002170,0.007180,0.011967,0.007587,0.009743,-0.015675,-0.007020,0.007620,0.007333,0.000116,0.007121,0.011406
2025-03-23,0.013893,-0.003902,0.005067,-0.011865,0.008181,0.004647,0.013468,0.010726,0.008481,-0.003888,0.002292,0.017027,-0.013854,-0.013428,0.001149,0.005359,-0.016950,-0.003462,-0.003809,-0.041992,-0.006069,-0.004948,-0.005002,0.023370,-0.024001,-0.016960,-0.049136,-0.010773,-0.009238,-0.011296,0.017822,0.013375,-0.000715,-0.008788,0.016355,-0.002472,-0.016845,-0.033009,-0.010060,0.011467,0.038861,-0.001008,-0.015893,-0.023446,0.007819,-0.033880,0.007790,0.012602,0.005737,-0.006070
2025-03-24,0.013745,0.006653,-0.010430,0.036884,-0.002754,0.017540,-0.039959,0.026553,0.030014,0.004113,0.013634,0.013630,-0.007994,0.013424,-0.010979,-0.007381,0.023861,0.021120,-0.009138,-0.009628,-0.008044,0.016764,-0.014423,0.009997,0.017020,0.001988,0.021757,-0.001901,-0.000273,-0.014014,0.021885,-0.010221,0.009872,0.002293,-0.015374,-0.007388,0.028468,0.007206,-0.014588,0.009072,0.000946,0.065749,0.008709,-0.003275,0.029137,-0.029562,0.005274,0.039476,0.001485,-0.027623
2025-03-25,-0.006347,0.026961,0.007549,-0.014320,-0.011555,-0.009295,0.007281,0.024867,0.019723,0.008988,-0.023190,-0.023123,0.010378,-0.023439,-0.003281,0.006254,-0.019697,-0.017657,-0.000915,0.009845,0.019887,0.011707,0.002105,-0.012652,-0.018497,-0.008416,0.008158,0.006839,-0.037019,-0.013363,0.022461,0.002206,-0.024727,0.043184,0.000259,0.007698,0.007971,-0.005837,-0.012317,0.038970,0.018837,0.015575,0.011153,-0.017280,0.023775,-0.014397,0.005879,-0.028729,-0.035956,0.006509
2025-03-26,-0.004651,-0.025892,0.019644,0.048075,0.034925,0.005281,0.010072,0.025892,0.030111,0.003729,0.010528,0.015324,0.019883,0.007518,0.007752,0.034750,0.031684,0.018506,0.040857,0.002957,0.039127,0.019678,0.068792,-0.011552,-0.002495,0.017451,0.017063,0.045016,-0.002118,0.026202,0.030837,0.022597,-0.007385,0.035253,0.032041,0.020706,0.013591,0.013983,0.008496,0.021447,0.010473,-0.005360,-0.008962,-0.003624,0.013911,0.009428,0.013789,0.018928,-0.001379,0.036295
2025-03-27,-0.015649,-0.018632,-0.002147,-0.043887,-0.025060,0.006829,-0.042104,0.009286,0.016370,-0.017480,-0.005577,0.009314,-0.019232,0.004790,-0.022911,-0.019427,-0.025218,-0.004662,0.010013,-0.014144,-0.033712,-0.030319,-0.003727,0.022364,-0.003743,-0.017794,0.002961,-0.015141,-0.017639,-0.028082,0.014522,-0.056536,0.003531,-0.019177,-0.018216,0.019632,-0.023684,-0.023071,-0.013177,-0.003381,-0.018783,-0.039159,-0.026413,0.012234,-0.009484,-0.002710,-0.015536,-0.022701,0.019366,-0.014217
2025-03-28,-0.002102,0.025609,-0.007124,-0.004826,0.006063,0.005884,0.010552,0.043529,0.011931,-0.036926,0.011752,0.006561,0.006661,0.010306,0.005363,0.004932,0.016914,-0.003879,-0.011179,0.060307,-0.007006,0.007682,-0.021043,0.007975,-0.010919,-0.002086,0.024690,0.014375,0.016110,-0.026003,0.038943,-0.015575,0.033393,0.024267,0.016271,-0.009511,0.008608,-0.002598,0.006402,0.001381,-0.030816,0.026071,0.004419,-0.002847,-0.004207,0.012331,-0.010209,-0.034714,0.013207,0.015223
2025-03-29,-0.004445,-0.021514,0.000749,-0.027214,-0.019342,-0.014365,0.014339,-0.007379,-0.008914,0.034332,0.005492,0.005250,-0.007507,-0.011587,-0.040207,0.016585,0.007218,-0.004077,-0.003322,0.012399,-0.028837,-0.011470,-0.021306,0.031035,0.014910,-0.040501,-0.028100,-0.003234,-0.009356,-0.024691,0.034154,0.004774,0.007695,-0.013308,0.012149,-0.007700,-0.005952,0.010146,-0.030174,0.027894,0.002431,0.022205,-0.020210,-0.017469,-0.021766,0.003653,0.000336,-0.009211,-0.019105,-0.023651
2025-03-30,0.006366,-0.001141,-0.005102,0.035087,0.005757,0.030100,-0.002359,0.011645,0.006241,-0.023318,0.032949,0.004806,0.020675,-0.006297,0.004272,-0.008364,0.029487,0.012845,0.013846,0.031686,0.028053,0.021015,-0.018352,-0.005283,-0.010831,0.020335,0.010311,-0.017790,0.003842,-0.019655,0.006282,-0.022558,0.016758,0.014042,0.041582,0.022501,-0.000373,0.021964,-0.017919,-0.010085,0.013236,-0.031609,0.006570,-0.011126,0.009063,-0.012160,0.014876,0.007587,0.032446,0.007360
2025-03-31,-0.019154,-0.009763,-0.029515,0.001992,0.005298,0.039127,-0.016512,-0.010139,-0.015682,-0.001501,0.001552,-0.006280,0.014235,-0.016424,0.012432,0.004374,-0.005535,-0.010988,0.038361,-0.020025,0.000044,-0.018823,0.026822,0.010644,-0.017529,0.003908,-0.000680,-0.014618,0.008328,0.001689,-0.001436,-0.006073,0.002440,-0.001190,-0.004255,-0.016857,0.025169,-0.024226,0.002379,-0.011083,0.026353,-0.021582,-0.018554,-0.022776,0.000504,-0.030034,-0.013932,-0.044061,-0.000991,-0.014323
2025-04-01,-0.026029,0.020297,-0.022782,0.015101,-0.011863,0.029584,0.014248,-0.017389,-0.015752,0.011655,-0.003967,-0.002293,0.023656,-0.012721,0.002399,0.017939,0.015320,-0.002117,-0.004445,-0.030543,-0.018257,0.006486,-0.001726,0.002104,0.019462,-0.020616,-0.003496,0.004152,-0.011919,0.026522,0.017110,0.005978,0.033052,-0.026224,0.000617,0.007350,-0.015706,0.006168,-0.019163,0.013186,0.019797,0.005658,-0.032595,-0.016647,0.010920,0.001137,-0.047736,0.023127,0.003215,-0.013988
2025-04-02,0.017751,-0.012354,-0.012550,0.006292,0.031901,0.029067,0.006317,0.008165,0.014089,-0.022784,0.011437,-0.013371,0.005575,-0.004252,0.008864,0.001968,-0.055473,0.003062,0.011401,0.007869,-0.002005,0.029401,0.005447,0.007720,0.018643,0.006369,-0.016322,-0.044048,-0.008746,0.013539,-0.006514,0.014263,0.002519,0.023027,-0.005472,0.008259,0.008948,0.026871,-0.030878,-0.008409,0.015115,0.027668,0.004163,-0.005427,0.013470,0.015479,-0.006632,0.005787,0.021091,0.033870
2025-04-03,0.006729,-0.005843,-0.007611,0.003396,-0.008720,-0.003224,-0.025679,0.016709,-0.027161,-0.014416,-0.004881,0.029200,-0.014246,-0.018626,-0.016552,0.023223,-0.057260,-0.024687,0.042526,0.003998,-0.026545,-0.007392,-0.005423,0.008593,0.026474,0.000356,-0.016354,0.007530,-0.019206,-0.025238,-0.038316,-0.034810,-0.022774,-0.027838,-0.000999,-0.028227,-0.063224,-0.025428,-0.015131,-0.017536,0.020714,-0.017681,0.009219,-0.006979,-0.007399,-0.021674,-0.007696,-0.020409,-0.003577,-0.010890
2025-04-04,-0.025642,0.009215,-0.000956,-0.016704,-0.006020,-0.010148,-0.024256,-0.007370,-0.019817,-0.025648,-0.037849,-0.015094,0.001566,-0.021143,0.036734,0.007303,0.014839,0.005675,0.024713,-0.022805,-0.054732,-0.016669,0.001409,-0.005912,-0.003680,0.015137,-0.001762,0.005741,-0.025551,-0.028356,0.020415,-0.006823,-0.019857,-0.019824,-0.020323,-0.021400,-0.031736,-0.035647,-0.012149,-0.019312,0.011290,-0.003364,-0.003863,-0.022015,-0.010817,-0.002141,0.004253,-0.010329,0.010785,-0.008495
2025-04-05,0.010672,-0.012416,-0.036226,0.001231,0.009457,0.006757,0.004000,-0.009874,-0.018120,0.006332,0.004077,-0.013695,0.016371,-0.019491,-0.014102,0.025857,0.012036,-0.010043,0.001574,-0.000813,-0.053020,-0.019915,-0.004514,-0.010018,0.000849,0.016732,-0.009387,-0.022637,0.002248,-0.009478,-0.006408,-0.008851,0.036754,-0.043932,-0.010589,-0.003665,-0.017660,0.012598,0.011040,-0.004459,-0.008471,-0.005614,-0.005485,-0.005010,-0.006983,0.000945,0.009959,-0.025744,-0.022511,-0.035072
2025-04-06,0.017111,0.006021,0.010610,-0.024215,0.033645,-0.009444,0.004543,0.016894,-0.016250,-0.008318,0.004741,0.052950,0.006936,0.030430,0.023218,0.008140,-0.016290,0.020591,-0.025450,0.030331,0.005116,-0.046189,-0.004614,0.013287,-0.002751,0.014386,-0.013785,-0.021992,0.000229,0.002084,-0.004755,0.023607,-0.013788,0.007152,0.002739,-0.026505,-0.022227,0.001730,0.037177,0.011942,-0.029546,-0.054473,0.014710,-0.000216,0.022058,-0.014337,0.007819,0.016747,-0.006539,-0.006154
2025-04-07,-0.004415,0.004898,-0.005128,0.012662,-0.013185,-0.028781,0.030716,-0.015753,-0.015102,-0.006054,-0.003661,-0.011830,-0.005184,-0.005585,-0.001723,-0.047305,0.028986,-0.007521,0.005581,-0.029676,-0.013348,-0.016971,0.021585,-0.015414,0.008776,-0.016577,-0.013017,-0.009290,0.018239,-0.038887,-0.028552,-0.039921,-0.024445,-0.019479,-0.033930,-0.018084,-0.041135,-0.023194,0.016738,0.002395,-0.001495,-0.022920,-0.032519,-0.025375,-0.005648,0.010757,0.011373,0.006481,-0.018146,-0.004428
2025-04-08,-0.007581,-0.005418,0.034872,-0.033513,-0.006021,0.020015,-0.028183,-0.013384,-0.011319,-0.005816,-0.030524,0.008919,0.010197,0.007354,-0.017463,-0.000239,-0.017986,-0.007783,0.036966,-0.000074,-0.023172,0.001450,-0.026129,-0.023379,-0.020537,-0.009794,0.015069,0.008615,0.007617,-0.021577,-0.011540,0.003099,-0.013106,-0.006807,0.006148,-0.008074,0.002273,0.026873,-0.004890,0.019432,0.008272,-0.028207,-0.021635,-0.016801,-0.017184,-0.003422,0.009267,0.020796,0.003751,-0.009819
2025-04-09,-0.050478,-0.011727,-0.012534,-0.009705,0.024915,0.009333,0.001133,-0.030315,-0.022232,-0.014705,-0.026955,-0.003989,-0.006573,-0.032587,0.008545,-0.011156,-0.044121,-0.013922,-0.007936,0.004513,-0.019072,0.001905,-0.009629,-0.036669,-0.038471,0.007208,0.008530,-0.007185,0.013925,0.006021,-0.000692,-0.029401,0.018168,-0.003344,-0.019943,-0.025027,-0.008376,-0.043077,-0.000404,-0.030162,-0.006327,-0.022387,-0.017757,-0.026622,-0.015900,0.021011,0.011933,-0.006617,-0.013453,0.002198
2025-04-10,0.018251,-0.017025,-0.003483,-0.034884,0.018127,0.035082,-0.000647,-0.040339,0.008871,-0.018362,-0.014029,0.009190,0.002493,-0.010875,-0.013782,0.000176,-0.009459,-0.022055,-0.008075,0.004024,-0.005295,-0.027532,0.015714,-0.051387,-0.010123,-0.013252,0.000579,0.008021,0.018193,-0.014912,0.008470,0.001436,-0.032896,0.032121,-0.027987,0.005462,0.004931,0.002873,-0.010991,0.012802,-0.030175,-0.003274,-0.012238,-0.014280,0.005629,0.017306,-0.008267,0.011964,-0.001193,-0.018158
2025-04-11,0.003307,0.002559,-0.004590,0.015663,0.012173,-0.020682,-0.021778,0.015594,-0.006725,0.013387,0.022007,-0.014927,-0.017458,0.038090,0.014278,0.000403,-0.008861,-0.001238,-0.013480,0.023851,-0.006032,0.027633,0.000739,-0.010830,0.000276,-0.039285,0.005776,0.004888,0.022795,-0.026004,0.028863,0.022721,0.030487,0.007001,0.026200,-0.018533,0.020785,-0.005931,-0.021775,-0.012285,0.008049,-0.006888,0.014719,-0.024598,-0.030338,0.032653,0.024218,-0.010938,0.007896,0.026301
2025-04-12,0.013203,0.008325,0.025370,-0.007496,0.006219,0.005336,0.000748,-0.001359,0.006969,0.006277,-0.013214,0.020090,-0.011918,0.001729,0.000342,0.012103,-0.032487,0.021694,-0.006529,0.027617,-0.002950,0.004778,0.040105,0.000665,0.027957,0.006360,0.013135,0.006917,0.020919,-0.006682,-0.012056,-0.005837,0.007452,0.001683,0.018442,0.029142,-0.011908,-0.007554,-0.020195,0.042204,0.011141,0.014294,-0.018466,0.005636,0.014824,0.001108,0.025020,0.047270,-0.011390,-0.012740
2025-04-13,-0.015845,0.028866,0.018717,-0.002485,0.000612,-0.014744,0.015975,-0.006884,-0.004727,0.010912,-0.003430,-0.004275,0.000145,0.014271,0.029591,0.010493,0.014414,-0.003643,-0.012786,0.011726,0.003036,-0.025653,-0.005951,-0.001538,-0.009234,0.026625,0.008591,0.024671,0.004696,0.001419,-0.016905,0.000169,0.000189,-0.024654,-0.009757,-0.005865,0.007397,0.008258,-0.010510,0.008394,-0.003323,-0.051699,-0.008770,0.019376,-0.030318,0.001983,0.028489,-0.013737,-0.000007,-0.023518
2025-04-14,0.031624,0.000834,0.003174,0.026712,0.014241,-0.013427,-0.009317,0.011243,-0.008900,-0.035776,0.001376,-0.024310,0.031427,0.005516,-0.013959,-0.010241,-0.031675,-0.017456,0.020628,0.042506,0.015409,0.000678,-0.005441,-0.014883,0.039410,-0.001063,0.040416,0.027418,-0.029000,-0.009653,-0.009709,0.000897,0.001249,0.056267,-0.017056,0.006456,0.013431,0.002306,0.004318,-0.016472,0.004251,0.011539,0.008231,0.012598,0.027761,0.019200,0.003618,-0.018757,-0.008466,-0.001619
2025-04-15,-0.000841,-0.013993,-0.022227,-0.026771,-0.035105,-0.009613,-0.031837,-0.023393,-0.012474,-0.029430,0.001452,0.007941,-0.015273,-0.013250,0.004290,-0.018235,-0.019473,0.016153,0.010532,0.005444,0.011278,-0.040974,0.018986,0.001674,0.012811,0.001585,-0.004503,-0.010339,0.001225,-0.010995,0.010238,-0.033940,-0.015132,0.031423,-0.016653,-0.009680,-0.021270,0.000662,-0.018636,-0.008724,0.009896,-0.017961,0.008812,0.009417,0.013606,-0.002854,0.052959,0.013598,0.000464,-0.021150
2025-04-16,0.010529,0.037950,0.043048,0.038886,0.026409,-0.010326,0.021045,-0.010069,-0.014499,0.016581,0.021694,0.028537,0.021224,0.021845,-0.005448,0.010386,-0.014852,-0.023785,0.025608,-0.001280,0.027981,0.032226,0.001128,0.022902,0.000375,-0.020950,0.014496,0.003800,0.004354,0.047832,-0.015189,0.019168,-0.005631,0.028625,0.017648,0.019104,-0.004732,-0.001505,0.028966,0.044150,0.020921,-0.003878,0.018377,0.055970,0.014120,0.038589,-0.001050,0.011518,0.023428,0.019428
2025-04-17,0.001673,0.000897,0.033257,0.036916,0.042686,0.047939,0.017891,0.009866,0.039786,0.028303,-0.002216,-0.003138,0.024323,0.012277,0.014992,0.034773,0.029131,0.039406,-0.019300,0.020029,0.027972,-0.012011,0.003680,0.000339,0.015858,0.044769,0.051874,0.000811,0.024946,0.025526,0.022445,0.022650,0.020935,0.045844,0.035312,-0.003615,0.029791,0.031531,0.021137,0.035834,0.018853,0.019076,0.017650,-0.020861,0.014021,0.003439,-0.005888,0.041280,0.024544,0.014931
2025-04-18,-0.008400,0.007098,0.019613,-0.013119,0.001680,0.017392,-0.033081,0.000730,-0.005961,-0.000642,-0.007263,0.004244,0.036392,-0.004064,0.007018,0.037672,-0.008134,0.034431,0.001863,0.033841,0.015270,0.007295,0.000585,-0.009466,0.003131,0.017919,0.001531,-0.003932,-0.002747,0.019631,0.023820,-0.010242,-0.010268,0.008595,0.029262,0.022395,-0.020767,-0.002987,-0.014984,-0.003048,0.030646,-0.023840,-0.027373,-0.013147,0.006938,0.012940,0.009641,0.022929,-0.029969,0.023157
2025-04-19,0.013615,0.032400,-0.004589,0.019322,0.023486,0.040036,-0.009302,0.019786,-0.000301,0.028332,0.033223,0.042402,0.009602,0.035923,0.043729,-0.010346,0.030255,0.036486,0.014576,-0.002561,0.036206,-0.002358,0.016023,0.018511,0.032113,0.007954,0.006910,0.021013,0.037348,0.060407,-0.007902,0.024909,-0.000325,0.037572,0.002339,0.007089,0.008626,0.017861,0.025050,0.027940,0.019129,-0.004705,0.032333,0.018280,0.040144,0.006494,-0.009608,0.018620,0.042560,0.022130
2025-04-20,-0.007911,-0.019984,0.027322,-0.022850,-0.017374,0.005943,-0.037726,0.018625,0.006918,0.011869,0.005729,-0.007218,-0.023454,-0.006839,-0.021872,0.004433,0.010205,0.022265,0.002375,0.012325,-0.009666,-0.012926,0.004209,-0.011274,0.000528,-0.023419,-0.020187,0.007120,0.011643,-0.022059,0.007754,-0.013907,-0.004020,0.021188,0.010217,0.010008,0.030041,-0.016987,-0.022063,-0.017316,-0.008898,-0.046699,-0.008051,-0.014120,0.009790,0.002026,-0.015130,0.006302,0.008701,-0.018151
2025-04-21,-0.017302,-0.048484,-0.028060,-0.021792,-0.007093,-0.025445,-0.017670,-0.030484,-0.005348,-0.000765,-0.001185,-0.008205,-0.036167,-0.019587,-0.015759,-0.015687,-0.007078,0.017232,0.006190,-0.026203,0.003783,0.003098,-0.022937,0.006852,-0.011315,-0.033807,-0.000234,-0.004522,-0.012526,-0.009102,-0.021371,0.002555,-0.009210,-0.005432,-0.001999,-0.029210,-0.024525,-0.048207,0.001738,-0.030248,-0.006042,-0.001750,0.002415,-0.030100,-0.009601,0.021637,0.022430,0.009344,-0.002353,-0.026520
2025-04-22,0.008406,-0.007374,0.005560,-0.015920,-0.007642,-0.001575,-0.000096,0.004358,-0.014955,-0.028708,0.024717,0.040277,0.003524,-0.028361,-0.018447,0.004635,0.019611,-0.026361,-0.006767,-0.001003,0.011033,-0.010714,-0.032678,0.006652,0.015717,-0.006016,0.002765,-0.013070,-0.019753,0.013946,0.002446,0.004297,0.022509,-0.023516,-0.014466,-0.001686,-0.014687,0.009567,-0.007902,-0.022395,-0.003345,-0.001463,0.012295,0.002547,0.003771,0.001236,-0.007917,-0.017421,0.000670,-0.010526
2025-04-23,0.029416,0.023159,0.010391,0.005812,-0.002584,-0.023701,-0.004891,0.000825,0.003130,0.007451,0.015584,-0.013459,-0.013296,0.025115,0.012877,-0.008034,-0.002930,-0.002849,-0.000432,0.007508,0.044630,0.002415,0.010926,-0.031357,-0.009729,0.021118,0.006241,-0.080004,0.011132,0.033527,-0.036927,0.026349,-0.050896,0.015884,-0.001156,-0.043300,0.007030,0.019715,0.005550,0.009527,-0.008410,-0.034505,0.011453,0.030495,0.019332,-0.036782,-0.028268,-0.016228,-0.029674,-0.000205
2025-04-24,0.024308,-0.008518,0.031215,0.028047,0.007360,0.014121,-0.017870,0.011246,0.017360,0.020264,0.024047,0.021623,0.012469,0.022378,0.035263,0.015508,0.022944,0.013876,0.005585,0.026639,0.007233,0.024178,0.017735,0.011756,0.011320,0.008081,-0.012398,0.024119,0.021395,0.032521,0.007661,0.051344,0.010392,0.001475,-0.000659,-0.013984,0.044814,0.041906,0.028040,0.001097,0.049830,0.010896,0.012384,0.043098,0.029087,0.056847,0.021704,0.010080,0.006214,-0.016019
2025-04-25,-0.006459,0.019158,0.009335,-0.001079,-0.019353,0.002639,0.016786,0.006309,0.001557,-0.015790,0.014165,-0.057819,0.005447,0.044821,-0.028595,-0.005789,-0.001587,-0.009771,0.017210,0.007060,0.001297,0.012907,-0.001143,0.055793,0.001280,0.002071,-0.032233,-0.011226,0.019208,-0.025483,-0.040280,-0.000863,0.023229,-0.000681,-0.007495,-0.034897,0.006696,0.010459,-0.033516,0.018977,0.012338,0.018937,0.009059,0.010322,0.007929,0.014188,-0.034182,-0.028463,-0.014692,-0.003781
2025-04-26,0.001377,0.000235,0.014498,0.015063,-0.021312,-0.001315,-0.020870,-0.008998,0.000183,-0.066966,0.037793,0.004586,-0.016332,0.029083,-0.011863,-0.003224,-0.014378,0.024126,-0.007499,-0.002919,0.016059,0.004923,-0.006588,0.014378,0.040083,0.000104,-0.003508,-0.002538,0.017978,-0.016395,-0.010619,-0.033283,-0.026919,-0.014930,-0.006616,0.026234,0.004038,-0.022027,-0.018713,0.019136,0.014669,-0.005103,-0.013575,0.014639,-0.023489,0.001447,0.035298,-0.001913,-0.019570,0.001777
2025-04-27,-0.014349,-0.030983,0.006730,0.014232,-0.011485,-0.012679,-0.023197,-0.008588,-0.016012,-0.024087,0.028170,0.002508,0.004414,0.010012,0.007990,-0.013325,-0.000983,-0.010731,0.002003,0.000262,-0.012777,-0.029816,-0.003257,-0.009566,-0.039916,0.003249,0.011487,0.039622,-0.012930,-0.015586,-0.025858,-0.002133,-0.002247,-0.020492,-0.009038,-0.041505,0.010786,-0.019761,-0.006513,-0.031569,-0.016371,-0.010922,-0.006092,0.002746,0.020014,0.007300,0.011430,0.020141,0.004366,-0.006550
2025-04-28,0.026952,0.028102,0.020462,-0.017395,-0.006358,0.003841,0.022821,0.008404,0.029252,0.032462,0.030373,0.030488,-0.009878,0.017476,-0.002147,-0.020895,0.003614,0.032633,0.017082,0.045109,0.011978,0.052849,0.011984,0.009193,-0.014241,0.028778,-0.000250,-0.002859,0.031850,0.029636,0.029165,0.002269,0.007871,0.007711,0.022873,0.036752,0.015415,0.044336,0.024938,0.004562,0.023705,0.039495,0.044757,0.030152,0.009250,0.004888,0.019157,0.038920,0.016596,0.016970
2025-04-29,0.008686,0.001859,0.004842,0.010198,0.038686,0.003446,0.008708,-0.007816,0.020660,0.032361,0.037002,0.011421,0.018099,0.004997,0.017265,0.013412,0.008809,0.010240,0.015895,0.002466,0.003396,0.038493,0.056550,-0.013918,-0.014910,-0.009468,0.005901,0.023885,0.018403,0.010857,0.017281,-0.004697,0.003366,0.007399,-0.020755,-0.013143,-0.012428,0.021515,0.012177,0.018760,-0.025353,-0.018944,0.019698,-0.042255,0.029804,-0.025059,0.022941,-0.008234,0.026641,0.065507
2025-04-30,-0.043833,0.009601,-0.035462,0.004766,-0.006637,-0.000579,-0.019326,0.011134,-0.028986,0.019434,-0.010282,-0.028164,0.025793,-0.004128,0.031422,0.019069,-0.017282,-0.004445,-0.000737,0.024558,0.004960,0.000258,-0.006513,-0.003825,0.020567,-0.002849,-0.010025,-0.013077,-0.012883,-0.028153,-0.016422,0.024056,-0.006634,0.009764,-0.047533,0.007314,-0.005820,-0.011581,0.000342,-0.011840,-0.041145,0.013685,0.001459,-0.008566,-0.020307,-0.029373,0.001115,0.026126,0.000742,-0.027805
2025-05-01,-0.008874,-0.013886,0.002627,-0.002004,-0.066670,-0.003111,-0.030988,-0.038517,-0.016318,-0.005528,-0.042459,-0.000243,0.000814,-0.012080,-0.028543,-0.030554,0.005541,-0.040128,0.006235,-0.015899,-0.014651,-0.043671,-0.015567,-0.001881,-0.036981,-0.003950,-0.011323,-0.024513,0.002458,-0.052566,-0.006685,0.016224,0.012993,-0.005909,-0.018356,-0.024370,-0.018378,-0.003137,-0.027456,0.000708,0.025471,-0.014040,-0.037125,-0.037131,0.001053,-0.014001,0.002857,-0.022531,0.002026,-0.015775
2025-05-02,-0.020731,-0.014764,-0.029093,0.028263,-0.009281,0.004055,-0.017210,-0.026481,-0.011756,0.012276,-0.016919,-0.023215,-0.004748,0.001437,0.022025,-0.001178,0.004046,0.005401,-0.028300,-0.024886,-0.027056,-0.031524,0.006772,-0.002325,-0.006115,-0.054215,0.029453,-0.023643,0.029387,-0.033632,-0.022169,-0.047197,-0.001028,-0.027368,-0.026860,-0.032251,0.006447,0.005260,0.025071,-0.019889,-0.003607,-0.030754,-0.013577,-0.016885,0.000814,0.010761,0.010293,-0.022716,0.010427,-0.008339
2025-05-03,0.007130,0.000220,0.002894,0.044335,0.018506,0.016116,0.008253,0.057001,0.036463,-0.000006,0.008048,0.009117,0.015599,0.000351,0.020872,0.039111,-0.010672,-0.007334,0.004276,0.005111,0.048945,0.031004,0.029971,0.008214,0.007819,-0.013158,0.027044,0.021812,0.036121,0.009178,0.010421,0.016034,0.029027,-0.013491,0.026222,0.012604,-0.006083,-0.024550,0.010516,0.039032,0.043117,0.019370,0.048289,0.012200,0.030132,0.004851,0.003710,0.000778,-0.024117,0.036141
2025-05-04,-0.006010,-0.008886,-0.015700,0.001861,0.037282,0.043227,-0.024356,-0.000841,-0.013079,0.023329,0.010698,-0.005919,0.006846,-0.003054,0.034596,0.015385,0.017596,-0.042465,0.004337,0.043037,0.029410,-0.027708,-0.000102,-0.016088,0.036339,0.009936,-0.008281,0.006154,-0.041393,-0.013990,0.006195,0.020762,-0.029404,-0.001321,0.023714,-0.020587,0.009665,0.006727,0.036398,0.001397,0.002451,0.020929,-0.018335,0.001564,-0.002664,0.003039,0.020811,0.015514,-0.007937,0.008000
2025-05-05,0.027879,-0.013913,0.003664,-0.002426,-0.000083,-0.028301,0.026445,-0.012887,0.019521,-0.010133,-0.010208,0.022888,0.018941,0.004807,0.014752,-0.004143,0.000901,-0.010858,0.017324,-0.011430,0.027784,-0.004634,0.001420,0.014708,0.001481,-0.004311,0.000511,0.017140,-0.010880,-0.001221,0.001236,0.016614,-0.000746,0.033601,-0.001766,-0.003227,-0.002027,-0.022648,-0.017610,-0.008501,0.021496,0.000455,-0.007672,0.023129,0.028973,0.023648,-0.014304,-0.007863,0.033699,0.005392
2025-05-06,0.009218,0.026966,0.032167,0.003750,0.017986,0.030714,-0.006850,0.014258,-0.006023,-0.003669,0.003900,0.022624,0.008239,0.002364,0.014964,-0.006610,0.021754,0.034401,0.012610,0.010388,0.020758,-0.022477,0.023698,0.069870,0.011827,0.011891,0.027421,0.043652,0.031585,-0.024765,0.024177,0.060330,0.025240,-0.006747,0.019109,-0.009017,0.036226,-0.003170,0.015372,-0.001404,0.004200,0.040786,0.015898,0.003970,-0.006579,-0.019655,-0.008487,0.016051,0.031680,0.003949
2025-05-07,0.042950,0.001765,0.010396,-0.004752,0.032514,0.052435,-0.017033,0.008449,0.037446,-0.011365,0.024880,0.036666,0.016088,0.024585,0.046376,0.049752,0.013565,0.005097,-0.001880,0.032265,-0.010012,0.010134,0.016528,0.005626,0.019717,0.060841,0.012491,0.006843,0.032956,0.018992,0.040588,0.017644,0.010208,-0.017427,-0.014475,-0.018363,0.021508,-0.009841,0.037280,0.015224,0.010285,-0.000509,0.025881,0.000199,-0.003057,0.036070,0.021063,0.010451,0.026226,0.014841
2025-05-08,0.007215,-0.014382,0.037588,-0.010112,0.028330,-0.003078,0.014849,0.013537,0.020965,-0.014810,0.019683,0.033557,-0.004335,0.000946,-0.009101,-0.005915,0.031127,-0.017755,-0.016637,0.029317,0.011563,0.038488,-0.007787,0.002594,-0.011571,0.002901,-0.031613,0.012650,0.006144,-0.000715,-0.006705,-0.015784,0.013420,-0.020758,0.009535,0.037661,0.027061,-0.026771,-0.009340,0.007907,-0.000944,-0.024868,0.007257,0.000141,0.034779,-0.004237,0.021345,-0.022486,-0.018183,0.013311
2025-05-09,0.019961,-0.016780,0.000887,-0.024415,-0.002808,0.015518,-0.007376,-0.004029,-0.019883,-0.011217,0.032099,0.001766,-0.017588,-0.005212,-0.028300,-0.017801,0.024940,-0.002111,0.034487,-0.001263,-0.000194,0.011990,-0.047653,0.004142,-0.000428,0.027202,0.017818,-0.019953,0.022812,-0.004268,-0.015827,0.004001,-0.003196,0.028146,0.006585,0.004155,0.016665,0.020125,0.014558,0.026004,0.011410,0.003471,0.022759,-0.001183,0.001052,0.031442,0.029648,0.000306,-0.007710,0.026791
2025-05-10,0.010797,0.002070,-0.009404,0.002360,-0.004001,-0.015569,-0.001288,0.001167,-0.010368,0.012658,0.019588,0.013847,-0.008583,0.009994,-0.002207,-0.025854,0.008498,-0.000980,0.043073,0.022620,0.009190,0.000874,-0.000664,-0.021677,-0.034913,-0.019317,-0.004470,-0.041510,-0.013409,-0.008068,-0.007488,-0.015522,-0.009758,0.027419,0.008308,-0.013696,-0.004841,-0.004120,-0.017434,-0.017455,0.014579,-0.011167,-0.023315,-0.004387,-0.001487,-0.039119,-0.004344,0.012013,0.004511,0.036526
2025-05-11,0.021051,0.024612,0.048932,0.012178,0.001466,0.016058,-0.011535,0.000469,-0.013128,0.005695,-0.013204,-0.013834,0.005973,-0.003948,-0.036165,-0.027669,-0.022120,-0.017363,0.005990,0.002472,0.017706,0.012081,0.017825,0.009482,0.002305,0.018319,0.015080,0.005301,0.021410,-0.043693,-0.006697,-0.006973,0.019279,0.026816,-0.027572,0.023932,-0.022555,-0.022011,-0.005686,-0.007197,-0.029521,0.010229,0.010760,0.017504,-0.009271,-0.002182,-0.002017,0.028915,-0.052486,-0.018694
2025-05-12,-0.010022,-0.029662,-0.014771,-0.012391,-0.021960,-0.008961,0.001185,-0.014374,-0.018279,-0.013105,-0.010255,-0.041447,-0.001814,-0.018240,0.012586,0.000517,0.010940,-0.028320,-0.016806,-0.032486,-0.022815,0.012416,0.016653,-0.030788,-0.018371,-0.011493,0.000419,-0.041798,-0.038976,-0.001308,-0.045204,-0.018164,-0.007204,-0.002640,-0.012672,-0.016705,0.005081,-0.004988,-0.021768,-0.009443,-0.003224,0.020807,0.004032,0.011740,-0.021112,-0.019557,-0.014358,-0.012706,-0.028266,0.012665
2025-05-13,0.005750,-0.015653,0.001400,-0.006139,0.002806,-0.034348,-0.012773,-0.011195,0.001075,-0.021463,-0.055150,-0.029621,-0.011250,-0.009001,0.020157,0.000339,-0.008683,-0.010734,0.009725,-0.020773,-0.012676,-0.029757,0.015390,-0.003086,-0.022886,-0.012211,-0.000977,-0.014664,-0.019771,-0.021928,-0.004049,-0.016596,-0.018318,-0.034200,-0.008753,-0.013413,-0.015940,-0.006573,0.003313,0.002477,-0.000202,-0.014483,-0.020357,-0.028941,-0.020828,-0.009797,-0.024304,-0.008422,-0.027529,-0.040049
2025-05-14,0.002926,-0.020363,-0.026890,-0.031512,-0.004208,0.012925,-0.019078,-0.015703,0.007466,-0.044411,0.023580,0.032171,-0.060537,-0.013578,-0.024764,-0.016589,-0.019354,0.002789,-0.013849,-0.028219,-0.014922,-0.002557,-0.033130,-0.041455,0.024046,-0.023387,-0.014295,-0.018983,-0.001958,0.020087,-0.001384,-0.039154,-0.036737,-0.019005,-0.016651,-0.042818,0.002925,-0.031377,0.015056,0.020948,-0.016292,-0.003922,-0.033998,-0.000597,-0.020791,-0.031393,-0.017031,-0.020207,-0.017676,0.005271
2025-05-15,-0.005748,0.039618,-0.015464,0.037465,-0.009910,0.008369,-0.000436,0.002200,0.022812,0.035384,0.029817,0.001100,0.011704,-0.005690,-0.009461,-0.012246,0.000511,0.012880,-0.026025,0.007553,0.035676,0.028582,-0.002146,-0.016756,0.016664,-0.033326,0.028370,0.004543,0.041351,-0.022698,0.024914,0.006578,0.002428,-0.016270,0.019111,0.020558,0.040520,0.026532,-0.002303,-0.009682,-0.016246,0.034905,-0.005620,0.035031,0.017839,0.014325,0.002864,0.020279,0.008109,0.001741
2025-05-16,0.001866,-0.013254,-0.025032,0.000135,-0.011814,-0.001862,-0.018832,-0.032426,0.020569,0.017177,0.005246,-0.017643,-0.016068,0.014220,-0.017031,-0.022048,0.023038,-0.011520,0.021170,-0.035833,-0.001335,0.026617,-0.010127,-0.015414,-0.031682,0.008820,-0.024524,-0.012369,-0.032883,0.017362,0.010126,-0.011231,-0.031437,0.016984,-0.017249,-0.030556,-0.042380,-0.022289,-0.036846,-0.021873,0.002737,-0.017419,-0.004260,-0.023682,-0.009489,0.023914,-0.016935,-0.003742,-0.038842,0.016700
2025-05-17,0.006030,0.033529,0.012402,0.025628,0.026698,0.006476,0.034274,0.000958,0.028623,0.007596,0.020912,0.006304,0.015519,-0.004725,0.019076,0.015415,0.004897,0.013629,0.017032,0.003525,0.012302,-0.003480,0.056843,0.033684,0.019535,0.035718,-0.021007,-0.031419,0.007432,-0.010194,0.010361,0.018322,0.031187,-0.005869,0.021813,0.014879,0.020875,0.005264,0.039516,0.012757,0.046555,0.000393,0.027991,0.013546,0.008720,0.026001,0.009235,-0.033296,-0.040512,0.037523
2025-05-18,0.017466,0.029293,-0.004994,-0.027946,-0.012231,-0.004473,-0.022805,0.024996,0.035632,0.003930,-0.004874,-0.027988,0.023157,-0.003305,-0.009884,0.003982,-0.015222,-0.002035,-0.030643,0.014889,-0.006558,0.016180,-0.008299,-0.007130,-0.026500,0.008997,-0.020444,-0.013434,-0.004660,-0.002497,-0.035388,-0.008833,0.009635,-0.011489,-0.008724,-0.001755,-0.006946,-0.023228,-0.005333,0.013215,-0.023600,-0.011419,-0.029548,0.012266,-0.006341,-0.019982,-0.003018,-0.026344,-0.023282,-0.030961
2025-05-19,-0.006113,0.037521,-0.000107,0.021481,-0.001965,0.026761,-0.005381,0.013795,0.014040,0.054989,0.024437,0.002417,0.025420,0.051576,-0.016245,-0.002076,0.008825,0.005581,0.007099,-0.010387,0.038360,-0.012518,0.009485,0.031914,0.012546,-0.004540,-0.011187,0.008949,-0.000538,0.016783,-0.012137,0.027724,0.015169,0.016506,0.039028,0.005209,0.000024,0.003229,0.009623,0.011452,-0.001864,-0.023327,0.002992,0.019566,0.015542,0.034681,0.048288,0.026757,0.037974,0.026891
2025-05-20,0.028730,0.031267,0.015073,0.010666,-0.005743,-0.002792,-0.008129,0.009134,-0.015015,-0.005488,-0.044441,0.028967,-0.006017,0.006152,0.024192,0.003357,0.023950,-0.024400,0.041104,0.017520,0.001717,0.023603,-0.023084,-0.007243,0.023948,-0.035655,0.008040,0.007531,0.033398,-0.030542,0.026925,-0.012119,-0.010095,-0.024044,-0.021630,0.005215,-0.022070,0.011277,-0.013982,-0.023883,-0.011549,0.004012,-0.007041,-0.001433,0.010483,0.017435,-0.007630,-0.020844,-0.000679,0.006423
2025-05-21,-0.036990,-0.026727,-0.023642,-0.014437,-0.024395,0.002030,-0.039589,-0.039131,-0.016707,-0.013858,-0.036880,-0.021618,-0.017915,-0.017776,-0.007963,-0.022605,0.015905,-0.001909,-0.025225,-0.008995,-0.008464,0.011168,-0.021503,0.003116,-0.009943,0.016152,0.012540,-0.007151,-0.015418,-0.001578,-0.013945,0.019549,-0.009284,-0.017998,-0.018970,-0.032531,-0.000678,-0.025457,0.009070,-0.033969,-0.008406,0.010007,-0.049437,0.025632,-0.018352,-0.008157,-0.000410,0.002374,-0.005767,0.007256
2025-05-22,0.019166,0.041519,0.019225,0.045187,0.026043,-0.022680,0.056823,-0.000515,0.036743,0.010305,0.028923,-0.002569,0.021087,0.005266,0.038245,0.017719,0.026670,-0.029130,0.008283,0.017213,0.013848,0.027124,0.003237,0.010701,0.031085,-0.031193,0.020432,0.003813,-0.006599,0.015881,0.031917,0.028528,0.007391,0.025587,0.025448,0.008251,-0.002652,-0.001611,0.024905,0.009065,-0.009008,-0.020504,0.024796,-0.000019,0.015770,0.032138,-0.013737,0.009011,0.006751,0.016659
2025-05-23,0.032978,-0.013257,0.020930,0.029241,0.007319,0.008199,0.018206,0.016880,0.021156,0.020776,-0.007002,0.028498,0.031676,0.014023,-0.016221,0.008608,0.014173,-0.009929,0.004191,-0.014695,0.021605,0.013661,-0.018951,0.017000,0.009656,0.019969,0.003626,-0.003753,-0.003202,0.000986,0.011012,0.013337,0.007240,0.003054,0.004348,0.055812,-0.003200,0.000630,0.069963,0.018252,-0.014166,0.025842,-0.005707,0.027037,0.006876,0.002757,0.039638,0.020869,0.028187,0.018502
2025-05-24,-0.013944,0.005061,0.015822,-0.003518,0.026486,0.009365,-0.002128,-0.001417,-0.003473,-0.028466,-0.007565,-0.001962,-0.013433,0.000135,-0.005560,0.007983,0.005992,-0.002935,-0.030553,0.026289,-0.008498,-0.007400,-0.012109,-0.014735,0.021849,0.019005,0.002056,-0.007879,0.005201,-0.004615,-0.009368,0.000142,-0.013884,-0.001403,-0.002268,0.004909,-0.017088,0.006839,-0.022257,-0.016250,-0.015464,-0.025240,0.012338,-0.023387,-0.018524,0.016654,-0.016214,-0.009330,-0.024160,0.009050
2025-05-25,0.013433,0.011493,0.007868,-0.000483,-0.011247,-0.016477,0.021410,0.011959,-0.014287,-0.001091,-0.007210,-0.022116,0.001390,-0.009287,-0.018954,-0.028432,-0.029956,-0.008494,-0.003340,-0.017563,0.009905,-0.002988,0.008576,-0.005100,-0.015976,0.000246,-0.024536,0.007902,-0.018677,0.014720,-0.007900,0.017318,-0.022015,-0.014008,0.005049,0.019261,0.028191,-0.001063,0.031272,-0.007022,0.017970,-0.018767,0.005756,-0.043958,-0.021997,0.006592,-0.025432,0.005877,0.014508,-0.010832
2025-05-26,-0.023383,-0.014477,-0.023326,-0.007764,-0.004104,-0.011450,0.024197,-0.018891,0.019104,-0.024684,-0.004632,0.015354,0.014423,-0.013506,0.004050,0.001639,-0.015661,0.005145,0.027583,0.002549,0.004253,0.006157,-0.032239,0.002342,-0.024243,-0.016560,0.032973,-0.010500,-0.019265,0.014805,-0.023000,-0.013995,0.016541,-0.005172,-0.034050,0.003850,-0.013078,0.021776,-0.016853,0.012980,0.026021,-0.021259,-0.009420,0.001054,-0.021374,-0.001076,-0.009990,-0.010353,-0.005061,-0.004659
2025-05-27,0.002662,-0.011067,-0.010281,-0.002422,-0.001093,-0.008187,0.005543,-0.032954,-0.013436,-0.005326,-0.015698,0.029038,0.000052,0.002894,-0.008986,-0.000572,-0.022162,-0.003344,-0.017154,-0.005281,-0.046366,-0.020592,0.026063,0.014659,0.023455,0.024691,0.011826,-0.008439,-0.018958,0.020354,0.000874,0.044605,-0.006860,0.035224,-0.003110,0.023761,0.030253,-0.018701,-0.009018,-0.018881,-0.022427,0.011719,-0.003827,0.000655,0.009725,-0.033721,0.022874,-0.006571,0.009295,0.010885
2025-05-28,0.026031,-0.000531,-0.036869,0.002385,0.004969,-0.017260,0.004011,-0.005142,-0.022813,0.013443,-0.008791,-0.005958,-0.006970,0.023595,0.000620,0.002780,-0.006575,0.009688,0.025644,0.013018,0.013720,0.012269,-0.023488,-0.014414,-0.002333,-0.011709,-0.017805,-0.032343,-0.022881,-0.003261,0.000107,-0.012919,0.002777,-0.006453,0.020987,-0.001553,0.013890,0.005014,-0.023881,-0.000275,-0.020885,-0.000590,-0.012056,0.008232,-0.022806,0.001621,0.011660,0.017693,-0.012399,0.001676
2025-05-29,0.001365,0.025898,-0.028614,-0.018350,0.048530,-0.006866,-0.035988,-0.012436,-0.051790,0.002387,0.012626,-0.018360,-0.010423,0.014676,-0.033454,-0.025738,-0.006056,-0.015492,-0.007240,-0.024697,0.001908,-0.004636,0.007935,0.001657,0.001770,-0.027983,0.006917,-0.007906,-0.004949,0.016919,-0.014900,0.022371,0.024051,0.011600,-0.019601,-0.041303,0.017469,0.000055,-0.015364,0.019174,-0.017458,-0.009585,0.007498,-0.021995,-0.003921,0.017655,0.001850,0.020504,0.018455,-0.001811
2025-05-30,-0.054577,-0.032420,0.001224,-0.040421,-0.018396,-0.006423,0.013936,-0.022866,-0.024099,-0.013460,-0.006200,-0.015292,0.006371,-0.026901,-0.010353,-0.004502,-0.019720,0.002599,-0.009835,0.001683,-0.009022,-0.005741,-0.023899,-0.023870,0.009523,-0.001077,-0.030929,-0.009260,-0.055244,-0.022847,0.004782,-0.014769,-0.010394,-0.066811,-0.019577,-0.006427,-0.004141,0.004806,-0.016301,-0.015498,-0.036494,-0.016197,-0.035224,-0.045778,-0.032049,0.014640,-0.017386,-0.008558,-0.021759,-0.044746
2025-05-31,0.013248,-0.042702,-0.013589,-0.004585,0.000546,-0.016679,-0.036686,-0.018022,-0.017080,-0.017518,0.013859,-0.025447,0.001815,-0.000753,0.013686,-0.005999,0.010638,-0.006702,0.004217,-0.030655,-0.051091,0.003194,0.004159,0.004957,-0.013051,0.023213,-0.011880,0.003973,0.007101,0.027335,-0.009309,-0.015360,-0.030569,0.024340,0.003983,0.004553,0.052498,0.002248,-0.027044,-0.007129,-0.021148,-0.010728,-0.010849,-0.014169,-0.028681,0.025063,0.001777,-0.007661,0.010035,0.004877
2025-06-01,0.010608,0.017975,0.008056,0.017709,0.019201,0.008574,0.001678,0.033192,-0.002957,0.012689,0.013096,-0.005327,-0.008895,-0.000724,-0.003215,-0.020601,-0.006082,0.010437,0.028432,0.015624,-0.041146,0.017189,-0.004401,0.013801,0.005391,0.002177,0.003805,0.005242,0.029845,0.005291,0.025185,0.022564,0.017652,-0.026514,0.025745,-0.002597,0.018528,-0.011860,-0.015686,0.041220,-0.011580,0.026275,0.007777,-0.001917,0.004838,-0.017774,0.005398,-0.013844,-0.001473,0.022301
2025-06-02,0.003651,-0.027603,0.014403,-0.001052,-0.010683,0.012516,-0.003934,-0.021906,0.032336,-0.001235,-0.002389,-0.008216,0.020315,-0.010372,-0.028734,-0.013140,0.022958,0.014054,-0.005514,0.023795,0.012539,-0.005723,-0.003910,0.005004,-0.015898,-0.000843,0.004629,-0.031289,-0.004332,-0.006379,0.017581,-0.034125,-0.007791,-0.009596,0.016357,-0.001708,0.031406,0.010996,-0.008308,0.003390,-0.007297,0.014545,-0.024904,-0.015751,0.007278,0.021140,-0.040560,0.023816,-0.003447,-0.034834
2025-06-03,-0.055809,-0.029307,-0.002132,-0.002964,0.009620,-0.011668,-0.021722,-0.009213,-0.001173,0.002376,-0.015983,0.014448,-0.012963,-0.017432,-0.011541,0.017570,-0.004168,-0.014279,0.014892,0.036792,0.001997,0.020432,0.016872,-0.012679,-0.001298,-0.024863,-0.005467,-0.013049,-0.009030,-0.015276,-0.006945,0.007803,-0.003928,-0.035336,-0.015208,-0.029127,0.002616,0.007282,0.002840,-0.015951,0.002666,-0.010240,-0.022266,0.011577,0.012947,0.015303,-0.012728,0.019451,-0.010662,0.009985
2025-06-04,-0.015318,-0.010153,-0.049703,-0.011556,-0.004482,-0.013502,0.025490,-0.027046,-0.016266,-0.022409,-0.016270,0.012444,0.020483,-0.018736,-0.019136,-0.026950,0.017392,0.014056,-0.008029,-0.031251,-0.029642,-0.003050,0.003766,-0.043312,-0.011905,0.023008,-0.010037,0.020692,0.005561,-0.025639,-0.011390,-0.008438,-0.023267,-0.023579,0.021000,-0.023714,0.013290,-0.013978,-0.006583,0.003992,-0.016896,0.004101,-0.042957,0.001793,-0.050555,-0.010205,0.009255,0.005080,-0.029493,-0.027176
2025-06-05,-0.016208,-0.000460,-0.040387,-0.004050,0.001793,-0.008907,0.005643,0.000215,-0.013562,-0.038664,-0.001411,-0.020968,-0.014223,0.004812,0.021700,-0.004497,0.006161,-0.029813,0.000607,-0.004891,0.018314,-0.013541,-0.008162,0.015246,-0.005469,-0.023772,0.042117,-0.023227,-0.004977,0.002428,0.001005,-0.007228,-0.007138,-0.008041,-0.023899,0.034892,-0.007772,0.006932,-0.009836,-0.010198,-0.012010,-0.031710,-0.006704,-0.011139,0.017275,-0.025353,-0.014201,-0.019984,0.022153,-0.019462
2025-06-06,0.020846,0.028187,0.008094,-0.014058,-0.013830,0.026200,-0.011966,0.017781,0.012783,0.017513,0.019213,-0.006082,-0.006835,0.023593,-0.000604,-0.038778,0.022402,-0.007928,0.019133,0.035795,0.011026,0.028648,0.013493,0.039298,-0.008394,0.010577,0.022841,0.007297,0.031464,0.002948,0.047973,0.048924,0.015802,0.020671,0.032175,-0.010645,-0.012892,0.033340,0.015656,0.006647,0.010925,-0.032224,0.007294,-0.002830,0.027250,0.028635,0.021105,0.017843,-0.016228,0.021356
2025-06-07,0.003703,0.014787,0.030501,-0.038092,-0.014619,-0.020987,-0.004521,-0.007385,-0.011840,0.010870,-0.027452,-0.026367,-0.026062,-0.014112,-0.029741,-0.008501,-0.010605,-0.021784,0.008101,-0.008697,0.011501,-0.011137,-0.008062,-0.017756,-0.007753,0.005194,-0.015030,0.001705,-0.022256,0.006037,-0.018065,0.007704,-0.006529,0.019751,-0.028400,-0.034198,-0.018718,-0.032549,-0.032516,0.003562,-0.007702,-0.016261,-0.014592,-0.018377,0.022080,-0.020865,-0.031425,0.006703,-0.011510,0.029072
2025-06-08,-0.003702,0.020998,0.025249,-0.003614,-0.007603,0.019115,0.016118,-0.019621,-0.014542,-0.039886,0.016487,0.001057,0.002851,-0.024676,-0.013996,-0.002833,-0.006332,0.007891,0.016272,0.046623,0.005410,0.025847,-0.009170,-0.024379,-0.000572,-0.022989,0.006034,-0.008278,-0.029407,0.037018,-0.003906,-0.023707,0.021937,-0.007345,0.025393,-0.007431,-0.003966,0.011977,0.016448,0.019603,0.004155,0.015285,0.019191,0.009380,0.003202,-0.020245,0.016555,0.006529,-0.001675,0.028770
2025-06-09,-0.024782,0.030511,0.000518,0.006634,-0.006192,-0.029089,-0.001594,0.006944,0.013091,-0.002646,-0.038547,-0.026831,0.037855,-0.018747,0.026606,-0.015895,-0.002365,0.012173,-0.013845,0.029579,0.002282,0.009214,-0.003898,0.012776,0.029337,-0.001444,0.032054,-0.010090,0.014673,0.009723,-0.018316,0.004767,0.001051,-0.014439,0.007363,0.003552,-0.000388,-0.000316,-0.000701,-0.005700,0.003436,-0.010672,0.048741,-0.024449,-0.009606,-0.008185,0.037648,-0.022844,0.008585,0.005390
2025-06-10,0.008347,0.024597,0.024228,-0.005775,0.005835,-0.031211,0.004126,-0.011949,-0.001012,-0.027994,0.009630,-0.028196,0.005012,-0.019734,-0.012951,0.023128,0.012925,0.023028,0.030418,-0.011568,0.029324,-0.024036,0.015772,-0.006537,-0.014403,0.013403,0.019352,0.018817,0.006210,0.004718,0.011826,0.007810,0.012087,0.006015,0.017513,-0.026947,-0.000020,-0.022567,0.007323,0.031897,-0.006191,0.004633,0.015959,-0.034876,-0.007055,0.008904,-0.049803,-0.015240,0.022158,0.020397
2025-06-11,0.002045,0.011187,-0.000821,0.005304,-0.010375,-0.002608,-0.016076,0.018050,0.022695,0.020145,-0.012039,-0.021861,0.018293,0.005097,0.001222,-0.016098,0.002969,-0.024228,0.006720,0.020127,0.024666,0.008060,-0.029569,-0.001141,0.033821,-0.020328,-0.005758,0.020750,0.006415,0.039950,-0.017885,-0.022509,0.017341,-0.026219,-0.008235,-0.005875,0.013955,0.006364,0.003534,-0.011937,0.017177,0.067772,0.007750,-0.002899,-0.028054,-0.016168,-0.008540,-0.014316,-0.004982,0.027311
2025-06-12,0.020496,-0.004812,-0.023702,0.022120,-0.002836,-0.033030,0.010871,0.016510,-0.045619,-0.016795,-0.003941,0.011268,-0.011236,-0.016931,0.011136,-0.010383,0.007804,-0.021960,-0.026295,0.011642,0.002593,0.014651,-0.011539,-0.016265,0.022540,-0.029366,0.020573,0.021816,0.013529,-0.014333,-0.016650,-0.005734,-0.025264,-0.019263,0.009652,0.009735,-0.020845,0.010217,0.006225,0.025225,0.008292,0.017102,0.006635,0.015686,-0.025121,-0.004144,-0.002654,-0.006340,0.006037,0.009466
2025-06-13,0.007599,-0.002646,-0.012704,0.020288,0.006834,-0.017796,-0.002948,-0.030841,0.001175,-0.003032,-0.009802,0.029062,-0.020272,0.013254,0.039900,0.019930,-0.000029,-0.019874,-0.023978,-0.006869,-0.011827,-0.012413,-0.005335,-0.001302,0.009273,-0.021742,-0.011742,-0.002335,-0.002980,0.033594,0.004719,-0.028506,0.008066,0.010361,-0.001713,-0.021302,0.032184,-0.018719,0.012433,0.004140,0.011353,0.031262,0.010648,-0.009517,0.020447,-0.010821,0.003483,-0.022737,-0.018060,0.001464
2025-06-14,0.003457,-0.033812,0.005782,-0.017919,0.019866,-0.009504,-0.023394,-0.001804,-0.019661,0.019672,-0.003159,-0.005899,0.007484,-0.021258,-0.026374,0.004182,-0.022963,-0.022969,0.011893,0.006282,-0.025738,-0.014313,-0.019436,0.028805,0.013139,-0.010744,0.007203,-0.027580,-0.015276,-0.001281,0.004971,-0.004923,0.001295,-0.001759,-0.006113,-0.008499,-0.010842,0.001006,0.004226,0.000402,-0.024384,-0.021150,0.004011,0.023321,-0.000425,-0.010579,0.000869,-0.023632,0.020392,0.000190
2025-06-15,-0.009084,-0.000036,-0.006520,0.026576,-0.000674,0.005763,0.013293,-0.010367,0.006453,0.007906,-0.025007,0.007515,0.002143,0.005306,0.003608,0.007631,0.027038,-0.018265,-0.003192,0.014965,0.011623,0.011236,0.052531,0.014021,0.023323,-0.002561,-0.014906,-0.002691,0.015782,0.010289,0.010225,-0.000892,-0.003762,-0.000271,0.016007,0.018099,-0.015146,0.016688,-0.008747,0.011407,-0.000489,0.031151,-0.004559,0.006181,0.013885,-0.012765,0.001655,-0.001832,-0.006282,-0.004949
2025-06-16,0.023890,-0.006900,0.014069,0.009536,-0.021272,0.013219,-0.021570,0.015179,-0.005256,0.004024,-0.019423,0.006076,0.020559,-0.010652,-0.007055,0.012057,0.012507,-0.039942,0.040151,0.013388,0.016418,0.001290,-0.029523,0.016019,-0.006300,0.013664,-0.000065,0.008158,-0.010076,0.019433,-0.017517,0.044294,0.044157,0.033262,0.026832,0.002352,0.024871,0.002142,-0.024090,0.030931,0.024192,0.003309,-0.018180,-0.006678,-0.028907,0.020885,-0.024986,0.009037,-0.011313,-0.021807
2025-06-17,0.020514,0.010215,0.031311,-0.006593,0.002592,-0.026754,-0.023095,0.048591,0.053728,0.017893,0.001395,0.010851,0.031948,0.006964,0.020501,0.015994,0.005985,0.006752,0.021503,-0.001360,0.024355,0.007735,0.018516,0.041135,0.013196,0.032780,-0.016033,0.007757,0.016722,0.050843,-0.019056,0.014492,0.042444,0.002093,0.012392,0.022195,0.019545,0.044407,0.024296,0.040123,0.009743,0.002894,0.012160,-0.004640,0.024927,0.009278,0.004131,0.025199,-0.004363,0.030093
2025-06-18,-0.006027,0.023447,-0.004486,0.013957,0.005815,0.015973,0.004562,-0.027358,0.020741,0.001005,0.016794,0.015007,-0.011336,-0.013883,0.014379,-0.002876,0.019439,-0.000625,0.021004,0.010202,0.007767,-0.004149,0.006767,0.024054,0.001607,0.012144,0.003417,0.004826,0.033604,0.024214,0.004012,0.006443,-0.010051,-0.000531,0.008152,0.017894,0.016069,-0.017384,0.020169,0.000985,-0.015183,0.026638,0.028922,0.007330,0.015341,0.016397,0.027707,0.015688,-0.021315,0.038760
2025-06-19,0.005994,-0.022360,-0.031721,-0.004102,-0.018197,-0.007248,0.000193,-0.023384,-0.033278,-0.006243,-0.022789,-0.010558,-0.037368,-0.017727,-0.000319,-0.002281,-0.027379,-0.034217,-0.012904,-0.003090,-0.005895,-0.022407,-0.007827,0.013854,-0.009496,-0.042585,-0.009531,0.023603,-0.036361,-0.012653,-0.017262,-0.011462,-0.009692,0.007331,-0.011662,0.009803,-0.015306,-0.019491,-0.025233,-0.045896,-0.008224,0.023784,-0.004940,-0.000827,-0.020623,-0.017586,0.004535,0.022968,0.013595,0.001306
2025-06-20,0.009586,0.012729,-0.004609,-0.017113,-0.011329,0.009850,0.003698,-0.017496,0.008282,0.003222,-0.012158,0.002291,0.003177,-0.002146,0.025634,-0.025298,-0.026791,0.009013,0.010684,0.016230,-0.000748,-0.007569,0.008822,0.001005,0.036873,0.003118,0.007996,0.053511,0.005448,0.018965,0.020587,0.022119,0.014165,0.012443,0.010760,-0.001414,0.014813,0.045469,0.030746,0.014424,0.024359,-0.006691,0.004265,0.026015,0.035723,-0.004922,0.000249,0.048219,0.010686,0.041774
2025-06-21,0.002836,0.003543,-0.006387,0.016078,0.023552,-0.019518,-0.007232,0.015584,-0.003220,-0.009769,0.017284,0.018974,-0.008981,0.002935,-0.022640,-0.017007,0.001347,-0.000323,-0.018292,-0.013775,-0.020059,0.007303,-0.036305,-0.019096,-0.034421,0.006655,-0.033337,-0.000317,0.028624,0.029234,-0.033394,0.004484,-0.018689,-0.022364,-0.002930,0.021221,0.009906,-0.013760,0.011803,-0.041275,-0.014441,-0.015718,0.000522,-0.004539,-0.003434,-0.004033,-0.000485,0.008834,0.001800,-0.006006
2025-06-22,0.022297,0.029936,0.005057,0.013997,0.035980,-0.004784,0.047551,-0.009039,0.008849,-0.002038,0.054449,0.006006,0.006051,0.008392,0.016787,0.009154,0.012674,-0.048460,0.016095,0.015386,0.033760,0.038629,0.011687,0.029758,-0.004762,0.028878,0.004761,-0.006259,0.011725,0.040274,0.018324,0.042003,0.001589,0.033927,0.003327,0.019122,0.018966,0.026973,0.019579,0.001761,0.030911,0.046236,0.004557,-0.017968,0.024054,0.009105,0.012706,0.025077,0.006851,0.010227
2025-06-23,0.009369,0.037626,0.011712,-0.011071,-0.010355,0.013677,-0.009159,-0.016951,0.022610,0.023492,0.004544,0.016457,0.014557,0.022014,0.022056,-0.035734,0.006842,0.020493,0.003782,0.011822,0.024683,0.012627,0.038313,0.031456,0.009037,0.007606,-0.040135,0.005294,-0.013188,0.015153,0.013922,0.023696,0.036311,0.010698,0.052218,0.015355,-0.012413,0.001053,0.004461,0.021829,-0.005880,0.005807,0.008272,0.003104,0.025776,0.022714,0.032169,0.005212,0.032816,-0.013381
2025-06-24,-0.028049,-0.024906,-0.002892,0.018585,-0.013896,-0.011638,-0.006946,0.007253,-0.011655,-0.012659,-0.027275,-0.013349,0.018136,-0.001421,-0.016375,0.019193,-0.013592,0.022501,0.022207,-0.002050,-0.030032,0.038153,0.003913,-0.008888,0.014152,0.009584,0.020539,-0.014980,0.002675,-0.024404,0.008936,-0.003471,0.002000,-0.005692,-0.007576,-0.018686,0.011170,0.023757,-0.013078,0.006906,0.004721,-0.002912,-0.030537,-0.026487,-0.017116,-0.041560,0.022287,0.003561,-0.003597,-0.042482
2025-06-25,-0.027052,0.005736,0.041247,-0.006798,0.021326,-0.002861,0.006772,0.027642,-0.000449,-0.006644,0.031303,0.006598,0.025419,-0.006557,0.031098,0.010703,0.013604,0.008147,-0.003321,0.005747,-0.002189,0.023050,0.002123,-0.021159,-0.024452,-0.025303,0.016901,-0.014949,0.011179,0.008236,0.004613,0.013669,0.008627,-0.042997,-0.000048,0.013430,0.035303,0.036134,-0.018759,-0.000517,-0.022412,0.033136,0.024009,0.012088,0.008767,0.030629,0.027582,0.026623,0.013998,-0.000508
2025-06-26,0.010112,0.010992,-0.007128,-0.010019,0.016703,0.026258,-0.017186,-0.008437,0.002620,0.005062,-0.013099,0.030207,0.003901,0.005868,0.027963,-0.011780,-0.005288,-0.026256,-0.006799,-0.030497,0.009765,0.003863,-0.008684,-0.005504,0.010010,-0.024141,-0.000021,0.008895,-0.035777,0.008632,-0.033830,-0.005813,-0.024638,0.022066,-0.024525,-0.033400,-0.001296,-0.011143,-0.030779,0.005768,-0.039543,-0.022349,-0.014050,0.010744,0.019622,0.016154,-0.006455,-0.047388,0.003339,0.022774
2025-06-27,0.022808,0.008932,-0.020812,-0.008856,0.035408,-0.024902,-0.020062,0.017565,-0.007161,-0.020672,0.028103,0.008898,-0.006273,-0.020025,0.037453,0.000159,0.025751,0.016685,-0.008777,-0.008634,0.026633,0.026925,-0.033185,0.010495,-0.001582,-0.018000,0.005311,-0.023693,-0.007797,-0.013773,-0.008397,-0.000687,-0.017681,0.028917,0.009478,0.032902,-0.002282,-0.009279,0.032251,-0.009806,-0.002610,0.013560,-0.021680,0.013403,0.011100,0.023447,0.016620,0.023999,-0.001388,-0.014929
2025-06-28,0.043427,-0.022033,-0.020230,0.015619,0.034697,0.008859,0.023435,-0.030477,-0.003545,-0.028284,0.019494,-0.022403,-0.017554,0.014700,0.024560,0.002586,0.015710,0.015127,0.001569,-0.014258,0.015615,0.016483,0.021540,0.011064,-0.015586,0.017873,0.005422,-0.003242,0.000144,-0.006978,0.021446,-0.020079,-0.012436,-0.000471,0.034495,0.024424,-0.024088,0.029771,0.029737,-0.015685,-0.039939,0.004147,0.025651,0.034090,-0.010228,0.036983,-0.034656,-0.001178,-0.002063,0.026189
2025-06-29,0.031963,0.025770,-0.015716,0.024121,0.017756,-0.021489,-0.028613,0.027277,0.005352,-0.014540,0.004847,0.015146,0.007102,-0.019342,0.042534,0.026670,0.002557,0.003282,0.015064,-0.011740,0.014402,-0.015360,0.007324,-0.012441,-0.011532,0.038217,0.009660,0.012327,-0.027611,-0.002152,0.016895,0.012088,-0.030179,0.012322,0.015192,0.031701,-0.003201,-0.031764,-0.009348,-0.011154,0.021854,-0.040308,0.000523,0.034258,0.008723,0.024727,-0.020959,-0.020242,0.034464,0.010415
2025-06-30,0.008884,-0.013101,0.008840,-0.013601,0.028389,0.056126,0.015736,-0.004404,-0.038580,-0.023295,0.035013,-0.011500,0.000350,0.018821,0.033707,0.003433,-0.000259,0.008315,-0.004272,-0.003303,0.014439,0.010361,0.045394,0.014925,0.027746,-0.012258,0.016478,-0.005988,0.014144,0.019419,0.007923,0.050357,0.032729,0.028216,0.020783,0.038766,-0.018840,0.031691,-0.010817,-0.003133,0.017131,0.029223,-0.013739,-0.002200,0.008781,0.003671,0.022398,0.068872,0.014573,-0.006208
2025-07-01,-0.022217,-0.004735,-0.015805,0.009536,0.009256,-0.007217,0.036849,-0.012118,-0.001030,0.012625,0.017177,0.024116,0.008833,0.020036,-0.010852,0.017645,0.017405,0.028352,-0.028912,-0.015209,0.015936,-0.046605,0.009976,0.020196,-0.009255,-0.006623,-0.018215,-0.008268,-0.007746,-0.011171,-0.012158,-0.003758,-0.003976,0.034854,-0.005975,0.007315,-0.009264,-0.009493,-0.029559,-0.027165,-0.020606,0.004426,0.020491,-0.031040,-0.008763,-0.023484,-0.003637,0.020484,-0.006924,0.000265
2025-07-02,0.044655,0.026703,0.004779,0.021321,0.003565,0.026029,0.027737,-0.006148,0.021613,0.016344,0.028265,0.033425,0.027055,0.013003,0.035261,0.002746,-0.005309,-0.039055,0.017198,0.003673,0.025620,-0.017021,0.006811,0.026926,-0.000076,0.025827,0.008434,0.017870,0.029173,0.035611,0.020126,0.003808,0.010216,0.029926,0.000078,0.015255,0.011515,0.016600,0.000294,-0.014874,0.027834,0.035815,-0.013798,0.025101,0.037958,0.029187,0.010961,0.001478,0.019918,0.022921
2025-07-03,-0.000324,-0.005291,-0.021536,0.005560,0.006427,0.001567,-0.000050,0.028178,-0.013287,0.021018,-0.015261,0.017913,0.020152,-0.007323,0.027849,0.006394,-0.017839,-0.008783,0.018342,0.014567,-0.021093,-0.004555,0.001615,-0.011185,0.040392,0.002158,-0.003161,0.019387,-0.008622,0.016086,-0.032067,-0.010214,0.016835,0.026215,-0.015967,-0.018065,0.008166,-0.013263,-0.006883,0.013727,-0.011842,-0.037426,-0.025468,-0.001869,-0.035590,-0.007397,-0.027106,0.027471,0.036924,-0.021096
2025-07-04,-0.006370,-0.028279,-0.016560,0.021471,-0.019392,-0.016141,-0.027957,0.009640,-0.069731,-0.018962,-0.011818,-0.022891,0.004552,0.010645,-0.036409,0.026691,-0.036611,0.012204,-0.008295,-0.020058,-0.018360,-0.011595,-0.007240,-0.027555,-0.015203,-0.024864,-0.032863,-0.025703,-0.031691,-0.018555,-0.003207,-0.008819,0.024546,-0.050780,-0.002544,-0.010876,0.003690,0.001905,-0.013962,-0.007884,-0.024385,0.000054,-0.044812,0.002991,-0.011409,-0.019759,-0.015177,-0.013857,0.012360,0.047211
2025-07-05,0.012352,-0.019782,0.001730,0.002514,-0.026259,-0.032300,-0.010745,0.004933,-0.038618,-0.022582,0.000702,-0.008855,0.015887,-0.035010,0.032733,-0.037290,-0.046131,-0.010666,-0.030026,-0.010303,-0.010933,-0.013130,-0.024769,-0.001818,-0.015318,0.010260,-0.012853,-0.026969,-0.039985,-0.012704,-0.032452,-0.033905,-0.000112,-0.041604,0.015814,-0.006731,-0.010395,-0.028232,0.004153,-0.009658,-0.021956,-0.006009,-0.039896,-0.039042,-0.029769,-0.003314,-0.009664,0.009276,-0.026166,0.000738
2025-07-06,0.009143,-0.005782,0.018128,0.010005,-0.000131,0.011949,0.008861,0.008426,0.003766,-0.012296,0.012539,-0.003256,-0.007173,0.006860,0.024405,0.014534,0.001632,0.000909,0.022637,-0.031948,0.025545,-0.022539,-0.014284,0.001936,0.050255,0.041386,0.023910,0.017611,-0.022328,0.014015,0.001307,-0.003507,0.013979,0.002713,0.026840,-0.023654,0.012543,-0.004631,0.003819,0.016676,-0.008919,0.014149,0.007371,-0.000698,0.002723,0.008411,-0.002628,0.011321,0.006186,0.000190
2025-07-07,0.028645,0.007502,-0.006861,0.002654,-0.018455,-0.007834,-0.005733,-0.022414,0.007000,-0.009073,-0.006370,-0.010209,0.053292,-0.011899,-0.037208,-0.028771,0.013696,0.024084,-0.012244,0.023049,0.013377,-0.003383,-0.004660,0.003284,0.015822,0.007179,-0.012154,-0.003108,0.035691,0.004550,0.015676,0.009746,0.004949,0.001985,0.016181,0.012964,0.004778,-0.012460,0.006968,-0.001178,-0.005521,0.048246,-0.027675,0.017281,-0.015500,0.002390,0.046263,-0.017295,-0.013002,-0.000287
2025-07-08,-0.013525,0.017638,-0.007896,0.013497,-0.022200,-0.030798,-0.002397,-0.026508,0.029054,-0.025811,-0.016953,0.009170,-0.008829,-0.025606,0.038445,-0.016304,-0.001807,-0.002040,0.014511,0.010048,-0.013157,-0.004140,-0.002359,0.015206,-0.019305,0.038051,-0.011940,0.001568,-0.019155,-0.021642,-0.014014,-0.015744,-0.005731,-0.015896,0.014245,-0.012368,-0.014363,-0.005348,0.019596,0.005593,-0.000069,-0.024070,-0.018844,-0.021286,0.025249,0.011275,-0.013784,-0.008433,-0.013130,-0.014220
2025-07-09,0.004959,-0.008502,0.034135,0.019180,0.020244,0.008758,-0.010934,0.007434,-0.009605,0.026019,0.003951,0.001396,-0.001039,0.027999,-0.029134,0.029763,-0.006677,-0.028637,-0.016866,-0.033041,0.008440,-0.022015,-0.000290,0.017090,-0.015422,-0.008152,-0.026787,-0.010317,0.043006,0.010677,-0.008091,-0.014337,-0.004094,-0.000985,-0.010869,0.006215,-0.020488,-0.020577,0.003337,-0.024362,0.009796,-0.003583,-0.036229,-0.001355,-0.033659,0.009154,-0.007803,0.029993,0.015957,-0.022419
2025-07-10,-0.039053,-0.016271,-0.024662,0.030184,-0.002865,0.014122,-0.007810,-0.005913,-0.003267,0.017238,0.002930,-0.021711,0.026526,-0.007950,-0.010879,-0.053611,0.008740,-0.000861,-0.000881,-0.009930,-0.013033,-0.009332,0.005657,0.008825,-0.006838,0.014401,-0.004101,-0.011756,0.000892,-0.027148,0.001509,-0.030439,-0.021179,-0.039016,-0.005832,0.026294,-0.004787,0.008905,0.039662,0.004594,-0.016453,-0.013976,-0.002668,-0.014072,-0.012725,0.015055,0.015791,-0.032324,-0.017407,-0.011032
2025-07-11,0.005697,0.015488,0.043548,-0.013469,-0.012570,0.005507,-0.017367,-0.007624,-0.012558,-0.052277,-0.002869,-0.008370,0.017795,-0.004988,-0.027673,-0.009733,-0.042727,-0.026884,0.006352,-0.009539,0.011518,-0.040491,-0.009451,-0.013646,0.012118,0.007023,0.006473,0.022658,-0.011713,0.018944,-0.023883,-0.024543,0.008462,-0.032172,0.005223,-0.003263,0.014206,-0.006157,-0.004078,0.004080,-0.017015,-0.017799,0.003453,-0.005614,-0.012419,-0.006577,0.023615,-0.013061,-0.013583,-0.035821
2025-07-12,0.003210,0.015796,0.019024,0.005920,0.021177,0.017134,0.024005,0.021690,0.032232,0.000918,-0.019915,0.015919,0.018022,0.032232,0.027036,0.038991,0.015130,0.008091,-0.020957,0.009518,-0.005973,0.007779,0.004954,0.012463,0.002220,0.020803,-0.045044,0.007392,0.025617,0.037633,0.017148,0.034300,0.007013,0.004024,0.013502,0.003915,-0.010110,-0.005302,-0.016046,0.013483,0.004177,-0.002513,-0.006228,0.013063,0.018020,-0.016377,-0.019206,0.021153,-0.020780,0.013827
2025-07-13,0.028983,0.029025,0.013161,0.012637,0.040413,-0.042140,-0.008479,0.015152,-0.006192,0.022195,-0.000830,0.002250,-0.005065,-0.009526,-0.009969,0.004760,-0.014063,0.017037,0.011637,0.019668,-0.020442,-0.030712,-0.000196,0.052057,0.022671,-0.010101,0.007520,0.012975,-0.024752,0.024532,-0.003135,-0.001753,0.000307,0.020481,-0.013714,-0.030847,0.005692,-0.036907,-0.005541,0.021243,0.010303,0.018641,0.011045,0.043265,-0.010709,0.007045,-0.008007,0.017101,-0.001229,0.030818
2025-07-14,-0.005843,0.029040,0.014389,0.003128,0.013476,0.008415,0.010119,-0.000012,-0.008917,-0.002319,-0.026585,0.018867,-0.018521,-0.000206,0.015377,0.018821,-0.028232,0.002059,0.011987,0.004648,0.027905,-0.011080,-0.033171,0.018298,-0.005956,-0.027942,0.000859,0.025862,-0.019027,0.045760,-0.011370,0.005278,-0.018232,0.004461,0.001305,-0.023099,0.054577,-0.005204,-0.005188,0.021155,0.036369,0.023988,-0.017909,0.007562,-0.030153,0.019943,-0.025721,-0.010746,0.003654,0.011722
2025-07-15,-0.001673,0.030367,0.016042,0.014629,-0.019105,0.033613,-0.011431,0.034300,0.039423,0.012252,0.021600,-0.052469,-0.000486,0.022863,0.019665,-0.018931,-0.002263,-0.042631,0.010458,-0.030876,0.023373,0.024313,-0.005515,0.012407,-0.000884,0.007378,-0.017627,0.014229,-0.026517,-0.029915,0.000829,-0.000778,0.007925,-0.008667,0.036966,0.005915,0.007216,0.006574,0.021076,0.013392,0.010980,0.016272,-0.029819,-0.029139,0.001655,-0.000534,0.013461,0.003384,0.013498,-0.019397
2025-07-16,-0.002680,-0.026625,0.004477,-0.036295,0.003783,-0.028928,-0.009390,0.013622,0.001607,-0.032108,-0.014589,-0.029511,-0.032992,-0.000368,0.007599,0.005445,0.008361,-0.002701,-0.007407,-0.021802,-0.010408,-0.026271,-0.017699,-0.000886,-0.004607,0.052679,-0.026711,-0.004738,-0.028114,-0.009466,-0.008734,0.012722,-0.010580,-0.005930,-0.010232,-0.027705,-0.014224,-0.009361,-0.001157,0.007575,-0.006709,-0.007025,-0.033461,0.007229,-0.015012,0.010962,0.021210,-0.005869,-0.020906,-0.002787
2025-07-17,-0.003646,-0.015602,-0.020076,0.000221,-0.000966,-0.016156,-0.039696,-0.001708,-0.023735,-0.006065,-0.007202,-0.043924,-0.008463,-0.000661,0.001546,-0.007810,-0.045512,0.013065,-0.002524,-0.031583,-0.024103,-0.005761,0.002313,-0.018706,0.004937,-0.042193,-0.028687,-0.047081,-0.026076,0.017223,0.027118,-0.005700,-0.021415,-0.013912,-0.001403,-0.038057,-0.020228,0.015905,-0.028746,-0.023405,-0.009685,-0.004826,-0.021173,-0.008538,0.001020,0.025383,-0.012195,-0.010666,0.017571,-0.019808
2025-07-18,-0.034388,-0.006045,0.008821,-0.004051,-0.012296,-0.036621,-0.011600,0.011647,-0.032764,-0.014955,-0.017524,-0.023108,-0.006087,-0.002570,-0.002759,-0.028132,-0.040177,-0.005827,-0.019656,0.022540,0.023371,0.025283,-0.027472,-0.000301,0.005127,0.003101,-0.016929,0.012475,-0.010541,-0.008244,-0.038231,0.001056,-0.015237,-0.002184,-0.006318,-0.007293,-0.011373,0.003609,-0.014130,-0.036743,-0.000309,-0.025112,-0.034386,-0.028950,-0.005450,-0.012287,-0.048938,-0.017456,0.010496,-0.018673
2025-07-19,0.019393,0.041146,0.036691,0.040763,-0.027534,0.053575,0.033827,0.066678,0.008290,-0.009370,0.022502,0.017415,0.034138,0.041721,0.020801,0.018039,0.031781,0.017758,0.016252,0.041040,0.045048,0.041883,0.019344,-0.016144,0.019704,0.008728,0.020037,0.010292,0.021999,0.003665,-0.000681,0.044380,0.004918,0.022378,0.039553,0.038829,0.036679,0.027823,0.035404,0.047087,0.030022,-0.010698,0.012858,0.034907,0.011084,0.051534,0.021235,0.023906,0.042617,0.019081
2025-07-20,0.014396,0.027407,-0.015278,0.006087,0.026148,0.012404,0.037635,-0.017144,-0.019197,0.025077,0.026807,0.007744,0.018430,0.024637,-0.003427,-0.001500,0.014638,0.027496,-0.009764,0.007660,0.006827,0.018746,0.011066,0.001397,0.033697,0.001516,0.005965,-0.017424,-0.001622,0.020512,0.016994,0.022014,0.021141,0.048802,-0.002239,-0.017927,-0.007687,-0.001443,-0.006315,0.012909,0.033771,0.038937,0.020300,0.049766,0.004808,-0.018162,0.030180,-0.021872,-0.002367,0.020585
2025-07-21,0.008386,0.006792,-0.011025,0.010035,0.028295,0.010589,-0.004715,-0.012226,-0.004343,0.017291,0.016414,-0.004180,-0.029564,0.017790,-0.005929,0.022632,-0.003381,-0.007553,0.012986,0.052668,0.023712,0.012681,0.016689,-0.021291,-0.009973,-0.034967,0.041367,0.037722,0.017300,0.012661,-0.017699,0.006282,0.042492,0.012595,0.000066,-0.021416,0.035075,0.008968,-0.021392,-0.006407,-0.012766,0.007858,0.013961,0.001171,0.024216,0.011648,0.029351,0.003800,0.065045,0.000069
2025-07-22,-0.020537,-0.022751,-0.008074,-0.035229,0.001025,-0.038573,-0.001367,-0.028600,-0.011140,0.006605,0.037196,-0.023681,-0.006983,-0.017305,-0.019935,-0.017147,0.010556,-0.013062,0.036210,0.003210,-0.022457,-0.010878,-0.018710,0.010124,-0.033775,-0.028414,-0.014925,0.008016,0.017918,0.020573,0.005259,-0.005769,0.010026,-0.024878,-0.037481,0.003582,-0.022379,-0.005453,-0.002124,0.000189,0.012603,0.010700,-0.000767,-0.012233,-0.002337,-0.015009,-0.007813,0.042850,-0.000998,0.003827
2025-07-23,-0.012050,0.019010,0.014333,0.014461,0.004517,0.019264,0.023539,0.005744,-0.001415,0.016751,-0.015626,-0.012275,-0.000311,-0.030696,0.015545,-0.016684,-0.007838,-0.003191,0.001356,-0.005537,-0.000564,-0.000425,-0.007398,-0.013269,0.020115,-0.037231,-0.003054,-0.007792,0.008187,-0.025529,-0.008348,-0.001194,0.019910,0.006628,-0.020654,-0.008126,0.016597,-0.020965,-0.000767,0.000484,-0.006296,0.049172,-0.006781,0.008744,-0.013145,0.010148,0.016323,-0.009935,-0.000336,-0.015467
2025-07-24,-0.025890,0.013372,-0.015263,-0.048736,0.026486,-0.019728,-0.009725,0.024246,-0.007842,-0.008231,-0.027398,-0.034718,-0.008286,0.001240,0.000209,-0.013953,-0.004926,-0.038360,0.002992,-0.002385,0.030235,-0.005156,-0.022259,-0.006204,-0.011191,0.002534,-0.004807,-0.027970,-0.034734,-0.000558,0.019605,-0.003862,0.009349,0.012940,-0.000488,-0.019951,-0.001775,0.016437,0.004247,0.008178,-0.013616,-0.008933,-0.007428,-0.006215,0.015733,-0.047540,-0.004741,-0.006722,-0.029978,0.006801
2025-07-25,-0.021908,-0.015294,0.024411,0.009313,0.001474,-0.002013,-0.011831,0.027122,0.005572,-0.022359,-0.034069,0.001336,-0.009873,-0.034588,-0.001152,-0.013709,0.000685,-0.000916,-0.019816,0.002524,-0.017829,-0.016659,-0.018448,0.011491,-0.013917,0.015837,0.023236,-0.022164,-0.061445,0.009934,-0.015022,-0.024458,-0.019464,-0.016334,0.014482,-0.005989,0.014238,0.000029,-0.014433,-0.015893,0.001242,0.005901,0.009075,-0.013575,-0.005713,0.001646,-0.015778,-0.029296,-0.023380,-0.013206
2025-07-26,0.008261,0.019002,-0.028068,-0.014411,-0.010101,0.010646,-0.013165,-0.011394,-0.029075,0.005042,-0.006564,-0.015432,-0.008330,0.016627,-0.021747,-0.018809,0.018881,-0.002295,0.008396,0.003572,-0.004295,-0.009929,0.011309,0.017263,0.015856,-0.024998,0.019829,-0.010102,-0.017250,-0.006707,0.011301,0.006069,-0.008256,0.011419,-0.001142,-0.013973,-0.016404,0.003725,-0.005144,-0.028418,0.011590,-0.012304,0.024999,-0.028913,-0.006912,-0.016259,-0.021217,-0.012421,0.028211,-0.001079
2025-07-27,-0.004122,-0.022787,-0.020856,0.000472,-0.001278,0.006096,-0.030771,0.008478,0.028628,0.039340,-0.023971,-0.004297,-0.005248,0.012752,-0.011827,0.040409,0.010912,0.007912,0.038797,0.009840,0.017334,-0.003386,-0.014541,-0.000858,0.049494,0.021523,0.015070,-0.007446,0.026531,-0.014310,-0.018078,0.000069,0.045309,0.044291,0.002006,-0.002007,-0.019398,0.011533,0.013045,0.024341,0.026521,0.006575,0.020137,-0.002483,0.019795,0.000998,0.018399,0.016942,0.011367,0.024430
2025-07-28,-0.021634,-0.012535,0.001772,-0.019345,-0.000690,-0.000110,0.030208,0.009199,0.025163,0.012064,-0.003009,0.009040,0.019763,0.028115,0.004252,-0.023022,-0.024287,0.000758,-0.035449,0.038945,0.017378,-0.004809,-0.013340,0.025140,-0.013412,-0.011695,-0.007154,0.008687,0.017808,0.028101,0.025443,0.006647,0.025003,-0.005445,-0.026142,-0.005447,-0.007879,-0.004742,-0.010635,-0.001667,0.017794,0.037508,-0.024423,-0.016546,-0.007613,0.020417,0.002944,-0.006401,0.019535,0.023848
2025-07-29,-0.006742,-0.021096,-0.001539,-0.010603,-0.010743,-0.015628,0.010245,-0.001907,0.012238,0.017650,0.001857,-0.015521,0.012322,0.001978,0.040456,-0.000822,0.006154,-0.001177,-0.008188,-0.011063,-0.001108,0.002977,0.014375,-0.000845,-0.014736,-0.012288,-0.030217,0.023498,-0.016145,0.011010,-0.001426,-0.000937,-0.008518,-0.020585,-0.023838,0.024708,-0.004353,0.013850,0.018524,-0.013800,0.001219,-0.005594,-0.027234,-0.009743,0.004171,-0.015387,-0.012252,-0.009525,0.031603,-0.039417
2025-07-30,0.007343,-0.006247,-0.013218,-0.006688,0.010326,0.011355,0.001662,0.017983,0.021152,0.013008,-0.011518,0.007213,0.007299,-0.016368,-0.029937,-0.038097,-0.000429,0.003678,-0.022959,0.017142,0.001053,0.022603,0.004983,-0.020881,0.006562,0.010375,-0.011544,-0.027644,0.000119,-0.019702,0.018489,-0.009016,0.029356,-0.039922,0.000740,0.024042,-0.017712,-0.004552,-0.008941,-0.013994,0.002717,-0.025004,-0.003684,0.007601,-0.005558,-0.019690,0.016857,0.011458,-0.020428,-0.024981
2025-07-31,-0.011161,0.015789,0.010934,0.020195,0.000103,-0.010672,0.022513,-0.003988,0.009332,-0.021925,-0.004283,0.024143,-0.006919,0.020635,-0.035985,-0.004095,0.002889,0.037339,-0.015069,0.018052,0.024998,-0.007013,-0.000750,0.008523,-0.020693,-0.002218,0.028944,0.015381,0.003152,0.008009,0.016430,0.019877,-0.004042,0.033599,0.029668,0.018164,-0.009200,-0.012390,0.000095,0.007067,-0.025859,0.014878,0.029148,0.016350,-0.006195,-0.008326,0.011371,0.003214,0.013948,0.016805
2025-08-01,0.016123,-0.023909,0.000458,-0.010074,-0.005306,0.012028,0.013985,0.021641,0.004130,-0.005511,-0.008083,-0.034757,0.020584,-0.009325,0.005575,0.008691,-0.025947,-0.020151,0.024315,0.001697,-0.013982,-0.005805,0.016021,0.013287,-0.029920,0.025886,0.013860,-0.006276,-0.024982,0.015441,0.005045,-0.029771,-0.007708,0.052740,-0.003234,-0.016886,-0.021684,0.028367,0.011729,0.021803,0.000936,0.019041,-0.018801,-0.000604,0.001636,0.021353,0.002208,-0.014790,-0.002378,-0.033706
2025-08-02,-0.040624,0.016117,-0.005592,-0.003552,0.016110,0.026299,0.010774,0.035858,0.010201,0.006593,0.005480,-0.021986,0.018361,-0.042865,-0.009400,0.001566,-0.013063,-0.006979,0.034262,0.021025,-0.011192,-0.007299,-0.021833,0.013843,-0.003342,-0.034243,0.002967,0.009055,0.018490,-0.000167,-0.005555,0.036906,0.001272,0.014105,-0.008559,0.013571,-0.025048,-0.007164,-0.020596,-0.009736,0.023661,-0.009869,0.014082,0.028464,0.000657,0.019041,0.010713,0.003249,0.014659,0.034272
2025-08-03,-0.007998,-0.013792,-0.014849,0.021373,0.023802,-0.006193,-0.034975,-0.008672,0.013335,0.002272,0.006720,-0.005947,0.021727,0.009651,0.014030,0.006336,0.012912,0.011728,-0.013232,0.010188,0.017720,0.024266,0.010963,-0.013901,-0.011130,-0.004359,0.006884,0.001273,-0.016754,-0.016862,-0.034300,-0.052677,0.001101,0.045237,0.035815,-0.014135,0.006172,-0.022889,-0.020145,-0.018081,-0.000586,0.000189,0.008022,0.015411,-0.002591,0.004125,-0.016215,-0.020728,-0.023508,0.015160
2025-08-04,-0.002688,-0.030285,0.002259,-0.019084,0.033282,-0.007024,0.015662,0.022996,-0.013794,0.004764,0.013357,0.005475,0.009895,-0.020539,0.013367,-0.005356,0.009685,0.019954,0.015433,0.009672,0.014953,0.015786,0.030314,0.002782,0.006346,0.020172,-0.005432,-0.020640,0.012273,-0.000314,-0.018341,0.012404,0.029155,-0.025941,0.021797,-0.042273,-0.003810,0.036524,-0.002515,0.005014,0.017126,-0.027502,0.004692,0.004551,0.036916,-0.018849,-0.003473,-0.013316,-0.015225,0.023688
2025-08-05,0.002890,-0.007590,-0.006911,-0.007728,-0.006119,-0.020350,-0.002247,-0.004056,-0.011230,0.005201,0.006728,-0.007610,-0.000185,0.041265,0.040578,-0.016564,-0.014050,-0.016659,0.021437,-0.004764,0.006724,0.038355,0.002221,0.015122,0.011777,-0.008178,0.021475,-0.012885,0.026528,-0.008164,-0.006194,-0.017183,-0.014227,-0.005272,-0.041354,-0.001790,-0.006734,0.016630,0.010024,-0.010328,-0.005844,-0.001813,0.029157,-0.012392,-0.010546,-0.017905,-0.024267,0.007936,0.006062,0.025500
2025-08-06,0.014619,0.039021,-0.005456,-0.008816,-0.027531,0.008412,-0.001993,0.007596,-0.024631,0.002202,-0.000433,-0.001624,-0.016425,0.017281,0.032779,-0.024113,0.008841,-0.055928,0.007908,-0.037789,-0.013576,-0.027761,-0.008008,0.010972,-0.037558,-0.010597,-0.013367,0.024332,0.003645,-0.025317,-0.012610,0.023883,0.008732,-0.020655,-0.008934,-0.008359,-0.013810,-0.034910,-0.016324,0.020879,-0.010987,-0.005985,-0.001597,0.035800,-0.003967,0.015564,-0.014894,-0.008796,-0.003901,-0.018061
2025-08-07,-0.007054,0.012598,-0.017794,-0.003385,0.009370,-0.018227,0.016330,-0.002075,-0.006359,-0.039534,-0.010112,0.003302,0.028029,0.006835,0.016885,-0.025151,-0.005670,0.018586,-0.019366,0.013987,0.009813,0.001558,-0.009304,-0.021140,0.028570,0.007987,0.002744,-0.010818,-0.002705,-0.000422,0.003811,0.009831,-0.017472,-0.029786,-0.001870,-0.034837,-0.009213,-0.012552,0.005464,0.032300,-0.038390,0.037548,-0.007582,0.002874,-0.028854,0.014557,-0.002641,-0.004493,-0.038260,-0.002059
2025-08-08,0.007643,-0.011835,0.013553,0.012810,-0.019122,0.021130,-0.006767,-0.006687,-0.005801,-0.006335,-0.054925,-0.010921,-0.032133,0.021692,0.020967,0.007753,-0.011875,-0.025727,-0.019419,0.027385,-0.020042,-0.049983,0.010961,0.019427,0.022284,0.011108,0.014045,-0.006629,-0.044956,-0.007080,0.003606,-0.010017,-0.010837,-0.024936,-0.025614,0.025504,0.026156,-0.007630,-0.002515,-0.025238,0.003984,0.024091,-0.035108,0.000768,0.002120,0.001915,0.021988,0.029066,-0.011785,0.004535
2025-08-09,-0.009145,-0.022040,-0.005787,0.001425,-0.006757,-0.026523,-0.019006,-0.018868,-0.025826,-0.005018,-0.003136,0.006970,-0.026099,-0.021056,0.017321,-0.013623,-0.010119,-0.013813,0.009733,0.010431,0.009376,-0.010183,-0.026365,0.023992,0.004752,-0.018881,0.014967,-0.020303,0.014731,0.015947,-0.027248,-0.000190,0.003418,0.036407,-0.024023,0.015124,-0.010349,-0.033006,-0.012821,-0.010617,-0.029722,-0.005042,0.006579,-0.006374,-0.020415,-0.013334,-0.010743,-0.006750,0.009315,-0.005767
2025-08-10,-0.025495,-0.010368,0.002742,0.019988,0.023115,0.031698,0.002105,0.013493,-0.026426,0.007492,-0.019601,-0.001372,0.054291,0.005218,-0.015795,0.007094,-0.009554,-0.017540,0.037610,0.018956,0.005973,-0.007299,-0.005840,0.027518,0.005272,-0.055737,0.043331,0.003049,0.005934,0.019314,0.008131,0.013198,-0.007873,-0.022383,0.004798,0.025523,-0.011907,-0.013351,0.021732,-0.008477,-0.007636,-0.006963,-0.001416,-0.028572,-0.009954,0.003900,0.003772,0.020598,0.032863,0.026979
2025-08-11,0.022921,0.003780,-0.004758,0.006779,0.016997,0.021252,0.017673,0.004276,0.020621,0.029153,0.022300,0.005881,-0.008552,-0.008979,-0.005805,0.011084,0.015814,-0.019005,-0.002615,0.010836,-0.009737,0.014267,0.000923,-0.006564,0.007415,0.013518,-0.008816,0.002090,0.014875,-0.007261,-0.023383,-0.021201,-0.001068,-0.017274,0.000198,0.036426,-0.018358,0.001370,0.044839,0.013803,-0.000162,0.003633,0.014186,0.036981,-0.003098,-0.007180,-0.018361,0.008313,-0.018845,-0.001891
2025-08-12,-0.025714,0.009976,-0.018509,-0.002213,-0.038232,-0.006991,-0.031015,-0.017020,0.030444,0.007421,-0.011669,0.048223,-0.025831,0.011616,-0.036946,-0.013749,-0.033618,-0.004727,-0.008351,-0.014896,0.010299,-0.019566,-0.003475,0.005412,-0.036056,-0.022829,-0.008389,0.001985,0.016224,-0.013244,-0.015055,-0.025065,-0.003418,-0.014706,-0.014291,-0.011048,0.000571,-0.019505,-0.023257,-0.001587,-0.063821,-0.020224,-0.030082,0.012301,-0.017295,-0.019451,-0.010233,-0.020075,-0.016606,-0.007610
2025-08-13,-0.005051,-0.005181,-0.015637,-0.018223,0.003637,0.008064,-0.023161,0.016224,0.016298,0.020090,0.007943,0.014013,0.041876,-0.002882,-0.016277,-0.025068,0.034148,0.034384,-0.014097,-0.010546,-0.003286,0.024582,-0.020626,-0.032854,0.041561,0.008168,0.010725,-0.001147,0.010930,-0.024710,-0.012591,0.004438,-0.038331,-0.002900,-0.004010,-0.002903,-0.007374,-0.015381,-0.030251,0.005151,-0.002857,-0.022210,0.003671,-0.002764,-0.005753,-0.036279,0.014835,-0.019650,0.003684,-0.012003
2025-08-14,-0.000768,0.026971,0.015798,0.026570,0.012176,0.013360,-0.025831,0.000514,0.002181,0.028255,-0.002883,0.010997,0.010293,0.027067,0.003822,0.021130,-0.024458,-0.022823,-0.034871,0.020377,0.018355,0.022372,-0.005963,-0.003915,0.004050,0.032216,0.036718,0.020518,0.012188,0.030266,0.001624,-0.000808,0.003907,-0.011388,0.003079,-0.013884,0.024679,0.016016,0.031961,-0.023098,0.040460,-0.022075,-0.015340,-0.004945,0.029768,0.010290,0.001840,-0.008038,-0.018537,0.026617
2025-08-15,0.001731,0.011700,-0.005502,-0.060202,-0.035047,-0.004277,-0.019299,-0.022704,-0.032503,0.004412,-0.004433,-0.003623,-0.024049,-0.009471,-0.036724,-0.014981,-0.058147,-0.040871,-0.018446,0.030108,-0.045058,-0.035029,-0.008743,0.019205,-0.009005,-0.000006,-0.018721,-0.021836,-0.011165,-0.024494,0.000392,-0.041557,0.003375,-0.011937,-0.016509,-0.042218,-0.030281,0.008931,-0.016399,-0.007633,-0.028476,-0.013167,-0.037343,-0.010847,-0.005973,-0.006873,-0.028909,-0.018801,-0.002975,-0.016450
2025-08-16,-0.006540,0.032894,-0.018486,0.018079,-0.022152,0.010418,0.011379,-0.010555,-0.023283,-0.036836,-0.012440,0.008104,-0.020765,0.000377,-0.027944,-0.005578,-0.022015,-0.002772,-0.010388,-0.022795,-0.013228,-0.018183,-0.025019,0.018121,-0.007851,-0.041008,-0.012587,0.015097,-0.015073,0.025591,-0.016788,0.007693,0.017291,0.006735,-0.026109,-0.018333,0.019693,-0.015851,0.016194,-0.009113,0.001178,-0.026318,-0.012317,-0.017124,0.002693,0.000309,0.006960,-0.010198,-0.018112,0.001921
2025-08-17,-0.006100,0.031844,0.010371,0.006562,0.020752,0.011058,-0.017412,-0.006673,0.031471,0.013943,-0.017836,0.018771,0.002366,-0.003308,-0.008175,0.030431,-0.022946,-0.002643,0.014595,0.040843,0.022402,-0.002796,0.039961,-0.011960,0.017209,0.021213,-0.003427,0.024989,0.003183,0.024945,-0.020680,0.018462,0.005015,0.033127,0.011641,0.034919,0.021570,0.010138,0.026611,0.026726,0.020927,-0.028829,-0.005253,0.037347,-0.010174,0.028317,0.025149,-0.000631,-0.023481,0.002192
2025-08-18,0.041958,-0.010985,-0.009743,-0.013403,0.026420,0.000181,-0.006712,0.029997,0.014985,-0.011993,-0.017471,0.025401,0.004856,-0.023329,-0.027542,-0.015535,-0.017757,-0.032275,-0.015237,-0.011989,-0.003774,0.035026,-0.000249,0.001538,0.013721,0.000282,0.011757,0.009605,0.006761,0.054350,0.020954,-0.014917,0.011218,-0.009697,0.012586,-0.020199,-0.015386,0.010744,0.022512,0.013602,0.019928,0.011283,0.007659,-0.004513,0.019188,0.023002,0.003418,0.002449,0.033199,0.004186
2025-08-19,-0.011525,-0.004171,-0.014648,-0.027653,-0.006084,-0.013585,0.020273,0.001305,-0.023606,0.000236,-0.007346,0.010682,-0.022327,-0.009491,-0.014671,-0.011835,-0.028821,-0.002521,-0.005364,0.010247,-0.013068,-0.020300,0.001320,-0.027183,0.006642,0.006604,0.009744,-0.006108,-0.021644,-0.010922,-0.006046,-0.022970,0.011109,-0.002446,-0.028947,0.021004,-0.011134,-0.032581,-0.027832,0.013893,0.019962,0.005283,0.010860,0.009012,-0.002863,-0.006965,-0.003170,0.000361,-0.026236,0.000288
2025-08-20,0.031575,0.001605,-0.000318,0.013898,-0.006374,-0.018383,0.025979,-0.002797,0.005652,-0.005662,0.028302,0.020677,0.000987,-0.015918,-0.000925,0.015583,0.008715,0.007284,0.009131,0.018978,0.004567,0.013420,-0.012445,0.051289,0.000211,0.008985,0.015516,-0.002074,0.005461,0.005242,-0.011133,0.013215,-0.024366,0.036869,0.019594,0.016824,-0.025940,-0.008945,0.030328,0.080042,0.026825,0.023985,0.014770,-0.009935,0.023233,-0.014502,-0.016470,-0.017603,0.022883,0.004287
2025-08-21,-0.002988,-0.005081,-0.025067,-0.016877,-0.015971,-0.030099,-0.013879,-0.024267,0.005594,0.007094,-0.028089,-0.010143,0.028605,-0.022457,0.002876,-0.002904,0.014868,0.000515,-0.012567,-0.003602,-0.003339,-0.006454,-0.028548,0.017572,0.014392,-0.023599,-0.010217,-0.008855,-0.025621,-0.038406,-0.016874,-0.011219,-0.030746,-0.001618,0.016128,0.010354,-0.007084,-0.037931,0.008079,-0.002169,0.002835,0.030046,-0.019650,-0.056550,-0.023766,0.003945,-0.004319,-0.026685,-0.030359,-0.011187
2025-08-22,-0.016872,0.014929,-0.001848,-0.005731,-0.008092,0.010294,0.006324,0.009193,0.008800,0.004258,-0.013039,-0.007589,-0.001547,0.042731,-0.018722,-0.001984,0.007326,0.000097,0.024889,0.000004,0.001336,0.020221,0.038150,0.030892,0.003098,0.004666,0.006398,0.008203,-0.009695,0.022416,0.009276,0.004750,-0.017323,0.006679,-0.028520,-0.004912,-0.004578,0.010723,0.039395,0.015852,0.031629,0.017171,0.025808,0.038986,-0.007616,-0.008790,0.017596,0.005491,0.009524,0.001081
2025-08-23,-0.015121,0.024785,-0.024186,0.007966,0.005048,-0.032811,-0.019343,-0.016317,0.005774,-0.010995,-0.005929,-0.030626,0.037478,-0.003107,0.004593,-0.014120,-0.016136,0.030040,-0.038890,0.000627,-0.026196,-0.011679,-0.015874,-0.022136,-0.003751,-0.050613,-0.010067,-0.006014,-0.028856,0.022849,-0.015089,-0.008663,-0.015049,-0.005857,0.019158,0.040126,0.009033,0.015195,0.026507,0.000091,0.023876,0.009875,-0.001797,0.001918,-0.037174,0.000870,-0.032176,-0.033643,-0.000917,-0.024442
2025-08-24,0.000070,0.002690,0.003493,-0.016076,0.016374,-0.001408,0.008138,-0.021338,-0.003012,0.019949,0.017661,-0.014153,-0.009622,-0.017598,-0.011617,-0.024985,-0.002289,0.011595,-0.013933,-0.001433,-0.003771,0.019190,-0.010810,-0.010156,-0.015030,-0.020277,0.009723,-0.002234,0.001185,0.023142,0.024176,-0.029434,0.011859,0.004260,-0.008110,0.006096,-0.030877,0.026526,0.009467,-0.015375,-0.010339,-0.030458,-0.005453,-0.008491,-0.023654,0.014179,0.023181,-0.000294,-0.005303,0.008028
2025-08-25,-0.003644,-0.022770,-0.015039,-0.008626,0.001177,-0.003122,0.000496,-0.030737,0.008684,-0.003229,0.042658,-0.010268,0.002532,0.047636,0.000203,-0.004508,-0.021055,0.024218,-0.024154,0.004398,-0.011814,-0.006698,-0.028921,0.020886,-0.008291,-0.025162,0.019258,-0.012365,0.002733,0.011855,0.005242,-0.042830,0.009226,-0.005101,-0.009213,-0.005254,-0.032271,0.000169,-0.027849,-0.008435,-0.000478,0.016042,-0.018043,0.022838,0.013753,-0.011020,-0.023248,-0.029279,0.001601,-0.016561
2025-08-26,0.022191,-0.011629,-0.015609,0.004808,-0.011746,0.000757,0.018351,0.002713,0.002780,0.004295,-0.029873,0.007656,0.003482,0.016675,0.011507,-0.003032,0.019186,-0.004665,0.005052,-0.004998,0.008914,-0.006174,0.030259,0.036915,0.016334,0.028346,-0.027103,-0.024982,-0.005185,0.001345,-0.002965,-0.028956,0.021331,0.039378,0.023661,0.020142,0.004673,-0.014571,0.001908,0.038503,-0.005733,-0.007586,0.020534,0.021729,-0.014659,-0.004104,-0.008432,0.001857,0.020469,-0.013870
2025-08-27,0.016110,-0.001675,0.038367,0.002235,-0.005249,0.006840,-0.009573,-0.035819,-0.007834,-0.008118,-0.032166,-0.004819,-0.040712,-0.009763,0.000880,-0.001758,-0.010904,-0.005044,-0.017618,-0.003310,-0.002459,-0.019709,0.001314,0.001202,-0.006496,0.040074,-0.006037,-0.008531,-0.011107,-0.020981,0.008842,-0.015857,-0.013727,-0.013193,-0.021233,-0.035024,-0.011837,0.012216,0.000041,0.024586,0.010013,0.005927,0.030383,-0.005253,-0.002369,-0.003711,0.024284,-0.003459,-0.015173,0.007074
2025-08-28,-0.015722,0.008573,0.006420,-0.004439,0.009155,-0.027810,0.001904,-0.009359,0.050491,0.001775,-0.011765,-0.025839,0.022468,-0.007330,-0.015274,0.005024,0.010665,0.010382,-0.000674,0.001836,0.003147,0.005026,0.006618,0.018671,-0.000014,-0.015732,-0.003627,0.012539,-0.033187,-0.033083,0.015499,0.026333,-0.023803,0.000779,-0.008221,-0.005724,0.004470,-0.024301,-0.020959,-0.006452,-0.003646,-0.021297,0.013184,-0.008546,-0.008622,0.004058,-0.003350,0.014045,-0.017831,-0.026182
2025-08-29,-0.013461,-0.006800,-0.030218,-0.032864,-0.004603,-0.021524,-0.034030,0.009492,-0.019257,0.012812,-0.007372,-0.002579,-0.011691,-0.055677,-0.028347,-0.010147,-0.001319,-0.040098,-0.008849,-0.028085,-0.003661,-0.008234,0.005499,0.011318,0.000377,0.007603,-0.014191,0.042932,-0.029823,-0.017384,0.008340,0.005665,0.000889,0.004271,-0.045388,0.020723,-0.011554,0.014542,-0.044488,-0.003266,-0.018027,0.002414,-0.002177,-0.001295,-0.026945,-0.008910,-0.011127,0.001031,0.009923,-0.005176
2025-08-30,-0.018858,0.006049,0.051112,0.033741,-0.049426,0.005253,0.020891,0.000831,-0.004169,-0.000693,0.014052,-0.016560,0.025509,0.003105,-0.012718,0.024351,-0.023700,-0.005881,-0.006177,0.042704,-0.008218,-0.034677,-0.006360,0.012313,0.018226,0.045090,0.029437,0.007495,-0.011933,0.033345,-0.002521,-0.007734,-0.003395,-0.018428,-0.004258,-0.000083,0.017265,-0.002873,-0.018702,-0.024755,0.007885,0.005420,-0.005865,-0.004301,0.011106,0.029143,-0.009930,0.005713,0.021362,-0.009857
2025-08-31,0.001561,0.001158,-0.021761,0.004875,0.002410,0.011834,-0.019522,0.002022,0.026713,0.039237,0.024884,-0.019345,0.009961,-0.006855,0.006952,-0.012058,-0.029000,-0.004359,0.014849,0.007026,0.009095,0.005736,0.009124,0.011373,-0.003102,0.003334,0.033221,0.004399,0.002608,0.003694,-0.002080,-0.005994,0.005598,-0.007261,-0.000777,-0.012387,0.003786,0.012358,-0.001972,-0.034309,0.012469,0.004005,-0.016036,0.015761,-0.023330,0.020659,0.000809,-0.038998,0.005052,-0.005469
2025-09-01,-0.021082,-0.024338,-0.013349,-0.019792,-0.044479,0.011838,-0.015457,-0.024234,-0.031371,0.002814,-0.034431,-0.008647,-0.021565,-0.020517,-0.030923,-0.022225,-0.010900,-0.006823,-0.025200,-0.012696,0.004933,-0.040986,-0.011172,-0.028173,-0.030007,-0.006361,-0.020874,-0.032961,0.012778,0.005503,-0.045841,-0.037599,-0.000377,-0.016187,0.015951,0.000035,-0.005669,-0.029453,-0.002213,-0.034023,0.012435,-0.003461,-0.025906,0.003425,0.029288,-0.014976,-0.001152,-0.018832,-0.009523,-0.038189
2025-09-02,0.007719,0.008513,0.040111,-0.024581,0.002673,0.030915,0.003377,0.004645,-0.007270,-0.009058,-0.025136,-0.003597,-0.010079,0.009854,-0.006449,-0.000904,-0.000411,0.006862,-0.001784,-0.011383,0.009273,0.026944,0.010041,-0.003248,0.005512,-0.029182,0.005220,0.000523,-0.009073,-0.005809,0.000345,0.025593,0.027386,-0.008977,-0.001596,-0.001138,0.022301,0.010348,0.009399,0.017382,-0.003006,0.032279,0.007698,-0.007677,0.003595,0.029904,0.000076,0.024821,-0.003527,-0.006053
2025-09-03,0.011183,-0.016421,0.014116,0.005640,-0.016414,-0.001975,-0.010567,0.005592,0.033291,-0.007362,0.008919,-0.000249,-0.000256,-0.003663,-0.016123,0.005343,-0.005887,-0.016976,0.017566,0.001093,-0.004795,0.023432,-0.033739,0.022222,-0.016533,0.003118,-0.011274,-0.017303,0.022961,0.032723,-0.004671,0.005349,0.000337,0.030460,-0.038726,0.006099,-0.013778,-0.043097,-0.007179,0.032576,-0.012498,0.013545,0.020887,-0.000918,0.001479,-0.031583,-0.013580,0.015637,0.000403,0.005923
2025-09-04,0.004142,0.041201,-0.006005,0.030642,0.004148,0.032240,-0.020305,0.005068,-0.005342,0.004255,0.023747,0.008563,0.023712,-0.010319,-0.013066,0.002035,0.001049,-0.001601,-0.015511,0.023320,-0.004786,0.027414,0.001974,0.013416,0.011783,-0.013092,0.008354,0.036455,0.006274,0.017968,0.014224,0.007272,0.005101,0.011596,0.015484,-0.022594,0.006196,-0.001569,-0.005303,0.025072,-0.011452,-0.023361,0.016068,-0.023822,-0.032958,0.018094,0.004602,0.010254,-0.006219,-0.023175
2025-09-05,-0.015259,0.001185,-0.016818,0.011612,-0.002239,0.009415,0.008878,0.013047,0.015076,-0.000105,0.009396,0.010333,-0.037635,0.017722,0.008784,0.016238,-0.017078,0.000401,-0.013563,0.019488,-0.019207,-0.010631,0.015702,-0.005244,-0.010626,0.022406,0.023144,0.019082,0.021362,0.001916,0.002402,-0.005581,0.009104,-0.003417,-0.001710,0.016883,0.027407,0.013254,0.038383,-0.006614,-0.026999,0.018948,-0.007808,0.001158,-0.025771,-0.010101,-0.020955,-0.001733,-0.001017,0.007704
2025-09-06,0.025258,0.015128,-0.026256,0.013888,0.004955,0.001182,0.002535,0.006625,-0.009511,-0.000339,0.024254,-0.009727,-0.015595,0.001833,-0.017407,-0.028067,-0.003257,0.029019,0.002248,0.006158,-0.035399,0.010830,0.004624,-0.009025,0.006184,0.006006,-0.016127,0.008917,0.024492,-0.001160,-0.012673,-0.000253,0.018326,-0.019130,0.013357,-0.009261,0.007300,-0.007215,-0.007263,0.030359,-0.022420,0.011680,0.034107,0.015283,-0.021016,-0.020125,-0.010586,0.005786,0.007010,-0.019947
2025-09-07,-0.006740,-0.005637,0.005716,0.044694,-0.007828,-0.008616,-0.011427,0.020409,0.008225,-0.007163,0.002439,-0.005278,0.014296,0.057288,0.018885,0.007296,-0.003000,-0.015212,0.022176,0.021198,0.000580,0.030809,0.009349,0.022915,0.014301,0.005781,-0.008218,0.006350,0.024126,-0.000177,0.016885,-0.010520,0.023011,0.014602,-0.012669,0.004937,0.025735,-0.013693,-0.010308,0.007719,0.047369,-0.003137,0.017884,0.013652,-0.001642,0.011870,0.000908,0.002529,-0.020933,0.008530
2025-09-08,0.014652,-0.000498,0.018097,0.008914,-0.002603,-0.012834,-0.010284,-0.028001,-0.006339,0.001096,0.029346,0.007978,-0.017099,-0.027440,-0.005250,0.013080,-0.005503,0.008224,-0.004792,0.011374,-0.030282,0.027344,-0.021556,0.012755,-0.006431,-0.003617,-0.005872,0.003069,0.006704,0.017519,0.023811,0.004441,0.029314,0.000142,0.017862,0.006185,-0.011417,0.001730,0.007525,-0.002111,0.005900,0.014045,-0.001952,-0.054522,0.028677,-0.006888,-0.016351,-0.021766,-0.007588,-0.011661
2025-09-09,-0.005238,-0.004250,0.017563,0.044574,0.022798,0.028235,0.001235,0.009912,0.015705,-0.003844,0.000365,0.023410,0.027653,0.009241,-0.013485,0.002707,-0.017916,0.009382,0.012625,0.003155,0.012379,0.015532,0.012651,-0.013600,0.003469,0.015405,0.036445,0.003133,0.017943,0.023835,0.004489,0.028699,0.029667,0.032875,0.016280,0.050510,-0.003047,0.046261,0.021857,0.032155,0.002267,0.023228,0.033713,-0.011545,0.005088,-0.030515,0.004818,-0.006660,0.004108,0.060653
